id,category,role,audience,format,lens,context,prompt
1,写作,内容策略师,创始人,表格,效率,个人项目,任务编号 P0001。请扮演内容策略师。围绕“写作场景001-个人项目”中的文章、脚本、邮件、文案任务，面向创始人，制定一份可执行方案。请用表格输出，并从“效率”角度做重点判断。要求：语言简洁，不说空话；标注假设和不确定性；最后给出3条可立即执行的下一步。
2,写作,内容策略师,新手用户,邮件草稿,风险,质量波动,任务编号 P0002。请扮演内容策略师。围绕“写作场景002-质量波动”中的文章、脚本、邮件、文案任务，面向新手用户，列出关键问题并给出优先级。请用邮件草稿输出，并从“风险”角度做重点判断。要求：兼顾成本和效果；指出最容易忽略的细节；最后给出3条可立即执行的下一步。
3,写作,内容策略师,一线执行团队,路线图,增长,用户流失,任务编号 P0003。请扮演内容策略师。围绕“写作场景003-用户流失”中的文章、脚本、邮件、文案任务，面向一线执行团队，生成三种风格完全不同的版本。请用路线图输出，并从“增长”角度做重点判断。要求：指出最容易忽略的细节；避免专业黑话；最后给出3条可立即执行的下一步。
4,写作,内容策略师,开发团队,PRD片段,短期落地,内部培训,任务编号 P0004。请扮演内容策略师。围绕“写作场景004-内部培训”中的文章、脚本、邮件、文案任务，面向开发团队，把复杂内容改写成新手也能懂的说明。请用PRD片段输出，并从“短期落地”角度做重点判断。要求：包含可执行下一步；用中文输出；最后给出3条可立即执行的下一步。
5,写作,内容策略师,客服团队,表格,成本,需要复盘,任务编号 P0005。请扮演内容策略师。围绕“写作场景005-需要复盘”中的文章、脚本、邮件、文案任务，面向客服团队，设计一个从零到一的工作流。请用表格输出，并从“成本”角度做重点判断。要求：输出可直接复制使用；兼顾成本和效果；最后给出3条可立即执行的下一步。
6,写作,内容策略师,家长,邮件草稿,可维护性,时间紧迫,任务编号 P0006。请扮演内容策略师。围绕“写作场景006-时间紧迫”中的文章、脚本、邮件、文案任务，面向家长，创建检查清单并标注常见坑。请用邮件草稿输出，并从“可维护性”角度做重点判断。要求：保持中立客观；避免虚构事实；最后给出3条可立即执行的下一步。
7,写作,内容策略师,非技术读者,路线图,长期价值,成熟企业,任务编号 P0007。请扮演内容策略师。围绕“写作场景007-成熟企业”中的文章、脚本、邮件、文案任务，面向非技术读者，模拟专家评审并指出改进点。请用路线图输出，并从“长期价值”角度做重点判断。要求：先给结论再解释；包含失败预案；最后给出3条可立即执行的下一步。
8,写作,内容策略师,中小企业主,PRD片段,质量,需要降本,任务编号 P0008。请扮演内容策略师。围绕“写作场景008-需要降本”中的文章、脚本、邮件、文案任务，面向中小企业主，根据目标用户重写表达。请用PRD片段输出，并从“质量”角度做重点判断。要求：包含失败预案；语言简洁，不说空话；最后给出3条可立即执行的下一步。
9,写作,内容策略师,资深从业者,表格,用户体验,流程混乱,任务编号 P0009。请扮演内容策略师。围绕“写作场景009-流程混乱”中的文章、脚本、邮件、文案任务，面向资深从业者，提炼核心洞察并给出行动建议。请用表格输出，并从“用户体验”角度做重点判断。要求：用中文输出；按难易度排序；最后给出3条可立即执行的下一步。
10,写作,内容策略师,自由职业者,邮件草稿,学习曲线,数据不足,任务编号 P0010。请扮演内容策略师。围绕“写作场景010-数据不足”中的文章、脚本、邮件、文案任务，面向自由职业者，设计一套可量化指标。请用邮件草稿输出，并从“学习曲线”角度做重点判断。要求：标注假设和不确定性；先给结论再解释；最后给出3条可立即执行的下一步。
11,写作,内容策略师,设计团队,路线图,效率,公开发布,任务编号 P0011。请扮演内容策略师。围绕“写作场景011-公开发布”中的文章、脚本、邮件、文案任务，面向设计团队，把零散想法整理成结构化大纲。请用路线图输出，并从“效率”角度做重点判断。要求：按影响力排序；给出示例输入输出；最后给出3条可立即执行的下一步。
12,写作,内容策略师,投资人,PRD片段,风险,多方协作,任务编号 P0012。请扮演内容策略师。围绕“写作场景012-多方协作”中的文章、脚本、邮件、文案任务，面向投资人，生成可直接使用的模板。请用PRD片段输出，并从“风险”角度做重点判断。要求：必要时提出澄清问题；给出至少一个反例；最后给出3条可立即执行的下一步。
13,写作,内容策略师,海外用户,表格,增长,预算有限,任务编号 P0013。请扮演内容策略师。围绕“写作场景013-预算有限”中的文章、脚本、邮件、文案任务，面向海外用户，做一次反向推理找出隐藏风险。请用表格输出，并从“增长”角度做重点判断。要求：给出至少一个反例；保持中立客观；最后给出3条可立即执行的下一步。
14,写作,内容策略师,专家评审,邮件草稿,短期落地,初创团队,任务编号 P0014。请扮演内容策略师。围绕“写作场景014-初创团队”中的文章、脚本、邮件、文案任务，面向专家评审，给出低成本试验方案。请用邮件草稿输出，并从“短期落地”角度做重点判断。要求：按难易度排序；适合在一天内开始执行；最后给出3条可立即执行的下一步。
15,写作,内容策略师,大学生,路线图,成本,需要扩张,任务编号 P0015。请扮演内容策略师。围绕“写作场景015-需要扩张”中的文章、脚本、邮件、文案任务，面向大学生，创建对比表并推荐选择。请用路线图输出，并从“成本”角度做重点判断。要求：避免虚构事实；必要时提出澄清问题；最后给出3条可立即执行的下一步。
16,写作,内容策略师,管理层,PRD片段,可维护性,新市场验证,任务编号 P0016。请扮演内容策略师。围绕“写作场景016-新市场验证”中的文章、脚本、邮件、文案任务，面向管理层，把长内容压缩成高密度摘要。请用PRD片段输出，并从“可维护性”角度做重点判断。要求：避免专业黑话；输出可直接复制使用；最后给出3条可立即执行的下一步。
17,写作,内容策略师,内容创作者,表格,长期价值,竞品压力,任务编号 P0017。请扮演内容策略师。围绕“写作场景017-竞品压力”中的文章、脚本、邮件、文案任务，面向内容创作者，提出10个创新方向并排序。请用表格输出，并从“长期价值”角度做重点判断。要求：包含衡量标准；提供简短版本和完整版本；最后给出3条可立即执行的下一步。
18,写作,内容策略师,销售团队,邮件草稿,质量,准备上线,任务编号 P0018。请扮演内容策略师。围绕“写作场景018-准备上线”中的文章、脚本、邮件、文案任务，面向销售团队，设计30天训练计划。请用邮件草稿输出，并从“质量”角度做重点判断。要求：提供简短版本和完整版本；按影响力排序；最后给出3条可立即执行的下一步。
19,写作,内容策略师,教师,路线图,用户体验,高不确定性,任务编号 P0019。请扮演内容策略师。围绕“写作场景019-高不确定性”中的文章、脚本、邮件、文案任务，面向教师，构建决策树帮助判断下一步。请用路线图输出，并从“用户体验”角度做重点判断。要求：适合在一天内开始执行；包含可执行下一步；最后给出3条可立即执行的下一步。
20,写作,内容策略师,本地用户,PRD片段,学习曲线,远程协作,任务编号 P0020。请扮演内容策略师。围绕“写作场景020-远程协作”中的文章、脚本、邮件、文案任务，面向本地用户，生成会议讨论提纲。请用PRD片段输出，并从“学习曲线”角度做重点判断。要求：给出示例输入输出；包含衡量标准；最后给出3条可立即执行的下一步。
21,写作,内容策略师,创始人,表格,效率,个人项目,任务编号 P0021。请扮演内容策略师。围绕“写作场景021-个人项目”中的文章、脚本、邮件、文案任务，面向创始人，写一份面向管理层的简报。请用表格输出，并从“效率”角度做重点判断。要求：语言简洁，不说空话；标注假设和不确定性；最后给出3条可立即执行的下一步。
22,写作,内容策略师,新手用户,邮件草稿,风险,质量波动,任务编号 P0022。请扮演内容策略师。围绕“写作场景022-质量波动”中的文章、脚本、邮件、文案任务，面向新手用户，写一份面向执行者的操作手册。请用邮件草稿输出，并从“风险”角度做重点判断。要求：兼顾成本和效果；指出最容易忽略的细节；最后给出3条可立即执行的下一步。
23,写作,内容策略师,一线执行团队,路线图,增长,用户流失,任务编号 P0023。请扮演内容策略师。围绕“写作场景023-用户流失”中的文章、脚本、邮件、文案任务，面向一线执行团队，建立评估打分表。请用路线图输出，并从“增长”角度做重点判断。要求：指出最容易忽略的细节；避免专业黑话；最后给出3条可立即执行的下一步。
24,写作,内容策略师,开发团队,PRD片段,短期落地,内部培训,任务编号 P0024。请扮演内容策略师。围绕“写作场景024-内部培训”中的文章、脚本、邮件、文案任务，面向开发团队，提出自动化改造思路。请用PRD片段输出，并从“短期落地”角度做重点判断。要求：包含可执行下一步；用中文输出；最后给出3条可立即执行的下一步。
25,写作,内容策略师,客服团队,表格,成本,需要复盘,任务编号 P0025。请扮演内容策略师。围绕“写作场景025-需要复盘”中的文章、脚本、邮件、文案任务，面向客服团队，设计用户调研问题。请用表格输出，并从“成本”角度做重点判断。要求：输出可直接复制使用；兼顾成本和效果；最后给出3条可立即执行的下一步。
26,写作,内容策略师,家长,邮件草稿,可维护性,时间紧迫,任务编号 P0026。请扮演内容策略师。围绕“写作场景026-时间紧迫”中的文章、脚本、邮件、文案任务，面向家长，模拟用户反馈并归纳模式。请用邮件草稿输出，并从“可维护性”角度做重点判断。要求：保持中立客观；避免虚构事实；最后给出3条可立即执行的下一步。
27,写作,内容策略师,非技术读者,路线图,长期价值,成熟企业,任务编号 P0027。请扮演内容策略师。围绕“写作场景027-成熟企业”中的文章、脚本、邮件、文案任务，面向非技术读者，生成故障排查路径。请用路线图输出，并从“长期价值”角度做重点判断。要求：先给结论再解释；包含失败预案；最后给出3条可立即执行的下一步。
28,写作,内容策略师,中小企业主,PRD片段,质量,需要降本,任务编号 P0028。请扮演内容策略师。围绕“写作场景028-需要降本”中的文章、脚本、邮件、文案任务，面向中小企业主，把目标拆成里程碑。请用PRD片段输出，并从“质量”角度做重点判断。要求：包含失败预案；语言简洁，不说空话；最后给出3条可立即执行的下一步。
29,写作,内容策略师,资深从业者,表格,用户体验,流程混乱,任务编号 P0029。请扮演内容策略师。围绕“写作场景029-流程混乱”中的文章、脚本、邮件、文案任务，面向资深从业者，提出可复用命名规范。请用表格输出，并从“用户体验”角度做重点判断。要求：用中文输出；按难易度排序；最后给出3条可立即执行的下一步。
30,写作,内容策略师,自由职业者,邮件草稿,学习曲线,数据不足,任务编号 P0030。请扮演内容策略师。围绕“写作场景030-数据不足”中的文章、脚本、邮件、文案任务，面向自由职业者，创建风险登记册。请用邮件草稿输出，并从“学习曲线”角度做重点判断。要求：标注假设和不确定性；先给结论再解释；最后给出3条可立即执行的下一步。
31,写作,内容策略师,设计团队,路线图,效率,公开发布,任务编号 P0031。请扮演内容策略师。围绕“写作场景031-公开发布”中的文章、脚本、邮件、文案任务，面向设计团队，制定一份可执行方案。请用路线图输出，并从“效率”角度做重点判断。要求：按影响力排序；给出示例输入输出；最后给出3条可立即执行的下一步。
32,写作,内容策略师,投资人,PRD片段,风险,多方协作,任务编号 P0032。请扮演内容策略师。围绕“写作场景032-多方协作”中的文章、脚本、邮件、文案任务，面向投资人，列出关键问题并给出优先级。请用PRD片段输出，并从“风险”角度做重点判断。要求：必要时提出澄清问题；给出至少一个反例；最后给出3条可立即执行的下一步。
33,写作,内容策略师,海外用户,表格,增长,预算有限,任务编号 P0033。请扮演内容策略师。围绕“写作场景033-预算有限”中的文章、脚本、邮件、文案任务，面向海外用户，生成三种风格完全不同的版本。请用表格输出，并从“增长”角度做重点判断。要求：给出至少一个反例；保持中立客观；最后给出3条可立即执行的下一步。
34,写作,内容策略师,专家评审,邮件草稿,短期落地,初创团队,任务编号 P0034。请扮演内容策略师。围绕“写作场景034-初创团队”中的文章、脚本、邮件、文案任务，面向专家评审，把复杂内容改写成新手也能懂的说明。请用邮件草稿输出，并从“短期落地”角度做重点判断。要求：按难易度排序；适合在一天内开始执行；最后给出3条可立即执行的下一步。
35,写作,内容策略师,大学生,路线图,成本,需要扩张,任务编号 P0035。请扮演内容策略师。围绕“写作场景035-需要扩张”中的文章、脚本、邮件、文案任务，面向大学生，设计一个从零到一的工作流。请用路线图输出，并从“成本”角度做重点判断。要求：避免虚构事实；必要时提出澄清问题；最后给出3条可立即执行的下一步。
36,写作,内容策略师,管理层,PRD片段,可维护性,新市场验证,任务编号 P0036。请扮演内容策略师。围绕“写作场景036-新市场验证”中的文章、脚本、邮件、文案任务，面向管理层，创建检查清单并标注常见坑。请用PRD片段输出，并从“可维护性”角度做重点判断。要求：避免专业黑话；输出可直接复制使用；最后给出3条可立即执行的下一步。
37,写作,内容策略师,内容创作者,表格,长期价值,竞品压力,任务编号 P0037。请扮演内容策略师。围绕“写作场景037-竞品压力”中的文章、脚本、邮件、文案任务，面向内容创作者，模拟专家评审并指出改进点。请用表格输出，并从“长期价值”角度做重点判断。要求：包含衡量标准；提供简短版本和完整版本；最后给出3条可立即执行的下一步。
38,写作,内容策略师,销售团队,邮件草稿,质量,准备上线,任务编号 P0038。请扮演内容策略师。围绕“写作场景038-准备上线”中的文章、脚本、邮件、文案任务，面向销售团队，根据目标用户重写表达。请用邮件草稿输出，并从“质量”角度做重点判断。要求：提供简短版本和完整版本；按影响力排序；最后给出3条可立即执行的下一步。
39,写作,内容策略师,教师,路线图,用户体验,高不确定性,任务编号 P0039。请扮演内容策略师。围绕“写作场景039-高不确定性”中的文章、脚本、邮件、文案任务，面向教师，提炼核心洞察并给出行动建议。请用路线图输出，并从“用户体验”角度做重点判断。要求：适合在一天内开始执行；包含可执行下一步；最后给出3条可立即执行的下一步。
40,写作,内容策略师,本地用户,PRD片段,学习曲线,远程协作,任务编号 P0040。请扮演内容策略师。围绕“写作场景040-远程协作”中的文章、脚本、邮件、文案任务，面向本地用户，设计一套可量化指标。请用PRD片段输出，并从“学习曲线”角度做重点判断。要求：给出示例输入输出；包含衡量标准；最后给出3条可立即执行的下一步。
41,写作,内容策略师,创始人,表格,效率,个人项目,任务编号 P0041。请扮演内容策略师。围绕“写作场景041-个人项目”中的文章、脚本、邮件、文案任务，面向创始人，把零散想法整理成结构化大纲。请用表格输出，并从“效率”角度做重点判断。要求：语言简洁，不说空话；标注假设和不确定性；最后给出3条可立即执行的下一步。
42,写作,内容策略师,新手用户,邮件草稿,风险,质量波动,任务编号 P0042。请扮演内容策略师。围绕“写作场景042-质量波动”中的文章、脚本、邮件、文案任务，面向新手用户，生成可直接使用的模板。请用邮件草稿输出，并从“风险”角度做重点判断。要求：兼顾成本和效果；指出最容易忽略的细节；最后给出3条可立即执行的下一步。
43,写作,内容策略师,一线执行团队,路线图,增长,用户流失,任务编号 P0043。请扮演内容策略师。围绕“写作场景043-用户流失”中的文章、脚本、邮件、文案任务，面向一线执行团队，做一次反向推理找出隐藏风险。请用路线图输出，并从“增长”角度做重点判断。要求：指出最容易忽略的细节；避免专业黑话；最后给出3条可立即执行的下一步。
44,写作,内容策略师,开发团队,PRD片段,短期落地,内部培训,任务编号 P0044。请扮演内容策略师。围绕“写作场景044-内部培训”中的文章、脚本、邮件、文案任务，面向开发团队，给出低成本试验方案。请用PRD片段输出，并从“短期落地”角度做重点判断。要求：包含可执行下一步；用中文输出；最后给出3条可立即执行的下一步。
45,写作,内容策略师,客服团队,表格,成本,需要复盘,任务编号 P0045。请扮演内容策略师。围绕“写作场景045-需要复盘”中的文章、脚本、邮件、文案任务，面向客服团队，创建对比表并推荐选择。请用表格输出，并从“成本”角度做重点判断。要求：输出可直接复制使用；兼顾成本和效果；最后给出3条可立即执行的下一步。
46,写作,内容策略师,家长,邮件草稿,可维护性,时间紧迫,任务编号 P0046。请扮演内容策略师。围绕“写作场景046-时间紧迫”中的文章、脚本、邮件、文案任务，面向家长，把长内容压缩成高密度摘要。请用邮件草稿输出，并从“可维护性”角度做重点判断。要求：保持中立客观；避免虚构事实；最后给出3条可立即执行的下一步。
47,写作,内容策略师,非技术读者,路线图,长期价值,成熟企业,任务编号 P0047。请扮演内容策略师。围绕“写作场景047-成熟企业”中的文章、脚本、邮件、文案任务，面向非技术读者，提出10个创新方向并排序。请用路线图输出，并从“长期价值”角度做重点判断。要求：先给结论再解释；包含失败预案；最后给出3条可立即执行的下一步。
48,写作,内容策略师,中小企业主,PRD片段,质量,需要降本,任务编号 P0048。请扮演内容策略师。围绕“写作场景048-需要降本”中的文章、脚本、邮件、文案任务，面向中小企业主，设计30天训练计划。请用PRD片段输出，并从“质量”角度做重点判断。要求：包含失败预案；语言简洁，不说空话；最后给出3条可立即执行的下一步。
49,写作,内容策略师,资深从业者,表格,用户体验,流程混乱,任务编号 P0049。请扮演内容策略师。围绕“写作场景049-流程混乱”中的文章、脚本、邮件、文案任务，面向资深从业者，构建决策树帮助判断下一步。请用表格输出，并从“用户体验”角度做重点判断。要求：用中文输出；按难易度排序；最后给出3条可立即执行的下一步。
50,写作,内容策略师,自由职业者,邮件草稿,学习曲线,数据不足,任务编号 P0050。请扮演内容策略师。围绕“写作场景050-数据不足”中的文章、脚本、邮件、文案任务，面向自由职业者，生成会议讨论提纲。请用邮件草稿输出，并从“学习曲线”角度做重点判断。要求：标注假设和不确定性；先给结论再解释；最后给出3条可立即执行的下一步。
51,写作,内容策略师,设计团队,路线图,效率,公开发布,任务编号 P0051。请扮演内容策略师。围绕“写作场景051-公开发布”中的文章、脚本、邮件、文案任务，面向设计团队，写一份面向管理层的简报。请用路线图输出，并从“效率”角度做重点判断。要求：按影响力排序；给出示例输入输出；最后给出3条可立即执行的下一步。
52,写作,内容策略师,投资人,PRD片段,风险,多方协作,任务编号 P0052。请扮演内容策略师。围绕“写作场景052-多方协作”中的文章、脚本、邮件、文案任务，面向投资人，写一份面向执行者的操作手册。请用PRD片段输出，并从“风险”角度做重点判断。要求：必要时提出澄清问题；给出至少一个反例；最后给出3条可立即执行的下一步。
53,写作,内容策略师,海外用户,表格,增长,预算有限,任务编号 P0053。请扮演内容策略师。围绕“写作场景053-预算有限”中的文章、脚本、邮件、文案任务，面向海外用户，建立评估打分表。请用表格输出，并从“增长”角度做重点判断。要求：给出至少一个反例；保持中立客观；最后给出3条可立即执行的下一步。
54,写作,内容策略师,专家评审,邮件草稿,短期落地,初创团队,任务编号 P0054。请扮演内容策略师。围绕“写作场景054-初创团队”中的文章、脚本、邮件、文案任务，面向专家评审，提出自动化改造思路。请用邮件草稿输出，并从“短期落地”角度做重点判断。要求：按难易度排序；适合在一天内开始执行；最后给出3条可立即执行的下一步。
55,写作,内容策略师,大学生,路线图,成本,需要扩张,任务编号 P0055。请扮演内容策略师。围绕“写作场景055-需要扩张”中的文章、脚本、邮件、文案任务，面向大学生，设计用户调研问题。请用路线图输出，并从“成本”角度做重点判断。要求：避免虚构事实；必要时提出澄清问题；最后给出3条可立即执行的下一步。
56,写作,内容策略师,管理层,PRD片段,可维护性,新市场验证,任务编号 P0056。请扮演内容策略师。围绕“写作场景056-新市场验证”中的文章、脚本、邮件、文案任务，面向管理层，模拟用户反馈并归纳模式。请用PRD片段输出，并从“可维护性”角度做重点判断。要求：避免专业黑话；输出可直接复制使用；最后给出3条可立即执行的下一步。
57,写作,内容策略师,内容创作者,表格,长期价值,竞品压力,任务编号 P0057。请扮演内容策略师。围绕“写作场景057-竞品压力”中的文章、脚本、邮件、文案任务，面向内容创作者，生成故障排查路径。请用表格输出，并从“长期价值”角度做重点判断。要求：包含衡量标准；提供简短版本和完整版本；最后给出3条可立即执行的下一步。
58,写作,内容策略师,销售团队,邮件草稿,质量,准备上线,任务编号 P0058。请扮演内容策略师。围绕“写作场景058-准备上线”中的文章、脚本、邮件、文案任务，面向销售团队，把目标拆成里程碑。请用邮件草稿输出，并从“质量”角度做重点判断。要求：提供简短版本和完整版本；按影响力排序；最后给出3条可立即执行的下一步。
59,写作,内容策略师,教师,路线图,用户体验,高不确定性,任务编号 P0059。请扮演内容策略师。围绕“写作场景059-高不确定性”中的文章、脚本、邮件、文案任务，面向教师，提出可复用命名规范。请用路线图输出，并从“用户体验”角度做重点判断。要求：适合在一天内开始执行；包含可执行下一步；最后给出3条可立即执行的下一步。
60,写作,内容策略师,本地用户,PRD片段,学习曲线,远程协作,任务编号 P0060。请扮演内容策略师。围绕“写作场景060-远程协作”中的文章、脚本、邮件、文案任务，面向本地用户，创建风险登记册。请用PRD片段输出，并从“学习曲线”角度做重点判断。要求：给出示例输入输出；包含衡量标准；最后给出3条可立即执行的下一步。
61,写作,内容策略师,创始人,表格,效率,个人项目,任务编号 P0061。请扮演内容策略师。围绕“写作场景061-个人项目”中的文章、脚本、邮件、文案任务，面向创始人，制定一份可执行方案。请用表格输出，并从“效率”角度做重点判断。要求：语言简洁，不说空话；标注假设和不确定性；最后给出3条可立即执行的下一步。
62,写作,内容策略师,新手用户,邮件草稿,风险,质量波动,任务编号 P0062。请扮演内容策略师。围绕“写作场景062-质量波动”中的文章、脚本、邮件、文案任务，面向新手用户，列出关键问题并给出优先级。请用邮件草稿输出，并从“风险”角度做重点判断。要求：兼顾成本和效果；指出最容易忽略的细节；最后给出3条可立即执行的下一步。
63,写作,内容策略师,一线执行团队,路线图,增长,用户流失,任务编号 P0063。请扮演内容策略师。围绕“写作场景063-用户流失”中的文章、脚本、邮件、文案任务，面向一线执行团队，生成三种风格完全不同的版本。请用路线图输出，并从“增长”角度做重点判断。要求：指出最容易忽略的细节；避免专业黑话；最后给出3条可立即执行的下一步。
64,写作,内容策略师,开发团队,PRD片段,短期落地,内部培训,任务编号 P0064。请扮演内容策略师。围绕“写作场景064-内部培训”中的文章、脚本、邮件、文案任务，面向开发团队，把复杂内容改写成新手也能懂的说明。请用PRD片段输出，并从“短期落地”角度做重点判断。要求：包含可执行下一步；用中文输出；最后给出3条可立即执行的下一步。
65,写作,内容策略师,客服团队,表格,成本,需要复盘,任务编号 P0065。请扮演内容策略师。围绕“写作场景065-需要复盘”中的文章、脚本、邮件、文案任务，面向客服团队，设计一个从零到一的工作流。请用表格输出，并从“成本”角度做重点判断。要求：输出可直接复制使用；兼顾成本和效果；最后给出3条可立即执行的下一步。
66,写作,内容策略师,家长,邮件草稿,可维护性,时间紧迫,任务编号 P0066。请扮演内容策略师。围绕“写作场景066-时间紧迫”中的文章、脚本、邮件、文案任务，面向家长，创建检查清单并标注常见坑。请用邮件草稿输出，并从“可维护性”角度做重点判断。要求：保持中立客观；避免虚构事实；最后给出3条可立即执行的下一步。
67,写作,内容策略师,非技术读者,路线图,长期价值,成熟企业,任务编号 P0067。请扮演内容策略师。围绕“写作场景067-成熟企业”中的文章、脚本、邮件、文案任务，面向非技术读者，模拟专家评审并指出改进点。请用路线图输出，并从“长期价值”角度做重点判断。要求：先给结论再解释；包含失败预案；最后给出3条可立即执行的下一步。
68,写作,内容策略师,中小企业主,PRD片段,质量,需要降本,任务编号 P0068。请扮演内容策略师。围绕“写作场景068-需要降本”中的文章、脚本、邮件、文案任务，面向中小企业主，根据目标用户重写表达。请用PRD片段输出，并从“质量”角度做重点判断。要求：包含失败预案；语言简洁，不说空话；最后给出3条可立即执行的下一步。
69,写作,内容策略师,资深从业者,表格,用户体验,流程混乱,任务编号 P0069。请扮演内容策略师。围绕“写作场景069-流程混乱”中的文章、脚本、邮件、文案任务，面向资深从业者，提炼核心洞察并给出行动建议。请用表格输出，并从“用户体验”角度做重点判断。要求：用中文输出；按难易度排序；最后给出3条可立即执行的下一步。
70,写作,内容策略师,自由职业者,邮件草稿,学习曲线,数据不足,任务编号 P0070。请扮演内容策略师。围绕“写作场景070-数据不足”中的文章、脚本、邮件、文案任务，面向自由职业者，设计一套可量化指标。请用邮件草稿输出，并从“学习曲线”角度做重点判断。要求：标注假设和不确定性；先给结论再解释；最后给出3条可立即执行的下一步。
71,写作,内容策略师,设计团队,路线图,效率,公开发布,任务编号 P0071。请扮演内容策略师。围绕“写作场景071-公开发布”中的文章、脚本、邮件、文案任务，面向设计团队，把零散想法整理成结构化大纲。请用路线图输出，并从“效率”角度做重点判断。要求：按影响力排序；给出示例输入输出；最后给出3条可立即执行的下一步。
72,写作,内容策略师,投资人,PRD片段,风险,多方协作,任务编号 P0072。请扮演内容策略师。围绕“写作场景072-多方协作”中的文章、脚本、邮件、文案任务，面向投资人，生成可直接使用的模板。请用PRD片段输出，并从“风险”角度做重点判断。要求：必要时提出澄清问题；给出至少一个反例；最后给出3条可立即执行的下一步。
73,写作,内容策略师,海外用户,表格,增长,预算有限,任务编号 P0073。请扮演内容策略师。围绕“写作场景073-预算有限”中的文章、脚本、邮件、文案任务，面向海外用户，做一次反向推理找出隐藏风险。请用表格输出，并从“增长”角度做重点判断。要求：给出至少一个反例；保持中立客观；最后给出3条可立即执行的下一步。
74,写作,内容策略师,专家评审,邮件草稿,短期落地,初创团队,任务编号 P0074。请扮演内容策略师。围绕“写作场景074-初创团队”中的文章、脚本、邮件、文案任务，面向专家评审，给出低成本试验方案。请用邮件草稿输出，并从“短期落地”角度做重点判断。要求：按难易度排序；适合在一天内开始执行；最后给出3条可立即执行的下一步。
75,写作,内容策略师,大学生,路线图,成本,需要扩张,任务编号 P0075。请扮演内容策略师。围绕“写作场景075-需要扩张”中的文章、脚本、邮件、文案任务，面向大学生，创建对比表并推荐选择。请用路线图输出，并从“成本”角度做重点判断。要求：避免虚构事实；必要时提出澄清问题；最后给出3条可立即执行的下一步。
76,写作,内容策略师,管理层,PRD片段,可维护性,新市场验证,任务编号 P0076。请扮演内容策略师。围绕“写作场景076-新市场验证”中的文章、脚本、邮件、文案任务，面向管理层，把长内容压缩成高密度摘要。请用PRD片段输出，并从“可维护性”角度做重点判断。要求：避免专业黑话；输出可直接复制使用；最后给出3条可立即执行的下一步。
77,写作,内容策略师,内容创作者,表格,长期价值,竞品压力,任务编号 P0077。请扮演内容策略师。围绕“写作场景077-竞品压力”中的文章、脚本、邮件、文案任务，面向内容创作者，提出10个创新方向并排序。请用表格输出，并从“长期价值”角度做重点判断。要求：包含衡量标准；提供简短版本和完整版本；最后给出3条可立即执行的下一步。
78,写作,内容策略师,销售团队,邮件草稿,质量,准备上线,任务编号 P0078。请扮演内容策略师。围绕“写作场景078-准备上线”中的文章、脚本、邮件、文案任务，面向销售团队，设计30天训练计划。请用邮件草稿输出，并从“质量”角度做重点判断。要求：提供简短版本和完整版本；按影响力排序；最后给出3条可立即执行的下一步。
79,写作,内容策略师,教师,路线图,用户体验,高不确定性,任务编号 P0079。请扮演内容策略师。围绕“写作场景079-高不确定性”中的文章、脚本、邮件、文案任务，面向教师，构建决策树帮助判断下一步。请用路线图输出，并从“用户体验”角度做重点判断。要求：适合在一天内开始执行；包含可执行下一步；最后给出3条可立即执行的下一步。
80,写作,内容策略师,本地用户,PRD片段,学习曲线,远程协作,任务编号 P0080。请扮演内容策略师。围绕“写作场景080-远程协作”中的文章、脚本、邮件、文案任务，面向本地用户，生成会议讨论提纲。请用PRD片段输出，并从“学习曲线”角度做重点判断。要求：给出示例输入输出；包含衡量标准；最后给出3条可立即执行的下一步。
81,写作,内容策略师,创始人,表格,效率,个人项目,任务编号 P0081。请扮演内容策略师。围绕“写作场景081-个人项目”中的文章、脚本、邮件、文案任务，面向创始人，写一份面向管理层的简报。请用表格输出，并从“效率”角度做重点判断。要求：语言简洁，不说空话；标注假设和不确定性；最后给出3条可立即执行的下一步。
82,写作,内容策略师,新手用户,邮件草稿,风险,质量波动,任务编号 P0082。请扮演内容策略师。围绕“写作场景082-质量波动”中的文章、脚本、邮件、文案任务，面向新手用户，写一份面向执行者的操作手册。请用邮件草稿输出，并从“风险”角度做重点判断。要求：兼顾成本和效果；指出最容易忽略的细节；最后给出3条可立即执行的下一步。
83,写作,内容策略师,一线执行团队,路线图,增长,用户流失,任务编号 P0083。请扮演内容策略师。围绕“写作场景083-用户流失”中的文章、脚本、邮件、文案任务，面向一线执行团队，建立评估打分表。请用路线图输出，并从“增长”角度做重点判断。要求：指出最容易忽略的细节；避免专业黑话；最后给出3条可立即执行的下一步。
84,写作,内容策略师,开发团队,PRD片段,短期落地,内部培训,任务编号 P0084。请扮演内容策略师。围绕“写作场景084-内部培训”中的文章、脚本、邮件、文案任务，面向开发团队，提出自动化改造思路。请用PRD片段输出，并从“短期落地”角度做重点判断。要求：包含可执行下一步；用中文输出；最后给出3条可立即执行的下一步。
85,写作,内容策略师,客服团队,表格,成本,需要复盘,任务编号 P0085。请扮演内容策略师。围绕“写作场景085-需要复盘”中的文章、脚本、邮件、文案任务，面向客服团队，设计用户调研问题。请用表格输出，并从“成本”角度做重点判断。要求：输出可直接复制使用；兼顾成本和效果；最后给出3条可立即执行的下一步。
86,写作,内容策略师,家长,邮件草稿,可维护性,时间紧迫,任务编号 P0086。请扮演内容策略师。围绕“写作场景086-时间紧迫”中的文章、脚本、邮件、文案任务，面向家长，模拟用户反馈并归纳模式。请用邮件草稿输出，并从“可维护性”角度做重点判断。要求：保持中立客观；避免虚构事实；最后给出3条可立即执行的下一步。
87,写作,内容策略师,非技术读者,路线图,长期价值,成熟企业,任务编号 P0087。请扮演内容策略师。围绕“写作场景087-成熟企业”中的文章、脚本、邮件、文案任务，面向非技术读者，生成故障排查路径。请用路线图输出，并从“长期价值”角度做重点判断。要求：先给结论再解释；包含失败预案；最后给出3条可立即执行的下一步。
88,写作,内容策略师,中小企业主,PRD片段,质量,需要降本,任务编号 P0088。请扮演内容策略师。围绕“写作场景088-需要降本”中的文章、脚本、邮件、文案任务，面向中小企业主，把目标拆成里程碑。请用PRD片段输出，并从“质量”角度做重点判断。要求：包含失败预案；语言简洁，不说空话；最后给出3条可立即执行的下一步。
89,写作,内容策略师,资深从业者,表格,用户体验,流程混乱,任务编号 P0089。请扮演内容策略师。围绕“写作场景089-流程混乱”中的文章、脚本、邮件、文案任务，面向资深从业者，提出可复用命名规范。请用表格输出，并从“用户体验”角度做重点判断。要求：用中文输出；按难易度排序；最后给出3条可立即执行的下一步。
90,写作,内容策略师,自由职业者,邮件草稿,学习曲线,数据不足,任务编号 P0090。请扮演内容策略师。围绕“写作场景090-数据不足”中的文章、脚本、邮件、文案任务，面向自由职业者，创建风险登记册。请用邮件草稿输出，并从“学习曲线”角度做重点判断。要求：标注假设和不确定性；先给结论再解释；最后给出3条可立即执行的下一步。
91,写作,内容策略师,设计团队,路线图,效率,公开发布,任务编号 P0091。请扮演内容策略师。围绕“写作场景091-公开发布”中的文章、脚本、邮件、文案任务，面向设计团队，制定一份可执行方案。请用路线图输出，并从“效率”角度做重点判断。要求：按影响力排序；给出示例输入输出；最后给出3条可立即执行的下一步。
92,写作,内容策略师,投资人,PRD片段,风险,多方协作,任务编号 P0092。请扮演内容策略师。围绕“写作场景092-多方协作”中的文章、脚本、邮件、文案任务，面向投资人，列出关键问题并给出优先级。请用PRD片段输出，并从“风险”角度做重点判断。要求：必要时提出澄清问题；给出至少一个反例；最后给出3条可立即执行的下一步。
93,写作,内容策略师,海外用户,表格,增长,预算有限,任务编号 P0093。请扮演内容策略师。围绕“写作场景093-预算有限”中的文章、脚本、邮件、文案任务，面向海外用户，生成三种风格完全不同的版本。请用表格输出，并从“增长”角度做重点判断。要求：给出至少一个反例；保持中立客观；最后给出3条可立即执行的下一步。
94,写作,内容策略师,专家评审,邮件草稿,短期落地,初创团队,任务编号 P0094。请扮演内容策略师。围绕“写作场景094-初创团队”中的文章、脚本、邮件、文案任务，面向专家评审，把复杂内容改写成新手也能懂的说明。请用邮件草稿输出，并从“短期落地”角度做重点判断。要求：按难易度排序；适合在一天内开始执行；最后给出3条可立即执行的下一步。
95,写作,内容策略师,大学生,路线图,成本,需要扩张,任务编号 P0095。请扮演内容策略师。围绕“写作场景095-需要扩张”中的文章、脚本、邮件、文案任务，面向大学生，设计一个从零到一的工作流。请用路线图输出，并从“成本”角度做重点判断。要求：避免虚构事实；必要时提出澄清问题；最后给出3条可立即执行的下一步。
96,写作,内容策略师,管理层,PRD片段,可维护性,新市场验证,任务编号 P0096。请扮演内容策略师。围绕“写作场景096-新市场验证”中的文章、脚本、邮件、文案任务，面向管理层，创建检查清单并标注常见坑。请用PRD片段输出，并从“可维护性”角度做重点判断。要求：避免专业黑话；输出可直接复制使用；最后给出3条可立即执行的下一步。
97,写作,内容策略师,内容创作者,表格,长期价值,竞品压力,任务编号 P0097。请扮演内容策略师。围绕“写作场景097-竞品压力”中的文章、脚本、邮件、文案任务，面向内容创作者，模拟专家评审并指出改进点。请用表格输出，并从“长期价值”角度做重点判断。要求：包含衡量标准；提供简短版本和完整版本；最后给出3条可立即执行的下一步。
98,写作,内容策略师,销售团队,邮件草稿,质量,准备上线,任务编号 P0098。请扮演内容策略师。围绕“写作场景098-准备上线”中的文章、脚本、邮件、文案任务，面向销售团队，根据目标用户重写表达。请用邮件草稿输出，并从“质量”角度做重点判断。要求：提供简短版本和完整版本；按影响力排序；最后给出3条可立即执行的下一步。
99,写作,内容策略师,教师,路线图,用户体验,高不确定性,任务编号 P0099。请扮演内容策略师。围绕“写作场景099-高不确定性”中的文章、脚本、邮件、文案任务，面向教师，提炼核心洞察并给出行动建议。请用路线图输出，并从“用户体验”角度做重点判断。要求：适合在一天内开始执行；包含可执行下一步；最后给出3条可立即执行的下一步。
100,写作,内容策略师,本地用户,PRD片段,学习曲线,远程协作,任务编号 P0100。请扮演内容策略师。围绕“写作场景100-远程协作”中的文章、脚本、邮件、文案任务，面向本地用户，设计一套可量化指标。请用PRD片段输出，并从“学习曲线”角度做重点判断。要求：给出示例输入输出；包含衡量标准；最后给出3条可立即执行的下一步。
101,编程,资深软件工程师,中小企业主,编号清单,质量,初创团队,任务编号 P0101。请扮演资深软件工程师。围绕“编程场景001-初创团队”中的代码、架构、调试、测试任务，面向中小企业主，列出关键问题并给出优先级。请用编号清单输出，并从“质量”角度做重点判断。要求：包含可执行下一步；给出至少一个反例；最后给出3条可立即执行的下一步。
102,编程,资深软件工程师,资深从业者,对话脚本,用户体验,需要扩张,任务编号 P0102。请扮演资深软件工程师。围绕“编程场景002-需要扩张”中的代码、架构、调试、测试任务，面向资深从业者，生成三种风格完全不同的版本。请用对话脚本输出，并从“用户体验”角度做重点判断。要求：输出可直接复制使用；保持中立客观；最后给出3条可立即执行的下一步。
103,编程,资深软件工程师,自由职业者,FAQ,学习曲线,新市场验证,任务编号 P0103。请扮演资深软件工程师。围绕“编程场景003-新市场验证”中的代码、架构、调试、测试任务，面向自由职业者，把复杂内容改写成新手也能懂的说明。请用FAQ输出，并从“学习曲线”角度做重点判断。要求：保持中立客观；适合在一天内开始执行；最后给出3条可立即执行的下一步。
104,编程,资深软件工程师,设计团队,演讲稿,效率,竞品压力,任务编号 P0104。请扮演资深软件工程师。围绕“编程场景004-竞品压力”中的代码、架构、调试、测试任务，面向设计团队，设计一个从零到一的工作流。请用演讲稿输出，并从“效率”角度做重点判断。要求：先给结论再解释；必要时提出澄清问题；最后给出3条可立即执行的下一步。
105,编程,资深软件工程师,投资人,编号清单,风险,准备上线,任务编号 P0105。请扮演资深软件工程师。围绕“编程场景005-准备上线”中的代码、架构、调试、测试任务，面向投资人，创建检查清单并标注常见坑。请用编号清单输出，并从“风险”角度做重点判断。要求：包含失败预案；输出可直接复制使用；最后给出3条可立即执行的下一步。
106,编程,资深软件工程师,海外用户,对话脚本,增长,高不确定性,任务编号 P0106。请扮演资深软件工程师。围绕“编程场景006-高不确定性”中的代码、架构、调试、测试任务，面向海外用户，模拟专家评审并指出改进点。请用对话脚本输出，并从“增长”角度做重点判断。要求：用中文输出；提供简短版本和完整版本；最后给出3条可立即执行的下一步。
107,编程,资深软件工程师,专家评审,FAQ,短期落地,远程协作,任务编号 P0107。请扮演资深软件工程师。围绕“编程场景007-远程协作”中的代码、架构、调试、测试任务，面向专家评审，根据目标用户重写表达。请用FAQ输出，并从“短期落地”角度做重点判断。要求：标注假设和不确定性；按影响力排序；最后给出3条可立即执行的下一步。
108,编程,资深软件工程师,大学生,演讲稿,成本,个人项目,任务编号 P0108。请扮演资深软件工程师。围绕“编程场景008-个人项目”中的代码、架构、调试、测试任务，面向大学生，提炼核心洞察并给出行动建议。请用演讲稿输出，并从“成本”角度做重点判断。要求：按影响力排序；包含可执行下一步；最后给出3条可立即执行的下一步。
109,编程,资深软件工程师,管理层,编号清单,可维护性,质量波动,任务编号 P0109。请扮演资深软件工程师。围绕“编程场景009-质量波动”中的代码、架构、调试、测试任务，面向管理层，设计一套可量化指标。请用编号清单输出，并从“可维护性”角度做重点判断。要求：必要时提出澄清问题；包含衡量标准；最后给出3条可立即执行的下一步。
110,编程,资深软件工程师,内容创作者,对话脚本,长期价值,用户流失,任务编号 P0110。请扮演资深软件工程师。围绕“编程场景010-用户流失”中的代码、架构、调试、测试任务，面向内容创作者，把零散想法整理成结构化大纲。请用对话脚本输出，并从“长期价值”角度做重点判断。要求：给出至少一个反例；标注假设和不确定性；最后给出3条可立即执行的下一步。
111,编程,资深软件工程师,销售团队,FAQ,质量,内部培训,任务编号 P0111。请扮演资深软件工程师。围绕“编程场景011-内部培训”中的代码、架构、调试、测试任务，面向销售团队，生成可直接使用的模板。请用FAQ输出，并从“质量”角度做重点判断。要求：按难易度排序；指出最容易忽略的细节；最后给出3条可立即执行的下一步。
112,编程,资深软件工程师,教师,演讲稿,用户体验,需要复盘,任务编号 P0112。请扮演资深软件工程师。围绕“编程场景012-需要复盘”中的代码、架构、调试、测试任务，面向教师，做一次反向推理找出隐藏风险。请用演讲稿输出，并从“用户体验”角度做重点判断。要求：避免虚构事实；避免专业黑话；最后给出3条可立即执行的下一步。
113,编程,资深软件工程师,本地用户,编号清单,学习曲线,时间紧迫,任务编号 P0113。请扮演资深软件工程师。围绕“编程场景013-时间紧迫”中的代码、架构、调试、测试任务，面向本地用户，给出低成本试验方案。请用编号清单输出，并从“学习曲线”角度做重点判断。要求：避免专业黑话；用中文输出；最后给出3条可立即执行的下一步。
114,编程,资深软件工程师,创始人,对话脚本,效率,成熟企业,任务编号 P0114。请扮演资深软件工程师。围绕“编程场景014-成熟企业”中的代码、架构、调试、测试任务，面向创始人，创建对比表并推荐选择。请用对话脚本输出，并从“效率”角度做重点判断。要求：包含衡量标准；兼顾成本和效果；最后给出3条可立即执行的下一步。
115,编程,资深软件工程师,新手用户,FAQ,风险,需要降本,任务编号 P0115。请扮演资深软件工程师。围绕“编程场景015-需要降本”中的代码、架构、调试、测试任务，面向新手用户，把长内容压缩成高密度摘要。请用FAQ输出，并从“风险”角度做重点判断。要求：提供简短版本和完整版本；避免虚构事实；最后给出3条可立即执行的下一步。
116,编程,资深软件工程师,一线执行团队,演讲稿,增长,流程混乱,任务编号 P0116。请扮演资深软件工程师。围绕“编程场景016-流程混乱”中的代码、架构、调试、测试任务，面向一线执行团队，提出10个创新方向并排序。请用演讲稿输出，并从“增长”角度做重点判断。要求：适合在一天内开始执行；包含失败预案；最后给出3条可立即执行的下一步。
117,编程,资深软件工程师,开发团队,编号清单,短期落地,数据不足,任务编号 P0117。请扮演资深软件工程师。围绕“编程场景017-数据不足”中的代码、架构、调试、测试任务，面向开发团队，设计30天训练计划。请用编号清单输出，并从“短期落地”角度做重点判断。要求：给出示例输入输出；语言简洁，不说空话；最后给出3条可立即执行的下一步。
118,编程,资深软件工程师,客服团队,对话脚本,成本,公开发布,任务编号 P0118。请扮演资深软件工程师。围绕“编程场景018-公开发布”中的代码、架构、调试、测试任务，面向客服团队，构建决策树帮助判断下一步。请用对话脚本输出，并从“成本”角度做重点判断。要求：语言简洁，不说空话；按难易度排序；最后给出3条可立即执行的下一步。
119,编程,资深软件工程师,家长,FAQ,可维护性,多方协作,任务编号 P0119。请扮演资深软件工程师。围绕“编程场景019-多方协作”中的代码、架构、调试、测试任务，面向家长，生成会议讨论提纲。请用FAQ输出，并从“可维护性”角度做重点判断。要求：兼顾成本和效果；先给结论再解释；最后给出3条可立即执行的下一步。
120,编程,资深软件工程师,非技术读者,演讲稿,长期价值,预算有限,任务编号 P0120。请扮演资深软件工程师。围绕“编程场景020-预算有限”中的代码、架构、调试、测试任务，面向非技术读者，写一份面向管理层的简报。请用演讲稿输出，并从“长期价值”角度做重点判断。要求：指出最容易忽略的细节；给出示例输入输出；最后给出3条可立即执行的下一步。
121,编程,资深软件工程师,中小企业主,编号清单,质量,初创团队,任务编号 P0121。请扮演资深软件工程师。围绕“编程场景021-初创团队”中的代码、架构、调试、测试任务，面向中小企业主，写一份面向执行者的操作手册。请用编号清单输出，并从“质量”角度做重点判断。要求：包含可执行下一步；给出至少一个反例；最后给出3条可立即执行的下一步。
122,编程,资深软件工程师,资深从业者,对话脚本,用户体验,需要扩张,任务编号 P0122。请扮演资深软件工程师。围绕“编程场景022-需要扩张”中的代码、架构、调试、测试任务，面向资深从业者，建立评估打分表。请用对话脚本输出，并从“用户体验”角度做重点判断。要求：输出可直接复制使用；保持中立客观；最后给出3条可立即执行的下一步。
123,编程,资深软件工程师,自由职业者,FAQ,学习曲线,新市场验证,任务编号 P0123。请扮演资深软件工程师。围绕“编程场景023-新市场验证”中的代码、架构、调试、测试任务，面向自由职业者，提出自动化改造思路。请用FAQ输出，并从“学习曲线”角度做重点判断。要求：保持中立客观；适合在一天内开始执行；最后给出3条可立即执行的下一步。
124,编程,资深软件工程师,设计团队,演讲稿,效率,竞品压力,任务编号 P0124。请扮演资深软件工程师。围绕“编程场景024-竞品压力”中的代码、架构、调试、测试任务，面向设计团队，设计用户调研问题。请用演讲稿输出，并从“效率”角度做重点判断。要求：先给结论再解释；必要时提出澄清问题；最后给出3条可立即执行的下一步。
125,编程,资深软件工程师,投资人,编号清单,风险,准备上线,任务编号 P0125。请扮演资深软件工程师。围绕“编程场景025-准备上线”中的代码、架构、调试、测试任务，面向投资人，模拟用户反馈并归纳模式。请用编号清单输出，并从“风险”角度做重点判断。要求：包含失败预案；输出可直接复制使用；最后给出3条可立即执行的下一步。
126,编程,资深软件工程师,海外用户,对话脚本,增长,高不确定性,任务编号 P0126。请扮演资深软件工程师。围绕“编程场景026-高不确定性”中的代码、架构、调试、测试任务，面向海外用户，生成故障排查路径。请用对话脚本输出，并从“增长”角度做重点判断。要求：用中文输出；提供简短版本和完整版本；最后给出3条可立即执行的下一步。
127,编程,资深软件工程师,专家评审,FAQ,短期落地,远程协作,任务编号 P0127。请扮演资深软件工程师。围绕“编程场景027-远程协作”中的代码、架构、调试、测试任务，面向专家评审，把目标拆成里程碑。请用FAQ输出，并从“短期落地”角度做重点判断。要求：标注假设和不确定性；按影响力排序；最后给出3条可立即执行的下一步。
128,编程,资深软件工程师,大学生,演讲稿,成本,个人项目,任务编号 P0128。请扮演资深软件工程师。围绕“编程场景028-个人项目”中的代码、架构、调试、测试任务，面向大学生，提出可复用命名规范。请用演讲稿输出，并从“成本”角度做重点判断。要求：按影响力排序；包含可执行下一步；最后给出3条可立即执行的下一步。
129,编程,资深软件工程师,管理层,编号清单,可维护性,质量波动,任务编号 P0129。请扮演资深软件工程师。围绕“编程场景029-质量波动”中的代码、架构、调试、测试任务，面向管理层，创建风险登记册。请用编号清单输出，并从“可维护性”角度做重点判断。要求：必要时提出澄清问题；包含衡量标准；最后给出3条可立即执行的下一步。
130,编程,资深软件工程师,内容创作者,对话脚本,长期价值,用户流失,任务编号 P0130。请扮演资深软件工程师。围绕“编程场景030-用户流失”中的代码、架构、调试、测试任务，面向内容创作者，制定一份可执行方案。请用对话脚本输出，并从“长期价值”角度做重点判断。要求：给出至少一个反例；标注假设和不确定性；最后给出3条可立即执行的下一步。
131,编程,资深软件工程师,销售团队,FAQ,质量,内部培训,任务编号 P0131。请扮演资深软件工程师。围绕“编程场景031-内部培训”中的代码、架构、调试、测试任务，面向销售团队，列出关键问题并给出优先级。请用FAQ输出，并从“质量”角度做重点判断。要求：按难易度排序；指出最容易忽略的细节；最后给出3条可立即执行的下一步。
132,编程,资深软件工程师,教师,演讲稿,用户体验,需要复盘,任务编号 P0132。请扮演资深软件工程师。围绕“编程场景032-需要复盘”中的代码、架构、调试、测试任务，面向教师，生成三种风格完全不同的版本。请用演讲稿输出，并从“用户体验”角度做重点判断。要求：避免虚构事实；避免专业黑话；最后给出3条可立即执行的下一步。
133,编程,资深软件工程师,本地用户,编号清单,学习曲线,时间紧迫,任务编号 P0133。请扮演资深软件工程师。围绕“编程场景033-时间紧迫”中的代码、架构、调试、测试任务，面向本地用户，把复杂内容改写成新手也能懂的说明。请用编号清单输出，并从“学习曲线”角度做重点判断。要求：避免专业黑话；用中文输出；最后给出3条可立即执行的下一步。
134,编程,资深软件工程师,创始人,对话脚本,效率,成熟企业,任务编号 P0134。请扮演资深软件工程师。围绕“编程场景034-成熟企业”中的代码、架构、调试、测试任务，面向创始人，设计一个从零到一的工作流。请用对话脚本输出，并从“效率”角度做重点判断。要求：包含衡量标准；兼顾成本和效果；最后给出3条可立即执行的下一步。
135,编程,资深软件工程师,新手用户,FAQ,风险,需要降本,任务编号 P0135。请扮演资深软件工程师。围绕“编程场景035-需要降本”中的代码、架构、调试、测试任务，面向新手用户，创建检查清单并标注常见坑。请用FAQ输出，并从“风险”角度做重点判断。要求：提供简短版本和完整版本；避免虚构事实；最后给出3条可立即执行的下一步。
136,编程,资深软件工程师,一线执行团队,演讲稿,增长,流程混乱,任务编号 P0136。请扮演资深软件工程师。围绕“编程场景036-流程混乱”中的代码、架构、调试、测试任务，面向一线执行团队，模拟专家评审并指出改进点。请用演讲稿输出，并从“增长”角度做重点判断。要求：适合在一天内开始执行；包含失败预案；最后给出3条可立即执行的下一步。
137,编程,资深软件工程师,开发团队,编号清单,短期落地,数据不足,任务编号 P0137。请扮演资深软件工程师。围绕“编程场景037-数据不足”中的代码、架构、调试、测试任务，面向开发团队，根据目标用户重写表达。请用编号清单输出，并从“短期落地”角度做重点判断。要求：给出示例输入输出；语言简洁，不说空话；最后给出3条可立即执行的下一步。
138,编程,资深软件工程师,客服团队,对话脚本,成本,公开发布,任务编号 P0138。请扮演资深软件工程师。围绕“编程场景038-公开发布”中的代码、架构、调试、测试任务，面向客服团队，提炼核心洞察并给出行动建议。请用对话脚本输出，并从“成本”角度做重点判断。要求：语言简洁，不说空话；按难易度排序；最后给出3条可立即执行的下一步。
139,编程,资深软件工程师,家长,FAQ,可维护性,多方协作,任务编号 P0139。请扮演资深软件工程师。围绕“编程场景039-多方协作”中的代码、架构、调试、测试任务，面向家长，设计一套可量化指标。请用FAQ输出，并从“可维护性”角度做重点判断。要求：兼顾成本和效果；先给结论再解释；最后给出3条可立即执行的下一步。
140,编程,资深软件工程师,非技术读者,演讲稿,长期价值,预算有限,任务编号 P0140。请扮演资深软件工程师。围绕“编程场景040-预算有限”中的代码、架构、调试、测试任务，面向非技术读者，把零散想法整理成结构化大纲。请用演讲稿输出，并从“长期价值”角度做重点判断。要求：指出最容易忽略的细节；给出示例输入输出；最后给出3条可立即执行的下一步。
141,编程,资深软件工程师,中小企业主,编号清单,质量,初创团队,任务编号 P0141。请扮演资深软件工程师。围绕“编程场景041-初创团队”中的代码、架构、调试、测试任务，面向中小企业主，生成可直接使用的模板。请用编号清单输出，并从“质量”角度做重点判断。要求：包含可执行下一步；给出至少一个反例；最后给出3条可立即执行的下一步。
142,编程,资深软件工程师,资深从业者,对话脚本,用户体验,需要扩张,任务编号 P0142。请扮演资深软件工程师。围绕“编程场景042-需要扩张”中的代码、架构、调试、测试任务，面向资深从业者，做一次反向推理找出隐藏风险。请用对话脚本输出，并从“用户体验”角度做重点判断。要求：输出可直接复制使用；保持中立客观；最后给出3条可立即执行的下一步。
143,编程,资深软件工程师,自由职业者,FAQ,学习曲线,新市场验证,任务编号 P0143。请扮演资深软件工程师。围绕“编程场景043-新市场验证”中的代码、架构、调试、测试任务，面向自由职业者，给出低成本试验方案。请用FAQ输出，并从“学习曲线”角度做重点判断。要求：保持中立客观；适合在一天内开始执行；最后给出3条可立即执行的下一步。
144,编程,资深软件工程师,设计团队,演讲稿,效率,竞品压力,任务编号 P0144。请扮演资深软件工程师。围绕“编程场景044-竞品压力”中的代码、架构、调试、测试任务，面向设计团队，创建对比表并推荐选择。请用演讲稿输出，并从“效率”角度做重点判断。要求：先给结论再解释；必要时提出澄清问题；最后给出3条可立即执行的下一步。
145,编程,资深软件工程师,投资人,编号清单,风险,准备上线,任务编号 P0145。请扮演资深软件工程师。围绕“编程场景045-准备上线”中的代码、架构、调试、测试任务，面向投资人，把长内容压缩成高密度摘要。请用编号清单输出，并从“风险”角度做重点判断。要求：包含失败预案；输出可直接复制使用；最后给出3条可立即执行的下一步。
146,编程,资深软件工程师,海外用户,对话脚本,增长,高不确定性,任务编号 P0146。请扮演资深软件工程师。围绕“编程场景046-高不确定性”中的代码、架构、调试、测试任务，面向海外用户，提出10个创新方向并排序。请用对话脚本输出，并从“增长”角度做重点判断。要求：用中文输出；提供简短版本和完整版本；最后给出3条可立即执行的下一步。
147,编程,资深软件工程师,专家评审,FAQ,短期落地,远程协作,任务编号 P0147。请扮演资深软件工程师。围绕“编程场景047-远程协作”中的代码、架构、调试、测试任务，面向专家评审，设计30天训练计划。请用FAQ输出，并从“短期落地”角度做重点判断。要求：标注假设和不确定性；按影响力排序；最后给出3条可立即执行的下一步。
148,编程,资深软件工程师,大学生,演讲稿,成本,个人项目,任务编号 P0148。请扮演资深软件工程师。围绕“编程场景048-个人项目”中的代码、架构、调试、测试任务，面向大学生，构建决策树帮助判断下一步。请用演讲稿输出，并从“成本”角度做重点判断。要求：按影响力排序；包含可执行下一步；最后给出3条可立即执行的下一步。
149,编程,资深软件工程师,管理层,编号清单,可维护性,质量波动,任务编号 P0149。请扮演资深软件工程师。围绕“编程场景049-质量波动”中的代码、架构、调试、测试任务，面向管理层，生成会议讨论提纲。请用编号清单输出，并从“可维护性”角度做重点判断。要求：必要时提出澄清问题；包含衡量标准；最后给出3条可立即执行的下一步。
150,编程,资深软件工程师,内容创作者,对话脚本,长期价值,用户流失,任务编号 P0150。请扮演资深软件工程师。围绕“编程场景050-用户流失”中的代码、架构、调试、测试任务，面向内容创作者，写一份面向管理层的简报。请用对话脚本输出，并从“长期价值”角度做重点判断。要求：给出至少一个反例；标注假设和不确定性；最后给出3条可立即执行的下一步。
151,编程,资深软件工程师,销售团队,FAQ,质量,内部培训,任务编号 P0151。请扮演资深软件工程师。围绕“编程场景051-内部培训”中的代码、架构、调试、测试任务，面向销售团队，写一份面向执行者的操作手册。请用FAQ输出，并从“质量”角度做重点判断。要求：按难易度排序；指出最容易忽略的细节；最后给出3条可立即执行的下一步。
152,编程,资深软件工程师,教师,演讲稿,用户体验,需要复盘,任务编号 P0152。请扮演资深软件工程师。围绕“编程场景052-需要复盘”中的代码、架构、调试、测试任务，面向教师，建立评估打分表。请用演讲稿输出，并从“用户体验”角度做重点判断。要求：避免虚构事实；避免专业黑话；最后给出3条可立即执行的下一步。
153,编程,资深软件工程师,本地用户,编号清单,学习曲线,时间紧迫,任务编号 P0153。请扮演资深软件工程师。围绕“编程场景053-时间紧迫”中的代码、架构、调试、测试任务，面向本地用户，提出自动化改造思路。请用编号清单输出，并从“学习曲线”角度做重点判断。要求：避免专业黑话；用中文输出；最后给出3条可立即执行的下一步。
154,编程,资深软件工程师,创始人,对话脚本,效率,成熟企业,任务编号 P0154。请扮演资深软件工程师。围绕“编程场景054-成熟企业”中的代码、架构、调试、测试任务，面向创始人，设计用户调研问题。请用对话脚本输出，并从“效率”角度做重点判断。要求：包含衡量标准；兼顾成本和效果；最后给出3条可立即执行的下一步。
155,编程,资深软件工程师,新手用户,FAQ,风险,需要降本,任务编号 P0155。请扮演资深软件工程师。围绕“编程场景055-需要降本”中的代码、架构、调试、测试任务，面向新手用户，模拟用户反馈并归纳模式。请用FAQ输出，并从“风险”角度做重点判断。要求：提供简短版本和完整版本；避免虚构事实；最后给出3条可立即执行的下一步。
156,编程,资深软件工程师,一线执行团队,演讲稿,增长,流程混乱,任务编号 P0156。请扮演资深软件工程师。围绕“编程场景056-流程混乱”中的代码、架构、调试、测试任务，面向一线执行团队，生成故障排查路径。请用演讲稿输出，并从“增长”角度做重点判断。要求：适合在一天内开始执行；包含失败预案；最后给出3条可立即执行的下一步。
157,编程,资深软件工程师,开发团队,编号清单,短期落地,数据不足,任务编号 P0157。请扮演资深软件工程师。围绕“编程场景057-数据不足”中的代码、架构、调试、测试任务，面向开发团队，把目标拆成里程碑。请用编号清单输出，并从“短期落地”角度做重点判断。要求：给出示例输入输出；语言简洁，不说空话；最后给出3条可立即执行的下一步。
158,编程,资深软件工程师,客服团队,对话脚本,成本,公开发布,任务编号 P0158。请扮演资深软件工程师。围绕“编程场景058-公开发布”中的代码、架构、调试、测试任务，面向客服团队，提出可复用命名规范。请用对话脚本输出，并从“成本”角度做重点判断。要求：语言简洁，不说空话；按难易度排序；最后给出3条可立即执行的下一步。
159,编程,资深软件工程师,家长,FAQ,可维护性,多方协作,任务编号 P0159。请扮演资深软件工程师。围绕“编程场景059-多方协作”中的代码、架构、调试、测试任务，面向家长，创建风险登记册。请用FAQ输出，并从“可维护性”角度做重点判断。要求：兼顾成本和效果；先给结论再解释；最后给出3条可立即执行的下一步。
160,编程,资深软件工程师,非技术读者,演讲稿,长期价值,预算有限,任务编号 P0160。请扮演资深软件工程师。围绕“编程场景060-预算有限”中的代码、架构、调试、测试任务，面向非技术读者，制定一份可执行方案。请用演讲稿输出，并从“长期价值”角度做重点判断。要求：指出最容易忽略的细节；给出示例输入输出；最后给出3条可立即执行的下一步。
161,编程,资深软件工程师,中小企业主,编号清单,质量,初创团队,任务编号 P0161。请扮演资深软件工程师。围绕“编程场景061-初创团队”中的代码、架构、调试、测试任务，面向中小企业主，列出关键问题并给出优先级。请用编号清单输出，并从“质量”角度做重点判断。要求：包含可执行下一步；给出至少一个反例；最后给出3条可立即执行的下一步。
162,编程,资深软件工程师,资深从业者,对话脚本,用户体验,需要扩张,任务编号 P0162。请扮演资深软件工程师。围绕“编程场景062-需要扩张”中的代码、架构、调试、测试任务，面向资深从业者，生成三种风格完全不同的版本。请用对话脚本输出，并从“用户体验”角度做重点判断。要求：输出可直接复制使用；保持中立客观；最后给出3条可立即执行的下一步。
163,编程,资深软件工程师,自由职业者,FAQ,学习曲线,新市场验证,任务编号 P0163。请扮演资深软件工程师。围绕“编程场景063-新市场验证”中的代码、架构、调试、测试任务，面向自由职业者，把复杂内容改写成新手也能懂的说明。请用FAQ输出，并从“学习曲线”角度做重点判断。要求：保持中立客观；适合在一天内开始执行；最后给出3条可立即执行的下一步。
164,编程,资深软件工程师,设计团队,演讲稿,效率,竞品压力,任务编号 P0164。请扮演资深软件工程师。围绕“编程场景064-竞品压力”中的代码、架构、调试、测试任务，面向设计团队，设计一个从零到一的工作流。请用演讲稿输出，并从“效率”角度做重点判断。要求：先给结论再解释；必要时提出澄清问题；最后给出3条可立即执行的下一步。
165,编程,资深软件工程师,投资人,编号清单,风险,准备上线,任务编号 P0165。请扮演资深软件工程师。围绕“编程场景065-准备上线”中的代码、架构、调试、测试任务，面向投资人，创建检查清单并标注常见坑。请用编号清单输出，并从“风险”角度做重点判断。要求：包含失败预案；输出可直接复制使用；最后给出3条可立即执行的下一步。
166,编程,资深软件工程师,海外用户,对话脚本,增长,高不确定性,任务编号 P0166。请扮演资深软件工程师。围绕“编程场景066-高不确定性”中的代码、架构、调试、测试任务，面向海外用户，模拟专家评审并指出改进点。请用对话脚本输出，并从“增长”角度做重点判断。要求：用中文输出；提供简短版本和完整版本；最后给出3条可立即执行的下一步。
167,编程,资深软件工程师,专家评审,FAQ,短期落地,远程协作,任务编号 P0167。请扮演资深软件工程师。围绕“编程场景067-远程协作”中的代码、架构、调试、测试任务，面向专家评审，根据目标用户重写表达。请用FAQ输出，并从“短期落地”角度做重点判断。要求：标注假设和不确定性；按影响力排序；最后给出3条可立即执行的下一步。
168,编程,资深软件工程师,大学生,演讲稿,成本,个人项目,任务编号 P0168。请扮演资深软件工程师。围绕“编程场景068-个人项目”中的代码、架构、调试、测试任务，面向大学生，提炼核心洞察并给出行动建议。请用演讲稿输出，并从“成本”角度做重点判断。要求：按影响力排序；包含可执行下一步；最后给出3条可立即执行的下一步。
169,编程,资深软件工程师,管理层,编号清单,可维护性,质量波动,任务编号 P0169。请扮演资深软件工程师。围绕“编程场景069-质量波动”中的代码、架构、调试、测试任务，面向管理层，设计一套可量化指标。请用编号清单输出，并从“可维护性”角度做重点判断。要求：必要时提出澄清问题；包含衡量标准；最后给出3条可立即执行的下一步。
170,编程,资深软件工程师,内容创作者,对话脚本,长期价值,用户流失,任务编号 P0170。请扮演资深软件工程师。围绕“编程场景070-用户流失”中的代码、架构、调试、测试任务，面向内容创作者，把零散想法整理成结构化大纲。请用对话脚本输出，并从“长期价值”角度做重点判断。要求：给出至少一个反例；标注假设和不确定性；最后给出3条可立即执行的下一步。
171,编程,资深软件工程师,销售团队,FAQ,质量,内部培训,任务编号 P0171。请扮演资深软件工程师。围绕“编程场景071-内部培训”中的代码、架构、调试、测试任务，面向销售团队，生成可直接使用的模板。请用FAQ输出，并从“质量”角度做重点判断。要求：按难易度排序；指出最容易忽略的细节；最后给出3条可立即执行的下一步。
172,编程,资深软件工程师,教师,演讲稿,用户体验,需要复盘,任务编号 P0172。请扮演资深软件工程师。围绕“编程场景072-需要复盘”中的代码、架构、调试、测试任务，面向教师，做一次反向推理找出隐藏风险。请用演讲稿输出，并从“用户体验”角度做重点判断。要求：避免虚构事实；避免专业黑话；最后给出3条可立即执行的下一步。
173,编程,资深软件工程师,本地用户,编号清单,学习曲线,时间紧迫,任务编号 P0173。请扮演资深软件工程师。围绕“编程场景073-时间紧迫”中的代码、架构、调试、测试任务，面向本地用户，给出低成本试验方案。请用编号清单输出，并从“学习曲线”角度做重点判断。要求：避免专业黑话；用中文输出；最后给出3条可立即执行的下一步。
174,编程,资深软件工程师,创始人,对话脚本,效率,成熟企业,任务编号 P0174。请扮演资深软件工程师。围绕“编程场景074-成熟企业”中的代码、架构、调试、测试任务，面向创始人，创建对比表并推荐选择。请用对话脚本输出，并从“效率”角度做重点判断。要求：包含衡量标准；兼顾成本和效果；最后给出3条可立即执行的下一步。
175,编程,资深软件工程师,新手用户,FAQ,风险,需要降本,任务编号 P0175。请扮演资深软件工程师。围绕“编程场景075-需要降本”中的代码、架构、调试、测试任务，面向新手用户，把长内容压缩成高密度摘要。请用FAQ输出，并从“风险”角度做重点判断。要求：提供简短版本和完整版本；避免虚构事实；最后给出3条可立即执行的下一步。
176,编程,资深软件工程师,一线执行团队,演讲稿,增长,流程混乱,任务编号 P0176。请扮演资深软件工程师。围绕“编程场景076-流程混乱”中的代码、架构、调试、测试任务，面向一线执行团队，提出10个创新方向并排序。请用演讲稿输出，并从“增长”角度做重点判断。要求：适合在一天内开始执行；包含失败预案；最后给出3条可立即执行的下一步。
177,编程,资深软件工程师,开发团队,编号清单,短期落地,数据不足,任务编号 P0177。请扮演资深软件工程师。围绕“编程场景077-数据不足”中的代码、架构、调试、测试任务，面向开发团队，设计30天训练计划。请用编号清单输出，并从“短期落地”角度做重点判断。要求：给出示例输入输出；语言简洁，不说空话；最后给出3条可立即执行的下一步。
178,编程,资深软件工程师,客服团队,对话脚本,成本,公开发布,任务编号 P0178。请扮演资深软件工程师。围绕“编程场景078-公开发布”中的代码、架构、调试、测试任务，面向客服团队，构建决策树帮助判断下一步。请用对话脚本输出，并从“成本”角度做重点判断。要求：语言简洁，不说空话；按难易度排序；最后给出3条可立即执行的下一步。
179,编程,资深软件工程师,家长,FAQ,可维护性,多方协作,任务编号 P0179。请扮演资深软件工程师。围绕“编程场景079-多方协作”中的代码、架构、调试、测试任务，面向家长，生成会议讨论提纲。请用FAQ输出，并从“可维护性”角度做重点判断。要求：兼顾成本和效果；先给结论再解释；最后给出3条可立即执行的下一步。
180,编程,资深软件工程师,非技术读者,演讲稿,长期价值,预算有限,任务编号 P0180。请扮演资深软件工程师。围绕“编程场景080-预算有限”中的代码、架构、调试、测试任务，面向非技术读者，写一份面向管理层的简报。请用演讲稿输出，并从“长期价值”角度做重点判断。要求：指出最容易忽略的细节；给出示例输入输出；最后给出3条可立即执行的下一步。
181,编程,资深软件工程师,中小企业主,编号清单,质量,初创团队,任务编号 P0181。请扮演资深软件工程师。围绕“编程场景081-初创团队”中的代码、架构、调试、测试任务，面向中小企业主，写一份面向执行者的操作手册。请用编号清单输出，并从“质量”角度做重点判断。要求：包含可执行下一步；给出至少一个反例；最后给出3条可立即执行的下一步。
182,编程,资深软件工程师,资深从业者,对话脚本,用户体验,需要扩张,任务编号 P0182。请扮演资深软件工程师。围绕“编程场景082-需要扩张”中的代码、架构、调试、测试任务，面向资深从业者，建立评估打分表。请用对话脚本输出，并从“用户体验”角度做重点判断。要求：输出可直接复制使用；保持中立客观；最后给出3条可立即执行的下一步。
183,编程,资深软件工程师,自由职业者,FAQ,学习曲线,新市场验证,任务编号 P0183。请扮演资深软件工程师。围绕“编程场景083-新市场验证”中的代码、架构、调试、测试任务，面向自由职业者，提出自动化改造思路。请用FAQ输出，并从“学习曲线”角度做重点判断。要求：保持中立客观；适合在一天内开始执行；最后给出3条可立即执行的下一步。
184,编程,资深软件工程师,设计团队,演讲稿,效率,竞品压力,任务编号 P0184。请扮演资深软件工程师。围绕“编程场景084-竞品压力”中的代码、架构、调试、测试任务，面向设计团队，设计用户调研问题。请用演讲稿输出，并从“效率”角度做重点判断。要求：先给结论再解释；必要时提出澄清问题；最后给出3条可立即执行的下一步。
185,编程,资深软件工程师,投资人,编号清单,风险,准备上线,任务编号 P0185。请扮演资深软件工程师。围绕“编程场景085-准备上线”中的代码、架构、调试、测试任务，面向投资人，模拟用户反馈并归纳模式。请用编号清单输出，并从“风险”角度做重点判断。要求：包含失败预案；输出可直接复制使用；最后给出3条可立即执行的下一步。
186,编程,资深软件工程师,海外用户,对话脚本,增长,高不确定性,任务编号 P0186。请扮演资深软件工程师。围绕“编程场景086-高不确定性”中的代码、架构、调试、测试任务，面向海外用户，生成故障排查路径。请用对话脚本输出，并从“增长”角度做重点判断。要求：用中文输出；提供简短版本和完整版本；最后给出3条可立即执行的下一步。
187,编程,资深软件工程师,专家评审,FAQ,短期落地,远程协作,任务编号 P0187。请扮演资深软件工程师。围绕“编程场景087-远程协作”中的代码、架构、调试、测试任务，面向专家评审，把目标拆成里程碑。请用FAQ输出，并从“短期落地”角度做重点判断。要求：标注假设和不确定性；按影响力排序；最后给出3条可立即执行的下一步。
188,编程,资深软件工程师,大学生,演讲稿,成本,个人项目,任务编号 P0188。请扮演资深软件工程师。围绕“编程场景088-个人项目”中的代码、架构、调试、测试任务，面向大学生，提出可复用命名规范。请用演讲稿输出，并从“成本”角度做重点判断。要求：按影响力排序；包含可执行下一步；最后给出3条可立即执行的下一步。
189,编程,资深软件工程师,管理层,编号清单,可维护性,质量波动,任务编号 P0189。请扮演资深软件工程师。围绕“编程场景089-质量波动”中的代码、架构、调试、测试任务，面向管理层，创建风险登记册。请用编号清单输出，并从“可维护性”角度做重点判断。要求：必要时提出澄清问题；包含衡量标准；最后给出3条可立即执行的下一步。
190,编程,资深软件工程师,内容创作者,对话脚本,长期价值,用户流失,任务编号 P0190。请扮演资深软件工程师。围绕“编程场景090-用户流失”中的代码、架构、调试、测试任务，面向内容创作者，制定一份可执行方案。请用对话脚本输出，并从“长期价值”角度做重点判断。要求：给出至少一个反例；标注假设和不确定性；最后给出3条可立即执行的下一步。
191,编程,资深软件工程师,销售团队,FAQ,质量,内部培训,任务编号 P0191。请扮演资深软件工程师。围绕“编程场景091-内部培训”中的代码、架构、调试、测试任务，面向销售团队，列出关键问题并给出优先级。请用FAQ输出，并从“质量”角度做重点判断。要求：按难易度排序；指出最容易忽略的细节；最后给出3条可立即执行的下一步。
192,编程,资深软件工程师,教师,演讲稿,用户体验,需要复盘,任务编号 P0192。请扮演资深软件工程师。围绕“编程场景092-需要复盘”中的代码、架构、调试、测试任务，面向教师，生成三种风格完全不同的版本。请用演讲稿输出，并从“用户体验”角度做重点判断。要求：避免虚构事实；避免专业黑话；最后给出3条可立即执行的下一步。
193,编程,资深软件工程师,本地用户,编号清单,学习曲线,时间紧迫,任务编号 P0193。请扮演资深软件工程师。围绕“编程场景093-时间紧迫”中的代码、架构、调试、测试任务，面向本地用户，把复杂内容改写成新手也能懂的说明。请用编号清单输出，并从“学习曲线”角度做重点判断。要求：避免专业黑话；用中文输出；最后给出3条可立即执行的下一步。
194,编程,资深软件工程师,创始人,对话脚本,效率,成熟企业,任务编号 P0194。请扮演资深软件工程师。围绕“编程场景094-成熟企业”中的代码、架构、调试、测试任务，面向创始人，设计一个从零到一的工作流。请用对话脚本输出，并从“效率”角度做重点判断。要求：包含衡量标准；兼顾成本和效果；最后给出3条可立即执行的下一步。
195,编程,资深软件工程师,新手用户,FAQ,风险,需要降本,任务编号 P0195。请扮演资深软件工程师。围绕“编程场景095-需要降本”中的代码、架构、调试、测试任务，面向新手用户，创建检查清单并标注常见坑。请用FAQ输出，并从“风险”角度做重点判断。要求：提供简短版本和完整版本；避免虚构事实；最后给出3条可立即执行的下一步。
196,编程,资深软件工程师,一线执行团队,演讲稿,增长,流程混乱,任务编号 P0196。请扮演资深软件工程师。围绕“编程场景096-流程混乱”中的代码、架构、调试、测试任务，面向一线执行团队，模拟专家评审并指出改进点。请用演讲稿输出，并从“增长”角度做重点判断。要求：适合在一天内开始执行；包含失败预案；最后给出3条可立即执行的下一步。
197,编程,资深软件工程师,开发团队,编号清单,短期落地,数据不足,任务编号 P0197。请扮演资深软件工程师。围绕“编程场景097-数据不足”中的代码、架构、调试、测试任务，面向开发团队，根据目标用户重写表达。请用编号清单输出，并从“短期落地”角度做重点判断。要求：给出示例输入输出；语言简洁，不说空话；最后给出3条可立即执行的下一步。
198,编程,资深软件工程师,客服团队,对话脚本,成本,公开发布,任务编号 P0198。请扮演资深软件工程师。围绕“编程场景098-公开发布”中的代码、架构、调试、测试任务，面向客服团队，提炼核心洞察并给出行动建议。请用对话脚本输出，并从“成本”角度做重点判断。要求：语言简洁，不说空话；按难易度排序；最后给出3条可立即执行的下一步。
199,编程,资深软件工程师,家长,FAQ,可维护性,多方协作,任务编号 P0199。请扮演资深软件工程师。围绕“编程场景099-多方协作”中的代码、架构、调试、测试任务，面向家长，设计一套可量化指标。请用FAQ输出，并从“可维护性”角度做重点判断。要求：兼顾成本和效果；先给结论再解释；最后给出3条可立即执行的下一步。
200,编程,资深软件工程师,非技术读者,演讲稿,长期价值,预算有限,任务编号 P0200。请扮演资深软件工程师。围绕“编程场景100-预算有限”中的代码、架构、调试、测试任务，面向非技术读者，把零散想法整理成结构化大纲。请用演讲稿输出，并从“长期价值”角度做重点判断。要求：指出最容易忽略的细节；给出示例输入输出；最后给出3条可立即执行的下一步。
201,产品,产品经理,大学生,Markdown大纲,成本,成熟企业,任务编号 P0201。请扮演产品经理。围绕“产品场景001-成熟企业”中的需求、路线图、用户故事任务，面向大学生，生成三种风格完全不同的版本。请用Markdown大纲输出，并从“成本”角度做重点判断。要求：先给结论再解释；避免专业黑话；最后给出3条可立即执行的下一步。
202,产品,产品经理,管理层,JSON结构,可维护性,需要降本,任务编号 P0202。请扮演产品经理。围绕“产品场景002-需要降本”中的需求、路线图、用户故事任务，面向管理层，把复杂内容改写成新手也能懂的说明。请用JSON结构输出，并从“可维护性”角度做重点判断。要求：包含失败预案；用中文输出；最后给出3条可立即执行的下一步。
203,产品,产品经理,内容创作者,复盘报告,长期价值,流程混乱,任务编号 P0203。请扮演产品经理。围绕“产品场景003-流程混乱”中的需求、路线图、用户故事任务，面向内容创作者，设计一个从零到一的工作流。请用复盘报告输出，并从“长期价值”角度做重点判断。要求：用中文输出；兼顾成本和效果；最后给出3条可立即执行的下一步。
204,产品,产品经理,销售团队,短视频脚本,质量,数据不足,任务编号 P0204。请扮演产品经理。围绕“产品场景004-数据不足”中的需求、路线图、用户故事任务，面向销售团队，创建检查清单并标注常见坑。请用短视频脚本输出，并从“质量”角度做重点判断。要求：标注假设和不确定性；避免虚构事实；最后给出3条可立即执行的下一步。
205,产品,产品经理,教师,Markdown大纲,用户体验,公开发布,任务编号 P0205。请扮演产品经理。围绕“产品场景005-公开发布”中的需求、路线图、用户故事任务，面向教师，模拟专家评审并指出改进点。请用Markdown大纲输出，并从“用户体验”角度做重点判断。要求：按影响力排序；包含失败预案；最后给出3条可立即执行的下一步。
206,产品,产品经理,本地用户,JSON结构,学习曲线,多方协作,任务编号 P0206。请扮演产品经理。围绕“产品场景006-多方协作”中的需求、路线图、用户故事任务，面向本地用户，根据目标用户重写表达。请用JSON结构输出，并从“学习曲线”角度做重点判断。要求：必要时提出澄清问题；语言简洁，不说空话；最后给出3条可立即执行的下一步。
207,产品,产品经理,创始人,复盘报告,效率,预算有限,任务编号 P0207。请扮演产品经理。围绕“产品场景007-预算有限”中的需求、路线图、用户故事任务，面向创始人，提炼核心洞察并给出行动建议。请用复盘报告输出，并从“效率”角度做重点判断。要求：给出至少一个反例；按难易度排序；最后给出3条可立即执行的下一步。
208,产品,产品经理,新手用户,短视频脚本,风险,初创团队,任务编号 P0208。请扮演产品经理。围绕“产品场景008-初创团队”中的需求、路线图、用户故事任务，面向新手用户，设计一套可量化指标。请用短视频脚本输出，并从“风险”角度做重点判断。要求：按难易度排序；先给结论再解释；最后给出3条可立即执行的下一步。
209,产品,产品经理,一线执行团队,Markdown大纲,增长,需要扩张,任务编号 P0209。请扮演产品经理。围绕“产品场景009-需要扩张”中的需求、路线图、用户故事任务，面向一线执行团队，把零散想法整理成结构化大纲。请用Markdown大纲输出，并从“增长”角度做重点判断。要求：避免虚构事实；给出示例输入输出；最后给出3条可立即执行的下一步。
210,产品,产品经理,开发团队,JSON结构,短期落地,新市场验证,任务编号 P0210。请扮演产品经理。围绕“产品场景010-新市场验证”中的需求、路线图、用户故事任务，面向开发团队，生成可直接使用的模板。请用JSON结构输出，并从“短期落地”角度做重点判断。要求：避免专业黑话；给出至少一个反例；最后给出3条可立即执行的下一步。
211,产品,产品经理,客服团队,复盘报告,成本,竞品压力,任务编号 P0211。请扮演产品经理。围绕“产品场景011-竞品压力”中的需求、路线图、用户故事任务，面向客服团队，做一次反向推理找出隐藏风险。请用复盘报告输出，并从“成本”角度做重点判断。要求：包含衡量标准；保持中立客观；最后给出3条可立即执行的下一步。
212,产品,产品经理,家长,短视频脚本,可维护性,准备上线,任务编号 P0212。请扮演产品经理。围绕“产品场景012-准备上线”中的需求、路线图、用户故事任务，面向家长，给出低成本试验方案。请用短视频脚本输出，并从“可维护性”角度做重点判断。要求：提供简短版本和完整版本；适合在一天内开始执行；最后给出3条可立即执行的下一步。
213,产品,产品经理,非技术读者,Markdown大纲,长期价值,高不确定性,任务编号 P0213。请扮演产品经理。围绕“产品场景013-高不确定性”中的需求、路线图、用户故事任务，面向非技术读者，创建对比表并推荐选择。请用Markdown大纲输出，并从“长期价值”角度做重点判断。要求：适合在一天内开始执行；必要时提出澄清问题；最后给出3条可立即执行的下一步。
214,产品,产品经理,中小企业主,JSON结构,质量,远程协作,任务编号 P0214。请扮演产品经理。围绕“产品场景014-远程协作”中的需求、路线图、用户故事任务，面向中小企业主，把长内容压缩成高密度摘要。请用JSON结构输出，并从“质量”角度做重点判断。要求：给出示例输入输出；输出可直接复制使用；最后给出3条可立即执行的下一步。
215,产品,产品经理,资深从业者,复盘报告,用户体验,个人项目,任务编号 P0215。请扮演产品经理。围绕“产品场景015-个人项目”中的需求、路线图、用户故事任务，面向资深从业者，提出10个创新方向并排序。请用复盘报告输出，并从“用户体验”角度做重点判断。要求：语言简洁，不说空话；提供简短版本和完整版本；最后给出3条可立即执行的下一步。
216,产品,产品经理,自由职业者,短视频脚本,学习曲线,质量波动,任务编号 P0216。请扮演产品经理。围绕“产品场景016-质量波动”中的需求、路线图、用户故事任务，面向自由职业者，设计30天训练计划。请用短视频脚本输出，并从“学习曲线”角度做重点判断。要求：兼顾成本和效果；按影响力排序；最后给出3条可立即执行的下一步。
217,产品,产品经理,设计团队,Markdown大纲,效率,用户流失,任务编号 P0217。请扮演产品经理。围绕“产品场景017-用户流失”中的需求、路线图、用户故事任务，面向设计团队，构建决策树帮助判断下一步。请用Markdown大纲输出，并从“效率”角度做重点判断。要求：指出最容易忽略的细节；包含可执行下一步；最后给出3条可立即执行的下一步。
218,产品,产品经理,投资人,JSON结构,风险,内部培训,任务编号 P0218。请扮演产品经理。围绕“产品场景018-内部培训”中的需求、路线图、用户故事任务，面向投资人，生成会议讨论提纲。请用JSON结构输出，并从“风险”角度做重点判断。要求：包含可执行下一步；包含衡量标准；最后给出3条可立即执行的下一步。
219,产品,产品经理,海外用户,复盘报告,增长,需要复盘,任务编号 P0219。请扮演产品经理。围绕“产品场景019-需要复盘”中的需求、路线图、用户故事任务，面向海外用户，写一份面向管理层的简报。请用复盘报告输出，并从“增长”角度做重点判断。要求：输出可直接复制使用；标注假设和不确定性；最后给出3条可立即执行的下一步。
220,产品,产品经理,专家评审,短视频脚本,短期落地,时间紧迫,任务编号 P0220。请扮演产品经理。围绕“产品场景020-时间紧迫”中的需求、路线图、用户故事任务，面向专家评审，写一份面向执行者的操作手册。请用短视频脚本输出，并从“短期落地”角度做重点判断。要求：保持中立客观；指出最容易忽略的细节；最后给出3条可立即执行的下一步。
221,产品,产品经理,大学生,Markdown大纲,成本,成熟企业,任务编号 P0221。请扮演产品经理。围绕“产品场景021-成熟企业”中的需求、路线图、用户故事任务，面向大学生，建立评估打分表。请用Markdown大纲输出，并从“成本”角度做重点判断。要求：先给结论再解释；避免专业黑话；最后给出3条可立即执行的下一步。
222,产品,产品经理,管理层,JSON结构,可维护性,需要降本,任务编号 P0222。请扮演产品经理。围绕“产品场景022-需要降本”中的需求、路线图、用户故事任务，面向管理层，提出自动化改造思路。请用JSON结构输出，并从“可维护性”角度做重点判断。要求：包含失败预案；用中文输出；最后给出3条可立即执行的下一步。
223,产品,产品经理,内容创作者,复盘报告,长期价值,流程混乱,任务编号 P0223。请扮演产品经理。围绕“产品场景023-流程混乱”中的需求、路线图、用户故事任务，面向内容创作者，设计用户调研问题。请用复盘报告输出，并从“长期价值”角度做重点判断。要求：用中文输出；兼顾成本和效果；最后给出3条可立即执行的下一步。
224,产品,产品经理,销售团队,短视频脚本,质量,数据不足,任务编号 P0224。请扮演产品经理。围绕“产品场景024-数据不足”中的需求、路线图、用户故事任务，面向销售团队，模拟用户反馈并归纳模式。请用短视频脚本输出，并从“质量”角度做重点判断。要求：标注假设和不确定性；避免虚构事实；最后给出3条可立即执行的下一步。
225,产品,产品经理,教师,Markdown大纲,用户体验,公开发布,任务编号 P0225。请扮演产品经理。围绕“产品场景025-公开发布”中的需求、路线图、用户故事任务，面向教师，生成故障排查路径。请用Markdown大纲输出，并从“用户体验”角度做重点判断。要求：按影响力排序；包含失败预案；最后给出3条可立即执行的下一步。
226,产品,产品经理,本地用户,JSON结构,学习曲线,多方协作,任务编号 P0226。请扮演产品经理。围绕“产品场景026-多方协作”中的需求、路线图、用户故事任务，面向本地用户，把目标拆成里程碑。请用JSON结构输出，并从“学习曲线”角度做重点判断。要求：必要时提出澄清问题；语言简洁，不说空话；最后给出3条可立即执行的下一步。
227,产品,产品经理,创始人,复盘报告,效率,预算有限,任务编号 P0227。请扮演产品经理。围绕“产品场景027-预算有限”中的需求、路线图、用户故事任务，面向创始人，提出可复用命名规范。请用复盘报告输出，并从“效率”角度做重点判断。要求：给出至少一个反例；按难易度排序；最后给出3条可立即执行的下一步。
228,产品,产品经理,新手用户,短视频脚本,风险,初创团队,任务编号 P0228。请扮演产品经理。围绕“产品场景028-初创团队”中的需求、路线图、用户故事任务，面向新手用户，创建风险登记册。请用短视频脚本输出，并从“风险”角度做重点判断。要求：按难易度排序；先给结论再解释；最后给出3条可立即执行的下一步。
229,产品,产品经理,一线执行团队,Markdown大纲,增长,需要扩张,任务编号 P0229。请扮演产品经理。围绕“产品场景029-需要扩张”中的需求、路线图、用户故事任务，面向一线执行团队，制定一份可执行方案。请用Markdown大纲输出，并从“增长”角度做重点判断。要求：避免虚构事实；给出示例输入输出；最后给出3条可立即执行的下一步。
230,产品,产品经理,开发团队,JSON结构,短期落地,新市场验证,任务编号 P0230。请扮演产品经理。围绕“产品场景030-新市场验证”中的需求、路线图、用户故事任务，面向开发团队，列出关键问题并给出优先级。请用JSON结构输出，并从“短期落地”角度做重点判断。要求：避免专业黑话；给出至少一个反例；最后给出3条可立即执行的下一步。
231,产品,产品经理,客服团队,复盘报告,成本,竞品压力,任务编号 P0231。请扮演产品经理。围绕“产品场景031-竞品压力”中的需求、路线图、用户故事任务，面向客服团队，生成三种风格完全不同的版本。请用复盘报告输出，并从“成本”角度做重点判断。要求：包含衡量标准；保持中立客观；最后给出3条可立即执行的下一步。
232,产品,产品经理,家长,短视频脚本,可维护性,准备上线,任务编号 P0232。请扮演产品经理。围绕“产品场景032-准备上线”中的需求、路线图、用户故事任务，面向家长，把复杂内容改写成新手也能懂的说明。请用短视频脚本输出，并从“可维护性”角度做重点判断。要求：提供简短版本和完整版本；适合在一天内开始执行；最后给出3条可立即执行的下一步。
233,产品,产品经理,非技术读者,Markdown大纲,长期价值,高不确定性,任务编号 P0233。请扮演产品经理。围绕“产品场景033-高不确定性”中的需求、路线图、用户故事任务，面向非技术读者，设计一个从零到一的工作流。请用Markdown大纲输出，并从“长期价值”角度做重点判断。要求：适合在一天内开始执行；必要时提出澄清问题；最后给出3条可立即执行的下一步。
234,产品,产品经理,中小企业主,JSON结构,质量,远程协作,任务编号 P0234。请扮演产品经理。围绕“产品场景034-远程协作”中的需求、路线图、用户故事任务，面向中小企业主，创建检查清单并标注常见坑。请用JSON结构输出，并从“质量”角度做重点判断。要求：给出示例输入输出；输出可直接复制使用；最后给出3条可立即执行的下一步。
235,产品,产品经理,资深从业者,复盘报告,用户体验,个人项目,任务编号 P0235。请扮演产品经理。围绕“产品场景035-个人项目”中的需求、路线图、用户故事任务，面向资深从业者，模拟专家评审并指出改进点。请用复盘报告输出，并从“用户体验”角度做重点判断。要求：语言简洁，不说空话；提供简短版本和完整版本；最后给出3条可立即执行的下一步。
236,产品,产品经理,自由职业者,短视频脚本,学习曲线,质量波动,任务编号 P0236。请扮演产品经理。围绕“产品场景036-质量波动”中的需求、路线图、用户故事任务，面向自由职业者，根据目标用户重写表达。请用短视频脚本输出，并从“学习曲线”角度做重点判断。要求：兼顾成本和效果；按影响力排序；最后给出3条可立即执行的下一步。
237,产品,产品经理,设计团队,Markdown大纲,效率,用户流失,任务编号 P0237。请扮演产品经理。围绕“产品场景037-用户流失”中的需求、路线图、用户故事任务，面向设计团队，提炼核心洞察并给出行动建议。请用Markdown大纲输出，并从“效率”角度做重点判断。要求：指出最容易忽略的细节；包含可执行下一步；最后给出3条可立即执行的下一步。
238,产品,产品经理,投资人,JSON结构,风险,内部培训,任务编号 P0238。请扮演产品经理。围绕“产品场景038-内部培训”中的需求、路线图、用户故事任务，面向投资人，设计一套可量化指标。请用JSON结构输出，并从“风险”角度做重点判断。要求：包含可执行下一步；包含衡量标准；最后给出3条可立即执行的下一步。
239,产品,产品经理,海外用户,复盘报告,增长,需要复盘,任务编号 P0239。请扮演产品经理。围绕“产品场景039-需要复盘”中的需求、路线图、用户故事任务，面向海外用户，把零散想法整理成结构化大纲。请用复盘报告输出，并从“增长”角度做重点判断。要求：输出可直接复制使用；标注假设和不确定性；最后给出3条可立即执行的下一步。
240,产品,产品经理,专家评审,短视频脚本,短期落地,时间紧迫,任务编号 P0240。请扮演产品经理。围绕“产品场景040-时间紧迫”中的需求、路线图、用户故事任务，面向专家评审，生成可直接使用的模板。请用短视频脚本输出，并从“短期落地”角度做重点判断。要求：保持中立客观；指出最容易忽略的细节；最后给出3条可立即执行的下一步。
241,产品,产品经理,大学生,Markdown大纲,成本,成熟企业,任务编号 P0241。请扮演产品经理。围绕“产品场景041-成熟企业”中的需求、路线图、用户故事任务，面向大学生，做一次反向推理找出隐藏风险。请用Markdown大纲输出，并从“成本”角度做重点判断。要求：先给结论再解释；避免专业黑话；最后给出3条可立即执行的下一步。
242,产品,产品经理,管理层,JSON结构,可维护性,需要降本,任务编号 P0242。请扮演产品经理。围绕“产品场景042-需要降本”中的需求、路线图、用户故事任务，面向管理层，给出低成本试验方案。请用JSON结构输出，并从“可维护性”角度做重点判断。要求：包含失败预案；用中文输出；最后给出3条可立即执行的下一步。
243,产品,产品经理,内容创作者,复盘报告,长期价值,流程混乱,任务编号 P0243。请扮演产品经理。围绕“产品场景043-流程混乱”中的需求、路线图、用户故事任务，面向内容创作者，创建对比表并推荐选择。请用复盘报告输出，并从“长期价值”角度做重点判断。要求：用中文输出；兼顾成本和效果；最后给出3条可立即执行的下一步。
244,产品,产品经理,销售团队,短视频脚本,质量,数据不足,任务编号 P0244。请扮演产品经理。围绕“产品场景044-数据不足”中的需求、路线图、用户故事任务，面向销售团队，把长内容压缩成高密度摘要。请用短视频脚本输出，并从“质量”角度做重点判断。要求：标注假设和不确定性；避免虚构事实；最后给出3条可立即执行的下一步。
245,产品,产品经理,教师,Markdown大纲,用户体验,公开发布,任务编号 P0245。请扮演产品经理。围绕“产品场景045-公开发布”中的需求、路线图、用户故事任务，面向教师，提出10个创新方向并排序。请用Markdown大纲输出，并从“用户体验”角度做重点判断。要求：按影响力排序；包含失败预案；最后给出3条可立即执行的下一步。
246,产品,产品经理,本地用户,JSON结构,学习曲线,多方协作,任务编号 P0246。请扮演产品经理。围绕“产品场景046-多方协作”中的需求、路线图、用户故事任务，面向本地用户，设计30天训练计划。请用JSON结构输出，并从“学习曲线”角度做重点判断。要求：必要时提出澄清问题；语言简洁，不说空话；最后给出3条可立即执行的下一步。
247,产品,产品经理,创始人,复盘报告,效率,预算有限,任务编号 P0247。请扮演产品经理。围绕“产品场景047-预算有限”中的需求、路线图、用户故事任务，面向创始人，构建决策树帮助判断下一步。请用复盘报告输出，并从“效率”角度做重点判断。要求：给出至少一个反例；按难易度排序；最后给出3条可立即执行的下一步。
248,产品,产品经理,新手用户,短视频脚本,风险,初创团队,任务编号 P0248。请扮演产品经理。围绕“产品场景048-初创团队”中的需求、路线图、用户故事任务，面向新手用户，生成会议讨论提纲。请用短视频脚本输出，并从“风险”角度做重点判断。要求：按难易度排序；先给结论再解释；最后给出3条可立即执行的下一步。
249,产品,产品经理,一线执行团队,Markdown大纲,增长,需要扩张,任务编号 P0249。请扮演产品经理。围绕“产品场景049-需要扩张”中的需求、路线图、用户故事任务，面向一线执行团队，写一份面向管理层的简报。请用Markdown大纲输出，并从“增长”角度做重点判断。要求：避免虚构事实；给出示例输入输出；最后给出3条可立即执行的下一步。
250,产品,产品经理,开发团队,JSON结构,短期落地,新市场验证,任务编号 P0250。请扮演产品经理。围绕“产品场景050-新市场验证”中的需求、路线图、用户故事任务，面向开发团队，写一份面向执行者的操作手册。请用JSON结构输出，并从“短期落地”角度做重点判断。要求：避免专业黑话；给出至少一个反例；最后给出3条可立即执行的下一步。
251,产品,产品经理,客服团队,复盘报告,成本,竞品压力,任务编号 P0251。请扮演产品经理。围绕“产品场景051-竞品压力”中的需求、路线图、用户故事任务，面向客服团队，建立评估打分表。请用复盘报告输出，并从“成本”角度做重点判断。要求：包含衡量标准；保持中立客观；最后给出3条可立即执行的下一步。
252,产品,产品经理,家长,短视频脚本,可维护性,准备上线,任务编号 P0252。请扮演产品经理。围绕“产品场景052-准备上线”中的需求、路线图、用户故事任务，面向家长，提出自动化改造思路。请用短视频脚本输出，并从“可维护性”角度做重点判断。要求：提供简短版本和完整版本；适合在一天内开始执行；最后给出3条可立即执行的下一步。
253,产品,产品经理,非技术读者,Markdown大纲,长期价值,高不确定性,任务编号 P0253。请扮演产品经理。围绕“产品场景053-高不确定性”中的需求、路线图、用户故事任务，面向非技术读者，设计用户调研问题。请用Markdown大纲输出，并从“长期价值”角度做重点判断。要求：适合在一天内开始执行；必要时提出澄清问题；最后给出3条可立即执行的下一步。
254,产品,产品经理,中小企业主,JSON结构,质量,远程协作,任务编号 P0254。请扮演产品经理。围绕“产品场景054-远程协作”中的需求、路线图、用户故事任务，面向中小企业主，模拟用户反馈并归纳模式。请用JSON结构输出，并从“质量”角度做重点判断。要求：给出示例输入输出；输出可直接复制使用；最后给出3条可立即执行的下一步。
255,产品,产品经理,资深从业者,复盘报告,用户体验,个人项目,任务编号 P0255。请扮演产品经理。围绕“产品场景055-个人项目”中的需求、路线图、用户故事任务，面向资深从业者，生成故障排查路径。请用复盘报告输出，并从“用户体验”角度做重点判断。要求：语言简洁，不说空话；提供简短版本和完整版本；最后给出3条可立即执行的下一步。
256,产品,产品经理,自由职业者,短视频脚本,学习曲线,质量波动,任务编号 P0256。请扮演产品经理。围绕“产品场景056-质量波动”中的需求、路线图、用户故事任务，面向自由职业者，把目标拆成里程碑。请用短视频脚本输出，并从“学习曲线”角度做重点判断。要求：兼顾成本和效果；按影响力排序；最后给出3条可立即执行的下一步。
257,产品,产品经理,设计团队,Markdown大纲,效率,用户流失,任务编号 P0257。请扮演产品经理。围绕“产品场景057-用户流失”中的需求、路线图、用户故事任务，面向设计团队，提出可复用命名规范。请用Markdown大纲输出，并从“效率”角度做重点判断。要求：指出最容易忽略的细节；包含可执行下一步；最后给出3条可立即执行的下一步。
258,产品,产品经理,投资人,JSON结构,风险,内部培训,任务编号 P0258。请扮演产品经理。围绕“产品场景058-内部培训”中的需求、路线图、用户故事任务，面向投资人，创建风险登记册。请用JSON结构输出，并从“风险”角度做重点判断。要求：包含可执行下一步；包含衡量标准；最后给出3条可立即执行的下一步。
259,产品,产品经理,海外用户,复盘报告,增长,需要复盘,任务编号 P0259。请扮演产品经理。围绕“产品场景059-需要复盘”中的需求、路线图、用户故事任务，面向海外用户，制定一份可执行方案。请用复盘报告输出，并从“增长”角度做重点判断。要求：输出可直接复制使用；标注假设和不确定性；最后给出3条可立即执行的下一步。
260,产品,产品经理,专家评审,短视频脚本,短期落地,时间紧迫,任务编号 P0260。请扮演产品经理。围绕“产品场景060-时间紧迫”中的需求、路线图、用户故事任务，面向专家评审，列出关键问题并给出优先级。请用短视频脚本输出，并从“短期落地”角度做重点判断。要求：保持中立客观；指出最容易忽略的细节；最后给出3条可立即执行的下一步。
261,产品,产品经理,大学生,Markdown大纲,成本,成熟企业,任务编号 P0261。请扮演产品经理。围绕“产品场景061-成熟企业”中的需求、路线图、用户故事任务，面向大学生，生成三种风格完全不同的版本。请用Markdown大纲输出，并从“成本”角度做重点判断。要求：先给结论再解释；避免专业黑话；最后给出3条可立即执行的下一步。
262,产品,产品经理,管理层,JSON结构,可维护性,需要降本,任务编号 P0262。请扮演产品经理。围绕“产品场景062-需要降本”中的需求、路线图、用户故事任务，面向管理层，把复杂内容改写成新手也能懂的说明。请用JSON结构输出，并从“可维护性”角度做重点判断。要求：包含失败预案；用中文输出；最后给出3条可立即执行的下一步。
263,产品,产品经理,内容创作者,复盘报告,长期价值,流程混乱,任务编号 P0263。请扮演产品经理。围绕“产品场景063-流程混乱”中的需求、路线图、用户故事任务，面向内容创作者，设计一个从零到一的工作流。请用复盘报告输出，并从“长期价值”角度做重点判断。要求：用中文输出；兼顾成本和效果；最后给出3条可立即执行的下一步。
264,产品,产品经理,销售团队,短视频脚本,质量,数据不足,任务编号 P0264。请扮演产品经理。围绕“产品场景064-数据不足”中的需求、路线图、用户故事任务，面向销售团队，创建检查清单并标注常见坑。请用短视频脚本输出，并从“质量”角度做重点判断。要求：标注假设和不确定性；避免虚构事实；最后给出3条可立即执行的下一步。
265,产品,产品经理,教师,Markdown大纲,用户体验,公开发布,任务编号 P0265。请扮演产品经理。围绕“产品场景065-公开发布”中的需求、路线图、用户故事任务，面向教师，模拟专家评审并指出改进点。请用Markdown大纲输出，并从“用户体验”角度做重点判断。要求：按影响力排序；包含失败预案；最后给出3条可立即执行的下一步。
266,产品,产品经理,本地用户,JSON结构,学习曲线,多方协作,任务编号 P0266。请扮演产品经理。围绕“产品场景066-多方协作”中的需求、路线图、用户故事任务，面向本地用户，根据目标用户重写表达。请用JSON结构输出，并从“学习曲线”角度做重点判断。要求：必要时提出澄清问题；语言简洁，不说空话；最后给出3条可立即执行的下一步。
267,产品,产品经理,创始人,复盘报告,效率,预算有限,任务编号 P0267。请扮演产品经理。围绕“产品场景067-预算有限”中的需求、路线图、用户故事任务，面向创始人，提炼核心洞察并给出行动建议。请用复盘报告输出，并从“效率”角度做重点判断。要求：给出至少一个反例；按难易度排序；最后给出3条可立即执行的下一步。
268,产品,产品经理,新手用户,短视频脚本,风险,初创团队,任务编号 P0268。请扮演产品经理。围绕“产品场景068-初创团队”中的需求、路线图、用户故事任务，面向新手用户，设计一套可量化指标。请用短视频脚本输出，并从“风险”角度做重点判断。要求：按难易度排序；先给结论再解释；最后给出3条可立即执行的下一步。
269,产品,产品经理,一线执行团队,Markdown大纲,增长,需要扩张,任务编号 P0269。请扮演产品经理。围绕“产品场景069-需要扩张”中的需求、路线图、用户故事任务，面向一线执行团队，把零散想法整理成结构化大纲。请用Markdown大纲输出，并从“增长”角度做重点判断。要求：避免虚构事实；给出示例输入输出；最后给出3条可立即执行的下一步。
270,产品,产品经理,开发团队,JSON结构,短期落地,新市场验证,任务编号 P0270。请扮演产品经理。围绕“产品场景070-新市场验证”中的需求、路线图、用户故事任务，面向开发团队，生成可直接使用的模板。请用JSON结构输出，并从“短期落地”角度做重点判断。要求：避免专业黑话；给出至少一个反例；最后给出3条可立即执行的下一步。
271,产品,产品经理,客服团队,复盘报告,成本,竞品压力,任务编号 P0271。请扮演产品经理。围绕“产品场景071-竞品压力”中的需求、路线图、用户故事任务，面向客服团队，做一次反向推理找出隐藏风险。请用复盘报告输出，并从“成本”角度做重点判断。要求：包含衡量标准；保持中立客观；最后给出3条可立即执行的下一步。
272,产品,产品经理,家长,短视频脚本,可维护性,准备上线,任务编号 P0272。请扮演产品经理。围绕“产品场景072-准备上线”中的需求、路线图、用户故事任务，面向家长，给出低成本试验方案。请用短视频脚本输出，并从“可维护性”角度做重点判断。要求：提供简短版本和完整版本；适合在一天内开始执行；最后给出3条可立即执行的下一步。
273,产品,产品经理,非技术读者,Markdown大纲,长期价值,高不确定性,任务编号 P0273。请扮演产品经理。围绕“产品场景073-高不确定性”中的需求、路线图、用户故事任务，面向非技术读者，创建对比表并推荐选择。请用Markdown大纲输出，并从“长期价值”角度做重点判断。要求：适合在一天内开始执行；必要时提出澄清问题；最后给出3条可立即执行的下一步。
274,产品,产品经理,中小企业主,JSON结构,质量,远程协作,任务编号 P0274。请扮演产品经理。围绕“产品场景074-远程协作”中的需求、路线图、用户故事任务，面向中小企业主，把长内容压缩成高密度摘要。请用JSON结构输出，并从“质量”角度做重点判断。要求：给出示例输入输出；输出可直接复制使用；最后给出3条可立即执行的下一步。
275,产品,产品经理,资深从业者,复盘报告,用户体验,个人项目,任务编号 P0275。请扮演产品经理。围绕“产品场景075-个人项目”中的需求、路线图、用户故事任务，面向资深从业者，提出10个创新方向并排序。请用复盘报告输出，并从“用户体验”角度做重点判断。要求：语言简洁，不说空话；提供简短版本和完整版本；最后给出3条可立即执行的下一步。
276,产品,产品经理,自由职业者,短视频脚本,学习曲线,质量波动,任务编号 P0276。请扮演产品经理。围绕“产品场景076-质量波动”中的需求、路线图、用户故事任务，面向自由职业者，设计30天训练计划。请用短视频脚本输出，并从“学习曲线”角度做重点判断。要求：兼顾成本和效果；按影响力排序；最后给出3条可立即执行的下一步。
277,产品,产品经理,设计团队,Markdown大纲,效率,用户流失,任务编号 P0277。请扮演产品经理。围绕“产品场景077-用户流失”中的需求、路线图、用户故事任务，面向设计团队，构建决策树帮助判断下一步。请用Markdown大纲输出，并从“效率”角度做重点判断。要求：指出最容易忽略的细节；包含可执行下一步；最后给出3条可立即执行的下一步。
278,产品,产品经理,投资人,JSON结构,风险,内部培训,任务编号 P0278。请扮演产品经理。围绕“产品场景078-内部培训”中的需求、路线图、用户故事任务，面向投资人，生成会议讨论提纲。请用JSON结构输出，并从“风险”角度做重点判断。要求：包含可执行下一步；包含衡量标准；最后给出3条可立即执行的下一步。
279,产品,产品经理,海外用户,复盘报告,增长,需要复盘,任务编号 P0279。请扮演产品经理。围绕“产品场景079-需要复盘”中的需求、路线图、用户故事任务，面向海外用户，写一份面向管理层的简报。请用复盘报告输出，并从“增长”角度做重点判断。要求：输出可直接复制使用；标注假设和不确定性；最后给出3条可立即执行的下一步。
280,产品,产品经理,专家评审,短视频脚本,短期落地,时间紧迫,任务编号 P0280。请扮演产品经理。围绕“产品场景080-时间紧迫”中的需求、路线图、用户故事任务，面向专家评审，写一份面向执行者的操作手册。请用短视频脚本输出，并从“短期落地”角度做重点判断。要求：保持中立客观；指出最容易忽略的细节；最后给出3条可立即执行的下一步。
281,产品,产品经理,大学生,Markdown大纲,成本,成熟企业,任务编号 P0281。请扮演产品经理。围绕“产品场景081-成熟企业”中的需求、路线图、用户故事任务，面向大学生，建立评估打分表。请用Markdown大纲输出，并从“成本”角度做重点判断。要求：先给结论再解释；避免专业黑话；最后给出3条可立即执行的下一步。
282,产品,产品经理,管理层,JSON结构,可维护性,需要降本,任务编号 P0282。请扮演产品经理。围绕“产品场景082-需要降本”中的需求、路线图、用户故事任务，面向管理层，提出自动化改造思路。请用JSON结构输出，并从“可维护性”角度做重点判断。要求：包含失败预案；用中文输出；最后给出3条可立即执行的下一步。
283,产品,产品经理,内容创作者,复盘报告,长期价值,流程混乱,任务编号 P0283。请扮演产品经理。围绕“产品场景083-流程混乱”中的需求、路线图、用户故事任务，面向内容创作者，设计用户调研问题。请用复盘报告输出，并从“长期价值”角度做重点判断。要求：用中文输出；兼顾成本和效果；最后给出3条可立即执行的下一步。
284,产品,产品经理,销售团队,短视频脚本,质量,数据不足,任务编号 P0284。请扮演产品经理。围绕“产品场景084-数据不足”中的需求、路线图、用户故事任务，面向销售团队，模拟用户反馈并归纳模式。请用短视频脚本输出，并从“质量”角度做重点判断。要求：标注假设和不确定性；避免虚构事实；最后给出3条可立即执行的下一步。
285,产品,产品经理,教师,Markdown大纲,用户体验,公开发布,任务编号 P0285。请扮演产品经理。围绕“产品场景085-公开发布”中的需求、路线图、用户故事任务，面向教师，生成故障排查路径。请用Markdown大纲输出，并从“用户体验”角度做重点判断。要求：按影响力排序；包含失败预案；最后给出3条可立即执行的下一步。
286,产品,产品经理,本地用户,JSON结构,学习曲线,多方协作,任务编号 P0286。请扮演产品经理。围绕“产品场景086-多方协作”中的需求、路线图、用户故事任务，面向本地用户，把目标拆成里程碑。请用JSON结构输出，并从“学习曲线”角度做重点判断。要求：必要时提出澄清问题；语言简洁，不说空话；最后给出3条可立即执行的下一步。
287,产品,产品经理,创始人,复盘报告,效率,预算有限,任务编号 P0287。请扮演产品经理。围绕“产品场景087-预算有限”中的需求、路线图、用户故事任务，面向创始人，提出可复用命名规范。请用复盘报告输出，并从“效率”角度做重点判断。要求：给出至少一个反例；按难易度排序；最后给出3条可立即执行的下一步。
288,产品,产品经理,新手用户,短视频脚本,风险,初创团队,任务编号 P0288。请扮演产品经理。围绕“产品场景088-初创团队”中的需求、路线图、用户故事任务，面向新手用户，创建风险登记册。请用短视频脚本输出，并从“风险”角度做重点判断。要求：按难易度排序；先给结论再解释；最后给出3条可立即执行的下一步。
289,产品,产品经理,一线执行团队,Markdown大纲,增长,需要扩张,任务编号 P0289。请扮演产品经理。围绕“产品场景089-需要扩张”中的需求、路线图、用户故事任务，面向一线执行团队，制定一份可执行方案。请用Markdown大纲输出，并从“增长”角度做重点判断。要求：避免虚构事实；给出示例输入输出；最后给出3条可立即执行的下一步。
290,产品,产品经理,开发团队,JSON结构,短期落地,新市场验证,任务编号 P0290。请扮演产品经理。围绕“产品场景090-新市场验证”中的需求、路线图、用户故事任务，面向开发团队，列出关键问题并给出优先级。请用JSON结构输出，并从“短期落地”角度做重点判断。要求：避免专业黑话；给出至少一个反例；最后给出3条可立即执行的下一步。
291,产品,产品经理,客服团队,复盘报告,成本,竞品压力,任务编号 P0291。请扮演产品经理。围绕“产品场景091-竞品压力”中的需求、路线图、用户故事任务，面向客服团队，生成三种风格完全不同的版本。请用复盘报告输出，并从“成本”角度做重点判断。要求：包含衡量标准；保持中立客观；最后给出3条可立即执行的下一步。
292,产品,产品经理,家长,短视频脚本,可维护性,准备上线,任务编号 P0292。请扮演产品经理。围绕“产品场景092-准备上线”中的需求、路线图、用户故事任务，面向家长，把复杂内容改写成新手也能懂的说明。请用短视频脚本输出，并从“可维护性”角度做重点判断。要求：提供简短版本和完整版本；适合在一天内开始执行；最后给出3条可立即执行的下一步。
293,产品,产品经理,非技术读者,Markdown大纲,长期价值,高不确定性,任务编号 P0293。请扮演产品经理。围绕“产品场景093-高不确定性”中的需求、路线图、用户故事任务，面向非技术读者，设计一个从零到一的工作流。请用Markdown大纲输出，并从“长期价值”角度做重点判断。要求：适合在一天内开始执行；必要时提出澄清问题；最后给出3条可立即执行的下一步。
294,产品,产品经理,中小企业主,JSON结构,质量,远程协作,任务编号 P0294。请扮演产品经理。围绕“产品场景094-远程协作”中的需求、路线图、用户故事任务，面向中小企业主，创建检查清单并标注常见坑。请用JSON结构输出，并从“质量”角度做重点判断。要求：给出示例输入输出；输出可直接复制使用；最后给出3条可立即执行的下一步。
295,产品,产品经理,资深从业者,复盘报告,用户体验,个人项目,任务编号 P0295。请扮演产品经理。围绕“产品场景095-个人项目”中的需求、路线图、用户故事任务，面向资深从业者，模拟专家评审并指出改进点。请用复盘报告输出，并从“用户体验”角度做重点判断。要求：语言简洁，不说空话；提供简短版本和完整版本；最后给出3条可立即执行的下一步。
296,产品,产品经理,自由职业者,短视频脚本,学习曲线,质量波动,任务编号 P0296。请扮演产品经理。围绕“产品场景096-质量波动”中的需求、路线图、用户故事任务，面向自由职业者，根据目标用户重写表达。请用短视频脚本输出，并从“学习曲线”角度做重点判断。要求：兼顾成本和效果；按影响力排序；最后给出3条可立即执行的下一步。
297,产品,产品经理,设计团队,Markdown大纲,效率,用户流失,任务编号 P0297。请扮演产品经理。围绕“产品场景097-用户流失”中的需求、路线图、用户故事任务，面向设计团队，提炼核心洞察并给出行动建议。请用Markdown大纲输出，并从“效率”角度做重点判断。要求：指出最容易忽略的细节；包含可执行下一步；最后给出3条可立即执行的下一步。
298,产品,产品经理,投资人,JSON结构,风险,内部培训,任务编号 P0298。请扮演产品经理。围绕“产品场景098-内部培训”中的需求、路线图、用户故事任务，面向投资人，设计一套可量化指标。请用JSON结构输出，并从“风险”角度做重点判断。要求：包含可执行下一步；包含衡量标准；最后给出3条可立即执行的下一步。
299,产品,产品经理,海外用户,复盘报告,增长,需要复盘,任务编号 P0299。请扮演产品经理。围绕“产品场景099-需要复盘”中的需求、路线图、用户故事任务，面向海外用户，把零散想法整理成结构化大纲。请用复盘报告输出，并从“增长”角度做重点判断。要求：输出可直接复制使用；标注假设和不确定性；最后给出3条可立即执行的下一步。
300,产品,产品经理,专家评审,短视频脚本,短期落地,时间紧迫,任务编号 P0300。请扮演产品经理。围绕“产品场景100-时间紧迫”中的需求、路线图、用户故事任务，面向专家评审，生成可直接使用的模板。请用短视频脚本输出，并从“短期落地”角度做重点判断。要求：保持中立客观；指出最容易忽略的细节；最后给出3条可立即执行的下一步。
301,设计,体验设计师,新手用户,SOP步骤,风险,远程协作,任务编号 P0301。请扮演体验设计师。围绕“设计场景001-远程协作”中的界面、交互、视觉系统任务，面向新手用户，把复杂内容改写成新手也能懂的说明。请用SOP步骤输出，并从“风险”角度做重点判断。要求：标注假设和不确定性；适合在一天内开始执行；最后给出3条可立即执行的下一步。
302,设计,体验设计师,一线执行团队,看板任务,增长,个人项目,任务编号 P0302。请扮演体验设计师。围绕“设计场景002-个人项目”中的界面、交互、视觉系统任务，面向一线执行团队，设计一个从零到一的工作流。请用看板任务输出，并从“增长”角度做重点判断。要求：按影响力排序；必要时提出澄清问题；最后给出3条可立即执行的下一步。
303,设计,体验设计师,开发团队,实验计划,短期落地,质量波动,任务编号 P0303。请扮演体验设计师。围绕“设计场景003-质量波动”中的界面、交互、视觉系统任务，面向开发团队，创建检查清单并标注常见坑。请用实验计划输出，并从“短期落地”角度做重点判断。要求：必要时提出澄清问题；输出可直接复制使用；最后给出3条可立即执行的下一步。
304,设计,体验设计师,客服团队,检查清单,成本,用户流失,任务编号 P0304。请扮演体验设计师。围绕“设计场景004-用户流失”中的界面、交互、视觉系统任务，面向客服团队，模拟专家评审并指出改进点。请用检查清单输出，并从“成本”角度做重点判断。要求：给出至少一个反例；提供简短版本和完整版本；最后给出3条可立即执行的下一步。
305,设计,体验设计师,家长,SOP步骤,可维护性,内部培训,任务编号 P0305。请扮演体验设计师。围绕“设计场景005-内部培训”中的界面、交互、视觉系统任务，面向家长，根据目标用户重写表达。请用SOP步骤输出，并从“可维护性”角度做重点判断。要求：按难易度排序；按影响力排序；最后给出3条可立即执行的下一步。
306,设计,体验设计师,非技术读者,看板任务,长期价值,需要复盘,任务编号 P0306。请扮演体验设计师。围绕“设计场景006-需要复盘”中的界面、交互、视觉系统任务，面向非技术读者，提炼核心洞察并给出行动建议。请用看板任务输出，并从“长期价值”角度做重点判断。要求：避免虚构事实；包含可执行下一步；最后给出3条可立即执行的下一步。
307,设计,体验设计师,中小企业主,实验计划,质量,时间紧迫,任务编号 P0307。请扮演体验设计师。围绕“设计场景007-时间紧迫”中的界面、交互、视觉系统任务，面向中小企业主，设计一套可量化指标。请用实验计划输出，并从“质量”角度做重点判断。要求：避免专业黑话；包含衡量标准；最后给出3条可立即执行的下一步。
308,设计,体验设计师,资深从业者,检查清单,用户体验,成熟企业,任务编号 P0308。请扮演体验设计师。围绕“设计场景008-成熟企业”中的界面、交互、视觉系统任务，面向资深从业者，把零散想法整理成结构化大纲。请用检查清单输出，并从“用户体验”角度做重点判断。要求：包含衡量标准；标注假设和不确定性；最后给出3条可立即执行的下一步。
309,设计,体验设计师,自由职业者,SOP步骤,学习曲线,需要降本,任务编号 P0309。请扮演体验设计师。围绕“设计场景009-需要降本”中的界面、交互、视觉系统任务，面向自由职业者，生成可直接使用的模板。请用SOP步骤输出，并从“学习曲线”角度做重点判断。要求：提供简短版本和完整版本；指出最容易忽略的细节；最后给出3条可立即执行的下一步。
310,设计,体验设计师,设计团队,看板任务,效率,流程混乱,任务编号 P0310。请扮演体验设计师。围绕“设计场景010-流程混乱”中的界面、交互、视觉系统任务，面向设计团队，做一次反向推理找出隐藏风险。请用看板任务输出，并从“效率”角度做重点判断。要求：适合在一天内开始执行；避免专业黑话；最后给出3条可立即执行的下一步。
311,设计,体验设计师,投资人,实验计划,风险,数据不足,任务编号 P0311。请扮演体验设计师。围绕“设计场景011-数据不足”中的界面、交互、视觉系统任务，面向投资人，给出低成本试验方案。请用实验计划输出，并从“风险”角度做重点判断。要求：给出示例输入输出；用中文输出；最后给出3条可立即执行的下一步。
312,设计,体验设计师,海外用户,检查清单,增长,公开发布,任务编号 P0312。请扮演体验设计师。围绕“设计场景012-公开发布”中的界面、交互、视觉系统任务，面向海外用户，创建对比表并推荐选择。请用检查清单输出，并从“增长”角度做重点判断。要求：语言简洁，不说空话；兼顾成本和效果；最后给出3条可立即执行的下一步。
313,设计,体验设计师,专家评审,SOP步骤,短期落地,多方协作,任务编号 P0313。请扮演体验设计师。围绕“设计场景013-多方协作”中的界面、交互、视觉系统任务，面向专家评审，把长内容压缩成高密度摘要。请用SOP步骤输出，并从“短期落地”角度做重点判断。要求：兼顾成本和效果；避免虚构事实；最后给出3条可立即执行的下一步。
314,设计,体验设计师,大学生,看板任务,成本,预算有限,任务编号 P0314。请扮演体验设计师。围绕“设计场景014-预算有限”中的界面、交互、视觉系统任务，面向大学生，提出10个创新方向并排序。请用看板任务输出，并从“成本”角度做重点判断。要求：指出最容易忽略的细节；包含失败预案；最后给出3条可立即执行的下一步。
315,设计,体验设计师,管理层,实验计划,可维护性,初创团队,任务编号 P0315。请扮演体验设计师。围绕“设计场景015-初创团队”中的界面、交互、视觉系统任务，面向管理层，设计30天训练计划。请用实验计划输出，并从“可维护性”角度做重点判断。要求：包含可执行下一步；语言简洁，不说空话；最后给出3条可立即执行的下一步。
316,设计,体验设计师,内容创作者,检查清单,长期价值,需要扩张,任务编号 P0316。请扮演体验设计师。围绕“设计场景016-需要扩张”中的界面、交互、视觉系统任务，面向内容创作者，构建决策树帮助判断下一步。请用检查清单输出，并从“长期价值”角度做重点判断。要求：输出可直接复制使用；按难易度排序；最后给出3条可立即执行的下一步。
317,设计,体验设计师,销售团队,SOP步骤,质量,新市场验证,任务编号 P0317。请扮演体验设计师。围绕“设计场景017-新市场验证”中的界面、交互、视觉系统任务，面向销售团队，生成会议讨论提纲。请用SOP步骤输出，并从“质量”角度做重点判断。要求：保持中立客观；先给结论再解释；最后给出3条可立即执行的下一步。
318,设计,体验设计师,教师,看板任务,用户体验,竞品压力,任务编号 P0318。请扮演体验设计师。围绕“设计场景018-竞品压力”中的界面、交互、视觉系统任务，面向教师，写一份面向管理层的简报。请用看板任务输出，并从“用户体验”角度做重点判断。要求：先给结论再解释；给出示例输入输出；最后给出3条可立即执行的下一步。
319,设计,体验设计师,本地用户,实验计划,学习曲线,准备上线,任务编号 P0319。请扮演体验设计师。围绕“设计场景019-准备上线”中的界面、交互、视觉系统任务，面向本地用户，写一份面向执行者的操作手册。请用实验计划输出，并从“学习曲线”角度做重点判断。要求：包含失败预案；给出至少一个反例；最后给出3条可立即执行的下一步。
320,设计,体验设计师,创始人,检查清单,效率,高不确定性,任务编号 P0320。请扮演体验设计师。围绕“设计场景020-高不确定性”中的界面、交互、视觉系统任务，面向创始人，建立评估打分表。请用检查清单输出，并从“效率”角度做重点判断。要求：用中文输出；保持中立客观；最后给出3条可立即执行的下一步。
321,设计,体验设计师,新手用户,SOP步骤,风险,远程协作,任务编号 P0321。请扮演体验设计师。围绕“设计场景021-远程协作”中的界面、交互、视觉系统任务，面向新手用户，提出自动化改造思路。请用SOP步骤输出，并从“风险”角度做重点判断。要求：标注假设和不确定性；适合在一天内开始执行；最后给出3条可立即执行的下一步。
322,设计,体验设计师,一线执行团队,看板任务,增长,个人项目,任务编号 P0322。请扮演体验设计师。围绕“设计场景022-个人项目”中的界面、交互、视觉系统任务，面向一线执行团队，设计用户调研问题。请用看板任务输出，并从“增长”角度做重点判断。要求：按影响力排序；必要时提出澄清问题；最后给出3条可立即执行的下一步。
323,设计,体验设计师,开发团队,实验计划,短期落地,质量波动,任务编号 P0323。请扮演体验设计师。围绕“设计场景023-质量波动”中的界面、交互、视觉系统任务，面向开发团队，模拟用户反馈并归纳模式。请用实验计划输出，并从“短期落地”角度做重点判断。要求：必要时提出澄清问题；输出可直接复制使用；最后给出3条可立即执行的下一步。
324,设计,体验设计师,客服团队,检查清单,成本,用户流失,任务编号 P0324。请扮演体验设计师。围绕“设计场景024-用户流失”中的界面、交互、视觉系统任务，面向客服团队，生成故障排查路径。请用检查清单输出，并从“成本”角度做重点判断。要求：给出至少一个反例；提供简短版本和完整版本；最后给出3条可立即执行的下一步。
325,设计,体验设计师,家长,SOP步骤,可维护性,内部培训,任务编号 P0325。请扮演体验设计师。围绕“设计场景025-内部培训”中的界面、交互、视觉系统任务，面向家长，把目标拆成里程碑。请用SOP步骤输出，并从“可维护性”角度做重点判断。要求：按难易度排序；按影响力排序；最后给出3条可立即执行的下一步。
326,设计,体验设计师,非技术读者,看板任务,长期价值,需要复盘,任务编号 P0326。请扮演体验设计师。围绕“设计场景026-需要复盘”中的界面、交互、视觉系统任务，面向非技术读者，提出可复用命名规范。请用看板任务输出，并从“长期价值”角度做重点判断。要求：避免虚构事实；包含可执行下一步；最后给出3条可立即执行的下一步。
327,设计,体验设计师,中小企业主,实验计划,质量,时间紧迫,任务编号 P0327。请扮演体验设计师。围绕“设计场景027-时间紧迫”中的界面、交互、视觉系统任务，面向中小企业主，创建风险登记册。请用实验计划输出，并从“质量”角度做重点判断。要求：避免专业黑话；包含衡量标准；最后给出3条可立即执行的下一步。
328,设计,体验设计师,资深从业者,检查清单,用户体验,成熟企业,任务编号 P0328。请扮演体验设计师。围绕“设计场景028-成熟企业”中的界面、交互、视觉系统任务，面向资深从业者，制定一份可执行方案。请用检查清单输出，并从“用户体验”角度做重点判断。要求：包含衡量标准；标注假设和不确定性；最后给出3条可立即执行的下一步。
329,设计,体验设计师,自由职业者,SOP步骤,学习曲线,需要降本,任务编号 P0329。请扮演体验设计师。围绕“设计场景029-需要降本”中的界面、交互、视觉系统任务，面向自由职业者，列出关键问题并给出优先级。请用SOP步骤输出，并从“学习曲线”角度做重点判断。要求：提供简短版本和完整版本；指出最容易忽略的细节；最后给出3条可立即执行的下一步。
330,设计,体验设计师,设计团队,看板任务,效率,流程混乱,任务编号 P0330。请扮演体验设计师。围绕“设计场景030-流程混乱”中的界面、交互、视觉系统任务，面向设计团队，生成三种风格完全不同的版本。请用看板任务输出，并从“效率”角度做重点判断。要求：适合在一天内开始执行；避免专业黑话；最后给出3条可立即执行的下一步。
331,设计,体验设计师,投资人,实验计划,风险,数据不足,任务编号 P0331。请扮演体验设计师。围绕“设计场景031-数据不足”中的界面、交互、视觉系统任务，面向投资人，把复杂内容改写成新手也能懂的说明。请用实验计划输出，并从“风险”角度做重点判断。要求：给出示例输入输出；用中文输出；最后给出3条可立即执行的下一步。
332,设计,体验设计师,海外用户,检查清单,增长,公开发布,任务编号 P0332。请扮演体验设计师。围绕“设计场景032-公开发布”中的界面、交互、视觉系统任务，面向海外用户，设计一个从零到一的工作流。请用检查清单输出，并从“增长”角度做重点判断。要求：语言简洁，不说空话；兼顾成本和效果；最后给出3条可立即执行的下一步。
333,设计,体验设计师,专家评审,SOP步骤,短期落地,多方协作,任务编号 P0333。请扮演体验设计师。围绕“设计场景033-多方协作”中的界面、交互、视觉系统任务，面向专家评审，创建检查清单并标注常见坑。请用SOP步骤输出，并从“短期落地”角度做重点判断。要求：兼顾成本和效果；避免虚构事实；最后给出3条可立即执行的下一步。
334,设计,体验设计师,大学生,看板任务,成本,预算有限,任务编号 P0334。请扮演体验设计师。围绕“设计场景034-预算有限”中的界面、交互、视觉系统任务，面向大学生，模拟专家评审并指出改进点。请用看板任务输出，并从“成本”角度做重点判断。要求：指出最容易忽略的细节；包含失败预案；最后给出3条可立即执行的下一步。
335,设计,体验设计师,管理层,实验计划,可维护性,初创团队,任务编号 P0335。请扮演体验设计师。围绕“设计场景035-初创团队”中的界面、交互、视觉系统任务，面向管理层，根据目标用户重写表达。请用实验计划输出，并从“可维护性”角度做重点判断。要求：包含可执行下一步；语言简洁，不说空话；最后给出3条可立即执行的下一步。
336,设计,体验设计师,内容创作者,检查清单,长期价值,需要扩张,任务编号 P0336。请扮演体验设计师。围绕“设计场景036-需要扩张”中的界面、交互、视觉系统任务，面向内容创作者，提炼核心洞察并给出行动建议。请用检查清单输出，并从“长期价值”角度做重点判断。要求：输出可直接复制使用；按难易度排序；最后给出3条可立即执行的下一步。
337,设计,体验设计师,销售团队,SOP步骤,质量,新市场验证,任务编号 P0337。请扮演体验设计师。围绕“设计场景037-新市场验证”中的界面、交互、视觉系统任务，面向销售团队，设计一套可量化指标。请用SOP步骤输出，并从“质量”角度做重点判断。要求：保持中立客观；先给结论再解释；最后给出3条可立即执行的下一步。
338,设计,体验设计师,教师,看板任务,用户体验,竞品压力,任务编号 P0338。请扮演体验设计师。围绕“设计场景038-竞品压力”中的界面、交互、视觉系统任务，面向教师，把零散想法整理成结构化大纲。请用看板任务输出，并从“用户体验”角度做重点判断。要求：先给结论再解释；给出示例输入输出；最后给出3条可立即执行的下一步。
339,设计,体验设计师,本地用户,实验计划,学习曲线,准备上线,任务编号 P0339。请扮演体验设计师。围绕“设计场景039-准备上线”中的界面、交互、视觉系统任务，面向本地用户，生成可直接使用的模板。请用实验计划输出，并从“学习曲线”角度做重点判断。要求：包含失败预案；给出至少一个反例；最后给出3条可立即执行的下一步。
340,设计,体验设计师,创始人,检查清单,效率,高不确定性,任务编号 P0340。请扮演体验设计师。围绕“设计场景040-高不确定性”中的界面、交互、视觉系统任务，面向创始人，做一次反向推理找出隐藏风险。请用检查清单输出，并从“效率”角度做重点判断。要求：用中文输出；保持中立客观；最后给出3条可立即执行的下一步。
341,设计,体验设计师,新手用户,SOP步骤,风险,远程协作,任务编号 P0341。请扮演体验设计师。围绕“设计场景041-远程协作”中的界面、交互、视觉系统任务，面向新手用户，给出低成本试验方案。请用SOP步骤输出，并从“风险”角度做重点判断。要求：标注假设和不确定性；适合在一天内开始执行；最后给出3条可立即执行的下一步。
342,设计,体验设计师,一线执行团队,看板任务,增长,个人项目,任务编号 P0342。请扮演体验设计师。围绕“设计场景042-个人项目”中的界面、交互、视觉系统任务，面向一线执行团队，创建对比表并推荐选择。请用看板任务输出，并从“增长”角度做重点判断。要求：按影响力排序；必要时提出澄清问题；最后给出3条可立即执行的下一步。
343,设计,体验设计师,开发团队,实验计划,短期落地,质量波动,任务编号 P0343。请扮演体验设计师。围绕“设计场景043-质量波动”中的界面、交互、视觉系统任务，面向开发团队，把长内容压缩成高密度摘要。请用实验计划输出，并从“短期落地”角度做重点判断。要求：必要时提出澄清问题；输出可直接复制使用；最后给出3条可立即执行的下一步。
344,设计,体验设计师,客服团队,检查清单,成本,用户流失,任务编号 P0344。请扮演体验设计师。围绕“设计场景044-用户流失”中的界面、交互、视觉系统任务，面向客服团队，提出10个创新方向并排序。请用检查清单输出，并从“成本”角度做重点判断。要求：给出至少一个反例；提供简短版本和完整版本；最后给出3条可立即执行的下一步。
345,设计,体验设计师,家长,SOP步骤,可维护性,内部培训,任务编号 P0345。请扮演体验设计师。围绕“设计场景045-内部培训”中的界面、交互、视觉系统任务，面向家长，设计30天训练计划。请用SOP步骤输出，并从“可维护性”角度做重点判断。要求：按难易度排序；按影响力排序；最后给出3条可立即执行的下一步。
346,设计,体验设计师,非技术读者,看板任务,长期价值,需要复盘,任务编号 P0346。请扮演体验设计师。围绕“设计场景046-需要复盘”中的界面、交互、视觉系统任务，面向非技术读者，构建决策树帮助判断下一步。请用看板任务输出，并从“长期价值”角度做重点判断。要求：避免虚构事实；包含可执行下一步；最后给出3条可立即执行的下一步。
347,设计,体验设计师,中小企业主,实验计划,质量,时间紧迫,任务编号 P0347。请扮演体验设计师。围绕“设计场景047-时间紧迫”中的界面、交互、视觉系统任务，面向中小企业主，生成会议讨论提纲。请用实验计划输出，并从“质量”角度做重点判断。要求：避免专业黑话；包含衡量标准；最后给出3条可立即执行的下一步。
348,设计,体验设计师,资深从业者,检查清单,用户体验,成熟企业,任务编号 P0348。请扮演体验设计师。围绕“设计场景048-成熟企业”中的界面、交互、视觉系统任务，面向资深从业者，写一份面向管理层的简报。请用检查清单输出，并从“用户体验”角度做重点判断。要求：包含衡量标准；标注假设和不确定性；最后给出3条可立即执行的下一步。
349,设计,体验设计师,自由职业者,SOP步骤,学习曲线,需要降本,任务编号 P0349。请扮演体验设计师。围绕“设计场景049-需要降本”中的界面、交互、视觉系统任务，面向自由职业者，写一份面向执行者的操作手册。请用SOP步骤输出，并从“学习曲线”角度做重点判断。要求：提供简短版本和完整版本；指出最容易忽略的细节；最后给出3条可立即执行的下一步。
350,设计,体验设计师,设计团队,看板任务,效率,流程混乱,任务编号 P0350。请扮演体验设计师。围绕“设计场景050-流程混乱”中的界面、交互、视觉系统任务，面向设计团队，建立评估打分表。请用看板任务输出，并从“效率”角度做重点判断。要求：适合在一天内开始执行；避免专业黑话；最后给出3条可立即执行的下一步。
351,设计,体验设计师,投资人,实验计划,风险,数据不足,任务编号 P0351。请扮演体验设计师。围绕“设计场景051-数据不足”中的界面、交互、视觉系统任务，面向投资人，提出自动化改造思路。请用实验计划输出，并从“风险”角度做重点判断。要求：给出示例输入输出；用中文输出；最后给出3条可立即执行的下一步。
352,设计,体验设计师,海外用户,检查清单,增长,公开发布,任务编号 P0352。请扮演体验设计师。围绕“设计场景052-公开发布”中的界面、交互、视觉系统任务，面向海外用户，设计用户调研问题。请用检查清单输出，并从“增长”角度做重点判断。要求：语言简洁，不说空话；兼顾成本和效果；最后给出3条可立即执行的下一步。
353,设计,体验设计师,专家评审,SOP步骤,短期落地,多方协作,任务编号 P0353。请扮演体验设计师。围绕“设计场景053-多方协作”中的界面、交互、视觉系统任务，面向专家评审，模拟用户反馈并归纳模式。请用SOP步骤输出，并从“短期落地”角度做重点判断。要求：兼顾成本和效果；避免虚构事实；最后给出3条可立即执行的下一步。
354,设计,体验设计师,大学生,看板任务,成本,预算有限,任务编号 P0354。请扮演体验设计师。围绕“设计场景054-预算有限”中的界面、交互、视觉系统任务，面向大学生，生成故障排查路径。请用看板任务输出，并从“成本”角度做重点判断。要求：指出最容易忽略的细节；包含失败预案；最后给出3条可立即执行的下一步。
355,设计,体验设计师,管理层,实验计划,可维护性,初创团队,任务编号 P0355。请扮演体验设计师。围绕“设计场景055-初创团队”中的界面、交互、视觉系统任务，面向管理层，把目标拆成里程碑。请用实验计划输出，并从“可维护性”角度做重点判断。要求：包含可执行下一步；语言简洁，不说空话；最后给出3条可立即执行的下一步。
356,设计,体验设计师,内容创作者,检查清单,长期价值,需要扩张,任务编号 P0356。请扮演体验设计师。围绕“设计场景056-需要扩张”中的界面、交互、视觉系统任务，面向内容创作者，提出可复用命名规范。请用检查清单输出，并从“长期价值”角度做重点判断。要求：输出可直接复制使用；按难易度排序；最后给出3条可立即执行的下一步。
357,设计,体验设计师,销售团队,SOP步骤,质量,新市场验证,任务编号 P0357。请扮演体验设计师。围绕“设计场景057-新市场验证”中的界面、交互、视觉系统任务，面向销售团队，创建风险登记册。请用SOP步骤输出，并从“质量”角度做重点判断。要求：保持中立客观；先给结论再解释；最后给出3条可立即执行的下一步。
358,设计,体验设计师,教师,看板任务,用户体验,竞品压力,任务编号 P0358。请扮演体验设计师。围绕“设计场景058-竞品压力”中的界面、交互、视觉系统任务，面向教师，制定一份可执行方案。请用看板任务输出，并从“用户体验”角度做重点判断。要求：先给结论再解释；给出示例输入输出；最后给出3条可立即执行的下一步。
359,设计,体验设计师,本地用户,实验计划,学习曲线,准备上线,任务编号 P0359。请扮演体验设计师。围绕“设计场景059-准备上线”中的界面、交互、视觉系统任务，面向本地用户，列出关键问题并给出优先级。请用实验计划输出，并从“学习曲线”角度做重点判断。要求：包含失败预案；给出至少一个反例；最后给出3条可立即执行的下一步。
360,设计,体验设计师,创始人,检查清单,效率,高不确定性,任务编号 P0360。请扮演体验设计师。围绕“设计场景060-高不确定性”中的界面、交互、视觉系统任务，面向创始人，生成三种风格完全不同的版本。请用检查清单输出，并从“效率”角度做重点判断。要求：用中文输出；保持中立客观；最后给出3条可立即执行的下一步。
361,设计,体验设计师,新手用户,SOP步骤,风险,远程协作,任务编号 P0361。请扮演体验设计师。围绕“设计场景061-远程协作”中的界面、交互、视觉系统任务，面向新手用户，把复杂内容改写成新手也能懂的说明。请用SOP步骤输出，并从“风险”角度做重点判断。要求：标注假设和不确定性；适合在一天内开始执行；最后给出3条可立即执行的下一步。
362,设计,体验设计师,一线执行团队,看板任务,增长,个人项目,任务编号 P0362。请扮演体验设计师。围绕“设计场景062-个人项目”中的界面、交互、视觉系统任务，面向一线执行团队，设计一个从零到一的工作流。请用看板任务输出，并从“增长”角度做重点判断。要求：按影响力排序；必要时提出澄清问题；最后给出3条可立即执行的下一步。
363,设计,体验设计师,开发团队,实验计划,短期落地,质量波动,任务编号 P0363。请扮演体验设计师。围绕“设计场景063-质量波动”中的界面、交互、视觉系统任务，面向开发团队，创建检查清单并标注常见坑。请用实验计划输出，并从“短期落地”角度做重点判断。要求：必要时提出澄清问题；输出可直接复制使用；最后给出3条可立即执行的下一步。
364,设计,体验设计师,客服团队,检查清单,成本,用户流失,任务编号 P0364。请扮演体验设计师。围绕“设计场景064-用户流失”中的界面、交互、视觉系统任务，面向客服团队，模拟专家评审并指出改进点。请用检查清单输出，并从“成本”角度做重点判断。要求：给出至少一个反例；提供简短版本和完整版本；最后给出3条可立即执行的下一步。
365,设计,体验设计师,家长,SOP步骤,可维护性,内部培训,任务编号 P0365。请扮演体验设计师。围绕“设计场景065-内部培训”中的界面、交互、视觉系统任务，面向家长，根据目标用户重写表达。请用SOP步骤输出，并从“可维护性”角度做重点判断。要求：按难易度排序；按影响力排序；最后给出3条可立即执行的下一步。
366,设计,体验设计师,非技术读者,看板任务,长期价值,需要复盘,任务编号 P0366。请扮演体验设计师。围绕“设计场景066-需要复盘”中的界面、交互、视觉系统任务，面向非技术读者，提炼核心洞察并给出行动建议。请用看板任务输出，并从“长期价值”角度做重点判断。要求：避免虚构事实；包含可执行下一步；最后给出3条可立即执行的下一步。
367,设计,体验设计师,中小企业主,实验计划,质量,时间紧迫,任务编号 P0367。请扮演体验设计师。围绕“设计场景067-时间紧迫”中的界面、交互、视觉系统任务，面向中小企业主，设计一套可量化指标。请用实验计划输出，并从“质量”角度做重点判断。要求：避免专业黑话；包含衡量标准；最后给出3条可立即执行的下一步。
368,设计,体验设计师,资深从业者,检查清单,用户体验,成熟企业,任务编号 P0368。请扮演体验设计师。围绕“设计场景068-成熟企业”中的界面、交互、视觉系统任务，面向资深从业者，把零散想法整理成结构化大纲。请用检查清单输出，并从“用户体验”角度做重点判断。要求：包含衡量标准；标注假设和不确定性；最后给出3条可立即执行的下一步。
369,设计,体验设计师,自由职业者,SOP步骤,学习曲线,需要降本,任务编号 P0369。请扮演体验设计师。围绕“设计场景069-需要降本”中的界面、交互、视觉系统任务，面向自由职业者，生成可直接使用的模板。请用SOP步骤输出，并从“学习曲线”角度做重点判断。要求：提供简短版本和完整版本；指出最容易忽略的细节；最后给出3条可立即执行的下一步。
370,设计,体验设计师,设计团队,看板任务,效率,流程混乱,任务编号 P0370。请扮演体验设计师。围绕“设计场景070-流程混乱”中的界面、交互、视觉系统任务，面向设计团队，做一次反向推理找出隐藏风险。请用看板任务输出，并从“效率”角度做重点判断。要求：适合在一天内开始执行；避免专业黑话；最后给出3条可立即执行的下一步。
371,设计,体验设计师,投资人,实验计划,风险,数据不足,任务编号 P0371。请扮演体验设计师。围绕“设计场景071-数据不足”中的界面、交互、视觉系统任务，面向投资人，给出低成本试验方案。请用实验计划输出，并从“风险”角度做重点判断。要求：给出示例输入输出；用中文输出；最后给出3条可立即执行的下一步。
372,设计,体验设计师,海外用户,检查清单,增长,公开发布,任务编号 P0372。请扮演体验设计师。围绕“设计场景072-公开发布”中的界面、交互、视觉系统任务，面向海外用户，创建对比表并推荐选择。请用检查清单输出，并从“增长”角度做重点判断。要求：语言简洁，不说空话；兼顾成本和效果；最后给出3条可立即执行的下一步。
373,设计,体验设计师,专家评审,SOP步骤,短期落地,多方协作,任务编号 P0373。请扮演体验设计师。围绕“设计场景073-多方协作”中的界面、交互、视觉系统任务，面向专家评审，把长内容压缩成高密度摘要。请用SOP步骤输出，并从“短期落地”角度做重点判断。要求：兼顾成本和效果；避免虚构事实；最后给出3条可立即执行的下一步。
374,设计,体验设计师,大学生,看板任务,成本,预算有限,任务编号 P0374。请扮演体验设计师。围绕“设计场景074-预算有限”中的界面、交互、视觉系统任务，面向大学生，提出10个创新方向并排序。请用看板任务输出，并从“成本”角度做重点判断。要求：指出最容易忽略的细节；包含失败预案；最后给出3条可立即执行的下一步。
375,设计,体验设计师,管理层,实验计划,可维护性,初创团队,任务编号 P0375。请扮演体验设计师。围绕“设计场景075-初创团队”中的界面、交互、视觉系统任务，面向管理层，设计30天训练计划。请用实验计划输出，并从“可维护性”角度做重点判断。要求：包含可执行下一步；语言简洁，不说空话；最后给出3条可立即执行的下一步。
376,设计,体验设计师,内容创作者,检查清单,长期价值,需要扩张,任务编号 P0376。请扮演体验设计师。围绕“设计场景076-需要扩张”中的界面、交互、视觉系统任务，面向内容创作者，构建决策树帮助判断下一步。请用检查清单输出，并从“长期价值”角度做重点判断。要求：输出可直接复制使用；按难易度排序；最后给出3条可立即执行的下一步。
377,设计,体验设计师,销售团队,SOP步骤,质量,新市场验证,任务编号 P0377。请扮演体验设计师。围绕“设计场景077-新市场验证”中的界面、交互、视觉系统任务，面向销售团队，生成会议讨论提纲。请用SOP步骤输出，并从“质量”角度做重点判断。要求：保持中立客观；先给结论再解释；最后给出3条可立即执行的下一步。
378,设计,体验设计师,教师,看板任务,用户体验,竞品压力,任务编号 P0378。请扮演体验设计师。围绕“设计场景078-竞品压力”中的界面、交互、视觉系统任务，面向教师，写一份面向管理层的简报。请用看板任务输出，并从“用户体验”角度做重点判断。要求：先给结论再解释；给出示例输入输出；最后给出3条可立即执行的下一步。
379,设计,体验设计师,本地用户,实验计划,学习曲线,准备上线,任务编号 P0379。请扮演体验设计师。围绕“设计场景079-准备上线”中的界面、交互、视觉系统任务，面向本地用户，写一份面向执行者的操作手册。请用实验计划输出，并从“学习曲线”角度做重点判断。要求：包含失败预案；给出至少一个反例；最后给出3条可立即执行的下一步。
380,设计,体验设计师,创始人,检查清单,效率,高不确定性,任务编号 P0380。请扮演体验设计师。围绕“设计场景080-高不确定性”中的界面、交互、视觉系统任务，面向创始人，建立评估打分表。请用检查清单输出，并从“效率”角度做重点判断。要求：用中文输出；保持中立客观；最后给出3条可立即执行的下一步。
381,设计,体验设计师,新手用户,SOP步骤,风险,远程协作,任务编号 P0381。请扮演体验设计师。围绕“设计场景081-远程协作”中的界面、交互、视觉系统任务，面向新手用户，提出自动化改造思路。请用SOP步骤输出，并从“风险”角度做重点判断。要求：标注假设和不确定性；适合在一天内开始执行；最后给出3条可立即执行的下一步。
382,设计,体验设计师,一线执行团队,看板任务,增长,个人项目,任务编号 P0382。请扮演体验设计师。围绕“设计场景082-个人项目”中的界面、交互、视觉系统任务，面向一线执行团队，设计用户调研问题。请用看板任务输出，并从“增长”角度做重点判断。要求：按影响力排序；必要时提出澄清问题；最后给出3条可立即执行的下一步。
383,设计,体验设计师,开发团队,实验计划,短期落地,质量波动,任务编号 P0383。请扮演体验设计师。围绕“设计场景083-质量波动”中的界面、交互、视觉系统任务，面向开发团队，模拟用户反馈并归纳模式。请用实验计划输出，并从“短期落地”角度做重点判断。要求：必要时提出澄清问题；输出可直接复制使用；最后给出3条可立即执行的下一步。
384,设计,体验设计师,客服团队,检查清单,成本,用户流失,任务编号 P0384。请扮演体验设计师。围绕“设计场景084-用户流失”中的界面、交互、视觉系统任务，面向客服团队，生成故障排查路径。请用检查清单输出，并从“成本”角度做重点判断。要求：给出至少一个反例；提供简短版本和完整版本；最后给出3条可立即执行的下一步。
385,设计,体验设计师,家长,SOP步骤,可维护性,内部培训,任务编号 P0385。请扮演体验设计师。围绕“设计场景085-内部培训”中的界面、交互、视觉系统任务，面向家长，把目标拆成里程碑。请用SOP步骤输出，并从“可维护性”角度做重点判断。要求：按难易度排序；按影响力排序；最后给出3条可立即执行的下一步。
386,设计,体验设计师,非技术读者,看板任务,长期价值,需要复盘,任务编号 P0386。请扮演体验设计师。围绕“设计场景086-需要复盘”中的界面、交互、视觉系统任务，面向非技术读者，提出可复用命名规范。请用看板任务输出，并从“长期价值”角度做重点判断。要求：避免虚构事实；包含可执行下一步；最后给出3条可立即执行的下一步。
387,设计,体验设计师,中小企业主,实验计划,质量,时间紧迫,任务编号 P0387。请扮演体验设计师。围绕“设计场景087-时间紧迫”中的界面、交互、视觉系统任务，面向中小企业主，创建风险登记册。请用实验计划输出，并从“质量”角度做重点判断。要求：避免专业黑话；包含衡量标准；最后给出3条可立即执行的下一步。
388,设计,体验设计师,资深从业者,检查清单,用户体验,成熟企业,任务编号 P0388。请扮演体验设计师。围绕“设计场景088-成熟企业”中的界面、交互、视觉系统任务，面向资深从业者，制定一份可执行方案。请用检查清单输出，并从“用户体验”角度做重点判断。要求：包含衡量标准；标注假设和不确定性；最后给出3条可立即执行的下一步。
389,设计,体验设计师,自由职业者,SOP步骤,学习曲线,需要降本,任务编号 P0389。请扮演体验设计师。围绕“设计场景089-需要降本”中的界面、交互、视觉系统任务，面向自由职业者，列出关键问题并给出优先级。请用SOP步骤输出，并从“学习曲线”角度做重点判断。要求：提供简短版本和完整版本；指出最容易忽略的细节；最后给出3条可立即执行的下一步。
390,设计,体验设计师,设计团队,看板任务,效率,流程混乱,任务编号 P0390。请扮演体验设计师。围绕“设计场景090-流程混乱”中的界面、交互、视觉系统任务，面向设计团队，生成三种风格完全不同的版本。请用看板任务输出，并从“效率”角度做重点判断。要求：适合在一天内开始执行；避免专业黑话；最后给出3条可立即执行的下一步。
391,设计,体验设计师,投资人,实验计划,风险,数据不足,任务编号 P0391。请扮演体验设计师。围绕“设计场景091-数据不足”中的界面、交互、视觉系统任务，面向投资人，把复杂内容改写成新手也能懂的说明。请用实验计划输出，并从“风险”角度做重点判断。要求：给出示例输入输出；用中文输出；最后给出3条可立即执行的下一步。
392,设计,体验设计师,海外用户,检查清单,增长,公开发布,任务编号 P0392。请扮演体验设计师。围绕“设计场景092-公开发布”中的界面、交互、视觉系统任务，面向海外用户，设计一个从零到一的工作流。请用检查清单输出，并从“增长”角度做重点判断。要求：语言简洁，不说空话；兼顾成本和效果；最后给出3条可立即执行的下一步。
393,设计,体验设计师,专家评审,SOP步骤,短期落地,多方协作,任务编号 P0393。请扮演体验设计师。围绕“设计场景093-多方协作”中的界面、交互、视觉系统任务，面向专家评审，创建检查清单并标注常见坑。请用SOP步骤输出，并从“短期落地”角度做重点判断。要求：兼顾成本和效果；避免虚构事实；最后给出3条可立即执行的下一步。
394,设计,体验设计师,大学生,看板任务,成本,预算有限,任务编号 P0394。请扮演体验设计师。围绕“设计场景094-预算有限”中的界面、交互、视觉系统任务，面向大学生，模拟专家评审并指出改进点。请用看板任务输出，并从“成本”角度做重点判断。要求：指出最容易忽略的细节；包含失败预案；最后给出3条可立即执行的下一步。
395,设计,体验设计师,管理层,实验计划,可维护性,初创团队,任务编号 P0395。请扮演体验设计师。围绕“设计场景095-初创团队”中的界面、交互、视觉系统任务，面向管理层，根据目标用户重写表达。请用实验计划输出，并从“可维护性”角度做重点判断。要求：包含可执行下一步；语言简洁，不说空话；最后给出3条可立即执行的下一步。
396,设计,体验设计师,内容创作者,检查清单,长期价值,需要扩张,任务编号 P0396。请扮演体验设计师。围绕“设计场景096-需要扩张”中的界面、交互、视觉系统任务，面向内容创作者，提炼核心洞察并给出行动建议。请用检查清单输出，并从“长期价值”角度做重点判断。要求：输出可直接复制使用；按难易度排序；最后给出3条可立即执行的下一步。
397,设计,体验设计师,销售团队,SOP步骤,质量,新市场验证,任务编号 P0397。请扮演体验设计师。围绕“设计场景097-新市场验证”中的界面、交互、视觉系统任务，面向销售团队，设计一套可量化指标。请用SOP步骤输出，并从“质量”角度做重点判断。要求：保持中立客观；先给结论再解释；最后给出3条可立即执行的下一步。
398,设计,体验设计师,教师,看板任务,用户体验,竞品压力,任务编号 P0398。请扮演体验设计师。围绕“设计场景098-竞品压力”中的界面、交互、视觉系统任务，面向教师，把零散想法整理成结构化大纲。请用看板任务输出，并从“用户体验”角度做重点判断。要求：先给结论再解释；给出示例输入输出；最后给出3条可立即执行的下一步。
399,设计,体验设计师,本地用户,实验计划,学习曲线,准备上线,任务编号 P0399。请扮演体验设计师。围绕“设计场景099-准备上线”中的界面、交互、视觉系统任务，面向本地用户，生成可直接使用的模板。请用实验计划输出，并从“学习曲线”角度做重点判断。要求：包含失败预案；给出至少一个反例；最后给出3条可立即执行的下一步。
400,设计,体验设计师,创始人,检查清单,效率,高不确定性,任务编号 P0400。请扮演体验设计师。围绕“设计场景100-高不确定性”中的界面、交互、视觉系统任务，面向创始人，做一次反向推理找出隐藏风险。请用检查清单输出，并从“效率”角度做重点判断。要求：用中文输出；保持中立客观；最后给出3条可立即执行的下一步。
401,营销,增长营销顾问,资深从业者,一页纸简报,用户体验,预算有限,任务编号 P0401。请扮演增长营销顾问。围绕“营销场景001-预算有限”中的定位、投放、转化任务，面向资深从业者，设计一个从零到一的工作流。请用一页纸简报输出，并从“用户体验”角度做重点判断。要求：给出至少一个反例；兼顾成本和效果；最后给出3条可立即执行的下一步。
402,营销,增长营销顾问,自由职业者,评分矩阵,学习曲线,初创团队,任务编号 P0402。请扮演增长营销顾问。围绕“营销场景002-初创团队”中的定位、投放、转化任务，面向自由职业者，创建检查清单并标注常见坑。请用评分矩阵输出，并从“学习曲线”角度做重点判断。要求：按难易度排序；避免虚构事实；最后给出3条可立即执行的下一步。
403,营销,增长营销顾问,设计团队,用户故事,效率,需要扩张,任务编号 P0403。请扮演增长营销顾问。围绕“营销场景003-需要扩张”中的定位、投放、转化任务，面向设计团队，模拟专家评审并指出改进点。请用用户故事输出，并从“效率”角度做重点判断。要求：避免虚构事实；包含失败预案；最后给出3条可立即执行的下一步。
404,营销,增长营销顾问,投资人,对比分析,风险,新市场验证,任务编号 P0404。请扮演增长营销顾问。围绕“营销场景004-新市场验证”中的定位、投放、转化任务，面向投资人，根据目标用户重写表达。请用对比分析输出，并从“风险”角度做重点判断。要求：避免专业黑话；语言简洁，不说空话；最后给出3条可立即执行的下一步。
405,营销,增长营销顾问,海外用户,一页纸简报,增长,竞品压力,任务编号 P0405。请扮演增长营销顾问。围绕“营销场景005-竞品压力”中的定位、投放、转化任务，面向海外用户，提炼核心洞察并给出行动建议。请用一页纸简报输出，并从“增长”角度做重点判断。要求：包含衡量标准；按难易度排序；最后给出3条可立即执行的下一步。
406,营销,增长营销顾问,专家评审,评分矩阵,短期落地,准备上线,任务编号 P0406。请扮演增长营销顾问。围绕“营销场景006-准备上线”中的定位、投放、转化任务，面向专家评审，设计一套可量化指标。请用评分矩阵输出，并从“短期落地”角度做重点判断。要求：提供简短版本和完整版本；先给结论再解释；最后给出3条可立即执行的下一步。
407,营销,增长营销顾问,大学生,用户故事,成本,高不确定性,任务编号 P0407。请扮演增长营销顾问。围绕“营销场景007-高不确定性”中的定位、投放、转化任务，面向大学生，把零散想法整理成结构化大纲。请用用户故事输出，并从“成本”角度做重点判断。要求：适合在一天内开始执行；给出示例输入输出；最后给出3条可立即执行的下一步。
408,营销,增长营销顾问,管理层,对比分析,可维护性,远程协作,任务编号 P0408。请扮演增长营销顾问。围绕“营销场景008-远程协作”中的定位、投放、转化任务，面向管理层，生成可直接使用的模板。请用对比分析输出，并从“可维护性”角度做重点判断。要求：给出示例输入输出；给出至少一个反例；最后给出3条可立即执行的下一步。
409,营销,增长营销顾问,内容创作者,一页纸简报,长期价值,个人项目,任务编号 P0409。请扮演增长营销顾问。围绕“营销场景009-个人项目”中的定位、投放、转化任务，面向内容创作者，做一次反向推理找出隐藏风险。请用一页纸简报输出，并从“长期价值”角度做重点判断。要求：语言简洁，不说空话；保持中立客观；最后给出3条可立即执行的下一步。
410,营销,增长营销顾问,销售团队,评分矩阵,质量,质量波动,任务编号 P0410。请扮演增长营销顾问。围绕“营销场景010-质量波动”中的定位、投放、转化任务，面向销售团队，给出低成本试验方案。请用评分矩阵输出，并从“质量”角度做重点判断。要求：兼顾成本和效果；适合在一天内开始执行；最后给出3条可立即执行的下一步。
411,营销,增长营销顾问,教师,用户故事,用户体验,用户流失,任务编号 P0411。请扮演增长营销顾问。围绕“营销场景011-用户流失”中的定位、投放、转化任务，面向教师，创建对比表并推荐选择。请用用户故事输出，并从“用户体验”角度做重点判断。要求：指出最容易忽略的细节；必要时提出澄清问题；最后给出3条可立即执行的下一步。
412,营销,增长营销顾问,本地用户,对比分析,学习曲线,内部培训,任务编号 P0412。请扮演增长营销顾问。围绕“营销场景012-内部培训”中的定位、投放、转化任务，面向本地用户，把长内容压缩成高密度摘要。请用对比分析输出，并从“学习曲线”角度做重点判断。要求：包含可执行下一步；输出可直接复制使用；最后给出3条可立即执行的下一步。
413,营销,增长营销顾问,创始人,一页纸简报,效率,需要复盘,任务编号 P0413。请扮演增长营销顾问。围绕“营销场景013-需要复盘”中的定位、投放、转化任务，面向创始人，提出10个创新方向并排序。请用一页纸简报输出，并从“效率”角度做重点判断。要求：输出可直接复制使用；提供简短版本和完整版本；最后给出3条可立即执行的下一步。
414,营销,增长营销顾问,新手用户,评分矩阵,风险,时间紧迫,任务编号 P0414。请扮演增长营销顾问。围绕“营销场景014-时间紧迫”中的定位、投放、转化任务，面向新手用户，设计30天训练计划。请用评分矩阵输出，并从“风险”角度做重点判断。要求：保持中立客观；按影响力排序；最后给出3条可立即执行的下一步。
415,营销,增长营销顾问,一线执行团队,用户故事,增长,成熟企业,任务编号 P0415。请扮演增长营销顾问。围绕“营销场景015-成熟企业”中的定位、投放、转化任务，面向一线执行团队，构建决策树帮助判断下一步。请用用户故事输出，并从“增长”角度做重点判断。要求：先给结论再解释；包含可执行下一步；最后给出3条可立即执行的下一步。
416,营销,增长营销顾问,开发团队,对比分析,短期落地,需要降本,任务编号 P0416。请扮演增长营销顾问。围绕“营销场景016-需要降本”中的定位、投放、转化任务，面向开发团队，生成会议讨论提纲。请用对比分析输出，并从“短期落地”角度做重点判断。要求：包含失败预案；包含衡量标准；最后给出3条可立即执行的下一步。
417,营销,增长营销顾问,客服团队,一页纸简报,成本,流程混乱,任务编号 P0417。请扮演增长营销顾问。围绕“营销场景017-流程混乱”中的定位、投放、转化任务，面向客服团队，写一份面向管理层的简报。请用一页纸简报输出，并从“成本”角度做重点判断。要求：用中文输出；标注假设和不确定性；最后给出3条可立即执行的下一步。
418,营销,增长营销顾问,家长,评分矩阵,可维护性,数据不足,任务编号 P0418。请扮演增长营销顾问。围绕“营销场景018-数据不足”中的定位、投放、转化任务，面向家长，写一份面向执行者的操作手册。请用评分矩阵输出，并从“可维护性”角度做重点判断。要求：标注假设和不确定性；指出最容易忽略的细节；最后给出3条可立即执行的下一步。
419,营销,增长营销顾问,非技术读者,用户故事,长期价值,公开发布,任务编号 P0419。请扮演增长营销顾问。围绕“营销场景019-公开发布”中的定位、投放、转化任务，面向非技术读者，建立评估打分表。请用用户故事输出，并从“长期价值”角度做重点判断。要求：按影响力排序；避免专业黑话；最后给出3条可立即执行的下一步。
420,营销,增长营销顾问,中小企业主,对比分析,质量,多方协作,任务编号 P0420。请扮演增长营销顾问。围绕“营销场景020-多方协作”中的定位、投放、转化任务，面向中小企业主，提出自动化改造思路。请用对比分析输出，并从“质量”角度做重点判断。要求：必要时提出澄清问题；用中文输出；最后给出3条可立即执行的下一步。
421,营销,增长营销顾问,资深从业者,一页纸简报,用户体验,预算有限,任务编号 P0421。请扮演增长营销顾问。围绕“营销场景021-预算有限”中的定位、投放、转化任务，面向资深从业者，设计用户调研问题。请用一页纸简报输出，并从“用户体验”角度做重点判断。要求：给出至少一个反例；兼顾成本和效果；最后给出3条可立即执行的下一步。
422,营销,增长营销顾问,自由职业者,评分矩阵,学习曲线,初创团队,任务编号 P0422。请扮演增长营销顾问。围绕“营销场景022-初创团队”中的定位、投放、转化任务，面向自由职业者，模拟用户反馈并归纳模式。请用评分矩阵输出，并从“学习曲线”角度做重点判断。要求：按难易度排序；避免虚构事实；最后给出3条可立即执行的下一步。
423,营销,增长营销顾问,设计团队,用户故事,效率,需要扩张,任务编号 P0423。请扮演增长营销顾问。围绕“营销场景023-需要扩张”中的定位、投放、转化任务，面向设计团队，生成故障排查路径。请用用户故事输出，并从“效率”角度做重点判断。要求：避免虚构事实；包含失败预案；最后给出3条可立即执行的下一步。
424,营销,增长营销顾问,投资人,对比分析,风险,新市场验证,任务编号 P0424。请扮演增长营销顾问。围绕“营销场景024-新市场验证”中的定位、投放、转化任务，面向投资人，把目标拆成里程碑。请用对比分析输出，并从“风险”角度做重点判断。要求：避免专业黑话；语言简洁，不说空话；最后给出3条可立即执行的下一步。
425,营销,增长营销顾问,海外用户,一页纸简报,增长,竞品压力,任务编号 P0425。请扮演增长营销顾问。围绕“营销场景025-竞品压力”中的定位、投放、转化任务，面向海外用户，提出可复用命名规范。请用一页纸简报输出，并从“增长”角度做重点判断。要求：包含衡量标准；按难易度排序；最后给出3条可立即执行的下一步。
426,营销,增长营销顾问,专家评审,评分矩阵,短期落地,准备上线,任务编号 P0426。请扮演增长营销顾问。围绕“营销场景026-准备上线”中的定位、投放、转化任务，面向专家评审，创建风险登记册。请用评分矩阵输出，并从“短期落地”角度做重点判断。要求：提供简短版本和完整版本；先给结论再解释；最后给出3条可立即执行的下一步。
427,营销,增长营销顾问,大学生,用户故事,成本,高不确定性,任务编号 P0427。请扮演增长营销顾问。围绕“营销场景027-高不确定性”中的定位、投放、转化任务，面向大学生，制定一份可执行方案。请用用户故事输出，并从“成本”角度做重点判断。要求：适合在一天内开始执行；给出示例输入输出；最后给出3条可立即执行的下一步。
428,营销,增长营销顾问,管理层,对比分析,可维护性,远程协作,任务编号 P0428。请扮演增长营销顾问。围绕“营销场景028-远程协作”中的定位、投放、转化任务，面向管理层，列出关键问题并给出优先级。请用对比分析输出，并从“可维护性”角度做重点判断。要求：给出示例输入输出；给出至少一个反例；最后给出3条可立即执行的下一步。
429,营销,增长营销顾问,内容创作者,一页纸简报,长期价值,个人项目,任务编号 P0429。请扮演增长营销顾问。围绕“营销场景029-个人项目”中的定位、投放、转化任务，面向内容创作者，生成三种风格完全不同的版本。请用一页纸简报输出，并从“长期价值”角度做重点判断。要求：语言简洁，不说空话；保持中立客观；最后给出3条可立即执行的下一步。
430,营销,增长营销顾问,销售团队,评分矩阵,质量,质量波动,任务编号 P0430。请扮演增长营销顾问。围绕“营销场景030-质量波动”中的定位、投放、转化任务，面向销售团队，把复杂内容改写成新手也能懂的说明。请用评分矩阵输出，并从“质量”角度做重点判断。要求：兼顾成本和效果；适合在一天内开始执行；最后给出3条可立即执行的下一步。
431,营销,增长营销顾问,教师,用户故事,用户体验,用户流失,任务编号 P0431。请扮演增长营销顾问。围绕“营销场景031-用户流失”中的定位、投放、转化任务，面向教师，设计一个从零到一的工作流。请用用户故事输出，并从“用户体验”角度做重点判断。要求：指出最容易忽略的细节；必要时提出澄清问题；最后给出3条可立即执行的下一步。
432,营销,增长营销顾问,本地用户,对比分析,学习曲线,内部培训,任务编号 P0432。请扮演增长营销顾问。围绕“营销场景032-内部培训”中的定位、投放、转化任务，面向本地用户，创建检查清单并标注常见坑。请用对比分析输出，并从“学习曲线”角度做重点判断。要求：包含可执行下一步；输出可直接复制使用；最后给出3条可立即执行的下一步。
433,营销,增长营销顾问,创始人,一页纸简报,效率,需要复盘,任务编号 P0433。请扮演增长营销顾问。围绕“营销场景033-需要复盘”中的定位、投放、转化任务，面向创始人，模拟专家评审并指出改进点。请用一页纸简报输出，并从“效率”角度做重点判断。要求：输出可直接复制使用；提供简短版本和完整版本；最后给出3条可立即执行的下一步。
434,营销,增长营销顾问,新手用户,评分矩阵,风险,时间紧迫,任务编号 P0434。请扮演增长营销顾问。围绕“营销场景034-时间紧迫”中的定位、投放、转化任务，面向新手用户，根据目标用户重写表达。请用评分矩阵输出，并从“风险”角度做重点判断。要求：保持中立客观；按影响力排序；最后给出3条可立即执行的下一步。
435,营销,增长营销顾问,一线执行团队,用户故事,增长,成熟企业,任务编号 P0435。请扮演增长营销顾问。围绕“营销场景035-成熟企业”中的定位、投放、转化任务，面向一线执行团队，提炼核心洞察并给出行动建议。请用用户故事输出，并从“增长”角度做重点判断。要求：先给结论再解释；包含可执行下一步；最后给出3条可立即执行的下一步。
436,营销,增长营销顾问,开发团队,对比分析,短期落地,需要降本,任务编号 P0436。请扮演增长营销顾问。围绕“营销场景036-需要降本”中的定位、投放、转化任务，面向开发团队，设计一套可量化指标。请用对比分析输出，并从“短期落地”角度做重点判断。要求：包含失败预案；包含衡量标准；最后给出3条可立即执行的下一步。
437,营销,增长营销顾问,客服团队,一页纸简报,成本,流程混乱,任务编号 P0437。请扮演增长营销顾问。围绕“营销场景037-流程混乱”中的定位、投放、转化任务，面向客服团队，把零散想法整理成结构化大纲。请用一页纸简报输出，并从“成本”角度做重点判断。要求：用中文输出；标注假设和不确定性；最后给出3条可立即执行的下一步。
438,营销,增长营销顾问,家长,评分矩阵,可维护性,数据不足,任务编号 P0438。请扮演增长营销顾问。围绕“营销场景038-数据不足”中的定位、投放、转化任务，面向家长，生成可直接使用的模板。请用评分矩阵输出，并从“可维护性”角度做重点判断。要求：标注假设和不确定性；指出最容易忽略的细节；最后给出3条可立即执行的下一步。
439,营销,增长营销顾问,非技术读者,用户故事,长期价值,公开发布,任务编号 P0439。请扮演增长营销顾问。围绕“营销场景039-公开发布”中的定位、投放、转化任务，面向非技术读者，做一次反向推理找出隐藏风险。请用用户故事输出，并从“长期价值”角度做重点判断。要求：按影响力排序；避免专业黑话；最后给出3条可立即执行的下一步。
440,营销,增长营销顾问,中小企业主,对比分析,质量,多方协作,任务编号 P0440。请扮演增长营销顾问。围绕“营销场景040-多方协作”中的定位、投放、转化任务，面向中小企业主，给出低成本试验方案。请用对比分析输出，并从“质量”角度做重点判断。要求：必要时提出澄清问题；用中文输出；最后给出3条可立即执行的下一步。
441,营销,增长营销顾问,资深从业者,一页纸简报,用户体验,预算有限,任务编号 P0441。请扮演增长营销顾问。围绕“营销场景041-预算有限”中的定位、投放、转化任务，面向资深从业者，创建对比表并推荐选择。请用一页纸简报输出，并从“用户体验”角度做重点判断。要求：给出至少一个反例；兼顾成本和效果；最后给出3条可立即执行的下一步。
442,营销,增长营销顾问,自由职业者,评分矩阵,学习曲线,初创团队,任务编号 P0442。请扮演增长营销顾问。围绕“营销场景042-初创团队”中的定位、投放、转化任务，面向自由职业者，把长内容压缩成高密度摘要。请用评分矩阵输出，并从“学习曲线”角度做重点判断。要求：按难易度排序；避免虚构事实；最后给出3条可立即执行的下一步。
443,营销,增长营销顾问,设计团队,用户故事,效率,需要扩张,任务编号 P0443。请扮演增长营销顾问。围绕“营销场景043-需要扩张”中的定位、投放、转化任务，面向设计团队，提出10个创新方向并排序。请用用户故事输出，并从“效率”角度做重点判断。要求：避免虚构事实；包含失败预案；最后给出3条可立即执行的下一步。
444,营销,增长营销顾问,投资人,对比分析,风险,新市场验证,任务编号 P0444。请扮演增长营销顾问。围绕“营销场景044-新市场验证”中的定位、投放、转化任务，面向投资人，设计30天训练计划。请用对比分析输出，并从“风险”角度做重点判断。要求：避免专业黑话；语言简洁，不说空话；最后给出3条可立即执行的下一步。
445,营销,增长营销顾问,海外用户,一页纸简报,增长,竞品压力,任务编号 P0445。请扮演增长营销顾问。围绕“营销场景045-竞品压力”中的定位、投放、转化任务，面向海外用户，构建决策树帮助判断下一步。请用一页纸简报输出，并从“增长”角度做重点判断。要求：包含衡量标准；按难易度排序；最后给出3条可立即执行的下一步。
446,营销,增长营销顾问,专家评审,评分矩阵,短期落地,准备上线,任务编号 P0446。请扮演增长营销顾问。围绕“营销场景046-准备上线”中的定位、投放、转化任务，面向专家评审，生成会议讨论提纲。请用评分矩阵输出，并从“短期落地”角度做重点判断。要求：提供简短版本和完整版本；先给结论再解释；最后给出3条可立即执行的下一步。
447,营销,增长营销顾问,大学生,用户故事,成本,高不确定性,任务编号 P0447。请扮演增长营销顾问。围绕“营销场景047-高不确定性”中的定位、投放、转化任务，面向大学生，写一份面向管理层的简报。请用用户故事输出，并从“成本”角度做重点判断。要求：适合在一天内开始执行；给出示例输入输出；最后给出3条可立即执行的下一步。
448,营销,增长营销顾问,管理层,对比分析,可维护性,远程协作,任务编号 P0448。请扮演增长营销顾问。围绕“营销场景048-远程协作”中的定位、投放、转化任务，面向管理层，写一份面向执行者的操作手册。请用对比分析输出，并从“可维护性”角度做重点判断。要求：给出示例输入输出；给出至少一个反例；最后给出3条可立即执行的下一步。
449,营销,增长营销顾问,内容创作者,一页纸简报,长期价值,个人项目,任务编号 P0449。请扮演增长营销顾问。围绕“营销场景049-个人项目”中的定位、投放、转化任务，面向内容创作者，建立评估打分表。请用一页纸简报输出，并从“长期价值”角度做重点判断。要求：语言简洁，不说空话；保持中立客观；最后给出3条可立即执行的下一步。
450,营销,增长营销顾问,销售团队,评分矩阵,质量,质量波动,任务编号 P0450。请扮演增长营销顾问。围绕“营销场景050-质量波动”中的定位、投放、转化任务，面向销售团队，提出自动化改造思路。请用评分矩阵输出，并从“质量”角度做重点判断。要求：兼顾成本和效果；适合在一天内开始执行；最后给出3条可立即执行的下一步。
451,营销,增长营销顾问,教师,用户故事,用户体验,用户流失,任务编号 P0451。请扮演增长营销顾问。围绕“营销场景051-用户流失”中的定位、投放、转化任务，面向教师，设计用户调研问题。请用用户故事输出，并从“用户体验”角度做重点判断。要求：指出最容易忽略的细节；必要时提出澄清问题；最后给出3条可立即执行的下一步。
452,营销,增长营销顾问,本地用户,对比分析,学习曲线,内部培训,任务编号 P0452。请扮演增长营销顾问。围绕“营销场景052-内部培训”中的定位、投放、转化任务，面向本地用户，模拟用户反馈并归纳模式。请用对比分析输出，并从“学习曲线”角度做重点判断。要求：包含可执行下一步；输出可直接复制使用；最后给出3条可立即执行的下一步。
453,营销,增长营销顾问,创始人,一页纸简报,效率,需要复盘,任务编号 P0453。请扮演增长营销顾问。围绕“营销场景053-需要复盘”中的定位、投放、转化任务，面向创始人，生成故障排查路径。请用一页纸简报输出，并从“效率”角度做重点判断。要求：输出可直接复制使用；提供简短版本和完整版本；最后给出3条可立即执行的下一步。
454,营销,增长营销顾问,新手用户,评分矩阵,风险,时间紧迫,任务编号 P0454。请扮演增长营销顾问。围绕“营销场景054-时间紧迫”中的定位、投放、转化任务，面向新手用户，把目标拆成里程碑。请用评分矩阵输出，并从“风险”角度做重点判断。要求：保持中立客观；按影响力排序；最后给出3条可立即执行的下一步。
455,营销,增长营销顾问,一线执行团队,用户故事,增长,成熟企业,任务编号 P0455。请扮演增长营销顾问。围绕“营销场景055-成熟企业”中的定位、投放、转化任务，面向一线执行团队，提出可复用命名规范。请用用户故事输出，并从“增长”角度做重点判断。要求：先给结论再解释；包含可执行下一步；最后给出3条可立即执行的下一步。
456,营销,增长营销顾问,开发团队,对比分析,短期落地,需要降本,任务编号 P0456。请扮演增长营销顾问。围绕“营销场景056-需要降本”中的定位、投放、转化任务，面向开发团队，创建风险登记册。请用对比分析输出，并从“短期落地”角度做重点判断。要求：包含失败预案；包含衡量标准；最后给出3条可立即执行的下一步。
457,营销,增长营销顾问,客服团队,一页纸简报,成本,流程混乱,任务编号 P0457。请扮演增长营销顾问。围绕“营销场景057-流程混乱”中的定位、投放、转化任务，面向客服团队，制定一份可执行方案。请用一页纸简报输出，并从“成本”角度做重点判断。要求：用中文输出；标注假设和不确定性；最后给出3条可立即执行的下一步。
458,营销,增长营销顾问,家长,评分矩阵,可维护性,数据不足,任务编号 P0458。请扮演增长营销顾问。围绕“营销场景058-数据不足”中的定位、投放、转化任务，面向家长，列出关键问题并给出优先级。请用评分矩阵输出，并从“可维护性”角度做重点判断。要求：标注假设和不确定性；指出最容易忽略的细节；最后给出3条可立即执行的下一步。
459,营销,增长营销顾问,非技术读者,用户故事,长期价值,公开发布,任务编号 P0459。请扮演增长营销顾问。围绕“营销场景059-公开发布”中的定位、投放、转化任务，面向非技术读者，生成三种风格完全不同的版本。请用用户故事输出，并从“长期价值”角度做重点判断。要求：按影响力排序；避免专业黑话；最后给出3条可立即执行的下一步。
460,营销,增长营销顾问,中小企业主,对比分析,质量,多方协作,任务编号 P0460。请扮演增长营销顾问。围绕“营销场景060-多方协作”中的定位、投放、转化任务，面向中小企业主，把复杂内容改写成新手也能懂的说明。请用对比分析输出，并从“质量”角度做重点判断。要求：必要时提出澄清问题；用中文输出；最后给出3条可立即执行的下一步。
461,营销,增长营销顾问,资深从业者,一页纸简报,用户体验,预算有限,任务编号 P0461。请扮演增长营销顾问。围绕“营销场景061-预算有限”中的定位、投放、转化任务，面向资深从业者，设计一个从零到一的工作流。请用一页纸简报输出，并从“用户体验”角度做重点判断。要求：给出至少一个反例；兼顾成本和效果；最后给出3条可立即执行的下一步。
462,营销,增长营销顾问,自由职业者,评分矩阵,学习曲线,初创团队,任务编号 P0462。请扮演增长营销顾问。围绕“营销场景062-初创团队”中的定位、投放、转化任务，面向自由职业者，创建检查清单并标注常见坑。请用评分矩阵输出，并从“学习曲线”角度做重点判断。要求：按难易度排序；避免虚构事实；最后给出3条可立即执行的下一步。
463,营销,增长营销顾问,设计团队,用户故事,效率,需要扩张,任务编号 P0463。请扮演增长营销顾问。围绕“营销场景063-需要扩张”中的定位、投放、转化任务，面向设计团队，模拟专家评审并指出改进点。请用用户故事输出，并从“效率”角度做重点判断。要求：避免虚构事实；包含失败预案；最后给出3条可立即执行的下一步。
464,营销,增长营销顾问,投资人,对比分析,风险,新市场验证,任务编号 P0464。请扮演增长营销顾问。围绕“营销场景064-新市场验证”中的定位、投放、转化任务，面向投资人，根据目标用户重写表达。请用对比分析输出，并从“风险”角度做重点判断。要求：避免专业黑话；语言简洁，不说空话；最后给出3条可立即执行的下一步。
465,营销,增长营销顾问,海外用户,一页纸简报,增长,竞品压力,任务编号 P0465。请扮演增长营销顾问。围绕“营销场景065-竞品压力”中的定位、投放、转化任务，面向海外用户，提炼核心洞察并给出行动建议。请用一页纸简报输出，并从“增长”角度做重点判断。要求：包含衡量标准；按难易度排序；最后给出3条可立即执行的下一步。
466,营销,增长营销顾问,专家评审,评分矩阵,短期落地,准备上线,任务编号 P0466。请扮演增长营销顾问。围绕“营销场景066-准备上线”中的定位、投放、转化任务，面向专家评审，设计一套可量化指标。请用评分矩阵输出，并从“短期落地”角度做重点判断。要求：提供简短版本和完整版本；先给结论再解释；最后给出3条可立即执行的下一步。
467,营销,增长营销顾问,大学生,用户故事,成本,高不确定性,任务编号 P0467。请扮演增长营销顾问。围绕“营销场景067-高不确定性”中的定位、投放、转化任务，面向大学生，把零散想法整理成结构化大纲。请用用户故事输出，并从“成本”角度做重点判断。要求：适合在一天内开始执行；给出示例输入输出；最后给出3条可立即执行的下一步。
468,营销,增长营销顾问,管理层,对比分析,可维护性,远程协作,任务编号 P0468。请扮演增长营销顾问。围绕“营销场景068-远程协作”中的定位、投放、转化任务，面向管理层，生成可直接使用的模板。请用对比分析输出，并从“可维护性”角度做重点判断。要求：给出示例输入输出；给出至少一个反例；最后给出3条可立即执行的下一步。
469,营销,增长营销顾问,内容创作者,一页纸简报,长期价值,个人项目,任务编号 P0469。请扮演增长营销顾问。围绕“营销场景069-个人项目”中的定位、投放、转化任务，面向内容创作者，做一次反向推理找出隐藏风险。请用一页纸简报输出，并从“长期价值”角度做重点判断。要求：语言简洁，不说空话；保持中立客观；最后给出3条可立即执行的下一步。
470,营销,增长营销顾问,销售团队,评分矩阵,质量,质量波动,任务编号 P0470。请扮演增长营销顾问。围绕“营销场景070-质量波动”中的定位、投放、转化任务，面向销售团队，给出低成本试验方案。请用评分矩阵输出，并从“质量”角度做重点判断。要求：兼顾成本和效果；适合在一天内开始执行；最后给出3条可立即执行的下一步。
471,营销,增长营销顾问,教师,用户故事,用户体验,用户流失,任务编号 P0471。请扮演增长营销顾问。围绕“营销场景071-用户流失”中的定位、投放、转化任务，面向教师，创建对比表并推荐选择。请用用户故事输出，并从“用户体验”角度做重点判断。要求：指出最容易忽略的细节；必要时提出澄清问题；最后给出3条可立即执行的下一步。
472,营销,增长营销顾问,本地用户,对比分析,学习曲线,内部培训,任务编号 P0472。请扮演增长营销顾问。围绕“营销场景072-内部培训”中的定位、投放、转化任务，面向本地用户，把长内容压缩成高密度摘要。请用对比分析输出，并从“学习曲线”角度做重点判断。要求：包含可执行下一步；输出可直接复制使用；最后给出3条可立即执行的下一步。
473,营销,增长营销顾问,创始人,一页纸简报,效率,需要复盘,任务编号 P0473。请扮演增长营销顾问。围绕“营销场景073-需要复盘”中的定位、投放、转化任务，面向创始人，提出10个创新方向并排序。请用一页纸简报输出，并从“效率”角度做重点判断。要求：输出可直接复制使用；提供简短版本和完整版本；最后给出3条可立即执行的下一步。
474,营销,增长营销顾问,新手用户,评分矩阵,风险,时间紧迫,任务编号 P0474。请扮演增长营销顾问。围绕“营销场景074-时间紧迫”中的定位、投放、转化任务，面向新手用户，设计30天训练计划。请用评分矩阵输出，并从“风险”角度做重点判断。要求：保持中立客观；按影响力排序；最后给出3条可立即执行的下一步。
475,营销,增长营销顾问,一线执行团队,用户故事,增长,成熟企业,任务编号 P0475。请扮演增长营销顾问。围绕“营销场景075-成熟企业”中的定位、投放、转化任务，面向一线执行团队，构建决策树帮助判断下一步。请用用户故事输出，并从“增长”角度做重点判断。要求：先给结论再解释；包含可执行下一步；最后给出3条可立即执行的下一步。
476,营销,增长营销顾问,开发团队,对比分析,短期落地,需要降本,任务编号 P0476。请扮演增长营销顾问。围绕“营销场景076-需要降本”中的定位、投放、转化任务，面向开发团队，生成会议讨论提纲。请用对比分析输出，并从“短期落地”角度做重点判断。要求：包含失败预案；包含衡量标准；最后给出3条可立即执行的下一步。
477,营销,增长营销顾问,客服团队,一页纸简报,成本,流程混乱,任务编号 P0477。请扮演增长营销顾问。围绕“营销场景077-流程混乱”中的定位、投放、转化任务，面向客服团队，写一份面向管理层的简报。请用一页纸简报输出，并从“成本”角度做重点判断。要求：用中文输出；标注假设和不确定性；最后给出3条可立即执行的下一步。
478,营销,增长营销顾问,家长,评分矩阵,可维护性,数据不足,任务编号 P0478。请扮演增长营销顾问。围绕“营销场景078-数据不足”中的定位、投放、转化任务，面向家长，写一份面向执行者的操作手册。请用评分矩阵输出，并从“可维护性”角度做重点判断。要求：标注假设和不确定性；指出最容易忽略的细节；最后给出3条可立即执行的下一步。
479,营销,增长营销顾问,非技术读者,用户故事,长期价值,公开发布,任务编号 P0479。请扮演增长营销顾问。围绕“营销场景079-公开发布”中的定位、投放、转化任务，面向非技术读者，建立评估打分表。请用用户故事输出，并从“长期价值”角度做重点判断。要求：按影响力排序；避免专业黑话；最后给出3条可立即执行的下一步。
480,营销,增长营销顾问,中小企业主,对比分析,质量,多方协作,任务编号 P0480。请扮演增长营销顾问。围绕“营销场景080-多方协作”中的定位、投放、转化任务，面向中小企业主，提出自动化改造思路。请用对比分析输出，并从“质量”角度做重点判断。要求：必要时提出澄清问题；用中文输出；最后给出3条可立即执行的下一步。
481,营销,增长营销顾问,资深从业者,一页纸简报,用户体验,预算有限,任务编号 P0481。请扮演增长营销顾问。围绕“营销场景081-预算有限”中的定位、投放、转化任务，面向资深从业者，设计用户调研问题。请用一页纸简报输出，并从“用户体验”角度做重点判断。要求：给出至少一个反例；兼顾成本和效果；最后给出3条可立即执行的下一步。
482,营销,增长营销顾问,自由职业者,评分矩阵,学习曲线,初创团队,任务编号 P0482。请扮演增长营销顾问。围绕“营销场景082-初创团队”中的定位、投放、转化任务，面向自由职业者，模拟用户反馈并归纳模式。请用评分矩阵输出，并从“学习曲线”角度做重点判断。要求：按难易度排序；避免虚构事实；最后给出3条可立即执行的下一步。
483,营销,增长营销顾问,设计团队,用户故事,效率,需要扩张,任务编号 P0483。请扮演增长营销顾问。围绕“营销场景083-需要扩张”中的定位、投放、转化任务，面向设计团队，生成故障排查路径。请用用户故事输出，并从“效率”角度做重点判断。要求：避免虚构事实；包含失败预案；最后给出3条可立即执行的下一步。
484,营销,增长营销顾问,投资人,对比分析,风险,新市场验证,任务编号 P0484。请扮演增长营销顾问。围绕“营销场景084-新市场验证”中的定位、投放、转化任务，面向投资人，把目标拆成里程碑。请用对比分析输出，并从“风险”角度做重点判断。要求：避免专业黑话；语言简洁，不说空话；最后给出3条可立即执行的下一步。
485,营销,增长营销顾问,海外用户,一页纸简报,增长,竞品压力,任务编号 P0485。请扮演增长营销顾问。围绕“营销场景085-竞品压力”中的定位、投放、转化任务，面向海外用户，提出可复用命名规范。请用一页纸简报输出，并从“增长”角度做重点判断。要求：包含衡量标准；按难易度排序；最后给出3条可立即执行的下一步。
486,营销,增长营销顾问,专家评审,评分矩阵,短期落地,准备上线,任务编号 P0486。请扮演增长营销顾问。围绕“营销场景086-准备上线”中的定位、投放、转化任务，面向专家评审，创建风险登记册。请用评分矩阵输出，并从“短期落地”角度做重点判断。要求：提供简短版本和完整版本；先给结论再解释；最后给出3条可立即执行的下一步。
487,营销,增长营销顾问,大学生,用户故事,成本,高不确定性,任务编号 P0487。请扮演增长营销顾问。围绕“营销场景087-高不确定性”中的定位、投放、转化任务，面向大学生，制定一份可执行方案。请用用户故事输出，并从“成本”角度做重点判断。要求：适合在一天内开始执行；给出示例输入输出；最后给出3条可立即执行的下一步。
488,营销,增长营销顾问,管理层,对比分析,可维护性,远程协作,任务编号 P0488。请扮演增长营销顾问。围绕“营销场景088-远程协作”中的定位、投放、转化任务，面向管理层，列出关键问题并给出优先级。请用对比分析输出，并从“可维护性”角度做重点判断。要求：给出示例输入输出；给出至少一个反例；最后给出3条可立即执行的下一步。
489,营销,增长营销顾问,内容创作者,一页纸简报,长期价值,个人项目,任务编号 P0489。请扮演增长营销顾问。围绕“营销场景089-个人项目”中的定位、投放、转化任务，面向内容创作者，生成三种风格完全不同的版本。请用一页纸简报输出，并从“长期价值”角度做重点判断。要求：语言简洁，不说空话；保持中立客观；最后给出3条可立即执行的下一步。
490,营销,增长营销顾问,销售团队,评分矩阵,质量,质量波动,任务编号 P0490。请扮演增长营销顾问。围绕“营销场景090-质量波动”中的定位、投放、转化任务，面向销售团队，把复杂内容改写成新手也能懂的说明。请用评分矩阵输出，并从“质量”角度做重点判断。要求：兼顾成本和效果；适合在一天内开始执行；最后给出3条可立即执行的下一步。
491,营销,增长营销顾问,教师,用户故事,用户体验,用户流失,任务编号 P0491。请扮演增长营销顾问。围绕“营销场景091-用户流失”中的定位、投放、转化任务，面向教师，设计一个从零到一的工作流。请用用户故事输出，并从“用户体验”角度做重点判断。要求：指出最容易忽略的细节；必要时提出澄清问题；最后给出3条可立即执行的下一步。
492,营销,增长营销顾问,本地用户,对比分析,学习曲线,内部培训,任务编号 P0492。请扮演增长营销顾问。围绕“营销场景092-内部培训”中的定位、投放、转化任务，面向本地用户，创建检查清单并标注常见坑。请用对比分析输出，并从“学习曲线”角度做重点判断。要求：包含可执行下一步；输出可直接复制使用；最后给出3条可立即执行的下一步。
493,营销,增长营销顾问,创始人,一页纸简报,效率,需要复盘,任务编号 P0493。请扮演增长营销顾问。围绕“营销场景093-需要复盘”中的定位、投放、转化任务，面向创始人，模拟专家评审并指出改进点。请用一页纸简报输出，并从“效率”角度做重点判断。要求：输出可直接复制使用；提供简短版本和完整版本；最后给出3条可立即执行的下一步。
494,营销,增长营销顾问,新手用户,评分矩阵,风险,时间紧迫,任务编号 P0494。请扮演增长营销顾问。围绕“营销场景094-时间紧迫”中的定位、投放、转化任务，面向新手用户，根据目标用户重写表达。请用评分矩阵输出，并从“风险”角度做重点判断。要求：保持中立客观；按影响力排序；最后给出3条可立即执行的下一步。
495,营销,增长营销顾问,一线执行团队,用户故事,增长,成熟企业,任务编号 P0495。请扮演增长营销顾问。围绕“营销场景095-成熟企业”中的定位、投放、转化任务，面向一线执行团队，提炼核心洞察并给出行动建议。请用用户故事输出，并从“增长”角度做重点判断。要求：先给结论再解释；包含可执行下一步；最后给出3条可立即执行的下一步。
496,营销,增长营销顾问,开发团队,对比分析,短期落地,需要降本,任务编号 P0496。请扮演增长营销顾问。围绕“营销场景096-需要降本”中的定位、投放、转化任务，面向开发团队，设计一套可量化指标。请用对比分析输出，并从“短期落地”角度做重点判断。要求：包含失败预案；包含衡量标准；最后给出3条可立即执行的下一步。
497,营销,增长营销顾问,客服团队,一页纸简报,成本,流程混乱,任务编号 P0497。请扮演增长营销顾问。围绕“营销场景097-流程混乱”中的定位、投放、转化任务，面向客服团队，把零散想法整理成结构化大纲。请用一页纸简报输出，并从“成本”角度做重点判断。要求：用中文输出；标注假设和不确定性；最后给出3条可立即执行的下一步。
498,营销,增长营销顾问,家长,评分矩阵,可维护性,数据不足,任务编号 P0498。请扮演增长营销顾问。围绕“营销场景098-数据不足”中的定位、投放、转化任务，面向家长，生成可直接使用的模板。请用评分矩阵输出，并从“可维护性”角度做重点判断。要求：标注假设和不确定性；指出最容易忽略的细节；最后给出3条可立即执行的下一步。
499,营销,增长营销顾问,非技术读者,用户故事,长期价值,公开发布,任务编号 P0499。请扮演增长营销顾问。围绕“营销场景099-公开发布”中的定位、投放、转化任务，面向非技术读者，做一次反向推理找出隐藏风险。请用用户故事输出，并从“长期价值”角度做重点判断。要求：按影响力排序；避免专业黑话；最后给出3条可立即执行的下一步。
500,营销,增长营销顾问,中小企业主,对比分析,质量,多方协作,任务编号 P0500。请扮演增长营销顾问。围绕“营销场景100-多方协作”中的定位、投放、转化任务，面向中小企业主，给出低成本试验方案。请用对比分析输出，并从“质量”角度做重点判断。要求：必要时提出澄清问题；用中文输出；最后给出3条可立即执行的下一步。
501,销售,销售教练,管理层,邮件草稿,可维护性,时间紧迫,任务编号 P0501。请扮演销售教练。围绕“销售场景001-时间紧迫”中的话术、异议、跟进任务，面向管理层，创建检查清单并标注常见坑。请用邮件草稿输出，并从“可维护性”角度做重点判断。要求：避免专业黑话；输出可直接复制使用；最后给出3条可立即执行的下一步。
502,销售,销售教练,内容创作者,路线图,长期价值,成熟企业,任务编号 P0502。请扮演销售教练。围绕“销售场景002-成熟企业”中的话术、异议、跟进任务，面向内容创作者，模拟专家评审并指出改进点。请用路线图输出，并从“长期价值”角度做重点判断。要求：包含衡量标准；提供简短版本和完整版本；最后给出3条可立即执行的下一步。
503,销售,销售教练,销售团队,PRD片段,质量,需要降本,任务编号 P0503。请扮演销售教练。围绕“销售场景003-需要降本”中的话术、异议、跟进任务，面向销售团队，根据目标用户重写表达。请用PRD片段输出，并从“质量”角度做重点判断。要求：提供简短版本和完整版本；按影响力排序；最后给出3条可立即执行的下一步。
504,销售,销售教练,教师,表格,用户体验,流程混乱,任务编号 P0504。请扮演销售教练。围绕“销售场景004-流程混乱”中的话术、异议、跟进任务，面向教师，提炼核心洞察并给出行动建议。请用表格输出，并从“用户体验”角度做重点判断。要求：适合在一天内开始执行；包含可执行下一步；最后给出3条可立即执行的下一步。
505,销售,销售教练,本地用户,邮件草稿,学习曲线,数据不足,任务编号 P0505。请扮演销售教练。围绕“销售场景005-数据不足”中的话术、异议、跟进任务，面向本地用户，设计一套可量化指标。请用邮件草稿输出，并从“学习曲线”角度做重点判断。要求：给出示例输入输出；包含衡量标准；最后给出3条可立即执行的下一步。
506,销售,销售教练,创始人,路线图,效率,公开发布,任务编号 P0506。请扮演销售教练。围绕“销售场景006-公开发布”中的话术、异议、跟进任务，面向创始人，把零散想法整理成结构化大纲。请用路线图输出，并从“效率”角度做重点判断。要求：语言简洁，不说空话；标注假设和不确定性；最后给出3条可立即执行的下一步。
507,销售,销售教练,新手用户,PRD片段,风险,多方协作,任务编号 P0507。请扮演销售教练。围绕“销售场景007-多方协作”中的话术、异议、跟进任务，面向新手用户，生成可直接使用的模板。请用PRD片段输出，并从“风险”角度做重点判断。要求：兼顾成本和效果；指出最容易忽略的细节；最后给出3条可立即执行的下一步。
508,销售,销售教练,一线执行团队,表格,增长,预算有限,任务编号 P0508。请扮演销售教练。围绕“销售场景008-预算有限”中的话术、异议、跟进任务，面向一线执行团队，做一次反向推理找出隐藏风险。请用表格输出，并从“增长”角度做重点判断。要求：指出最容易忽略的细节；避免专业黑话；最后给出3条可立即执行的下一步。
509,销售,销售教练,开发团队,邮件草稿,短期落地,初创团队,任务编号 P0509。请扮演销售教练。围绕“销售场景009-初创团队”中的话术、异议、跟进任务，面向开发团队，给出低成本试验方案。请用邮件草稿输出，并从“短期落地”角度做重点判断。要求：包含可执行下一步；用中文输出；最后给出3条可立即执行的下一步。
510,销售,销售教练,客服团队,路线图,成本,需要扩张,任务编号 P0510。请扮演销售教练。围绕“销售场景010-需要扩张”中的话术、异议、跟进任务，面向客服团队，创建对比表并推荐选择。请用路线图输出，并从“成本”角度做重点判断。要求：输出可直接复制使用；兼顾成本和效果；最后给出3条可立即执行的下一步。
511,销售,销售教练,家长,PRD片段,可维护性,新市场验证,任务编号 P0511。请扮演销售教练。围绕“销售场景011-新市场验证”中的话术、异议、跟进任务，面向家长，把长内容压缩成高密度摘要。请用PRD片段输出，并从“可维护性”角度做重点判断。要求：保持中立客观；避免虚构事实；最后给出3条可立即执行的下一步。
512,销售,销售教练,非技术读者,表格,长期价值,竞品压力,任务编号 P0512。请扮演销售教练。围绕“销售场景012-竞品压力”中的话术、异议、跟进任务，面向非技术读者，提出10个创新方向并排序。请用表格输出，并从“长期价值”角度做重点判断。要求：先给结论再解释；包含失败预案；最后给出3条可立即执行的下一步。
513,销售,销售教练,中小企业主,邮件草稿,质量,准备上线,任务编号 P0513。请扮演销售教练。围绕“销售场景013-准备上线”中的话术、异议、跟进任务，面向中小企业主，设计30天训练计划。请用邮件草稿输出，并从“质量”角度做重点判断。要求：包含失败预案；语言简洁，不说空话；最后给出3条可立即执行的下一步。
514,销售,销售教练,资深从业者,路线图,用户体验,高不确定性,任务编号 P0514。请扮演销售教练。围绕“销售场景014-高不确定性”中的话术、异议、跟进任务，面向资深从业者，构建决策树帮助判断下一步。请用路线图输出，并从“用户体验”角度做重点判断。要求：用中文输出；按难易度排序；最后给出3条可立即执行的下一步。
515,销售,销售教练,自由职业者,PRD片段,学习曲线,远程协作,任务编号 P0515。请扮演销售教练。围绕“销售场景015-远程协作”中的话术、异议、跟进任务，面向自由职业者，生成会议讨论提纲。请用PRD片段输出，并从“学习曲线”角度做重点判断。要求：标注假设和不确定性；先给结论再解释；最后给出3条可立即执行的下一步。
516,销售,销售教练,设计团队,表格,效率,个人项目,任务编号 P0516。请扮演销售教练。围绕“销售场景016-个人项目”中的话术、异议、跟进任务，面向设计团队，写一份面向管理层的简报。请用表格输出，并从“效率”角度做重点判断。要求：按影响力排序；给出示例输入输出；最后给出3条可立即执行的下一步。
517,销售,销售教练,投资人,邮件草稿,风险,质量波动,任务编号 P0517。请扮演销售教练。围绕“销售场景017-质量波动”中的话术、异议、跟进任务，面向投资人，写一份面向执行者的操作手册。请用邮件草稿输出，并从“风险”角度做重点判断。要求：必要时提出澄清问题；给出至少一个反例；最后给出3条可立即执行的下一步。
518,销售,销售教练,海外用户,路线图,增长,用户流失,任务编号 P0518。请扮演销售教练。围绕“销售场景018-用户流失”中的话术、异议、跟进任务，面向海外用户，建立评估打分表。请用路线图输出，并从“增长”角度做重点判断。要求：给出至少一个反例；保持中立客观；最后给出3条可立即执行的下一步。
519,销售,销售教练,专家评审,PRD片段,短期落地,内部培训,任务编号 P0519。请扮演销售教练。围绕“销售场景019-内部培训”中的话术、异议、跟进任务，面向专家评审，提出自动化改造思路。请用PRD片段输出，并从“短期落地”角度做重点判断。要求：按难易度排序；适合在一天内开始执行；最后给出3条可立即执行的下一步。
520,销售,销售教练,大学生,表格,成本,需要复盘,任务编号 P0520。请扮演销售教练。围绕“销售场景020-需要复盘”中的话术、异议、跟进任务，面向大学生，设计用户调研问题。请用表格输出，并从“成本”角度做重点判断。要求：避免虚构事实；必要时提出澄清问题；最后给出3条可立即执行的下一步。
521,销售,销售教练,管理层,邮件草稿,可维护性,时间紧迫,任务编号 P0521。请扮演销售教练。围绕“销售场景021-时间紧迫”中的话术、异议、跟进任务，面向管理层，模拟用户反馈并归纳模式。请用邮件草稿输出，并从“可维护性”角度做重点判断。要求：避免专业黑话；输出可直接复制使用；最后给出3条可立即执行的下一步。
522,销售,销售教练,内容创作者,路线图,长期价值,成熟企业,任务编号 P0522。请扮演销售教练。围绕“销售场景022-成熟企业”中的话术、异议、跟进任务，面向内容创作者，生成故障排查路径。请用路线图输出，并从“长期价值”角度做重点判断。要求：包含衡量标准；提供简短版本和完整版本；最后给出3条可立即执行的下一步。
523,销售,销售教练,销售团队,PRD片段,质量,需要降本,任务编号 P0523。请扮演销售教练。围绕“销售场景023-需要降本”中的话术、异议、跟进任务，面向销售团队，把目标拆成里程碑。请用PRD片段输出，并从“质量”角度做重点判断。要求：提供简短版本和完整版本；按影响力排序；最后给出3条可立即执行的下一步。
524,销售,销售教练,教师,表格,用户体验,流程混乱,任务编号 P0524。请扮演销售教练。围绕“销售场景024-流程混乱”中的话术、异议、跟进任务，面向教师，提出可复用命名规范。请用表格输出，并从“用户体验”角度做重点判断。要求：适合在一天内开始执行；包含可执行下一步；最后给出3条可立即执行的下一步。
525,销售,销售教练,本地用户,邮件草稿,学习曲线,数据不足,任务编号 P0525。请扮演销售教练。围绕“销售场景025-数据不足”中的话术、异议、跟进任务，面向本地用户，创建风险登记册。请用邮件草稿输出，并从“学习曲线”角度做重点判断。要求：给出示例输入输出；包含衡量标准；最后给出3条可立即执行的下一步。
526,销售,销售教练,创始人,路线图,效率,公开发布,任务编号 P0526。请扮演销售教练。围绕“销售场景026-公开发布”中的话术、异议、跟进任务，面向创始人，制定一份可执行方案。请用路线图输出，并从“效率”角度做重点判断。要求：语言简洁，不说空话；标注假设和不确定性；最后给出3条可立即执行的下一步。
527,销售,销售教练,新手用户,PRD片段,风险,多方协作,任务编号 P0527。请扮演销售教练。围绕“销售场景027-多方协作”中的话术、异议、跟进任务，面向新手用户，列出关键问题并给出优先级。请用PRD片段输出，并从“风险”角度做重点判断。要求：兼顾成本和效果；指出最容易忽略的细节；最后给出3条可立即执行的下一步。
528,销售,销售教练,一线执行团队,表格,增长,预算有限,任务编号 P0528。请扮演销售教练。围绕“销售场景028-预算有限”中的话术、异议、跟进任务，面向一线执行团队，生成三种风格完全不同的版本。请用表格输出，并从“增长”角度做重点判断。要求：指出最容易忽略的细节；避免专业黑话；最后给出3条可立即执行的下一步。
529,销售,销售教练,开发团队,邮件草稿,短期落地,初创团队,任务编号 P0529。请扮演销售教练。围绕“销售场景029-初创团队”中的话术、异议、跟进任务，面向开发团队，把复杂内容改写成新手也能懂的说明。请用邮件草稿输出，并从“短期落地”角度做重点判断。要求：包含可执行下一步；用中文输出；最后给出3条可立即执行的下一步。
530,销售,销售教练,客服团队,路线图,成本,需要扩张,任务编号 P0530。请扮演销售教练。围绕“销售场景030-需要扩张”中的话术、异议、跟进任务，面向客服团队，设计一个从零到一的工作流。请用路线图输出，并从“成本”角度做重点判断。要求：输出可直接复制使用；兼顾成本和效果；最后给出3条可立即执行的下一步。
531,销售,销售教练,家长,PRD片段,可维护性,新市场验证,任务编号 P0531。请扮演销售教练。围绕“销售场景031-新市场验证”中的话术、异议、跟进任务，面向家长，创建检查清单并标注常见坑。请用PRD片段输出，并从“可维护性”角度做重点判断。要求：保持中立客观；避免虚构事实；最后给出3条可立即执行的下一步。
532,销售,销售教练,非技术读者,表格,长期价值,竞品压力,任务编号 P0532。请扮演销售教练。围绕“销售场景032-竞品压力”中的话术、异议、跟进任务，面向非技术读者，模拟专家评审并指出改进点。请用表格输出，并从“长期价值”角度做重点判断。要求：先给结论再解释；包含失败预案；最后给出3条可立即执行的下一步。
533,销售,销售教练,中小企业主,邮件草稿,质量,准备上线,任务编号 P0533。请扮演销售教练。围绕“销售场景033-准备上线”中的话术、异议、跟进任务，面向中小企业主，根据目标用户重写表达。请用邮件草稿输出，并从“质量”角度做重点判断。要求：包含失败预案；语言简洁，不说空话；最后给出3条可立即执行的下一步。
534,销售,销售教练,资深从业者,路线图,用户体验,高不确定性,任务编号 P0534。请扮演销售教练。围绕“销售场景034-高不确定性”中的话术、异议、跟进任务，面向资深从业者，提炼核心洞察并给出行动建议。请用路线图输出，并从“用户体验”角度做重点判断。要求：用中文输出；按难易度排序；最后给出3条可立即执行的下一步。
535,销售,销售教练,自由职业者,PRD片段,学习曲线,远程协作,任务编号 P0535。请扮演销售教练。围绕“销售场景035-远程协作”中的话术、异议、跟进任务，面向自由职业者，设计一套可量化指标。请用PRD片段输出，并从“学习曲线”角度做重点判断。要求：标注假设和不确定性；先给结论再解释；最后给出3条可立即执行的下一步。
536,销售,销售教练,设计团队,表格,效率,个人项目,任务编号 P0536。请扮演销售教练。围绕“销售场景036-个人项目”中的话术、异议、跟进任务，面向设计团队，把零散想法整理成结构化大纲。请用表格输出，并从“效率”角度做重点判断。要求：按影响力排序；给出示例输入输出；最后给出3条可立即执行的下一步。
537,销售,销售教练,投资人,邮件草稿,风险,质量波动,任务编号 P0537。请扮演销售教练。围绕“销售场景037-质量波动”中的话术、异议、跟进任务，面向投资人，生成可直接使用的模板。请用邮件草稿输出，并从“风险”角度做重点判断。要求：必要时提出澄清问题；给出至少一个反例；最后给出3条可立即执行的下一步。
538,销售,销售教练,海外用户,路线图,增长,用户流失,任务编号 P0538。请扮演销售教练。围绕“销售场景038-用户流失”中的话术、异议、跟进任务，面向海外用户，做一次反向推理找出隐藏风险。请用路线图输出，并从“增长”角度做重点判断。要求：给出至少一个反例；保持中立客观；最后给出3条可立即执行的下一步。
539,销售,销售教练,专家评审,PRD片段,短期落地,内部培训,任务编号 P0539。请扮演销售教练。围绕“销售场景039-内部培训”中的话术、异议、跟进任务，面向专家评审，给出低成本试验方案。请用PRD片段输出，并从“短期落地”角度做重点判断。要求：按难易度排序；适合在一天内开始执行；最后给出3条可立即执行的下一步。
540,销售,销售教练,大学生,表格,成本,需要复盘,任务编号 P0540。请扮演销售教练。围绕“销售场景040-需要复盘”中的话术、异议、跟进任务，面向大学生，创建对比表并推荐选择。请用表格输出，并从“成本”角度做重点判断。要求：避免虚构事实；必要时提出澄清问题；最后给出3条可立即执行的下一步。
541,销售,销售教练,管理层,邮件草稿,可维护性,时间紧迫,任务编号 P0541。请扮演销售教练。围绕“销售场景041-时间紧迫”中的话术、异议、跟进任务，面向管理层，把长内容压缩成高密度摘要。请用邮件草稿输出，并从“可维护性”角度做重点判断。要求：避免专业黑话；输出可直接复制使用；最后给出3条可立即执行的下一步。
542,销售,销售教练,内容创作者,路线图,长期价值,成熟企业,任务编号 P0542。请扮演销售教练。围绕“销售场景042-成熟企业”中的话术、异议、跟进任务，面向内容创作者，提出10个创新方向并排序。请用路线图输出，并从“长期价值”角度做重点判断。要求：包含衡量标准；提供简短版本和完整版本；最后给出3条可立即执行的下一步。
543,销售,销售教练,销售团队,PRD片段,质量,需要降本,任务编号 P0543。请扮演销售教练。围绕“销售场景043-需要降本”中的话术、异议、跟进任务，面向销售团队，设计30天训练计划。请用PRD片段输出，并从“质量”角度做重点判断。要求：提供简短版本和完整版本；按影响力排序；最后给出3条可立即执行的下一步。
544,销售,销售教练,教师,表格,用户体验,流程混乱,任务编号 P0544。请扮演销售教练。围绕“销售场景044-流程混乱”中的话术、异议、跟进任务，面向教师，构建决策树帮助判断下一步。请用表格输出，并从“用户体验”角度做重点判断。要求：适合在一天内开始执行；包含可执行下一步；最后给出3条可立即执行的下一步。
545,销售,销售教练,本地用户,邮件草稿,学习曲线,数据不足,任务编号 P0545。请扮演销售教练。围绕“销售场景045-数据不足”中的话术、异议、跟进任务，面向本地用户，生成会议讨论提纲。请用邮件草稿输出，并从“学习曲线”角度做重点判断。要求：给出示例输入输出；包含衡量标准；最后给出3条可立即执行的下一步。
546,销售,销售教练,创始人,路线图,效率,公开发布,任务编号 P0546。请扮演销售教练。围绕“销售场景046-公开发布”中的话术、异议、跟进任务，面向创始人，写一份面向管理层的简报。请用路线图输出，并从“效率”角度做重点判断。要求：语言简洁，不说空话；标注假设和不确定性；最后给出3条可立即执行的下一步。
547,销售,销售教练,新手用户,PRD片段,风险,多方协作,任务编号 P0547。请扮演销售教练。围绕“销售场景047-多方协作”中的话术、异议、跟进任务，面向新手用户，写一份面向执行者的操作手册。请用PRD片段输出，并从“风险”角度做重点判断。要求：兼顾成本和效果；指出最容易忽略的细节；最后给出3条可立即执行的下一步。
548,销售,销售教练,一线执行团队,表格,增长,预算有限,任务编号 P0548。请扮演销售教练。围绕“销售场景048-预算有限”中的话术、异议、跟进任务，面向一线执行团队，建立评估打分表。请用表格输出，并从“增长”角度做重点判断。要求：指出最容易忽略的细节；避免专业黑话；最后给出3条可立即执行的下一步。
549,销售,销售教练,开发团队,邮件草稿,短期落地,初创团队,任务编号 P0549。请扮演销售教练。围绕“销售场景049-初创团队”中的话术、异议、跟进任务，面向开发团队，提出自动化改造思路。请用邮件草稿输出，并从“短期落地”角度做重点判断。要求：包含可执行下一步；用中文输出；最后给出3条可立即执行的下一步。
550,销售,销售教练,客服团队,路线图,成本,需要扩张,任务编号 P0550。请扮演销售教练。围绕“销售场景050-需要扩张”中的话术、异议、跟进任务，面向客服团队，设计用户调研问题。请用路线图输出，并从“成本”角度做重点判断。要求：输出可直接复制使用；兼顾成本和效果；最后给出3条可立即执行的下一步。
551,销售,销售教练,家长,PRD片段,可维护性,新市场验证,任务编号 P0551。请扮演销售教练。围绕“销售场景051-新市场验证”中的话术、异议、跟进任务，面向家长，模拟用户反馈并归纳模式。请用PRD片段输出，并从“可维护性”角度做重点判断。要求：保持中立客观；避免虚构事实；最后给出3条可立即执行的下一步。
552,销售,销售教练,非技术读者,表格,长期价值,竞品压力,任务编号 P0552。请扮演销售教练。围绕“销售场景052-竞品压力”中的话术、异议、跟进任务，面向非技术读者，生成故障排查路径。请用表格输出，并从“长期价值”角度做重点判断。要求：先给结论再解释；包含失败预案；最后给出3条可立即执行的下一步。
553,销售,销售教练,中小企业主,邮件草稿,质量,准备上线,任务编号 P0553。请扮演销售教练。围绕“销售场景053-准备上线”中的话术、异议、跟进任务，面向中小企业主，把目标拆成里程碑。请用邮件草稿输出，并从“质量”角度做重点判断。要求：包含失败预案；语言简洁，不说空话；最后给出3条可立即执行的下一步。
554,销售,销售教练,资深从业者,路线图,用户体验,高不确定性,任务编号 P0554。请扮演销售教练。围绕“销售场景054-高不确定性”中的话术、异议、跟进任务，面向资深从业者，提出可复用命名规范。请用路线图输出，并从“用户体验”角度做重点判断。要求：用中文输出；按难易度排序；最后给出3条可立即执行的下一步。
555,销售,销售教练,自由职业者,PRD片段,学习曲线,远程协作,任务编号 P0555。请扮演销售教练。围绕“销售场景055-远程协作”中的话术、异议、跟进任务，面向自由职业者，创建风险登记册。请用PRD片段输出，并从“学习曲线”角度做重点判断。要求：标注假设和不确定性；先给结论再解释；最后给出3条可立即执行的下一步。
556,销售,销售教练,设计团队,表格,效率,个人项目,任务编号 P0556。请扮演销售教练。围绕“销售场景056-个人项目”中的话术、异议、跟进任务，面向设计团队，制定一份可执行方案。请用表格输出，并从“效率”角度做重点判断。要求：按影响力排序；给出示例输入输出；最后给出3条可立即执行的下一步。
557,销售,销售教练,投资人,邮件草稿,风险,质量波动,任务编号 P0557。请扮演销售教练。围绕“销售场景057-质量波动”中的话术、异议、跟进任务，面向投资人，列出关键问题并给出优先级。请用邮件草稿输出，并从“风险”角度做重点判断。要求：必要时提出澄清问题；给出至少一个反例；最后给出3条可立即执行的下一步。
558,销售,销售教练,海外用户,路线图,增长,用户流失,任务编号 P0558。请扮演销售教练。围绕“销售场景058-用户流失”中的话术、异议、跟进任务，面向海外用户，生成三种风格完全不同的版本。请用路线图输出，并从“增长”角度做重点判断。要求：给出至少一个反例；保持中立客观；最后给出3条可立即执行的下一步。
559,销售,销售教练,专家评审,PRD片段,短期落地,内部培训,任务编号 P0559。请扮演销售教练。围绕“销售场景059-内部培训”中的话术、异议、跟进任务，面向专家评审，把复杂内容改写成新手也能懂的说明。请用PRD片段输出，并从“短期落地”角度做重点判断。要求：按难易度排序；适合在一天内开始执行；最后给出3条可立即执行的下一步。
560,销售,销售教练,大学生,表格,成本,需要复盘,任务编号 P0560。请扮演销售教练。围绕“销售场景060-需要复盘”中的话术、异议、跟进任务，面向大学生，设计一个从零到一的工作流。请用表格输出，并从“成本”角度做重点判断。要求：避免虚构事实；必要时提出澄清问题；最后给出3条可立即执行的下一步。
561,销售,销售教练,管理层,邮件草稿,可维护性,时间紧迫,任务编号 P0561。请扮演销售教练。围绕“销售场景061-时间紧迫”中的话术、异议、跟进任务，面向管理层，创建检查清单并标注常见坑。请用邮件草稿输出，并从“可维护性”角度做重点判断。要求：避免专业黑话；输出可直接复制使用；最后给出3条可立即执行的下一步。
562,销售,销售教练,内容创作者,路线图,长期价值,成熟企业,任务编号 P0562。请扮演销售教练。围绕“销售场景062-成熟企业”中的话术、异议、跟进任务，面向内容创作者，模拟专家评审并指出改进点。请用路线图输出，并从“长期价值”角度做重点判断。要求：包含衡量标准；提供简短版本和完整版本；最后给出3条可立即执行的下一步。
563,销售,销售教练,销售团队,PRD片段,质量,需要降本,任务编号 P0563。请扮演销售教练。围绕“销售场景063-需要降本”中的话术、异议、跟进任务，面向销售团队，根据目标用户重写表达。请用PRD片段输出，并从“质量”角度做重点判断。要求：提供简短版本和完整版本；按影响力排序；最后给出3条可立即执行的下一步。
564,销售,销售教练,教师,表格,用户体验,流程混乱,任务编号 P0564。请扮演销售教练。围绕“销售场景064-流程混乱”中的话术、异议、跟进任务，面向教师，提炼核心洞察并给出行动建议。请用表格输出，并从“用户体验”角度做重点判断。要求：适合在一天内开始执行；包含可执行下一步；最后给出3条可立即执行的下一步。
565,销售,销售教练,本地用户,邮件草稿,学习曲线,数据不足,任务编号 P0565。请扮演销售教练。围绕“销售场景065-数据不足”中的话术、异议、跟进任务，面向本地用户，设计一套可量化指标。请用邮件草稿输出，并从“学习曲线”角度做重点判断。要求：给出示例输入输出；包含衡量标准；最后给出3条可立即执行的下一步。
566,销售,销售教练,创始人,路线图,效率,公开发布,任务编号 P0566。请扮演销售教练。围绕“销售场景066-公开发布”中的话术、异议、跟进任务，面向创始人，把零散想法整理成结构化大纲。请用路线图输出，并从“效率”角度做重点判断。要求：语言简洁，不说空话；标注假设和不确定性；最后给出3条可立即执行的下一步。
567,销售,销售教练,新手用户,PRD片段,风险,多方协作,任务编号 P0567。请扮演销售教练。围绕“销售场景067-多方协作”中的话术、异议、跟进任务，面向新手用户，生成可直接使用的模板。请用PRD片段输出，并从“风险”角度做重点判断。要求：兼顾成本和效果；指出最容易忽略的细节；最后给出3条可立即执行的下一步。
568,销售,销售教练,一线执行团队,表格,增长,预算有限,任务编号 P0568。请扮演销售教练。围绕“销售场景068-预算有限”中的话术、异议、跟进任务，面向一线执行团队，做一次反向推理找出隐藏风险。请用表格输出，并从“增长”角度做重点判断。要求：指出最容易忽略的细节；避免专业黑话；最后给出3条可立即执行的下一步。
569,销售,销售教练,开发团队,邮件草稿,短期落地,初创团队,任务编号 P0569。请扮演销售教练。围绕“销售场景069-初创团队”中的话术、异议、跟进任务，面向开发团队，给出低成本试验方案。请用邮件草稿输出，并从“短期落地”角度做重点判断。要求：包含可执行下一步；用中文输出；最后给出3条可立即执行的下一步。
570,销售,销售教练,客服团队,路线图,成本,需要扩张,任务编号 P0570。请扮演销售教练。围绕“销售场景070-需要扩张”中的话术、异议、跟进任务，面向客服团队，创建对比表并推荐选择。请用路线图输出，并从“成本”角度做重点判断。要求：输出可直接复制使用；兼顾成本和效果；最后给出3条可立即执行的下一步。
571,销售,销售教练,家长,PRD片段,可维护性,新市场验证,任务编号 P0571。请扮演销售教练。围绕“销售场景071-新市场验证”中的话术、异议、跟进任务，面向家长，把长内容压缩成高密度摘要。请用PRD片段输出，并从“可维护性”角度做重点判断。要求：保持中立客观；避免虚构事实；最后给出3条可立即执行的下一步。
572,销售,销售教练,非技术读者,表格,长期价值,竞品压力,任务编号 P0572。请扮演销售教练。围绕“销售场景072-竞品压力”中的话术、异议、跟进任务，面向非技术读者，提出10个创新方向并排序。请用表格输出，并从“长期价值”角度做重点判断。要求：先给结论再解释；包含失败预案；最后给出3条可立即执行的下一步。
573,销售,销售教练,中小企业主,邮件草稿,质量,准备上线,任务编号 P0573。请扮演销售教练。围绕“销售场景073-准备上线”中的话术、异议、跟进任务，面向中小企业主，设计30天训练计划。请用邮件草稿输出，并从“质量”角度做重点判断。要求：包含失败预案；语言简洁，不说空话；最后给出3条可立即执行的下一步。
574,销售,销售教练,资深从业者,路线图,用户体验,高不确定性,任务编号 P0574。请扮演销售教练。围绕“销售场景074-高不确定性”中的话术、异议、跟进任务，面向资深从业者，构建决策树帮助判断下一步。请用路线图输出，并从“用户体验”角度做重点判断。要求：用中文输出；按难易度排序；最后给出3条可立即执行的下一步。
575,销售,销售教练,自由职业者,PRD片段,学习曲线,远程协作,任务编号 P0575。请扮演销售教练。围绕“销售场景075-远程协作”中的话术、异议、跟进任务，面向自由职业者，生成会议讨论提纲。请用PRD片段输出，并从“学习曲线”角度做重点判断。要求：标注假设和不确定性；先给结论再解释；最后给出3条可立即执行的下一步。
576,销售,销售教练,设计团队,表格,效率,个人项目,任务编号 P0576。请扮演销售教练。围绕“销售场景076-个人项目”中的话术、异议、跟进任务，面向设计团队，写一份面向管理层的简报。请用表格输出，并从“效率”角度做重点判断。要求：按影响力排序；给出示例输入输出；最后给出3条可立即执行的下一步。
577,销售,销售教练,投资人,邮件草稿,风险,质量波动,任务编号 P0577。请扮演销售教练。围绕“销售场景077-质量波动”中的话术、异议、跟进任务，面向投资人，写一份面向执行者的操作手册。请用邮件草稿输出，并从“风险”角度做重点判断。要求：必要时提出澄清问题；给出至少一个反例；最后给出3条可立即执行的下一步。
578,销售,销售教练,海外用户,路线图,增长,用户流失,任务编号 P0578。请扮演销售教练。围绕“销售场景078-用户流失”中的话术、异议、跟进任务，面向海外用户，建立评估打分表。请用路线图输出，并从“增长”角度做重点判断。要求：给出至少一个反例；保持中立客观；最后给出3条可立即执行的下一步。
579,销售,销售教练,专家评审,PRD片段,短期落地,内部培训,任务编号 P0579。请扮演销售教练。围绕“销售场景079-内部培训”中的话术、异议、跟进任务，面向专家评审，提出自动化改造思路。请用PRD片段输出，并从“短期落地”角度做重点判断。要求：按难易度排序；适合在一天内开始执行；最后给出3条可立即执行的下一步。
580,销售,销售教练,大学生,表格,成本,需要复盘,任务编号 P0580。请扮演销售教练。围绕“销售场景080-需要复盘”中的话术、异议、跟进任务，面向大学生，设计用户调研问题。请用表格输出，并从“成本”角度做重点判断。要求：避免虚构事实；必要时提出澄清问题；最后给出3条可立即执行的下一步。
581,销售,销售教练,管理层,邮件草稿,可维护性,时间紧迫,任务编号 P0581。请扮演销售教练。围绕“销售场景081-时间紧迫”中的话术、异议、跟进任务，面向管理层，模拟用户反馈并归纳模式。请用邮件草稿输出，并从“可维护性”角度做重点判断。要求：避免专业黑话；输出可直接复制使用；最后给出3条可立即执行的下一步。
582,销售,销售教练,内容创作者,路线图,长期价值,成熟企业,任务编号 P0582。请扮演销售教练。围绕“销售场景082-成熟企业”中的话术、异议、跟进任务，面向内容创作者，生成故障排查路径。请用路线图输出，并从“长期价值”角度做重点判断。要求：包含衡量标准；提供简短版本和完整版本；最后给出3条可立即执行的下一步。
583,销售,销售教练,销售团队,PRD片段,质量,需要降本,任务编号 P0583。请扮演销售教练。围绕“销售场景083-需要降本”中的话术、异议、跟进任务，面向销售团队，把目标拆成里程碑。请用PRD片段输出，并从“质量”角度做重点判断。要求：提供简短版本和完整版本；按影响力排序；最后给出3条可立即执行的下一步。
584,销售,销售教练,教师,表格,用户体验,流程混乱,任务编号 P0584。请扮演销售教练。围绕“销售场景084-流程混乱”中的话术、异议、跟进任务，面向教师，提出可复用命名规范。请用表格输出，并从“用户体验”角度做重点判断。要求：适合在一天内开始执行；包含可执行下一步；最后给出3条可立即执行的下一步。
585,销售,销售教练,本地用户,邮件草稿,学习曲线,数据不足,任务编号 P0585。请扮演销售教练。围绕“销售场景085-数据不足”中的话术、异议、跟进任务，面向本地用户，创建风险登记册。请用邮件草稿输出，并从“学习曲线”角度做重点判断。要求：给出示例输入输出；包含衡量标准；最后给出3条可立即执行的下一步。
586,销售,销售教练,创始人,路线图,效率,公开发布,任务编号 P0586。请扮演销售教练。围绕“销售场景086-公开发布”中的话术、异议、跟进任务，面向创始人，制定一份可执行方案。请用路线图输出，并从“效率”角度做重点判断。要求：语言简洁，不说空话；标注假设和不确定性；最后给出3条可立即执行的下一步。
587,销售,销售教练,新手用户,PRD片段,风险,多方协作,任务编号 P0587。请扮演销售教练。围绕“销售场景087-多方协作”中的话术、异议、跟进任务，面向新手用户，列出关键问题并给出优先级。请用PRD片段输出，并从“风险”角度做重点判断。要求：兼顾成本和效果；指出最容易忽略的细节；最后给出3条可立即执行的下一步。
588,销售,销售教练,一线执行团队,表格,增长,预算有限,任务编号 P0588。请扮演销售教练。围绕“销售场景088-预算有限”中的话术、异议、跟进任务，面向一线执行团队，生成三种风格完全不同的版本。请用表格输出，并从“增长”角度做重点判断。要求：指出最容易忽略的细节；避免专业黑话；最后给出3条可立即执行的下一步。
589,销售,销售教练,开发团队,邮件草稿,短期落地,初创团队,任务编号 P0589。请扮演销售教练。围绕“销售场景089-初创团队”中的话术、异议、跟进任务，面向开发团队，把复杂内容改写成新手也能懂的说明。请用邮件草稿输出，并从“短期落地”角度做重点判断。要求：包含可执行下一步；用中文输出；最后给出3条可立即执行的下一步。
590,销售,销售教练,客服团队,路线图,成本,需要扩张,任务编号 P0590。请扮演销售教练。围绕“销售场景090-需要扩张”中的话术、异议、跟进任务，面向客服团队，设计一个从零到一的工作流。请用路线图输出，并从“成本”角度做重点判断。要求：输出可直接复制使用；兼顾成本和效果；最后给出3条可立即执行的下一步。
591,销售,销售教练,家长,PRD片段,可维护性,新市场验证,任务编号 P0591。请扮演销售教练。围绕“销售场景091-新市场验证”中的话术、异议、跟进任务，面向家长，创建检查清单并标注常见坑。请用PRD片段输出，并从“可维护性”角度做重点判断。要求：保持中立客观；避免虚构事实；最后给出3条可立即执行的下一步。
592,销售,销售教练,非技术读者,表格,长期价值,竞品压力,任务编号 P0592。请扮演销售教练。围绕“销售场景092-竞品压力”中的话术、异议、跟进任务，面向非技术读者，模拟专家评审并指出改进点。请用表格输出，并从“长期价值”角度做重点判断。要求：先给结论再解释；包含失败预案；最后给出3条可立即执行的下一步。
593,销售,销售教练,中小企业主,邮件草稿,质量,准备上线,任务编号 P0593。请扮演销售教练。围绕“销售场景093-准备上线”中的话术、异议、跟进任务，面向中小企业主，根据目标用户重写表达。请用邮件草稿输出，并从“质量”角度做重点判断。要求：包含失败预案；语言简洁，不说空话；最后给出3条可立即执行的下一步。
594,销售,销售教练,资深从业者,路线图,用户体验,高不确定性,任务编号 P0594。请扮演销售教练。围绕“销售场景094-高不确定性”中的话术、异议、跟进任务，面向资深从业者，提炼核心洞察并给出行动建议。请用路线图输出，并从“用户体验”角度做重点判断。要求：用中文输出；按难易度排序；最后给出3条可立即执行的下一步。
595,销售,销售教练,自由职业者,PRD片段,学习曲线,远程协作,任务编号 P0595。请扮演销售教练。围绕“销售场景095-远程协作”中的话术、异议、跟进任务，面向自由职业者，设计一套可量化指标。请用PRD片段输出，并从“学习曲线”角度做重点判断。要求：标注假设和不确定性；先给结论再解释；最后给出3条可立即执行的下一步。
596,销售,销售教练,设计团队,表格,效率,个人项目,任务编号 P0596。请扮演销售教练。围绕“销售场景096-个人项目”中的话术、异议、跟进任务，面向设计团队，把零散想法整理成结构化大纲。请用表格输出，并从“效率”角度做重点判断。要求：按影响力排序；给出示例输入输出；最后给出3条可立即执行的下一步。
597,销售,销售教练,投资人,邮件草稿,风险,质量波动,任务编号 P0597。请扮演销售教练。围绕“销售场景097-质量波动”中的话术、异议、跟进任务，面向投资人，生成可直接使用的模板。请用邮件草稿输出，并从“风险”角度做重点判断。要求：必要时提出澄清问题；给出至少一个反例；最后给出3条可立即执行的下一步。
598,销售,销售教练,海外用户,路线图,增长,用户流失,任务编号 P0598。请扮演销售教练。围绕“销售场景098-用户流失”中的话术、异议、跟进任务，面向海外用户，做一次反向推理找出隐藏风险。请用路线图输出，并从“增长”角度做重点判断。要求：给出至少一个反例；保持中立客观；最后给出3条可立即执行的下一步。
599,销售,销售教练,专家评审,PRD片段,短期落地,内部培训,任务编号 P0599。请扮演销售教练。围绕“销售场景099-内部培训”中的话术、异议、跟进任务，面向专家评审，给出低成本试验方案。请用PRD片段输出，并从“短期落地”角度做重点判断。要求：按难易度排序；适合在一天内开始执行；最后给出3条可立即执行的下一步。
600,销售,销售教练,大学生,表格,成本,需要复盘,任务编号 P0600。请扮演销售教练。围绕“销售场景100-需要复盘”中的话术、异议、跟进任务，面向大学生，创建对比表并推荐选择。请用表格输出，并从“成本”角度做重点判断。要求：避免虚构事实；必要时提出澄清问题；最后给出3条可立即执行的下一步。
601,运营,运营负责人,一线执行团队,对话脚本,增长,高不确定性,任务编号 P0601。请扮演运营负责人。围绕“运营场景001-高不确定性”中的流程、指标、活动任务，面向一线执行团队，模拟专家评审并指出改进点。请用对话脚本输出，并从“增长”角度做重点判断。要求：适合在一天内开始执行；包含失败预案；最后给出3条可立即执行的下一步。
602,运营,运营负责人,开发团队,FAQ,短期落地,远程协作,任务编号 P0602。请扮演运营负责人。围绕“运营场景002-远程协作”中的流程、指标、活动任务，面向开发团队，根据目标用户重写表达。请用FAQ输出，并从“短期落地”角度做重点判断。要求：给出示例输入输出；语言简洁，不说空话；最后给出3条可立即执行的下一步。
603,运营,运营负责人,客服团队,演讲稿,成本,个人项目,任务编号 P0603。请扮演运营负责人。围绕“运营场景003-个人项目”中的流程、指标、活动任务，面向客服团队，提炼核心洞察并给出行动建议。请用演讲稿输出，并从“成本”角度做重点判断。要求：语言简洁，不说空话；按难易度排序；最后给出3条可立即执行的下一步。
604,运营,运营负责人,家长,编号清单,可维护性,质量波动,任务编号 P0604。请扮演运营负责人。围绕“运营场景004-质量波动”中的流程、指标、活动任务，面向家长，设计一套可量化指标。请用编号清单输出，并从“可维护性”角度做重点判断。要求：兼顾成本和效果；先给结论再解释；最后给出3条可立即执行的下一步。
605,运营,运营负责人,非技术读者,对话脚本,长期价值,用户流失,任务编号 P0605。请扮演运营负责人。围绕“运营场景005-用户流失”中的流程、指标、活动任务，面向非技术读者，把零散想法整理成结构化大纲。请用对话脚本输出，并从“长期价值”角度做重点判断。要求：指出最容易忽略的细节；给出示例输入输出；最后给出3条可立即执行的下一步。
606,运营,运营负责人,中小企业主,FAQ,质量,内部培训,任务编号 P0606。请扮演运营负责人。围绕“运营场景006-内部培训”中的流程、指标、活动任务，面向中小企业主，生成可直接使用的模板。请用FAQ输出，并从“质量”角度做重点判断。要求：包含可执行下一步；给出至少一个反例；最后给出3条可立即执行的下一步。
607,运营,运营负责人,资深从业者,演讲稿,用户体验,需要复盘,任务编号 P0607。请扮演运营负责人。围绕“运营场景007-需要复盘”中的流程、指标、活动任务，面向资深从业者，做一次反向推理找出隐藏风险。请用演讲稿输出，并从“用户体验”角度做重点判断。要求：输出可直接复制使用；保持中立客观；最后给出3条可立即执行的下一步。
608,运营,运营负责人,自由职业者,编号清单,学习曲线,时间紧迫,任务编号 P0608。请扮演运营负责人。围绕“运营场景008-时间紧迫”中的流程、指标、活动任务，面向自由职业者，给出低成本试验方案。请用编号清单输出，并从“学习曲线”角度做重点判断。要求：保持中立客观；适合在一天内开始执行；最后给出3条可立即执行的下一步。
609,运营,运营负责人,设计团队,对话脚本,效率,成熟企业,任务编号 P0609。请扮演运营负责人。围绕“运营场景009-成熟企业”中的流程、指标、活动任务，面向设计团队，创建对比表并推荐选择。请用对话脚本输出，并从“效率”角度做重点判断。要求：先给结论再解释；必要时提出澄清问题；最后给出3条可立即执行的下一步。
610,运营,运营负责人,投资人,FAQ,风险,需要降本,任务编号 P0610。请扮演运营负责人。围绕“运营场景010-需要降本”中的流程、指标、活动任务，面向投资人，把长内容压缩成高密度摘要。请用FAQ输出，并从“风险”角度做重点判断。要求：包含失败预案；输出可直接复制使用；最后给出3条可立即执行的下一步。
611,运营,运营负责人,海外用户,演讲稿,增长,流程混乱,任务编号 P0611。请扮演运营负责人。围绕“运营场景011-流程混乱”中的流程、指标、活动任务，面向海外用户，提出10个创新方向并排序。请用演讲稿输出，并从“增长”角度做重点判断。要求：用中文输出；提供简短版本和完整版本；最后给出3条可立即执行的下一步。
612,运营,运营负责人,专家评审,编号清单,短期落地,数据不足,任务编号 P0612。请扮演运营负责人。围绕“运营场景012-数据不足”中的流程、指标、活动任务，面向专家评审，设计30天训练计划。请用编号清单输出，并从“短期落地”角度做重点判断。要求：标注假设和不确定性；按影响力排序；最后给出3条可立即执行的下一步。
613,运营,运营负责人,大学生,对话脚本,成本,公开发布,任务编号 P0613。请扮演运营负责人。围绕“运营场景013-公开发布”中的流程、指标、活动任务，面向大学生，构建决策树帮助判断下一步。请用对话脚本输出，并从“成本”角度做重点判断。要求：按影响力排序；包含可执行下一步；最后给出3条可立即执行的下一步。
614,运营,运营负责人,管理层,FAQ,可维护性,多方协作,任务编号 P0614。请扮演运营负责人。围绕“运营场景014-多方协作”中的流程、指标、活动任务，面向管理层，生成会议讨论提纲。请用FAQ输出，并从“可维护性”角度做重点判断。要求：必要时提出澄清问题；包含衡量标准；最后给出3条可立即执行的下一步。
615,运营,运营负责人,内容创作者,演讲稿,长期价值,预算有限,任务编号 P0615。请扮演运营负责人。围绕“运营场景015-预算有限”中的流程、指标、活动任务，面向内容创作者，写一份面向管理层的简报。请用演讲稿输出，并从“长期价值”角度做重点判断。要求：给出至少一个反例；标注假设和不确定性；最后给出3条可立即执行的下一步。
616,运营,运营负责人,销售团队,编号清单,质量,初创团队,任务编号 P0616。请扮演运营负责人。围绕“运营场景016-初创团队”中的流程、指标、活动任务，面向销售团队，写一份面向执行者的操作手册。请用编号清单输出，并从“质量”角度做重点判断。要求：按难易度排序；指出最容易忽略的细节；最后给出3条可立即执行的下一步。
617,运营,运营负责人,教师,对话脚本,用户体验,需要扩张,任务编号 P0617。请扮演运营负责人。围绕“运营场景017-需要扩张”中的流程、指标、活动任务，面向教师，建立评估打分表。请用对话脚本输出，并从“用户体验”角度做重点判断。要求：避免虚构事实；避免专业黑话；最后给出3条可立即执行的下一步。
618,运营,运营负责人,本地用户,FAQ,学习曲线,新市场验证,任务编号 P0618。请扮演运营负责人。围绕“运营场景018-新市场验证”中的流程、指标、活动任务，面向本地用户，提出自动化改造思路。请用FAQ输出，并从“学习曲线”角度做重点判断。要求：避免专业黑话；用中文输出；最后给出3条可立即执行的下一步。
619,运营,运营负责人,创始人,演讲稿,效率,竞品压力,任务编号 P0619。请扮演运营负责人。围绕“运营场景019-竞品压力”中的流程、指标、活动任务，面向创始人，设计用户调研问题。请用演讲稿输出，并从“效率”角度做重点判断。要求：包含衡量标准；兼顾成本和效果；最后给出3条可立即执行的下一步。
620,运营,运营负责人,新手用户,编号清单,风险,准备上线,任务编号 P0620。请扮演运营负责人。围绕“运营场景020-准备上线”中的流程、指标、活动任务，面向新手用户，模拟用户反馈并归纳模式。请用编号清单输出，并从“风险”角度做重点判断。要求：提供简短版本和完整版本；避免虚构事实；最后给出3条可立即执行的下一步。
621,运营,运营负责人,一线执行团队,对话脚本,增长,高不确定性,任务编号 P0621。请扮演运营负责人。围绕“运营场景021-高不确定性”中的流程、指标、活动任务，面向一线执行团队，生成故障排查路径。请用对话脚本输出，并从“增长”角度做重点判断。要求：适合在一天内开始执行；包含失败预案；最后给出3条可立即执行的下一步。
622,运营,运营负责人,开发团队,FAQ,短期落地,远程协作,任务编号 P0622。请扮演运营负责人。围绕“运营场景022-远程协作”中的流程、指标、活动任务，面向开发团队，把目标拆成里程碑。请用FAQ输出，并从“短期落地”角度做重点判断。要求：给出示例输入输出；语言简洁，不说空话；最后给出3条可立即执行的下一步。
623,运营,运营负责人,客服团队,演讲稿,成本,个人项目,任务编号 P0623。请扮演运营负责人。围绕“运营场景023-个人项目”中的流程、指标、活动任务，面向客服团队，提出可复用命名规范。请用演讲稿输出，并从“成本”角度做重点判断。要求：语言简洁，不说空话；按难易度排序；最后给出3条可立即执行的下一步。
624,运营,运营负责人,家长,编号清单,可维护性,质量波动,任务编号 P0624。请扮演运营负责人。围绕“运营场景024-质量波动”中的流程、指标、活动任务，面向家长，创建风险登记册。请用编号清单输出，并从“可维护性”角度做重点判断。要求：兼顾成本和效果；先给结论再解释；最后给出3条可立即执行的下一步。
625,运营,运营负责人,非技术读者,对话脚本,长期价值,用户流失,任务编号 P0625。请扮演运营负责人。围绕“运营场景025-用户流失”中的流程、指标、活动任务，面向非技术读者，制定一份可执行方案。请用对话脚本输出，并从“长期价值”角度做重点判断。要求：指出最容易忽略的细节；给出示例输入输出；最后给出3条可立即执行的下一步。
626,运营,运营负责人,中小企业主,FAQ,质量,内部培训,任务编号 P0626。请扮演运营负责人。围绕“运营场景026-内部培训”中的流程、指标、活动任务，面向中小企业主，列出关键问题并给出优先级。请用FAQ输出，并从“质量”角度做重点判断。要求：包含可执行下一步；给出至少一个反例；最后给出3条可立即执行的下一步。
627,运营,运营负责人,资深从业者,演讲稿,用户体验,需要复盘,任务编号 P0627。请扮演运营负责人。围绕“运营场景027-需要复盘”中的流程、指标、活动任务，面向资深从业者，生成三种风格完全不同的版本。请用演讲稿输出，并从“用户体验”角度做重点判断。要求：输出可直接复制使用；保持中立客观；最后给出3条可立即执行的下一步。
628,运营,运营负责人,自由职业者,编号清单,学习曲线,时间紧迫,任务编号 P0628。请扮演运营负责人。围绕“运营场景028-时间紧迫”中的流程、指标、活动任务，面向自由职业者，把复杂内容改写成新手也能懂的说明。请用编号清单输出，并从“学习曲线”角度做重点判断。要求：保持中立客观；适合在一天内开始执行；最后给出3条可立即执行的下一步。
629,运营,运营负责人,设计团队,对话脚本,效率,成熟企业,任务编号 P0629。请扮演运营负责人。围绕“运营场景029-成熟企业”中的流程、指标、活动任务，面向设计团队，设计一个从零到一的工作流。请用对话脚本输出，并从“效率”角度做重点判断。要求：先给结论再解释；必要时提出澄清问题；最后给出3条可立即执行的下一步。
630,运营,运营负责人,投资人,FAQ,风险,需要降本,任务编号 P0630。请扮演运营负责人。围绕“运营场景030-需要降本”中的流程、指标、活动任务，面向投资人，创建检查清单并标注常见坑。请用FAQ输出，并从“风险”角度做重点判断。要求：包含失败预案；输出可直接复制使用；最后给出3条可立即执行的下一步。
631,运营,运营负责人,海外用户,演讲稿,增长,流程混乱,任务编号 P0631。请扮演运营负责人。围绕“运营场景031-流程混乱”中的流程、指标、活动任务，面向海外用户，模拟专家评审并指出改进点。请用演讲稿输出，并从“增长”角度做重点判断。要求：用中文输出；提供简短版本和完整版本；最后给出3条可立即执行的下一步。
632,运营,运营负责人,专家评审,编号清单,短期落地,数据不足,任务编号 P0632。请扮演运营负责人。围绕“运营场景032-数据不足”中的流程、指标、活动任务，面向专家评审，根据目标用户重写表达。请用编号清单输出，并从“短期落地”角度做重点判断。要求：标注假设和不确定性；按影响力排序；最后给出3条可立即执行的下一步。
633,运营,运营负责人,大学生,对话脚本,成本,公开发布,任务编号 P0633。请扮演运营负责人。围绕“运营场景033-公开发布”中的流程、指标、活动任务，面向大学生，提炼核心洞察并给出行动建议。请用对话脚本输出，并从“成本”角度做重点判断。要求：按影响力排序；包含可执行下一步；最后给出3条可立即执行的下一步。
634,运营,运营负责人,管理层,FAQ,可维护性,多方协作,任务编号 P0634。请扮演运营负责人。围绕“运营场景034-多方协作”中的流程、指标、活动任务，面向管理层，设计一套可量化指标。请用FAQ输出，并从“可维护性”角度做重点判断。要求：必要时提出澄清问题；包含衡量标准；最后给出3条可立即执行的下一步。
635,运营,运营负责人,内容创作者,演讲稿,长期价值,预算有限,任务编号 P0635。请扮演运营负责人。围绕“运营场景035-预算有限”中的流程、指标、活动任务，面向内容创作者，把零散想法整理成结构化大纲。请用演讲稿输出，并从“长期价值”角度做重点判断。要求：给出至少一个反例；标注假设和不确定性；最后给出3条可立即执行的下一步。
636,运营,运营负责人,销售团队,编号清单,质量,初创团队,任务编号 P0636。请扮演运营负责人。围绕“运营场景036-初创团队”中的流程、指标、活动任务，面向销售团队，生成可直接使用的模板。请用编号清单输出，并从“质量”角度做重点判断。要求：按难易度排序；指出最容易忽略的细节；最后给出3条可立即执行的下一步。
637,运营,运营负责人,教师,对话脚本,用户体验,需要扩张,任务编号 P0637。请扮演运营负责人。围绕“运营场景037-需要扩张”中的流程、指标、活动任务，面向教师，做一次反向推理找出隐藏风险。请用对话脚本输出，并从“用户体验”角度做重点判断。要求：避免虚构事实；避免专业黑话；最后给出3条可立即执行的下一步。
638,运营,运营负责人,本地用户,FAQ,学习曲线,新市场验证,任务编号 P0638。请扮演运营负责人。围绕“运营场景038-新市场验证”中的流程、指标、活动任务，面向本地用户，给出低成本试验方案。请用FAQ输出，并从“学习曲线”角度做重点判断。要求：避免专业黑话；用中文输出；最后给出3条可立即执行的下一步。
639,运营,运营负责人,创始人,演讲稿,效率,竞品压力,任务编号 P0639。请扮演运营负责人。围绕“运营场景039-竞品压力”中的流程、指标、活动任务，面向创始人，创建对比表并推荐选择。请用演讲稿输出，并从“效率”角度做重点判断。要求：包含衡量标准；兼顾成本和效果；最后给出3条可立即执行的下一步。
640,运营,运营负责人,新手用户,编号清单,风险,准备上线,任务编号 P0640。请扮演运营负责人。围绕“运营场景040-准备上线”中的流程、指标、活动任务，面向新手用户，把长内容压缩成高密度摘要。请用编号清单输出，并从“风险”角度做重点判断。要求：提供简短版本和完整版本；避免虚构事实；最后给出3条可立即执行的下一步。
641,运营,运营负责人,一线执行团队,对话脚本,增长,高不确定性,任务编号 P0641。请扮演运营负责人。围绕“运营场景041-高不确定性”中的流程、指标、活动任务，面向一线执行团队，提出10个创新方向并排序。请用对话脚本输出，并从“增长”角度做重点判断。要求：适合在一天内开始执行；包含失败预案；最后给出3条可立即执行的下一步。
642,运营,运营负责人,开发团队,FAQ,短期落地,远程协作,任务编号 P0642。请扮演运营负责人。围绕“运营场景042-远程协作”中的流程、指标、活动任务，面向开发团队，设计30天训练计划。请用FAQ输出，并从“短期落地”角度做重点判断。要求：给出示例输入输出；语言简洁，不说空话；最后给出3条可立即执行的下一步。
643,运营,运营负责人,客服团队,演讲稿,成本,个人项目,任务编号 P0643。请扮演运营负责人。围绕“运营场景043-个人项目”中的流程、指标、活动任务，面向客服团队，构建决策树帮助判断下一步。请用演讲稿输出，并从“成本”角度做重点判断。要求：语言简洁，不说空话；按难易度排序；最后给出3条可立即执行的下一步。
644,运营,运营负责人,家长,编号清单,可维护性,质量波动,任务编号 P0644。请扮演运营负责人。围绕“运营场景044-质量波动”中的流程、指标、活动任务，面向家长，生成会议讨论提纲。请用编号清单输出，并从“可维护性”角度做重点判断。要求：兼顾成本和效果；先给结论再解释；最后给出3条可立即执行的下一步。
645,运营,运营负责人,非技术读者,对话脚本,长期价值,用户流失,任务编号 P0645。请扮演运营负责人。围绕“运营场景045-用户流失”中的流程、指标、活动任务，面向非技术读者，写一份面向管理层的简报。请用对话脚本输出，并从“长期价值”角度做重点判断。要求：指出最容易忽略的细节；给出示例输入输出；最后给出3条可立即执行的下一步。
646,运营,运营负责人,中小企业主,FAQ,质量,内部培训,任务编号 P0646。请扮演运营负责人。围绕“运营场景046-内部培训”中的流程、指标、活动任务，面向中小企业主，写一份面向执行者的操作手册。请用FAQ输出，并从“质量”角度做重点判断。要求：包含可执行下一步；给出至少一个反例；最后给出3条可立即执行的下一步。
647,运营,运营负责人,资深从业者,演讲稿,用户体验,需要复盘,任务编号 P0647。请扮演运营负责人。围绕“运营场景047-需要复盘”中的流程、指标、活动任务，面向资深从业者，建立评估打分表。请用演讲稿输出，并从“用户体验”角度做重点判断。要求：输出可直接复制使用；保持中立客观；最后给出3条可立即执行的下一步。
648,运营,运营负责人,自由职业者,编号清单,学习曲线,时间紧迫,任务编号 P0648。请扮演运营负责人。围绕“运营场景048-时间紧迫”中的流程、指标、活动任务，面向自由职业者，提出自动化改造思路。请用编号清单输出，并从“学习曲线”角度做重点判断。要求：保持中立客观；适合在一天内开始执行；最后给出3条可立即执行的下一步。
649,运营,运营负责人,设计团队,对话脚本,效率,成熟企业,任务编号 P0649。请扮演运营负责人。围绕“运营场景049-成熟企业”中的流程、指标、活动任务，面向设计团队，设计用户调研问题。请用对话脚本输出，并从“效率”角度做重点判断。要求：先给结论再解释；必要时提出澄清问题；最后给出3条可立即执行的下一步。
650,运营,运营负责人,投资人,FAQ,风险,需要降本,任务编号 P0650。请扮演运营负责人。围绕“运营场景050-需要降本”中的流程、指标、活动任务，面向投资人，模拟用户反馈并归纳模式。请用FAQ输出，并从“风险”角度做重点判断。要求：包含失败预案；输出可直接复制使用；最后给出3条可立即执行的下一步。
651,运营,运营负责人,海外用户,演讲稿,增长,流程混乱,任务编号 P0651。请扮演运营负责人。围绕“运营场景051-流程混乱”中的流程、指标、活动任务，面向海外用户，生成故障排查路径。请用演讲稿输出，并从“增长”角度做重点判断。要求：用中文输出；提供简短版本和完整版本；最后给出3条可立即执行的下一步。
652,运营,运营负责人,专家评审,编号清单,短期落地,数据不足,任务编号 P0652。请扮演运营负责人。围绕“运营场景052-数据不足”中的流程、指标、活动任务，面向专家评审，把目标拆成里程碑。请用编号清单输出，并从“短期落地”角度做重点判断。要求：标注假设和不确定性；按影响力排序；最后给出3条可立即执行的下一步。
653,运营,运营负责人,大学生,对话脚本,成本,公开发布,任务编号 P0653。请扮演运营负责人。围绕“运营场景053-公开发布”中的流程、指标、活动任务，面向大学生，提出可复用命名规范。请用对话脚本输出，并从“成本”角度做重点判断。要求：按影响力排序；包含可执行下一步；最后给出3条可立即执行的下一步。
654,运营,运营负责人,管理层,FAQ,可维护性,多方协作,任务编号 P0654。请扮演运营负责人。围绕“运营场景054-多方协作”中的流程、指标、活动任务，面向管理层，创建风险登记册。请用FAQ输出，并从“可维护性”角度做重点判断。要求：必要时提出澄清问题；包含衡量标准；最后给出3条可立即执行的下一步。
655,运营,运营负责人,内容创作者,演讲稿,长期价值,预算有限,任务编号 P0655。请扮演运营负责人。围绕“运营场景055-预算有限”中的流程、指标、活动任务，面向内容创作者，制定一份可执行方案。请用演讲稿输出，并从“长期价值”角度做重点判断。要求：给出至少一个反例；标注假设和不确定性；最后给出3条可立即执行的下一步。
656,运营,运营负责人,销售团队,编号清单,质量,初创团队,任务编号 P0656。请扮演运营负责人。围绕“运营场景056-初创团队”中的流程、指标、活动任务，面向销售团队，列出关键问题并给出优先级。请用编号清单输出，并从“质量”角度做重点判断。要求：按难易度排序；指出最容易忽略的细节；最后给出3条可立即执行的下一步。
657,运营,运营负责人,教师,对话脚本,用户体验,需要扩张,任务编号 P0657。请扮演运营负责人。围绕“运营场景057-需要扩张”中的流程、指标、活动任务，面向教师，生成三种风格完全不同的版本。请用对话脚本输出，并从“用户体验”角度做重点判断。要求：避免虚构事实；避免专业黑话；最后给出3条可立即执行的下一步。
658,运营,运营负责人,本地用户,FAQ,学习曲线,新市场验证,任务编号 P0658。请扮演运营负责人。围绕“运营场景058-新市场验证”中的流程、指标、活动任务，面向本地用户，把复杂内容改写成新手也能懂的说明。请用FAQ输出，并从“学习曲线”角度做重点判断。要求：避免专业黑话；用中文输出；最后给出3条可立即执行的下一步。
659,运营,运营负责人,创始人,演讲稿,效率,竞品压力,任务编号 P0659。请扮演运营负责人。围绕“运营场景059-竞品压力”中的流程、指标、活动任务，面向创始人，设计一个从零到一的工作流。请用演讲稿输出，并从“效率”角度做重点判断。要求：包含衡量标准；兼顾成本和效果；最后给出3条可立即执行的下一步。
660,运营,运营负责人,新手用户,编号清单,风险,准备上线,任务编号 P0660。请扮演运营负责人。围绕“运营场景060-准备上线”中的流程、指标、活动任务，面向新手用户，创建检查清单并标注常见坑。请用编号清单输出，并从“风险”角度做重点判断。要求：提供简短版本和完整版本；避免虚构事实；最后给出3条可立即执行的下一步。
661,运营,运营负责人,一线执行团队,对话脚本,增长,高不确定性,任务编号 P0661。请扮演运营负责人。围绕“运营场景061-高不确定性”中的流程、指标、活动任务，面向一线执行团队，模拟专家评审并指出改进点。请用对话脚本输出，并从“增长”角度做重点判断。要求：适合在一天内开始执行；包含失败预案；最后给出3条可立即执行的下一步。
662,运营,运营负责人,开发团队,FAQ,短期落地,远程协作,任务编号 P0662。请扮演运营负责人。围绕“运营场景062-远程协作”中的流程、指标、活动任务，面向开发团队，根据目标用户重写表达。请用FAQ输出，并从“短期落地”角度做重点判断。要求：给出示例输入输出；语言简洁，不说空话；最后给出3条可立即执行的下一步。
663,运营,运营负责人,客服团队,演讲稿,成本,个人项目,任务编号 P0663。请扮演运营负责人。围绕“运营场景063-个人项目”中的流程、指标、活动任务，面向客服团队，提炼核心洞察并给出行动建议。请用演讲稿输出，并从“成本”角度做重点判断。要求：语言简洁，不说空话；按难易度排序；最后给出3条可立即执行的下一步。
664,运营,运营负责人,家长,编号清单,可维护性,质量波动,任务编号 P0664。请扮演运营负责人。围绕“运营场景064-质量波动”中的流程、指标、活动任务，面向家长，设计一套可量化指标。请用编号清单输出，并从“可维护性”角度做重点判断。要求：兼顾成本和效果；先给结论再解释；最后给出3条可立即执行的下一步。
665,运营,运营负责人,非技术读者,对话脚本,长期价值,用户流失,任务编号 P0665。请扮演运营负责人。围绕“运营场景065-用户流失”中的流程、指标、活动任务，面向非技术读者，把零散想法整理成结构化大纲。请用对话脚本输出，并从“长期价值”角度做重点判断。要求：指出最容易忽略的细节；给出示例输入输出；最后给出3条可立即执行的下一步。
666,运营,运营负责人,中小企业主,FAQ,质量,内部培训,任务编号 P0666。请扮演运营负责人。围绕“运营场景066-内部培训”中的流程、指标、活动任务，面向中小企业主，生成可直接使用的模板。请用FAQ输出，并从“质量”角度做重点判断。要求：包含可执行下一步；给出至少一个反例；最后给出3条可立即执行的下一步。
667,运营,运营负责人,资深从业者,演讲稿,用户体验,需要复盘,任务编号 P0667。请扮演运营负责人。围绕“运营场景067-需要复盘”中的流程、指标、活动任务，面向资深从业者，做一次反向推理找出隐藏风险。请用演讲稿输出，并从“用户体验”角度做重点判断。要求：输出可直接复制使用；保持中立客观；最后给出3条可立即执行的下一步。
668,运营,运营负责人,自由职业者,编号清单,学习曲线,时间紧迫,任务编号 P0668。请扮演运营负责人。围绕“运营场景068-时间紧迫”中的流程、指标、活动任务，面向自由职业者，给出低成本试验方案。请用编号清单输出，并从“学习曲线”角度做重点判断。要求：保持中立客观；适合在一天内开始执行；最后给出3条可立即执行的下一步。
669,运营,运营负责人,设计团队,对话脚本,效率,成熟企业,任务编号 P0669。请扮演运营负责人。围绕“运营场景069-成熟企业”中的流程、指标、活动任务，面向设计团队，创建对比表并推荐选择。请用对话脚本输出，并从“效率”角度做重点判断。要求：先给结论再解释；必要时提出澄清问题；最后给出3条可立即执行的下一步。
670,运营,运营负责人,投资人,FAQ,风险,需要降本,任务编号 P0670。请扮演运营负责人。围绕“运营场景070-需要降本”中的流程、指标、活动任务，面向投资人，把长内容压缩成高密度摘要。请用FAQ输出，并从“风险”角度做重点判断。要求：包含失败预案；输出可直接复制使用；最后给出3条可立即执行的下一步。
671,运营,运营负责人,海外用户,演讲稿,增长,流程混乱,任务编号 P0671。请扮演运营负责人。围绕“运营场景071-流程混乱”中的流程、指标、活动任务，面向海外用户，提出10个创新方向并排序。请用演讲稿输出，并从“增长”角度做重点判断。要求：用中文输出；提供简短版本和完整版本；最后给出3条可立即执行的下一步。
672,运营,运营负责人,专家评审,编号清单,短期落地,数据不足,任务编号 P0672。请扮演运营负责人。围绕“运营场景072-数据不足”中的流程、指标、活动任务，面向专家评审，设计30天训练计划。请用编号清单输出，并从“短期落地”角度做重点判断。要求：标注假设和不确定性；按影响力排序；最后给出3条可立即执行的下一步。
673,运营,运营负责人,大学生,对话脚本,成本,公开发布,任务编号 P0673。请扮演运营负责人。围绕“运营场景073-公开发布”中的流程、指标、活动任务，面向大学生，构建决策树帮助判断下一步。请用对话脚本输出，并从“成本”角度做重点判断。要求：按影响力排序；包含可执行下一步；最后给出3条可立即执行的下一步。
674,运营,运营负责人,管理层,FAQ,可维护性,多方协作,任务编号 P0674。请扮演运营负责人。围绕“运营场景074-多方协作”中的流程、指标、活动任务，面向管理层，生成会议讨论提纲。请用FAQ输出，并从“可维护性”角度做重点判断。要求：必要时提出澄清问题；包含衡量标准；最后给出3条可立即执行的下一步。
675,运营,运营负责人,内容创作者,演讲稿,长期价值,预算有限,任务编号 P0675。请扮演运营负责人。围绕“运营场景075-预算有限”中的流程、指标、活动任务，面向内容创作者，写一份面向管理层的简报。请用演讲稿输出，并从“长期价值”角度做重点判断。要求：给出至少一个反例；标注假设和不确定性；最后给出3条可立即执行的下一步。
676,运营,运营负责人,销售团队,编号清单,质量,初创团队,任务编号 P0676。请扮演运营负责人。围绕“运营场景076-初创团队”中的流程、指标、活动任务，面向销售团队，写一份面向执行者的操作手册。请用编号清单输出，并从“质量”角度做重点判断。要求：按难易度排序；指出最容易忽略的细节；最后给出3条可立即执行的下一步。
677,运营,运营负责人,教师,对话脚本,用户体验,需要扩张,任务编号 P0677。请扮演运营负责人。围绕“运营场景077-需要扩张”中的流程、指标、活动任务，面向教师，建立评估打分表。请用对话脚本输出，并从“用户体验”角度做重点判断。要求：避免虚构事实；避免专业黑话；最后给出3条可立即执行的下一步。
678,运营,运营负责人,本地用户,FAQ,学习曲线,新市场验证,任务编号 P0678。请扮演运营负责人。围绕“运营场景078-新市场验证”中的流程、指标、活动任务，面向本地用户，提出自动化改造思路。请用FAQ输出，并从“学习曲线”角度做重点判断。要求：避免专业黑话；用中文输出；最后给出3条可立即执行的下一步。
679,运营,运营负责人,创始人,演讲稿,效率,竞品压力,任务编号 P0679。请扮演运营负责人。围绕“运营场景079-竞品压力”中的流程、指标、活动任务，面向创始人，设计用户调研问题。请用演讲稿输出，并从“效率”角度做重点判断。要求：包含衡量标准；兼顾成本和效果；最后给出3条可立即执行的下一步。
680,运营,运营负责人,新手用户,编号清单,风险,准备上线,任务编号 P0680。请扮演运营负责人。围绕“运营场景080-准备上线”中的流程、指标、活动任务，面向新手用户，模拟用户反馈并归纳模式。请用编号清单输出，并从“风险”角度做重点判断。要求：提供简短版本和完整版本；避免虚构事实；最后给出3条可立即执行的下一步。
681,运营,运营负责人,一线执行团队,对话脚本,增长,高不确定性,任务编号 P0681。请扮演运营负责人。围绕“运营场景081-高不确定性”中的流程、指标、活动任务，面向一线执行团队，生成故障排查路径。请用对话脚本输出，并从“增长”角度做重点判断。要求：适合在一天内开始执行；包含失败预案；最后给出3条可立即执行的下一步。
682,运营,运营负责人,开发团队,FAQ,短期落地,远程协作,任务编号 P0682。请扮演运营负责人。围绕“运营场景082-远程协作”中的流程、指标、活动任务，面向开发团队，把目标拆成里程碑。请用FAQ输出，并从“短期落地”角度做重点判断。要求：给出示例输入输出；语言简洁，不说空话；最后给出3条可立即执行的下一步。
683,运营,运营负责人,客服团队,演讲稿,成本,个人项目,任务编号 P0683。请扮演运营负责人。围绕“运营场景083-个人项目”中的流程、指标、活动任务，面向客服团队，提出可复用命名规范。请用演讲稿输出，并从“成本”角度做重点判断。要求：语言简洁，不说空话；按难易度排序；最后给出3条可立即执行的下一步。
684,运营,运营负责人,家长,编号清单,可维护性,质量波动,任务编号 P0684。请扮演运营负责人。围绕“运营场景084-质量波动”中的流程、指标、活动任务，面向家长，创建风险登记册。请用编号清单输出，并从“可维护性”角度做重点判断。要求：兼顾成本和效果；先给结论再解释；最后给出3条可立即执行的下一步。
685,运营,运营负责人,非技术读者,对话脚本,长期价值,用户流失,任务编号 P0685。请扮演运营负责人。围绕“运营场景085-用户流失”中的流程、指标、活动任务，面向非技术读者，制定一份可执行方案。请用对话脚本输出，并从“长期价值”角度做重点判断。要求：指出最容易忽略的细节；给出示例输入输出；最后给出3条可立即执行的下一步。
686,运营,运营负责人,中小企业主,FAQ,质量,内部培训,任务编号 P0686。请扮演运营负责人。围绕“运营场景086-内部培训”中的流程、指标、活动任务，面向中小企业主，列出关键问题并给出优先级。请用FAQ输出，并从“质量”角度做重点判断。要求：包含可执行下一步；给出至少一个反例；最后给出3条可立即执行的下一步。
687,运营,运营负责人,资深从业者,演讲稿,用户体验,需要复盘,任务编号 P0687。请扮演运营负责人。围绕“运营场景087-需要复盘”中的流程、指标、活动任务，面向资深从业者，生成三种风格完全不同的版本。请用演讲稿输出，并从“用户体验”角度做重点判断。要求：输出可直接复制使用；保持中立客观；最后给出3条可立即执行的下一步。
688,运营,运营负责人,自由职业者,编号清单,学习曲线,时间紧迫,任务编号 P0688。请扮演运营负责人。围绕“运营场景088-时间紧迫”中的流程、指标、活动任务，面向自由职业者，把复杂内容改写成新手也能懂的说明。请用编号清单输出，并从“学习曲线”角度做重点判断。要求：保持中立客观；适合在一天内开始执行；最后给出3条可立即执行的下一步。
689,运营,运营负责人,设计团队,对话脚本,效率,成熟企业,任务编号 P0689。请扮演运营负责人。围绕“运营场景089-成熟企业”中的流程、指标、活动任务，面向设计团队，设计一个从零到一的工作流。请用对话脚本输出，并从“效率”角度做重点判断。要求：先给结论再解释；必要时提出澄清问题；最后给出3条可立即执行的下一步。
690,运营,运营负责人,投资人,FAQ,风险,需要降本,任务编号 P0690。请扮演运营负责人。围绕“运营场景090-需要降本”中的流程、指标、活动任务，面向投资人，创建检查清单并标注常见坑。请用FAQ输出，并从“风险”角度做重点判断。要求：包含失败预案；输出可直接复制使用；最后给出3条可立即执行的下一步。
691,运营,运营负责人,海外用户,演讲稿,增长,流程混乱,任务编号 P0691。请扮演运营负责人。围绕“运营场景091-流程混乱”中的流程、指标、活动任务，面向海外用户，模拟专家评审并指出改进点。请用演讲稿输出，并从“增长”角度做重点判断。要求：用中文输出；提供简短版本和完整版本；最后给出3条可立即执行的下一步。
692,运营,运营负责人,专家评审,编号清单,短期落地,数据不足,任务编号 P0692。请扮演运营负责人。围绕“运营场景092-数据不足”中的流程、指标、活动任务，面向专家评审，根据目标用户重写表达。请用编号清单输出，并从“短期落地”角度做重点判断。要求：标注假设和不确定性；按影响力排序；最后给出3条可立即执行的下一步。
693,运营,运营负责人,大学生,对话脚本,成本,公开发布,任务编号 P0693。请扮演运营负责人。围绕“运营场景093-公开发布”中的流程、指标、活动任务，面向大学生，提炼核心洞察并给出行动建议。请用对话脚本输出，并从“成本”角度做重点判断。要求：按影响力排序；包含可执行下一步；最后给出3条可立即执行的下一步。
694,运营,运营负责人,管理层,FAQ,可维护性,多方协作,任务编号 P0694。请扮演运营负责人。围绕“运营场景094-多方协作”中的流程、指标、活动任务，面向管理层，设计一套可量化指标。请用FAQ输出，并从“可维护性”角度做重点判断。要求：必要时提出澄清问题；包含衡量标准；最后给出3条可立即执行的下一步。
695,运营,运营负责人,内容创作者,演讲稿,长期价值,预算有限,任务编号 P0695。请扮演运营负责人。围绕“运营场景095-预算有限”中的流程、指标、活动任务，面向内容创作者，把零散想法整理成结构化大纲。请用演讲稿输出，并从“长期价值”角度做重点判断。要求：给出至少一个反例；标注假设和不确定性；最后给出3条可立即执行的下一步。
696,运营,运营负责人,销售团队,编号清单,质量,初创团队,任务编号 P0696。请扮演运营负责人。围绕“运营场景096-初创团队”中的流程、指标、活动任务，面向销售团队，生成可直接使用的模板。请用编号清单输出，并从“质量”角度做重点判断。要求：按难易度排序；指出最容易忽略的细节；最后给出3条可立即执行的下一步。
697,运营,运营负责人,教师,对话脚本,用户体验,需要扩张,任务编号 P0697。请扮演运营负责人。围绕“运营场景097-需要扩张”中的流程、指标、活动任务，面向教师，做一次反向推理找出隐藏风险。请用对话脚本输出，并从“用户体验”角度做重点判断。要求：避免虚构事实；避免专业黑话；最后给出3条可立即执行的下一步。
698,运营,运营负责人,本地用户,FAQ,学习曲线,新市场验证,任务编号 P0698。请扮演运营负责人。围绕“运营场景098-新市场验证”中的流程、指标、活动任务，面向本地用户，给出低成本试验方案。请用FAQ输出，并从“学习曲线”角度做重点判断。要求：避免专业黑话；用中文输出；最后给出3条可立即执行的下一步。
699,运营,运营负责人,创始人,演讲稿,效率,竞品压力,任务编号 P0699。请扮演运营负责人。围绕“运营场景099-竞品压力”中的流程、指标、活动任务，面向创始人，创建对比表并推荐选择。请用演讲稿输出，并从“效率”角度做重点判断。要求：包含衡量标准；兼顾成本和效果；最后给出3条可立即执行的下一步。
700,运营,运营负责人,新手用户,编号清单,风险,准备上线,任务编号 P0700。请扮演运营负责人。围绕“运营场景100-准备上线”中的流程、指标、活动任务，面向新手用户，把长内容压缩成高密度摘要。请用编号清单输出，并从“风险”角度做重点判断。要求：提供简短版本和完整版本；避免虚构事实；最后给出3条可立即执行的下一步。
701,学习,学习教练,自由职业者,JSON结构,学习曲线,多方协作,任务编号 P0701。请扮演学习教练。围绕“学习场景001-多方协作”中的课程、复盘、记忆任务，面向自由职业者，根据目标用户重写表达。请用JSON结构输出，并从“学习曲线”角度做重点判断。要求：兼顾成本和效果；按影响力排序；最后给出3条可立即执行的下一步。
702,学习,学习教练,设计团队,复盘报告,效率,预算有限,任务编号 P0702。请扮演学习教练。围绕“学习场景002-预算有限”中的课程、复盘、记忆任务，面向设计团队，提炼核心洞察并给出行动建议。请用复盘报告输出，并从“效率”角度做重点判断。要求：指出最容易忽略的细节；包含可执行下一步；最后给出3条可立即执行的下一步。
703,学习,学习教练,投资人,短视频脚本,风险,初创团队,任务编号 P0703。请扮演学习教练。围绕“学习场景003-初创团队”中的课程、复盘、记忆任务，面向投资人，设计一套可量化指标。请用短视频脚本输出，并从“风险”角度做重点判断。要求：包含可执行下一步；包含衡量标准；最后给出3条可立即执行的下一步。
704,学习,学习教练,海外用户,Markdown大纲,增长,需要扩张,任务编号 P0704。请扮演学习教练。围绕“学习场景004-需要扩张”中的课程、复盘、记忆任务，面向海外用户，把零散想法整理成结构化大纲。请用Markdown大纲输出，并从“增长”角度做重点判断。要求：输出可直接复制使用；标注假设和不确定性；最后给出3条可立即执行的下一步。
705,学习,学习教练,专家评审,JSON结构,短期落地,新市场验证,任务编号 P0705。请扮演学习教练。围绕“学习场景005-新市场验证”中的课程、复盘、记忆任务，面向专家评审，生成可直接使用的模板。请用JSON结构输出，并从“短期落地”角度做重点判断。要求：保持中立客观；指出最容易忽略的细节；最后给出3条可立即执行的下一步。
706,学习,学习教练,大学生,复盘报告,成本,竞品压力,任务编号 P0706。请扮演学习教练。围绕“学习场景006-竞品压力”中的课程、复盘、记忆任务，面向大学生，做一次反向推理找出隐藏风险。请用复盘报告输出，并从“成本”角度做重点判断。要求：先给结论再解释；避免专业黑话；最后给出3条可立即执行的下一步。
707,学习,学习教练,管理层,短视频脚本,可维护性,准备上线,任务编号 P0707。请扮演学习教练。围绕“学习场景007-准备上线”中的课程、复盘、记忆任务，面向管理层，给出低成本试验方案。请用短视频脚本输出，并从“可维护性”角度做重点判断。要求：包含失败预案；用中文输出；最后给出3条可立即执行的下一步。
708,学习,学习教练,内容创作者,Markdown大纲,长期价值,高不确定性,任务编号 P0708。请扮演学习教练。围绕“学习场景008-高不确定性”中的课程、复盘、记忆任务，面向内容创作者，创建对比表并推荐选择。请用Markdown大纲输出，并从“长期价值”角度做重点判断。要求：用中文输出；兼顾成本和效果；最后给出3条可立即执行的下一步。
709,学习,学习教练,销售团队,JSON结构,质量,远程协作,任务编号 P0709。请扮演学习教练。围绕“学习场景009-远程协作”中的课程、复盘、记忆任务，面向销售团队，把长内容压缩成高密度摘要。请用JSON结构输出，并从“质量”角度做重点判断。要求：标注假设和不确定性；避免虚构事实；最后给出3条可立即执行的下一步。
710,学习,学习教练,教师,复盘报告,用户体验,个人项目,任务编号 P0710。请扮演学习教练。围绕“学习场景010-个人项目”中的课程、复盘、记忆任务，面向教师，提出10个创新方向并排序。请用复盘报告输出，并从“用户体验”角度做重点判断。要求：按影响力排序；包含失败预案；最后给出3条可立即执行的下一步。
711,学习,学习教练,本地用户,短视频脚本,学习曲线,质量波动,任务编号 P0711。请扮演学习教练。围绕“学习场景011-质量波动”中的课程、复盘、记忆任务，面向本地用户，设计30天训练计划。请用短视频脚本输出，并从“学习曲线”角度做重点判断。要求：必要时提出澄清问题；语言简洁，不说空话；最后给出3条可立即执行的下一步。
712,学习,学习教练,创始人,Markdown大纲,效率,用户流失,任务编号 P0712。请扮演学习教练。围绕“学习场景012-用户流失”中的课程、复盘、记忆任务，面向创始人，构建决策树帮助判断下一步。请用Markdown大纲输出，并从“效率”角度做重点判断。要求：给出至少一个反例；按难易度排序；最后给出3条可立即执行的下一步。
713,学习,学习教练,新手用户,JSON结构,风险,内部培训,任务编号 P0713。请扮演学习教练。围绕“学习场景013-内部培训”中的课程、复盘、记忆任务，面向新手用户，生成会议讨论提纲。请用JSON结构输出，并从“风险”角度做重点判断。要求：按难易度排序；先给结论再解释；最后给出3条可立即执行的下一步。
714,学习,学习教练,一线执行团队,复盘报告,增长,需要复盘,任务编号 P0714。请扮演学习教练。围绕“学习场景014-需要复盘”中的课程、复盘、记忆任务，面向一线执行团队，写一份面向管理层的简报。请用复盘报告输出，并从“增长”角度做重点判断。要求：避免虚构事实；给出示例输入输出；最后给出3条可立即执行的下一步。
715,学习,学习教练,开发团队,短视频脚本,短期落地,时间紧迫,任务编号 P0715。请扮演学习教练。围绕“学习场景015-时间紧迫”中的课程、复盘、记忆任务，面向开发团队，写一份面向执行者的操作手册。请用短视频脚本输出，并从“短期落地”角度做重点判断。要求：避免专业黑话；给出至少一个反例；最后给出3条可立即执行的下一步。
716,学习,学习教练,客服团队,Markdown大纲,成本,成熟企业,任务编号 P0716。请扮演学习教练。围绕“学习场景016-成熟企业”中的课程、复盘、记忆任务，面向客服团队，建立评估打分表。请用Markdown大纲输出，并从“成本”角度做重点判断。要求：包含衡量标准；保持中立客观；最后给出3条可立即执行的下一步。
717,学习,学习教练,家长,JSON结构,可维护性,需要降本,任务编号 P0717。请扮演学习教练。围绕“学习场景017-需要降本”中的课程、复盘、记忆任务，面向家长，提出自动化改造思路。请用JSON结构输出，并从“可维护性”角度做重点判断。要求：提供简短版本和完整版本；适合在一天内开始执行；最后给出3条可立即执行的下一步。
718,学习,学习教练,非技术读者,复盘报告,长期价值,流程混乱,任务编号 P0718。请扮演学习教练。围绕“学习场景018-流程混乱”中的课程、复盘、记忆任务，面向非技术读者，设计用户调研问题。请用复盘报告输出，并从“长期价值”角度做重点判断。要求：适合在一天内开始执行；必要时提出澄清问题；最后给出3条可立即执行的下一步。
719,学习,学习教练,中小企业主,短视频脚本,质量,数据不足,任务编号 P0719。请扮演学习教练。围绕“学习场景019-数据不足”中的课程、复盘、记忆任务，面向中小企业主，模拟用户反馈并归纳模式。请用短视频脚本输出，并从“质量”角度做重点判断。要求：给出示例输入输出；输出可直接复制使用；最后给出3条可立即执行的下一步。
720,学习,学习教练,资深从业者,Markdown大纲,用户体验,公开发布,任务编号 P0720。请扮演学习教练。围绕“学习场景020-公开发布”中的课程、复盘、记忆任务，面向资深从业者，生成故障排查路径。请用Markdown大纲输出，并从“用户体验”角度做重点判断。要求：语言简洁，不说空话；提供简短版本和完整版本；最后给出3条可立即执行的下一步。
721,学习,学习教练,自由职业者,JSON结构,学习曲线,多方协作,任务编号 P0721。请扮演学习教练。围绕“学习场景021-多方协作”中的课程、复盘、记忆任务，面向自由职业者，把目标拆成里程碑。请用JSON结构输出，并从“学习曲线”角度做重点判断。要求：兼顾成本和效果；按影响力排序；最后给出3条可立即执行的下一步。
722,学习,学习教练,设计团队,复盘报告,效率,预算有限,任务编号 P0722。请扮演学习教练。围绕“学习场景022-预算有限”中的课程、复盘、记忆任务，面向设计团队，提出可复用命名规范。请用复盘报告输出，并从“效率”角度做重点判断。要求：指出最容易忽略的细节；包含可执行下一步；最后给出3条可立即执行的下一步。
723,学习,学习教练,投资人,短视频脚本,风险,初创团队,任务编号 P0723。请扮演学习教练。围绕“学习场景023-初创团队”中的课程、复盘、记忆任务，面向投资人，创建风险登记册。请用短视频脚本输出，并从“风险”角度做重点判断。要求：包含可执行下一步；包含衡量标准；最后给出3条可立即执行的下一步。
724,学习,学习教练,海外用户,Markdown大纲,增长,需要扩张,任务编号 P0724。请扮演学习教练。围绕“学习场景024-需要扩张”中的课程、复盘、记忆任务，面向海外用户，制定一份可执行方案。请用Markdown大纲输出，并从“增长”角度做重点判断。要求：输出可直接复制使用；标注假设和不确定性；最后给出3条可立即执行的下一步。
725,学习,学习教练,专家评审,JSON结构,短期落地,新市场验证,任务编号 P0725。请扮演学习教练。围绕“学习场景025-新市场验证”中的课程、复盘、记忆任务，面向专家评审，列出关键问题并给出优先级。请用JSON结构输出，并从“短期落地”角度做重点判断。要求：保持中立客观；指出最容易忽略的细节；最后给出3条可立即执行的下一步。
726,学习,学习教练,大学生,复盘报告,成本,竞品压力,任务编号 P0726。请扮演学习教练。围绕“学习场景026-竞品压力”中的课程、复盘、记忆任务，面向大学生，生成三种风格完全不同的版本。请用复盘报告输出，并从“成本”角度做重点判断。要求：先给结论再解释；避免专业黑话；最后给出3条可立即执行的下一步。
727,学习,学习教练,管理层,短视频脚本,可维护性,准备上线,任务编号 P0727。请扮演学习教练。围绕“学习场景027-准备上线”中的课程、复盘、记忆任务，面向管理层，把复杂内容改写成新手也能懂的说明。请用短视频脚本输出，并从“可维护性”角度做重点判断。要求：包含失败预案；用中文输出；最后给出3条可立即执行的下一步。
728,学习,学习教练,内容创作者,Markdown大纲,长期价值,高不确定性,任务编号 P0728。请扮演学习教练。围绕“学习场景028-高不确定性”中的课程、复盘、记忆任务，面向内容创作者，设计一个从零到一的工作流。请用Markdown大纲输出，并从“长期价值”角度做重点判断。要求：用中文输出；兼顾成本和效果；最后给出3条可立即执行的下一步。
729,学习,学习教练,销售团队,JSON结构,质量,远程协作,任务编号 P0729。请扮演学习教练。围绕“学习场景029-远程协作”中的课程、复盘、记忆任务，面向销售团队，创建检查清单并标注常见坑。请用JSON结构输出，并从“质量”角度做重点判断。要求：标注假设和不确定性；避免虚构事实；最后给出3条可立即执行的下一步。
730,学习,学习教练,教师,复盘报告,用户体验,个人项目,任务编号 P0730。请扮演学习教练。围绕“学习场景030-个人项目”中的课程、复盘、记忆任务，面向教师，模拟专家评审并指出改进点。请用复盘报告输出，并从“用户体验”角度做重点判断。要求：按影响力排序；包含失败预案；最后给出3条可立即执行的下一步。
731,学习,学习教练,本地用户,短视频脚本,学习曲线,质量波动,任务编号 P0731。请扮演学习教练。围绕“学习场景031-质量波动”中的课程、复盘、记忆任务，面向本地用户，根据目标用户重写表达。请用短视频脚本输出，并从“学习曲线”角度做重点判断。要求：必要时提出澄清问题；语言简洁，不说空话；最后给出3条可立即执行的下一步。
732,学习,学习教练,创始人,Markdown大纲,效率,用户流失,任务编号 P0732。请扮演学习教练。围绕“学习场景032-用户流失”中的课程、复盘、记忆任务，面向创始人，提炼核心洞察并给出行动建议。请用Markdown大纲输出，并从“效率”角度做重点判断。要求：给出至少一个反例；按难易度排序；最后给出3条可立即执行的下一步。
733,学习,学习教练,新手用户,JSON结构,风险,内部培训,任务编号 P0733。请扮演学习教练。围绕“学习场景033-内部培训”中的课程、复盘、记忆任务，面向新手用户，设计一套可量化指标。请用JSON结构输出，并从“风险”角度做重点判断。要求：按难易度排序；先给结论再解释；最后给出3条可立即执行的下一步。
734,学习,学习教练,一线执行团队,复盘报告,增长,需要复盘,任务编号 P0734。请扮演学习教练。围绕“学习场景034-需要复盘”中的课程、复盘、记忆任务，面向一线执行团队，把零散想法整理成结构化大纲。请用复盘报告输出，并从“增长”角度做重点判断。要求：避免虚构事实；给出示例输入输出；最后给出3条可立即执行的下一步。
735,学习,学习教练,开发团队,短视频脚本,短期落地,时间紧迫,任务编号 P0735。请扮演学习教练。围绕“学习场景035-时间紧迫”中的课程、复盘、记忆任务，面向开发团队，生成可直接使用的模板。请用短视频脚本输出，并从“短期落地”角度做重点判断。要求：避免专业黑话；给出至少一个反例；最后给出3条可立即执行的下一步。
736,学习,学习教练,客服团队,Markdown大纲,成本,成熟企业,任务编号 P0736。请扮演学习教练。围绕“学习场景036-成熟企业”中的课程、复盘、记忆任务，面向客服团队，做一次反向推理找出隐藏风险。请用Markdown大纲输出，并从“成本”角度做重点判断。要求：包含衡量标准；保持中立客观；最后给出3条可立即执行的下一步。
737,学习,学习教练,家长,JSON结构,可维护性,需要降本,任务编号 P0737。请扮演学习教练。围绕“学习场景037-需要降本”中的课程、复盘、记忆任务，面向家长，给出低成本试验方案。请用JSON结构输出，并从“可维护性”角度做重点判断。要求：提供简短版本和完整版本；适合在一天内开始执行；最后给出3条可立即执行的下一步。
738,学习,学习教练,非技术读者,复盘报告,长期价值,流程混乱,任务编号 P0738。请扮演学习教练。围绕“学习场景038-流程混乱”中的课程、复盘、记忆任务，面向非技术读者，创建对比表并推荐选择。请用复盘报告输出，并从“长期价值”角度做重点判断。要求：适合在一天内开始执行；必要时提出澄清问题；最后给出3条可立即执行的下一步。
739,学习,学习教练,中小企业主,短视频脚本,质量,数据不足,任务编号 P0739。请扮演学习教练。围绕“学习场景039-数据不足”中的课程、复盘、记忆任务，面向中小企业主，把长内容压缩成高密度摘要。请用短视频脚本输出，并从“质量”角度做重点判断。要求：给出示例输入输出；输出可直接复制使用；最后给出3条可立即执行的下一步。
740,学习,学习教练,资深从业者,Markdown大纲,用户体验,公开发布,任务编号 P0740。请扮演学习教练。围绕“学习场景040-公开发布”中的课程、复盘、记忆任务，面向资深从业者，提出10个创新方向并排序。请用Markdown大纲输出，并从“用户体验”角度做重点判断。要求：语言简洁，不说空话；提供简短版本和完整版本；最后给出3条可立即执行的下一步。
741,学习,学习教练,自由职业者,JSON结构,学习曲线,多方协作,任务编号 P0741。请扮演学习教练。围绕“学习场景041-多方协作”中的课程、复盘、记忆任务，面向自由职业者，设计30天训练计划。请用JSON结构输出，并从“学习曲线”角度做重点判断。要求：兼顾成本和效果；按影响力排序；最后给出3条可立即执行的下一步。
742,学习,学习教练,设计团队,复盘报告,效率,预算有限,任务编号 P0742。请扮演学习教练。围绕“学习场景042-预算有限”中的课程、复盘、记忆任务，面向设计团队，构建决策树帮助判断下一步。请用复盘报告输出，并从“效率”角度做重点判断。要求：指出最容易忽略的细节；包含可执行下一步；最后给出3条可立即执行的下一步。
743,学习,学习教练,投资人,短视频脚本,风险,初创团队,任务编号 P0743。请扮演学习教练。围绕“学习场景043-初创团队”中的课程、复盘、记忆任务，面向投资人，生成会议讨论提纲。请用短视频脚本输出，并从“风险”角度做重点判断。要求：包含可执行下一步；包含衡量标准；最后给出3条可立即执行的下一步。
744,学习,学习教练,海外用户,Markdown大纲,增长,需要扩张,任务编号 P0744。请扮演学习教练。围绕“学习场景044-需要扩张”中的课程、复盘、记忆任务，面向海外用户，写一份面向管理层的简报。请用Markdown大纲输出，并从“增长”角度做重点判断。要求：输出可直接复制使用；标注假设和不确定性；最后给出3条可立即执行的下一步。
745,学习,学习教练,专家评审,JSON结构,短期落地,新市场验证,任务编号 P0745。请扮演学习教练。围绕“学习场景045-新市场验证”中的课程、复盘、记忆任务，面向专家评审，写一份面向执行者的操作手册。请用JSON结构输出，并从“短期落地”角度做重点判断。要求：保持中立客观；指出最容易忽略的细节；最后给出3条可立即执行的下一步。
746,学习,学习教练,大学生,复盘报告,成本,竞品压力,任务编号 P0746。请扮演学习教练。围绕“学习场景046-竞品压力”中的课程、复盘、记忆任务，面向大学生，建立评估打分表。请用复盘报告输出，并从“成本”角度做重点判断。要求：先给结论再解释；避免专业黑话；最后给出3条可立即执行的下一步。
747,学习,学习教练,管理层,短视频脚本,可维护性,准备上线,任务编号 P0747。请扮演学习教练。围绕“学习场景047-准备上线”中的课程、复盘、记忆任务，面向管理层，提出自动化改造思路。请用短视频脚本输出，并从“可维护性”角度做重点判断。要求：包含失败预案；用中文输出；最后给出3条可立即执行的下一步。
748,学习,学习教练,内容创作者,Markdown大纲,长期价值,高不确定性,任务编号 P0748。请扮演学习教练。围绕“学习场景048-高不确定性”中的课程、复盘、记忆任务，面向内容创作者，设计用户调研问题。请用Markdown大纲输出，并从“长期价值”角度做重点判断。要求：用中文输出；兼顾成本和效果；最后给出3条可立即执行的下一步。
749,学习,学习教练,销售团队,JSON结构,质量,远程协作,任务编号 P0749。请扮演学习教练。围绕“学习场景049-远程协作”中的课程、复盘、记忆任务，面向销售团队，模拟用户反馈并归纳模式。请用JSON结构输出，并从“质量”角度做重点判断。要求：标注假设和不确定性；避免虚构事实；最后给出3条可立即执行的下一步。
750,学习,学习教练,教师,复盘报告,用户体验,个人项目,任务编号 P0750。请扮演学习教练。围绕“学习场景050-个人项目”中的课程、复盘、记忆任务，面向教师，生成故障排查路径。请用复盘报告输出，并从“用户体验”角度做重点判断。要求：按影响力排序；包含失败预案；最后给出3条可立即执行的下一步。
751,学习,学习教练,本地用户,短视频脚本,学习曲线,质量波动,任务编号 P0751。请扮演学习教练。围绕“学习场景051-质量波动”中的课程、复盘、记忆任务，面向本地用户，把目标拆成里程碑。请用短视频脚本输出，并从“学习曲线”角度做重点判断。要求：必要时提出澄清问题；语言简洁，不说空话；最后给出3条可立即执行的下一步。
752,学习,学习教练,创始人,Markdown大纲,效率,用户流失,任务编号 P0752。请扮演学习教练。围绕“学习场景052-用户流失”中的课程、复盘、记忆任务，面向创始人，提出可复用命名规范。请用Markdown大纲输出，并从“效率”角度做重点判断。要求：给出至少一个反例；按难易度排序；最后给出3条可立即执行的下一步。
753,学习,学习教练,新手用户,JSON结构,风险,内部培训,任务编号 P0753。请扮演学习教练。围绕“学习场景053-内部培训”中的课程、复盘、记忆任务，面向新手用户，创建风险登记册。请用JSON结构输出，并从“风险”角度做重点判断。要求：按难易度排序；先给结论再解释；最后给出3条可立即执行的下一步。
754,学习,学习教练,一线执行团队,复盘报告,增长,需要复盘,任务编号 P0754。请扮演学习教练。围绕“学习场景054-需要复盘”中的课程、复盘、记忆任务，面向一线执行团队，制定一份可执行方案。请用复盘报告输出，并从“增长”角度做重点判断。要求：避免虚构事实；给出示例输入输出；最后给出3条可立即执行的下一步。
755,学习,学习教练,开发团队,短视频脚本,短期落地,时间紧迫,任务编号 P0755。请扮演学习教练。围绕“学习场景055-时间紧迫”中的课程、复盘、记忆任务，面向开发团队，列出关键问题并给出优先级。请用短视频脚本输出，并从“短期落地”角度做重点判断。要求：避免专业黑话；给出至少一个反例；最后给出3条可立即执行的下一步。
756,学习,学习教练,客服团队,Markdown大纲,成本,成熟企业,任务编号 P0756。请扮演学习教练。围绕“学习场景056-成熟企业”中的课程、复盘、记忆任务，面向客服团队，生成三种风格完全不同的版本。请用Markdown大纲输出，并从“成本”角度做重点判断。要求：包含衡量标准；保持中立客观；最后给出3条可立即执行的下一步。
757,学习,学习教练,家长,JSON结构,可维护性,需要降本,任务编号 P0757。请扮演学习教练。围绕“学习场景057-需要降本”中的课程、复盘、记忆任务，面向家长，把复杂内容改写成新手也能懂的说明。请用JSON结构输出，并从“可维护性”角度做重点判断。要求：提供简短版本和完整版本；适合在一天内开始执行；最后给出3条可立即执行的下一步。
758,学习,学习教练,非技术读者,复盘报告,长期价值,流程混乱,任务编号 P0758。请扮演学习教练。围绕“学习场景058-流程混乱”中的课程、复盘、记忆任务，面向非技术读者，设计一个从零到一的工作流。请用复盘报告输出，并从“长期价值”角度做重点判断。要求：适合在一天内开始执行；必要时提出澄清问题；最后给出3条可立即执行的下一步。
759,学习,学习教练,中小企业主,短视频脚本,质量,数据不足,任务编号 P0759。请扮演学习教练。围绕“学习场景059-数据不足”中的课程、复盘、记忆任务，面向中小企业主，创建检查清单并标注常见坑。请用短视频脚本输出，并从“质量”角度做重点判断。要求：给出示例输入输出；输出可直接复制使用；最后给出3条可立即执行的下一步。
760,学习,学习教练,资深从业者,Markdown大纲,用户体验,公开发布,任务编号 P0760。请扮演学习教练。围绕“学习场景060-公开发布”中的课程、复盘、记忆任务，面向资深从业者，模拟专家评审并指出改进点。请用Markdown大纲输出，并从“用户体验”角度做重点判断。要求：语言简洁，不说空话；提供简短版本和完整版本；最后给出3条可立即执行的下一步。
761,学习,学习教练,自由职业者,JSON结构,学习曲线,多方协作,任务编号 P0761。请扮演学习教练。围绕“学习场景061-多方协作”中的课程、复盘、记忆任务，面向自由职业者，根据目标用户重写表达。请用JSON结构输出，并从“学习曲线”角度做重点判断。要求：兼顾成本和效果；按影响力排序；最后给出3条可立即执行的下一步。
762,学习,学习教练,设计团队,复盘报告,效率,预算有限,任务编号 P0762。请扮演学习教练。围绕“学习场景062-预算有限”中的课程、复盘、记忆任务，面向设计团队，提炼核心洞察并给出行动建议。请用复盘报告输出，并从“效率”角度做重点判断。要求：指出最容易忽略的细节；包含可执行下一步；最后给出3条可立即执行的下一步。
763,学习,学习教练,投资人,短视频脚本,风险,初创团队,任务编号 P0763。请扮演学习教练。围绕“学习场景063-初创团队”中的课程、复盘、记忆任务，面向投资人，设计一套可量化指标。请用短视频脚本输出，并从“风险”角度做重点判断。要求：包含可执行下一步；包含衡量标准；最后给出3条可立即执行的下一步。
764,学习,学习教练,海外用户,Markdown大纲,增长,需要扩张,任务编号 P0764。请扮演学习教练。围绕“学习场景064-需要扩张”中的课程、复盘、记忆任务，面向海外用户，把零散想法整理成结构化大纲。请用Markdown大纲输出，并从“增长”角度做重点判断。要求：输出可直接复制使用；标注假设和不确定性；最后给出3条可立即执行的下一步。
765,学习,学习教练,专家评审,JSON结构,短期落地,新市场验证,任务编号 P0765。请扮演学习教练。围绕“学习场景065-新市场验证”中的课程、复盘、记忆任务，面向专家评审，生成可直接使用的模板。请用JSON结构输出，并从“短期落地”角度做重点判断。要求：保持中立客观；指出最容易忽略的细节；最后给出3条可立即执行的下一步。
766,学习,学习教练,大学生,复盘报告,成本,竞品压力,任务编号 P0766。请扮演学习教练。围绕“学习场景066-竞品压力”中的课程、复盘、记忆任务，面向大学生，做一次反向推理找出隐藏风险。请用复盘报告输出，并从“成本”角度做重点判断。要求：先给结论再解释；避免专业黑话；最后给出3条可立即执行的下一步。
767,学习,学习教练,管理层,短视频脚本,可维护性,准备上线,任务编号 P0767。请扮演学习教练。围绕“学习场景067-准备上线”中的课程、复盘、记忆任务，面向管理层，给出低成本试验方案。请用短视频脚本输出，并从“可维护性”角度做重点判断。要求：包含失败预案；用中文输出；最后给出3条可立即执行的下一步。
768,学习,学习教练,内容创作者,Markdown大纲,长期价值,高不确定性,任务编号 P0768。请扮演学习教练。围绕“学习场景068-高不确定性”中的课程、复盘、记忆任务，面向内容创作者，创建对比表并推荐选择。请用Markdown大纲输出，并从“长期价值”角度做重点判断。要求：用中文输出；兼顾成本和效果；最后给出3条可立即执行的下一步。
769,学习,学习教练,销售团队,JSON结构,质量,远程协作,任务编号 P0769。请扮演学习教练。围绕“学习场景069-远程协作”中的课程、复盘、记忆任务，面向销售团队，把长内容压缩成高密度摘要。请用JSON结构输出，并从“质量”角度做重点判断。要求：标注假设和不确定性；避免虚构事实；最后给出3条可立即执行的下一步。
770,学习,学习教练,教师,复盘报告,用户体验,个人项目,任务编号 P0770。请扮演学习教练。围绕“学习场景070-个人项目”中的课程、复盘、记忆任务，面向教师，提出10个创新方向并排序。请用复盘报告输出，并从“用户体验”角度做重点判断。要求：按影响力排序；包含失败预案；最后给出3条可立即执行的下一步。
771,学习,学习教练,本地用户,短视频脚本,学习曲线,质量波动,任务编号 P0771。请扮演学习教练。围绕“学习场景071-质量波动”中的课程、复盘、记忆任务，面向本地用户，设计30天训练计划。请用短视频脚本输出，并从“学习曲线”角度做重点判断。要求：必要时提出澄清问题；语言简洁，不说空话；最后给出3条可立即执行的下一步。
772,学习,学习教练,创始人,Markdown大纲,效率,用户流失,任务编号 P0772。请扮演学习教练。围绕“学习场景072-用户流失”中的课程、复盘、记忆任务，面向创始人，构建决策树帮助判断下一步。请用Markdown大纲输出，并从“效率”角度做重点判断。要求：给出至少一个反例；按难易度排序；最后给出3条可立即执行的下一步。
773,学习,学习教练,新手用户,JSON结构,风险,内部培训,任务编号 P0773。请扮演学习教练。围绕“学习场景073-内部培训”中的课程、复盘、记忆任务，面向新手用户，生成会议讨论提纲。请用JSON结构输出，并从“风险”角度做重点判断。要求：按难易度排序；先给结论再解释；最后给出3条可立即执行的下一步。
774,学习,学习教练,一线执行团队,复盘报告,增长,需要复盘,任务编号 P0774。请扮演学习教练。围绕“学习场景074-需要复盘”中的课程、复盘、记忆任务，面向一线执行团队，写一份面向管理层的简报。请用复盘报告输出，并从“增长”角度做重点判断。要求：避免虚构事实；给出示例输入输出；最后给出3条可立即执行的下一步。
775,学习,学习教练,开发团队,短视频脚本,短期落地,时间紧迫,任务编号 P0775。请扮演学习教练。围绕“学习场景075-时间紧迫”中的课程、复盘、记忆任务，面向开发团队，写一份面向执行者的操作手册。请用短视频脚本输出，并从“短期落地”角度做重点判断。要求：避免专业黑话；给出至少一个反例；最后给出3条可立即执行的下一步。
776,学习,学习教练,客服团队,Markdown大纲,成本,成熟企业,任务编号 P0776。请扮演学习教练。围绕“学习场景076-成熟企业”中的课程、复盘、记忆任务，面向客服团队，建立评估打分表。请用Markdown大纲输出，并从“成本”角度做重点判断。要求：包含衡量标准；保持中立客观；最后给出3条可立即执行的下一步。
777,学习,学习教练,家长,JSON结构,可维护性,需要降本,任务编号 P0777。请扮演学习教练。围绕“学习场景077-需要降本”中的课程、复盘、记忆任务，面向家长，提出自动化改造思路。请用JSON结构输出，并从“可维护性”角度做重点判断。要求：提供简短版本和完整版本；适合在一天内开始执行；最后给出3条可立即执行的下一步。
778,学习,学习教练,非技术读者,复盘报告,长期价值,流程混乱,任务编号 P0778。请扮演学习教练。围绕“学习场景078-流程混乱”中的课程、复盘、记忆任务，面向非技术读者，设计用户调研问题。请用复盘报告输出，并从“长期价值”角度做重点判断。要求：适合在一天内开始执行；必要时提出澄清问题；最后给出3条可立即执行的下一步。
779,学习,学习教练,中小企业主,短视频脚本,质量,数据不足,任务编号 P0779。请扮演学习教练。围绕“学习场景079-数据不足”中的课程、复盘、记忆任务，面向中小企业主，模拟用户反馈并归纳模式。请用短视频脚本输出，并从“质量”角度做重点判断。要求：给出示例输入输出；输出可直接复制使用；最后给出3条可立即执行的下一步。
780,学习,学习教练,资深从业者,Markdown大纲,用户体验,公开发布,任务编号 P0780。请扮演学习教练。围绕“学习场景080-公开发布”中的课程、复盘、记忆任务，面向资深从业者，生成故障排查路径。请用Markdown大纲输出，并从“用户体验”角度做重点判断。要求：语言简洁，不说空话；提供简短版本和完整版本；最后给出3条可立即执行的下一步。
781,学习,学习教练,自由职业者,JSON结构,学习曲线,多方协作,任务编号 P0781。请扮演学习教练。围绕“学习场景081-多方协作”中的课程、复盘、记忆任务，面向自由职业者，把目标拆成里程碑。请用JSON结构输出，并从“学习曲线”角度做重点判断。要求：兼顾成本和效果；按影响力排序；最后给出3条可立即执行的下一步。
782,学习,学习教练,设计团队,复盘报告,效率,预算有限,任务编号 P0782。请扮演学习教练。围绕“学习场景082-预算有限”中的课程、复盘、记忆任务，面向设计团队，提出可复用命名规范。请用复盘报告输出，并从“效率”角度做重点判断。要求：指出最容易忽略的细节；包含可执行下一步；最后给出3条可立即执行的下一步。
783,学习,学习教练,投资人,短视频脚本,风险,初创团队,任务编号 P0783。请扮演学习教练。围绕“学习场景083-初创团队”中的课程、复盘、记忆任务，面向投资人，创建风险登记册。请用短视频脚本输出，并从“风险”角度做重点判断。要求：包含可执行下一步；包含衡量标准；最后给出3条可立即执行的下一步。
784,学习,学习教练,海外用户,Markdown大纲,增长,需要扩张,任务编号 P0784。请扮演学习教练。围绕“学习场景084-需要扩张”中的课程、复盘、记忆任务，面向海外用户，制定一份可执行方案。请用Markdown大纲输出，并从“增长”角度做重点判断。要求：输出可直接复制使用；标注假设和不确定性；最后给出3条可立即执行的下一步。
785,学习,学习教练,专家评审,JSON结构,短期落地,新市场验证,任务编号 P0785。请扮演学习教练。围绕“学习场景085-新市场验证”中的课程、复盘、记忆任务，面向专家评审，列出关键问题并给出优先级。请用JSON结构输出，并从“短期落地”角度做重点判断。要求：保持中立客观；指出最容易忽略的细节；最后给出3条可立即执行的下一步。
786,学习,学习教练,大学生,复盘报告,成本,竞品压力,任务编号 P0786。请扮演学习教练。围绕“学习场景086-竞品压力”中的课程、复盘、记忆任务，面向大学生，生成三种风格完全不同的版本。请用复盘报告输出，并从“成本”角度做重点判断。要求：先给结论再解释；避免专业黑话；最后给出3条可立即执行的下一步。
787,学习,学习教练,管理层,短视频脚本,可维护性,准备上线,任务编号 P0787。请扮演学习教练。围绕“学习场景087-准备上线”中的课程、复盘、记忆任务，面向管理层，把复杂内容改写成新手也能懂的说明。请用短视频脚本输出，并从“可维护性”角度做重点判断。要求：包含失败预案；用中文输出；最后给出3条可立即执行的下一步。
788,学习,学习教练,内容创作者,Markdown大纲,长期价值,高不确定性,任务编号 P0788。请扮演学习教练。围绕“学习场景088-高不确定性”中的课程、复盘、记忆任务，面向内容创作者，设计一个从零到一的工作流。请用Markdown大纲输出，并从“长期价值”角度做重点判断。要求：用中文输出；兼顾成本和效果；最后给出3条可立即执行的下一步。
789,学习,学习教练,销售团队,JSON结构,质量,远程协作,任务编号 P0789。请扮演学习教练。围绕“学习场景089-远程协作”中的课程、复盘、记忆任务，面向销售团队，创建检查清单并标注常见坑。请用JSON结构输出，并从“质量”角度做重点判断。要求：标注假设和不确定性；避免虚构事实；最后给出3条可立即执行的下一步。
790,学习,学习教练,教师,复盘报告,用户体验,个人项目,任务编号 P0790。请扮演学习教练。围绕“学习场景090-个人项目”中的课程、复盘、记忆任务，面向教师，模拟专家评审并指出改进点。请用复盘报告输出，并从“用户体验”角度做重点判断。要求：按影响力排序；包含失败预案；最后给出3条可立即执行的下一步。
791,学习,学习教练,本地用户,短视频脚本,学习曲线,质量波动,任务编号 P0791。请扮演学习教练。围绕“学习场景091-质量波动”中的课程、复盘、记忆任务，面向本地用户，根据目标用户重写表达。请用短视频脚本输出，并从“学习曲线”角度做重点判断。要求：必要时提出澄清问题；语言简洁，不说空话；最后给出3条可立即执行的下一步。
792,学习,学习教练,创始人,Markdown大纲,效率,用户流失,任务编号 P0792。请扮演学习教练。围绕“学习场景092-用户流失”中的课程、复盘、记忆任务，面向创始人，提炼核心洞察并给出行动建议。请用Markdown大纲输出，并从“效率”角度做重点判断。要求：给出至少一个反例；按难易度排序；最后给出3条可立即执行的下一步。
793,学习,学习教练,新手用户,JSON结构,风险,内部培训,任务编号 P0793。请扮演学习教练。围绕“学习场景093-内部培训”中的课程、复盘、记忆任务，面向新手用户，设计一套可量化指标。请用JSON结构输出，并从“风险”角度做重点判断。要求：按难易度排序；先给结论再解释；最后给出3条可立即执行的下一步。
794,学习,学习教练,一线执行团队,复盘报告,增长,需要复盘,任务编号 P0794。请扮演学习教练。围绕“学习场景094-需要复盘”中的课程、复盘、记忆任务，面向一线执行团队，把零散想法整理成结构化大纲。请用复盘报告输出，并从“增长”角度做重点判断。要求：避免虚构事实；给出示例输入输出；最后给出3条可立即执行的下一步。
795,学习,学习教练,开发团队,短视频脚本,短期落地,时间紧迫,任务编号 P0795。请扮演学习教练。围绕“学习场景095-时间紧迫”中的课程、复盘、记忆任务，面向开发团队，生成可直接使用的模板。请用短视频脚本输出，并从“短期落地”角度做重点判断。要求：避免专业黑话；给出至少一个反例；最后给出3条可立即执行的下一步。
796,学习,学习教练,客服团队,Markdown大纲,成本,成熟企业,任务编号 P0796。请扮演学习教练。围绕“学习场景096-成熟企业”中的课程、复盘、记忆任务，面向客服团队，做一次反向推理找出隐藏风险。请用Markdown大纲输出，并从“成本”角度做重点判断。要求：包含衡量标准；保持中立客观；最后给出3条可立即执行的下一步。
797,学习,学习教练,家长,JSON结构,可维护性,需要降本,任务编号 P0797。请扮演学习教练。围绕“学习场景097-需要降本”中的课程、复盘、记忆任务，面向家长，给出低成本试验方案。请用JSON结构输出，并从“可维护性”角度做重点判断。要求：提供简短版本和完整版本；适合在一天内开始执行；最后给出3条可立即执行的下一步。
798,学习,学习教练,非技术读者,复盘报告,长期价值,流程混乱,任务编号 P0798。请扮演学习教练。围绕“学习场景098-流程混乱”中的课程、复盘、记忆任务，面向非技术读者，创建对比表并推荐选择。请用复盘报告输出，并从“长期价值”角度做重点判断。要求：适合在一天内开始执行；必要时提出澄清问题；最后给出3条可立即执行的下一步。
799,学习,学习教练,中小企业主,短视频脚本,质量,数据不足,任务编号 P0799。请扮演学习教练。围绕“学习场景099-数据不足”中的课程、复盘、记忆任务，面向中小企业主，把长内容压缩成高密度摘要。请用短视频脚本输出，并从“质量”角度做重点判断。要求：给出示例输入输出；输出可直接复制使用；最后给出3条可立即执行的下一步。
800,学习,学习教练,资深从业者,Markdown大纲,用户体验,公开发布,任务编号 P0800。请扮演学习教练。围绕“学习场景100-公开发布”中的课程、复盘、记忆任务，面向资深从业者，提出10个创新方向并排序。请用Markdown大纲输出，并从“用户体验”角度做重点判断。要求：语言简洁，不说空话；提供简短版本和完整版本；最后给出3条可立即执行的下一步。
801,研究,研究分析师,内容创作者,看板任务,长期价值,需要复盘,任务编号 P0801。请扮演研究分析师。围绕“研究场景001-需要复盘”中的资料综述、洞察、假设任务，面向内容创作者，提炼核心洞察并给出行动建议。请用看板任务输出，并从“长期价值”角度做重点判断。要求：输出可直接复制使用；按难易度排序；最后给出3条可立即执行的下一步。
802,研究,研究分析师,销售团队,实验计划,质量,时间紧迫,任务编号 P0802。请扮演研究分析师。围绕“研究场景002-时间紧迫”中的资料综述、洞察、假设任务，面向销售团队，设计一套可量化指标。请用实验计划输出，并从“质量”角度做重点判断。要求：保持中立客观；先给结论再解释；最后给出3条可立即执行的下一步。
803,研究,研究分析师,教师,检查清单,用户体验,成熟企业,任务编号 P0803。请扮演研究分析师。围绕“研究场景003-成熟企业”中的资料综述、洞察、假设任务，面向教师，把零散想法整理成结构化大纲。请用检查清单输出，并从“用户体验”角度做重点判断。要求：先给结论再解释；给出示例输入输出；最后给出3条可立即执行的下一步。
804,研究,研究分析师,本地用户,SOP步骤,学习曲线,需要降本,任务编号 P0804。请扮演研究分析师。围绕“研究场景004-需要降本”中的资料综述、洞察、假设任务，面向本地用户，生成可直接使用的模板。请用SOP步骤输出，并从“学习曲线”角度做重点判断。要求：包含失败预案；给出至少一个反例；最后给出3条可立即执行的下一步。
805,研究,研究分析师,创始人,看板任务,效率,流程混乱,任务编号 P0805。请扮演研究分析师。围绕“研究场景005-流程混乱”中的资料综述、洞察、假设任务，面向创始人，做一次反向推理找出隐藏风险。请用看板任务输出，并从“效率”角度做重点判断。要求：用中文输出；保持中立客观；最后给出3条可立即执行的下一步。
806,研究,研究分析师,新手用户,实验计划,风险,数据不足,任务编号 P0806。请扮演研究分析师。围绕“研究场景006-数据不足”中的资料综述、洞察、假设任务，面向新手用户，给出低成本试验方案。请用实验计划输出，并从“风险”角度做重点判断。要求：标注假设和不确定性；适合在一天内开始执行；最后给出3条可立即执行的下一步。
807,研究,研究分析师,一线执行团队,检查清单,增长,公开发布,任务编号 P0807。请扮演研究分析师。围绕“研究场景007-公开发布”中的资料综述、洞察、假设任务，面向一线执行团队，创建对比表并推荐选择。请用检查清单输出，并从“增长”角度做重点判断。要求：按影响力排序；必要时提出澄清问题；最后给出3条可立即执行的下一步。
808,研究,研究分析师,开发团队,SOP步骤,短期落地,多方协作,任务编号 P0808。请扮演研究分析师。围绕“研究场景008-多方协作”中的资料综述、洞察、假设任务，面向开发团队，把长内容压缩成高密度摘要。请用SOP步骤输出，并从“短期落地”角度做重点判断。要求：必要时提出澄清问题；输出可直接复制使用；最后给出3条可立即执行的下一步。
809,研究,研究分析师,客服团队,看板任务,成本,预算有限,任务编号 P0809。请扮演研究分析师。围绕“研究场景009-预算有限”中的资料综述、洞察、假设任务，面向客服团队，提出10个创新方向并排序。请用看板任务输出，并从“成本”角度做重点判断。要求：给出至少一个反例；提供简短版本和完整版本；最后给出3条可立即执行的下一步。
810,研究,研究分析师,家长,实验计划,可维护性,初创团队,任务编号 P0810。请扮演研究分析师。围绕“研究场景010-初创团队”中的资料综述、洞察、假设任务，面向家长，设计30天训练计划。请用实验计划输出，并从“可维护性”角度做重点判断。要求：按难易度排序；按影响力排序；最后给出3条可立即执行的下一步。
811,研究,研究分析师,非技术读者,检查清单,长期价值,需要扩张,任务编号 P0811。请扮演研究分析师。围绕“研究场景011-需要扩张”中的资料综述、洞察、假设任务，面向非技术读者，构建决策树帮助判断下一步。请用检查清单输出，并从“长期价值”角度做重点判断。要求：避免虚构事实；包含可执行下一步；最后给出3条可立即执行的下一步。
812,研究,研究分析师,中小企业主,SOP步骤,质量,新市场验证,任务编号 P0812。请扮演研究分析师。围绕“研究场景012-新市场验证”中的资料综述、洞察、假设任务，面向中小企业主，生成会议讨论提纲。请用SOP步骤输出，并从“质量”角度做重点判断。要求：避免专业黑话；包含衡量标准；最后给出3条可立即执行的下一步。
813,研究,研究分析师,资深从业者,看板任务,用户体验,竞品压力,任务编号 P0813。请扮演研究分析师。围绕“研究场景013-竞品压力”中的资料综述、洞察、假设任务，面向资深从业者，写一份面向管理层的简报。请用看板任务输出，并从“用户体验”角度做重点判断。要求：包含衡量标准；标注假设和不确定性；最后给出3条可立即执行的下一步。
814,研究,研究分析师,自由职业者,实验计划,学习曲线,准备上线,任务编号 P0814。请扮演研究分析师。围绕“研究场景014-准备上线”中的资料综述、洞察、假设任务，面向自由职业者，写一份面向执行者的操作手册。请用实验计划输出，并从“学习曲线”角度做重点判断。要求：提供简短版本和完整版本；指出最容易忽略的细节；最后给出3条可立即执行的下一步。
815,研究,研究分析师,设计团队,检查清单,效率,高不确定性,任务编号 P0815。请扮演研究分析师。围绕“研究场景015-高不确定性”中的资料综述、洞察、假设任务，面向设计团队，建立评估打分表。请用检查清单输出，并从“效率”角度做重点判断。要求：适合在一天内开始执行；避免专业黑话；最后给出3条可立即执行的下一步。
816,研究,研究分析师,投资人,SOP步骤,风险,远程协作,任务编号 P0816。请扮演研究分析师。围绕“研究场景016-远程协作”中的资料综述、洞察、假设任务，面向投资人，提出自动化改造思路。请用SOP步骤输出，并从“风险”角度做重点判断。要求：给出示例输入输出；用中文输出；最后给出3条可立即执行的下一步。
817,研究,研究分析师,海外用户,看板任务,增长,个人项目,任务编号 P0817。请扮演研究分析师。围绕“研究场景017-个人项目”中的资料综述、洞察、假设任务，面向海外用户，设计用户调研问题。请用看板任务输出，并从“增长”角度做重点判断。要求：语言简洁，不说空话；兼顾成本和效果；最后给出3条可立即执行的下一步。
818,研究,研究分析师,专家评审,实验计划,短期落地,质量波动,任务编号 P0818。请扮演研究分析师。围绕“研究场景018-质量波动”中的资料综述、洞察、假设任务，面向专家评审，模拟用户反馈并归纳模式。请用实验计划输出，并从“短期落地”角度做重点判断。要求：兼顾成本和效果；避免虚构事实；最后给出3条可立即执行的下一步。
819,研究,研究分析师,大学生,检查清单,成本,用户流失,任务编号 P0819。请扮演研究分析师。围绕“研究场景019-用户流失”中的资料综述、洞察、假设任务，面向大学生，生成故障排查路径。请用检查清单输出，并从“成本”角度做重点判断。要求：指出最容易忽略的细节；包含失败预案；最后给出3条可立即执行的下一步。
820,研究,研究分析师,管理层,SOP步骤,可维护性,内部培训,任务编号 P0820。请扮演研究分析师。围绕“研究场景020-内部培训”中的资料综述、洞察、假设任务，面向管理层，把目标拆成里程碑。请用SOP步骤输出，并从“可维护性”角度做重点判断。要求：包含可执行下一步；语言简洁，不说空话；最后给出3条可立即执行的下一步。
821,研究,研究分析师,内容创作者,看板任务,长期价值,需要复盘,任务编号 P0821。请扮演研究分析师。围绕“研究场景021-需要复盘”中的资料综述、洞察、假设任务，面向内容创作者，提出可复用命名规范。请用看板任务输出，并从“长期价值”角度做重点判断。要求：输出可直接复制使用；按难易度排序；最后给出3条可立即执行的下一步。
822,研究,研究分析师,销售团队,实验计划,质量,时间紧迫,任务编号 P0822。请扮演研究分析师。围绕“研究场景022-时间紧迫”中的资料综述、洞察、假设任务，面向销售团队，创建风险登记册。请用实验计划输出，并从“质量”角度做重点判断。要求：保持中立客观；先给结论再解释；最后给出3条可立即执行的下一步。
823,研究,研究分析师,教师,检查清单,用户体验,成熟企业,任务编号 P0823。请扮演研究分析师。围绕“研究场景023-成熟企业”中的资料综述、洞察、假设任务，面向教师，制定一份可执行方案。请用检查清单输出，并从“用户体验”角度做重点判断。要求：先给结论再解释；给出示例输入输出；最后给出3条可立即执行的下一步。
824,研究,研究分析师,本地用户,SOP步骤,学习曲线,需要降本,任务编号 P0824。请扮演研究分析师。围绕“研究场景024-需要降本”中的资料综述、洞察、假设任务，面向本地用户，列出关键问题并给出优先级。请用SOP步骤输出，并从“学习曲线”角度做重点判断。要求：包含失败预案；给出至少一个反例；最后给出3条可立即执行的下一步。
825,研究,研究分析师,创始人,看板任务,效率,流程混乱,任务编号 P0825。请扮演研究分析师。围绕“研究场景025-流程混乱”中的资料综述、洞察、假设任务，面向创始人，生成三种风格完全不同的版本。请用看板任务输出，并从“效率”角度做重点判断。要求：用中文输出；保持中立客观；最后给出3条可立即执行的下一步。
826,研究,研究分析师,新手用户,实验计划,风险,数据不足,任务编号 P0826。请扮演研究分析师。围绕“研究场景026-数据不足”中的资料综述、洞察、假设任务，面向新手用户，把复杂内容改写成新手也能懂的说明。请用实验计划输出，并从“风险”角度做重点判断。要求：标注假设和不确定性；适合在一天内开始执行；最后给出3条可立即执行的下一步。
827,研究,研究分析师,一线执行团队,检查清单,增长,公开发布,任务编号 P0827。请扮演研究分析师。围绕“研究场景027-公开发布”中的资料综述、洞察、假设任务，面向一线执行团队，设计一个从零到一的工作流。请用检查清单输出，并从“增长”角度做重点判断。要求：按影响力排序；必要时提出澄清问题；最后给出3条可立即执行的下一步。
828,研究,研究分析师,开发团队,SOP步骤,短期落地,多方协作,任务编号 P0828。请扮演研究分析师。围绕“研究场景028-多方协作”中的资料综述、洞察、假设任务，面向开发团队，创建检查清单并标注常见坑。请用SOP步骤输出，并从“短期落地”角度做重点判断。要求：必要时提出澄清问题；输出可直接复制使用；最后给出3条可立即执行的下一步。
829,研究,研究分析师,客服团队,看板任务,成本,预算有限,任务编号 P0829。请扮演研究分析师。围绕“研究场景029-预算有限”中的资料综述、洞察、假设任务，面向客服团队，模拟专家评审并指出改进点。请用看板任务输出，并从“成本”角度做重点判断。要求：给出至少一个反例；提供简短版本和完整版本；最后给出3条可立即执行的下一步。
830,研究,研究分析师,家长,实验计划,可维护性,初创团队,任务编号 P0830。请扮演研究分析师。围绕“研究场景030-初创团队”中的资料综述、洞察、假设任务，面向家长，根据目标用户重写表达。请用实验计划输出，并从“可维护性”角度做重点判断。要求：按难易度排序；按影响力排序；最后给出3条可立即执行的下一步。
831,研究,研究分析师,非技术读者,检查清单,长期价值,需要扩张,任务编号 P0831。请扮演研究分析师。围绕“研究场景031-需要扩张”中的资料综述、洞察、假设任务，面向非技术读者，提炼核心洞察并给出行动建议。请用检查清单输出，并从“长期价值”角度做重点判断。要求：避免虚构事实；包含可执行下一步；最后给出3条可立即执行的下一步。
832,研究,研究分析师,中小企业主,SOP步骤,质量,新市场验证,任务编号 P0832。请扮演研究分析师。围绕“研究场景032-新市场验证”中的资料综述、洞察、假设任务，面向中小企业主，设计一套可量化指标。请用SOP步骤输出，并从“质量”角度做重点判断。要求：避免专业黑话；包含衡量标准；最后给出3条可立即执行的下一步。
833,研究,研究分析师,资深从业者,看板任务,用户体验,竞品压力,任务编号 P0833。请扮演研究分析师。围绕“研究场景033-竞品压力”中的资料综述、洞察、假设任务，面向资深从业者，把零散想法整理成结构化大纲。请用看板任务输出，并从“用户体验”角度做重点判断。要求：包含衡量标准；标注假设和不确定性；最后给出3条可立即执行的下一步。
834,研究,研究分析师,自由职业者,实验计划,学习曲线,准备上线,任务编号 P0834。请扮演研究分析师。围绕“研究场景034-准备上线”中的资料综述、洞察、假设任务，面向自由职业者，生成可直接使用的模板。请用实验计划输出，并从“学习曲线”角度做重点判断。要求：提供简短版本和完整版本；指出最容易忽略的细节；最后给出3条可立即执行的下一步。
835,研究,研究分析师,设计团队,检查清单,效率,高不确定性,任务编号 P0835。请扮演研究分析师。围绕“研究场景035-高不确定性”中的资料综述、洞察、假设任务，面向设计团队，做一次反向推理找出隐藏风险。请用检查清单输出，并从“效率”角度做重点判断。要求：适合在一天内开始执行；避免专业黑话；最后给出3条可立即执行的下一步。
836,研究,研究分析师,投资人,SOP步骤,风险,远程协作,任务编号 P0836。请扮演研究分析师。围绕“研究场景036-远程协作”中的资料综述、洞察、假设任务，面向投资人，给出低成本试验方案。请用SOP步骤输出，并从“风险”角度做重点判断。要求：给出示例输入输出；用中文输出；最后给出3条可立即执行的下一步。
837,研究,研究分析师,海外用户,看板任务,增长,个人项目,任务编号 P0837。请扮演研究分析师。围绕“研究场景037-个人项目”中的资料综述、洞察、假设任务，面向海外用户，创建对比表并推荐选择。请用看板任务输出，并从“增长”角度做重点判断。要求：语言简洁，不说空话；兼顾成本和效果；最后给出3条可立即执行的下一步。
838,研究,研究分析师,专家评审,实验计划,短期落地,质量波动,任务编号 P0838。请扮演研究分析师。围绕“研究场景038-质量波动”中的资料综述、洞察、假设任务，面向专家评审，把长内容压缩成高密度摘要。请用实验计划输出，并从“短期落地”角度做重点判断。要求：兼顾成本和效果；避免虚构事实；最后给出3条可立即执行的下一步。
839,研究,研究分析师,大学生,检查清单,成本,用户流失,任务编号 P0839。请扮演研究分析师。围绕“研究场景039-用户流失”中的资料综述、洞察、假设任务，面向大学生，提出10个创新方向并排序。请用检查清单输出，并从“成本”角度做重点判断。要求：指出最容易忽略的细节；包含失败预案；最后给出3条可立即执行的下一步。
840,研究,研究分析师,管理层,SOP步骤,可维护性,内部培训,任务编号 P0840。请扮演研究分析师。围绕“研究场景040-内部培训”中的资料综述、洞察、假设任务，面向管理层，设计30天训练计划。请用SOP步骤输出，并从“可维护性”角度做重点判断。要求：包含可执行下一步；语言简洁，不说空话；最后给出3条可立即执行的下一步。
841,研究,研究分析师,内容创作者,看板任务,长期价值,需要复盘,任务编号 P0841。请扮演研究分析师。围绕“研究场景041-需要复盘”中的资料综述、洞察、假设任务，面向内容创作者，构建决策树帮助判断下一步。请用看板任务输出，并从“长期价值”角度做重点判断。要求：输出可直接复制使用；按难易度排序；最后给出3条可立即执行的下一步。
842,研究,研究分析师,销售团队,实验计划,质量,时间紧迫,任务编号 P0842。请扮演研究分析师。围绕“研究场景042-时间紧迫”中的资料综述、洞察、假设任务，面向销售团队，生成会议讨论提纲。请用实验计划输出，并从“质量”角度做重点判断。要求：保持中立客观；先给结论再解释；最后给出3条可立即执行的下一步。
843,研究,研究分析师,教师,检查清单,用户体验,成熟企业,任务编号 P0843。请扮演研究分析师。围绕“研究场景043-成熟企业”中的资料综述、洞察、假设任务，面向教师，写一份面向管理层的简报。请用检查清单输出，并从“用户体验”角度做重点判断。要求：先给结论再解释；给出示例输入输出；最后给出3条可立即执行的下一步。
844,研究,研究分析师,本地用户,SOP步骤,学习曲线,需要降本,任务编号 P0844。请扮演研究分析师。围绕“研究场景044-需要降本”中的资料综述、洞察、假设任务，面向本地用户，写一份面向执行者的操作手册。请用SOP步骤输出，并从“学习曲线”角度做重点判断。要求：包含失败预案；给出至少一个反例；最后给出3条可立即执行的下一步。
845,研究,研究分析师,创始人,看板任务,效率,流程混乱,任务编号 P0845。请扮演研究分析师。围绕“研究场景045-流程混乱”中的资料综述、洞察、假设任务，面向创始人，建立评估打分表。请用看板任务输出，并从“效率”角度做重点判断。要求：用中文输出；保持中立客观；最后给出3条可立即执行的下一步。
846,研究,研究分析师,新手用户,实验计划,风险,数据不足,任务编号 P0846。请扮演研究分析师。围绕“研究场景046-数据不足”中的资料综述、洞察、假设任务，面向新手用户，提出自动化改造思路。请用实验计划输出，并从“风险”角度做重点判断。要求：标注假设和不确定性；适合在一天内开始执行；最后给出3条可立即执行的下一步。
847,研究,研究分析师,一线执行团队,检查清单,增长,公开发布,任务编号 P0847。请扮演研究分析师。围绕“研究场景047-公开发布”中的资料综述、洞察、假设任务，面向一线执行团队，设计用户调研问题。请用检查清单输出，并从“增长”角度做重点判断。要求：按影响力排序；必要时提出澄清问题；最后给出3条可立即执行的下一步。
848,研究,研究分析师,开发团队,SOP步骤,短期落地,多方协作,任务编号 P0848。请扮演研究分析师。围绕“研究场景048-多方协作”中的资料综述、洞察、假设任务，面向开发团队，模拟用户反馈并归纳模式。请用SOP步骤输出，并从“短期落地”角度做重点判断。要求：必要时提出澄清问题；输出可直接复制使用；最后给出3条可立即执行的下一步。
849,研究,研究分析师,客服团队,看板任务,成本,预算有限,任务编号 P0849。请扮演研究分析师。围绕“研究场景049-预算有限”中的资料综述、洞察、假设任务，面向客服团队，生成故障排查路径。请用看板任务输出，并从“成本”角度做重点判断。要求：给出至少一个反例；提供简短版本和完整版本；最后给出3条可立即执行的下一步。
850,研究,研究分析师,家长,实验计划,可维护性,初创团队,任务编号 P0850。请扮演研究分析师。围绕“研究场景050-初创团队”中的资料综述、洞察、假设任务，面向家长，把目标拆成里程碑。请用实验计划输出，并从“可维护性”角度做重点判断。要求：按难易度排序；按影响力排序；最后给出3条可立即执行的下一步。
851,研究,研究分析师,非技术读者,检查清单,长期价值,需要扩张,任务编号 P0851。请扮演研究分析师。围绕“研究场景051-需要扩张”中的资料综述、洞察、假设任务，面向非技术读者，提出可复用命名规范。请用检查清单输出，并从“长期价值”角度做重点判断。要求：避免虚构事实；包含可执行下一步；最后给出3条可立即执行的下一步。
852,研究,研究分析师,中小企业主,SOP步骤,质量,新市场验证,任务编号 P0852。请扮演研究分析师。围绕“研究场景052-新市场验证”中的资料综述、洞察、假设任务，面向中小企业主，创建风险登记册。请用SOP步骤输出，并从“质量”角度做重点判断。要求：避免专业黑话；包含衡量标准；最后给出3条可立即执行的下一步。
853,研究,研究分析师,资深从业者,看板任务,用户体验,竞品压力,任务编号 P0853。请扮演研究分析师。围绕“研究场景053-竞品压力”中的资料综述、洞察、假设任务，面向资深从业者，制定一份可执行方案。请用看板任务输出，并从“用户体验”角度做重点判断。要求：包含衡量标准；标注假设和不确定性；最后给出3条可立即执行的下一步。
854,研究,研究分析师,自由职业者,实验计划,学习曲线,准备上线,任务编号 P0854。请扮演研究分析师。围绕“研究场景054-准备上线”中的资料综述、洞察、假设任务，面向自由职业者，列出关键问题并给出优先级。请用实验计划输出，并从“学习曲线”角度做重点判断。要求：提供简短版本和完整版本；指出最容易忽略的细节；最后给出3条可立即执行的下一步。
855,研究,研究分析师,设计团队,检查清单,效率,高不确定性,任务编号 P0855。请扮演研究分析师。围绕“研究场景055-高不确定性”中的资料综述、洞察、假设任务，面向设计团队，生成三种风格完全不同的版本。请用检查清单输出，并从“效率”角度做重点判断。要求：适合在一天内开始执行；避免专业黑话；最后给出3条可立即执行的下一步。
856,研究,研究分析师,投资人,SOP步骤,风险,远程协作,任务编号 P0856。请扮演研究分析师。围绕“研究场景056-远程协作”中的资料综述、洞察、假设任务，面向投资人，把复杂内容改写成新手也能懂的说明。请用SOP步骤输出，并从“风险”角度做重点判断。要求：给出示例输入输出；用中文输出；最后给出3条可立即执行的下一步。
857,研究,研究分析师,海外用户,看板任务,增长,个人项目,任务编号 P0857。请扮演研究分析师。围绕“研究场景057-个人项目”中的资料综述、洞察、假设任务，面向海外用户，设计一个从零到一的工作流。请用看板任务输出，并从“增长”角度做重点判断。要求：语言简洁，不说空话；兼顾成本和效果；最后给出3条可立即执行的下一步。
858,研究,研究分析师,专家评审,实验计划,短期落地,质量波动,任务编号 P0858。请扮演研究分析师。围绕“研究场景058-质量波动”中的资料综述、洞察、假设任务，面向专家评审，创建检查清单并标注常见坑。请用实验计划输出，并从“短期落地”角度做重点判断。要求：兼顾成本和效果；避免虚构事实；最后给出3条可立即执行的下一步。
859,研究,研究分析师,大学生,检查清单,成本,用户流失,任务编号 P0859。请扮演研究分析师。围绕“研究场景059-用户流失”中的资料综述、洞察、假设任务，面向大学生，模拟专家评审并指出改进点。请用检查清单输出，并从“成本”角度做重点判断。要求：指出最容易忽略的细节；包含失败预案；最后给出3条可立即执行的下一步。
860,研究,研究分析师,管理层,SOP步骤,可维护性,内部培训,任务编号 P0860。请扮演研究分析师。围绕“研究场景060-内部培训”中的资料综述、洞察、假设任务，面向管理层，根据目标用户重写表达。请用SOP步骤输出，并从“可维护性”角度做重点判断。要求：包含可执行下一步；语言简洁，不说空话；最后给出3条可立即执行的下一步。
861,研究,研究分析师,内容创作者,看板任务,长期价值,需要复盘,任务编号 P0861。请扮演研究分析师。围绕“研究场景061-需要复盘”中的资料综述、洞察、假设任务，面向内容创作者，提炼核心洞察并给出行动建议。请用看板任务输出，并从“长期价值”角度做重点判断。要求：输出可直接复制使用；按难易度排序；最后给出3条可立即执行的下一步。
862,研究,研究分析师,销售团队,实验计划,质量,时间紧迫,任务编号 P0862。请扮演研究分析师。围绕“研究场景062-时间紧迫”中的资料综述、洞察、假设任务，面向销售团队，设计一套可量化指标。请用实验计划输出，并从“质量”角度做重点判断。要求：保持中立客观；先给结论再解释；最后给出3条可立即执行的下一步。
863,研究,研究分析师,教师,检查清单,用户体验,成熟企业,任务编号 P0863。请扮演研究分析师。围绕“研究场景063-成熟企业”中的资料综述、洞察、假设任务，面向教师，把零散想法整理成结构化大纲。请用检查清单输出，并从“用户体验”角度做重点判断。要求：先给结论再解释；给出示例输入输出；最后给出3条可立即执行的下一步。
864,研究,研究分析师,本地用户,SOP步骤,学习曲线,需要降本,任务编号 P0864。请扮演研究分析师。围绕“研究场景064-需要降本”中的资料综述、洞察、假设任务，面向本地用户，生成可直接使用的模板。请用SOP步骤输出，并从“学习曲线”角度做重点判断。要求：包含失败预案；给出至少一个反例；最后给出3条可立即执行的下一步。
865,研究,研究分析师,创始人,看板任务,效率,流程混乱,任务编号 P0865。请扮演研究分析师。围绕“研究场景065-流程混乱”中的资料综述、洞察、假设任务，面向创始人，做一次反向推理找出隐藏风险。请用看板任务输出，并从“效率”角度做重点判断。要求：用中文输出；保持中立客观；最后给出3条可立即执行的下一步。
866,研究,研究分析师,新手用户,实验计划,风险,数据不足,任务编号 P0866。请扮演研究分析师。围绕“研究场景066-数据不足”中的资料综述、洞察、假设任务，面向新手用户，给出低成本试验方案。请用实验计划输出，并从“风险”角度做重点判断。要求：标注假设和不确定性；适合在一天内开始执行；最后给出3条可立即执行的下一步。
867,研究,研究分析师,一线执行团队,检查清单,增长,公开发布,任务编号 P0867。请扮演研究分析师。围绕“研究场景067-公开发布”中的资料综述、洞察、假设任务，面向一线执行团队，创建对比表并推荐选择。请用检查清单输出，并从“增长”角度做重点判断。要求：按影响力排序；必要时提出澄清问题；最后给出3条可立即执行的下一步。
868,研究,研究分析师,开发团队,SOP步骤,短期落地,多方协作,任务编号 P0868。请扮演研究分析师。围绕“研究场景068-多方协作”中的资料综述、洞察、假设任务，面向开发团队，把长内容压缩成高密度摘要。请用SOP步骤输出，并从“短期落地”角度做重点判断。要求：必要时提出澄清问题；输出可直接复制使用；最后给出3条可立即执行的下一步。
869,研究,研究分析师,客服团队,看板任务,成本,预算有限,任务编号 P0869。请扮演研究分析师。围绕“研究场景069-预算有限”中的资料综述、洞察、假设任务，面向客服团队，提出10个创新方向并排序。请用看板任务输出，并从“成本”角度做重点判断。要求：给出至少一个反例；提供简短版本和完整版本；最后给出3条可立即执行的下一步。
870,研究,研究分析师,家长,实验计划,可维护性,初创团队,任务编号 P0870。请扮演研究分析师。围绕“研究场景070-初创团队”中的资料综述、洞察、假设任务，面向家长，设计30天训练计划。请用实验计划输出，并从“可维护性”角度做重点判断。要求：按难易度排序；按影响力排序；最后给出3条可立即执行的下一步。
871,研究,研究分析师,非技术读者,检查清单,长期价值,需要扩张,任务编号 P0871。请扮演研究分析师。围绕“研究场景071-需要扩张”中的资料综述、洞察、假设任务，面向非技术读者，构建决策树帮助判断下一步。请用检查清单输出，并从“长期价值”角度做重点判断。要求：避免虚构事实；包含可执行下一步；最后给出3条可立即执行的下一步。
872,研究,研究分析师,中小企业主,SOP步骤,质量,新市场验证,任务编号 P0872。请扮演研究分析师。围绕“研究场景072-新市场验证”中的资料综述、洞察、假设任务，面向中小企业主，生成会议讨论提纲。请用SOP步骤输出，并从“质量”角度做重点判断。要求：避免专业黑话；包含衡量标准；最后给出3条可立即执行的下一步。
873,研究,研究分析师,资深从业者,看板任务,用户体验,竞品压力,任务编号 P0873。请扮演研究分析师。围绕“研究场景073-竞品压力”中的资料综述、洞察、假设任务，面向资深从业者，写一份面向管理层的简报。请用看板任务输出，并从“用户体验”角度做重点判断。要求：包含衡量标准；标注假设和不确定性；最后给出3条可立即执行的下一步。
874,研究,研究分析师,自由职业者,实验计划,学习曲线,准备上线,任务编号 P0874。请扮演研究分析师。围绕“研究场景074-准备上线”中的资料综述、洞察、假设任务，面向自由职业者，写一份面向执行者的操作手册。请用实验计划输出，并从“学习曲线”角度做重点判断。要求：提供简短版本和完整版本；指出最容易忽略的细节；最后给出3条可立即执行的下一步。
875,研究,研究分析师,设计团队,检查清单,效率,高不确定性,任务编号 P0875。请扮演研究分析师。围绕“研究场景075-高不确定性”中的资料综述、洞察、假设任务，面向设计团队，建立评估打分表。请用检查清单输出，并从“效率”角度做重点判断。要求：适合在一天内开始执行；避免专业黑话；最后给出3条可立即执行的下一步。
876,研究,研究分析师,投资人,SOP步骤,风险,远程协作,任务编号 P0876。请扮演研究分析师。围绕“研究场景076-远程协作”中的资料综述、洞察、假设任务，面向投资人，提出自动化改造思路。请用SOP步骤输出，并从“风险”角度做重点判断。要求：给出示例输入输出；用中文输出；最后给出3条可立即执行的下一步。
877,研究,研究分析师,海外用户,看板任务,增长,个人项目,任务编号 P0877。请扮演研究分析师。围绕“研究场景077-个人项目”中的资料综述、洞察、假设任务，面向海外用户，设计用户调研问题。请用看板任务输出，并从“增长”角度做重点判断。要求：语言简洁，不说空话；兼顾成本和效果；最后给出3条可立即执行的下一步。
878,研究,研究分析师,专家评审,实验计划,短期落地,质量波动,任务编号 P0878。请扮演研究分析师。围绕“研究场景078-质量波动”中的资料综述、洞察、假设任务，面向专家评审，模拟用户反馈并归纳模式。请用实验计划输出，并从“短期落地”角度做重点判断。要求：兼顾成本和效果；避免虚构事实；最后给出3条可立即执行的下一步。
879,研究,研究分析师,大学生,检查清单,成本,用户流失,任务编号 P0879。请扮演研究分析师。围绕“研究场景079-用户流失”中的资料综述、洞察、假设任务，面向大学生，生成故障排查路径。请用检查清单输出，并从“成本”角度做重点判断。要求：指出最容易忽略的细节；包含失败预案；最后给出3条可立即执行的下一步。
880,研究,研究分析师,管理层,SOP步骤,可维护性,内部培训,任务编号 P0880。请扮演研究分析师。围绕“研究场景080-内部培训”中的资料综述、洞察、假设任务，面向管理层，把目标拆成里程碑。请用SOP步骤输出，并从“可维护性”角度做重点判断。要求：包含可执行下一步；语言简洁，不说空话；最后给出3条可立即执行的下一步。
881,研究,研究分析师,内容创作者,看板任务,长期价值,需要复盘,任务编号 P0881。请扮演研究分析师。围绕“研究场景081-需要复盘”中的资料综述、洞察、假设任务，面向内容创作者，提出可复用命名规范。请用看板任务输出，并从“长期价值”角度做重点判断。要求：输出可直接复制使用；按难易度排序；最后给出3条可立即执行的下一步。
882,研究,研究分析师,销售团队,实验计划,质量,时间紧迫,任务编号 P0882。请扮演研究分析师。围绕“研究场景082-时间紧迫”中的资料综述、洞察、假设任务，面向销售团队，创建风险登记册。请用实验计划输出，并从“质量”角度做重点判断。要求：保持中立客观；先给结论再解释；最后给出3条可立即执行的下一步。
883,研究,研究分析师,教师,检查清单,用户体验,成熟企业,任务编号 P0883。请扮演研究分析师。围绕“研究场景083-成熟企业”中的资料综述、洞察、假设任务，面向教师，制定一份可执行方案。请用检查清单输出，并从“用户体验”角度做重点判断。要求：先给结论再解释；给出示例输入输出；最后给出3条可立即执行的下一步。
884,研究,研究分析师,本地用户,SOP步骤,学习曲线,需要降本,任务编号 P0884。请扮演研究分析师。围绕“研究场景084-需要降本”中的资料综述、洞察、假设任务，面向本地用户，列出关键问题并给出优先级。请用SOP步骤输出，并从“学习曲线”角度做重点判断。要求：包含失败预案；给出至少一个反例；最后给出3条可立即执行的下一步。
885,研究,研究分析师,创始人,看板任务,效率,流程混乱,任务编号 P0885。请扮演研究分析师。围绕“研究场景085-流程混乱”中的资料综述、洞察、假设任务，面向创始人，生成三种风格完全不同的版本。请用看板任务输出，并从“效率”角度做重点判断。要求：用中文输出；保持中立客观；最后给出3条可立即执行的下一步。
886,研究,研究分析师,新手用户,实验计划,风险,数据不足,任务编号 P0886。请扮演研究分析师。围绕“研究场景086-数据不足”中的资料综述、洞察、假设任务，面向新手用户，把复杂内容改写成新手也能懂的说明。请用实验计划输出，并从“风险”角度做重点判断。要求：标注假设和不确定性；适合在一天内开始执行；最后给出3条可立即执行的下一步。
887,研究,研究分析师,一线执行团队,检查清单,增长,公开发布,任务编号 P0887。请扮演研究分析师。围绕“研究场景087-公开发布”中的资料综述、洞察、假设任务，面向一线执行团队，设计一个从零到一的工作流。请用检查清单输出，并从“增长”角度做重点判断。要求：按影响力排序；必要时提出澄清问题；最后给出3条可立即执行的下一步。
888,研究,研究分析师,开发团队,SOP步骤,短期落地,多方协作,任务编号 P0888。请扮演研究分析师。围绕“研究场景088-多方协作”中的资料综述、洞察、假设任务，面向开发团队，创建检查清单并标注常见坑。请用SOP步骤输出，并从“短期落地”角度做重点判断。要求：必要时提出澄清问题；输出可直接复制使用；最后给出3条可立即执行的下一步。
889,研究,研究分析师,客服团队,看板任务,成本,预算有限,任务编号 P0889。请扮演研究分析师。围绕“研究场景089-预算有限”中的资料综述、洞察、假设任务，面向客服团队，模拟专家评审并指出改进点。请用看板任务输出，并从“成本”角度做重点判断。要求：给出至少一个反例；提供简短版本和完整版本；最后给出3条可立即执行的下一步。
890,研究,研究分析师,家长,实验计划,可维护性,初创团队,任务编号 P0890。请扮演研究分析师。围绕“研究场景090-初创团队”中的资料综述、洞察、假设任务，面向家长，根据目标用户重写表达。请用实验计划输出，并从“可维护性”角度做重点判断。要求：按难易度排序；按影响力排序；最后给出3条可立即执行的下一步。
891,研究,研究分析师,非技术读者,检查清单,长期价值,需要扩张,任务编号 P0891。请扮演研究分析师。围绕“研究场景091-需要扩张”中的资料综述、洞察、假设任务，面向非技术读者，提炼核心洞察并给出行动建议。请用检查清单输出，并从“长期价值”角度做重点判断。要求：避免虚构事实；包含可执行下一步；最后给出3条可立即执行的下一步。
892,研究,研究分析师,中小企业主,SOP步骤,质量,新市场验证,任务编号 P0892。请扮演研究分析师。围绕“研究场景092-新市场验证”中的资料综述、洞察、假设任务，面向中小企业主，设计一套可量化指标。请用SOP步骤输出，并从“质量”角度做重点判断。要求：避免专业黑话；包含衡量标准；最后给出3条可立即执行的下一步。
893,研究,研究分析师,资深从业者,看板任务,用户体验,竞品压力,任务编号 P0893。请扮演研究分析师。围绕“研究场景093-竞品压力”中的资料综述、洞察、假设任务，面向资深从业者，把零散想法整理成结构化大纲。请用看板任务输出，并从“用户体验”角度做重点判断。要求：包含衡量标准；标注假设和不确定性；最后给出3条可立即执行的下一步。
894,研究,研究分析师,自由职业者,实验计划,学习曲线,准备上线,任务编号 P0894。请扮演研究分析师。围绕“研究场景094-准备上线”中的资料综述、洞察、假设任务，面向自由职业者，生成可直接使用的模板。请用实验计划输出，并从“学习曲线”角度做重点判断。要求：提供简短版本和完整版本；指出最容易忽略的细节；最后给出3条可立即执行的下一步。
895,研究,研究分析师,设计团队,检查清单,效率,高不确定性,任务编号 P0895。请扮演研究分析师。围绕“研究场景095-高不确定性”中的资料综述、洞察、假设任务，面向设计团队，做一次反向推理找出隐藏风险。请用检查清单输出，并从“效率”角度做重点判断。要求：适合在一天内开始执行；避免专业黑话；最后给出3条可立即执行的下一步。
896,研究,研究分析师,投资人,SOP步骤,风险,远程协作,任务编号 P0896。请扮演研究分析师。围绕“研究场景096-远程协作”中的资料综述、洞察、假设任务，面向投资人，给出低成本试验方案。请用SOP步骤输出，并从“风险”角度做重点判断。要求：给出示例输入输出；用中文输出；最后给出3条可立即执行的下一步。
897,研究,研究分析师,海外用户,看板任务,增长,个人项目,任务编号 P0897。请扮演研究分析师。围绕“研究场景097-个人项目”中的资料综述、洞察、假设任务，面向海外用户，创建对比表并推荐选择。请用看板任务输出，并从“增长”角度做重点判断。要求：语言简洁，不说空话；兼顾成本和效果；最后给出3条可立即执行的下一步。
898,研究,研究分析师,专家评审,实验计划,短期落地,质量波动,任务编号 P0898。请扮演研究分析师。围绕“研究场景098-质量波动”中的资料综述、洞察、假设任务，面向专家评审，把长内容压缩成高密度摘要。请用实验计划输出，并从“短期落地”角度做重点判断。要求：兼顾成本和效果；避免虚构事实；最后给出3条可立即执行的下一步。
899,研究,研究分析师,大学生,检查清单,成本,用户流失,任务编号 P0899。请扮演研究分析师。围绕“研究场景099-用户流失”中的资料综述、洞察、假设任务，面向大学生，提出10个创新方向并排序。请用检查清单输出，并从“成本”角度做重点判断。要求：指出最容易忽略的细节；包含失败预案；最后给出3条可立即执行的下一步。
900,研究,研究分析师,管理层,SOP步骤,可维护性,内部培训,任务编号 P0900。请扮演研究分析师。围绕“研究场景100-内部培训”中的资料综述、洞察、假设任务，面向管理层，设计30天训练计划。请用SOP步骤输出，并从“可维护性”角度做重点判断。要求：包含可执行下一步；语言简洁，不说空话；最后给出3条可立即执行的下一步。
901,数据,数据分析师,开发团队,评分矩阵,短期落地,准备上线,任务编号 P0901。请扮演数据分析师。围绕“数据场景001-准备上线”中的指标、报表、实验任务，面向开发团队，设计一套可量化指标。请用评分矩阵输出，并从“短期落地”角度做重点判断。要求：包含失败预案；包含衡量标准；最后给出3条可立即执行的下一步。
902,数据,数据分析师,客服团队,用户故事,成本,高不确定性,任务编号 P0902。请扮演数据分析师。围绕“数据场景002-高不确定性”中的指标、报表、实验任务，面向客服团队，把零散想法整理成结构化大纲。请用用户故事输出，并从“成本”角度做重点判断。要求：用中文输出；标注假设和不确定性；最后给出3条可立即执行的下一步。
903,数据,数据分析师,家长,对比分析,可维护性,远程协作,任务编号 P0903。请扮演数据分析师。围绕“数据场景003-远程协作”中的指标、报表、实验任务，面向家长，生成可直接使用的模板。请用对比分析输出，并从“可维护性”角度做重点判断。要求：标注假设和不确定性；指出最容易忽略的细节；最后给出3条可立即执行的下一步。
904,数据,数据分析师,非技术读者,一页纸简报,长期价值,个人项目,任务编号 P0904。请扮演数据分析师。围绕“数据场景004-个人项目”中的指标、报表、实验任务，面向非技术读者，做一次反向推理找出隐藏风险。请用一页纸简报输出，并从“长期价值”角度做重点判断。要求：按影响力排序；避免专业黑话；最后给出3条可立即执行的下一步。
905,数据,数据分析师,中小企业主,评分矩阵,质量,质量波动,任务编号 P0905。请扮演数据分析师。围绕“数据场景005-质量波动”中的指标、报表、实验任务，面向中小企业主，给出低成本试验方案。请用评分矩阵输出，并从“质量”角度做重点判断。要求：必要时提出澄清问题；用中文输出；最后给出3条可立即执行的下一步。
906,数据,数据分析师,资深从业者,用户故事,用户体验,用户流失,任务编号 P0906。请扮演数据分析师。围绕“数据场景006-用户流失”中的指标、报表、实验任务，面向资深从业者，创建对比表并推荐选择。请用用户故事输出，并从“用户体验”角度做重点判断。要求：给出至少一个反例；兼顾成本和效果；最后给出3条可立即执行的下一步。
907,数据,数据分析师,自由职业者,对比分析,学习曲线,内部培训,任务编号 P0907。请扮演数据分析师。围绕“数据场景007-内部培训”中的指标、报表、实验任务，面向自由职业者，把长内容压缩成高密度摘要。请用对比分析输出，并从“学习曲线”角度做重点判断。要求：按难易度排序；避免虚构事实；最后给出3条可立即执行的下一步。
908,数据,数据分析师,设计团队,一页纸简报,效率,需要复盘,任务编号 P0908。请扮演数据分析师。围绕“数据场景008-需要复盘”中的指标、报表、实验任务，面向设计团队，提出10个创新方向并排序。请用一页纸简报输出，并从“效率”角度做重点判断。要求：避免虚构事实；包含失败预案；最后给出3条可立即执行的下一步。
909,数据,数据分析师,投资人,评分矩阵,风险,时间紧迫,任务编号 P0909。请扮演数据分析师。围绕“数据场景009-时间紧迫”中的指标、报表、实验任务，面向投资人，设计30天训练计划。请用评分矩阵输出，并从“风险”角度做重点判断。要求：避免专业黑话；语言简洁，不说空话；最后给出3条可立即执行的下一步。
910,数据,数据分析师,海外用户,用户故事,增长,成熟企业,任务编号 P0910。请扮演数据分析师。围绕“数据场景010-成熟企业”中的指标、报表、实验任务，面向海外用户，构建决策树帮助判断下一步。请用用户故事输出，并从“增长”角度做重点判断。要求：包含衡量标准；按难易度排序；最后给出3条可立即执行的下一步。
911,数据,数据分析师,专家评审,对比分析,短期落地,需要降本,任务编号 P0911。请扮演数据分析师。围绕“数据场景011-需要降本”中的指标、报表、实验任务，面向专家评审，生成会议讨论提纲。请用对比分析输出，并从“短期落地”角度做重点判断。要求：提供简短版本和完整版本；先给结论再解释；最后给出3条可立即执行的下一步。
912,数据,数据分析师,大学生,一页纸简报,成本,流程混乱,任务编号 P0912。请扮演数据分析师。围绕“数据场景012-流程混乱”中的指标、报表、实验任务，面向大学生，写一份面向管理层的简报。请用一页纸简报输出，并从“成本”角度做重点判断。要求：适合在一天内开始执行；给出示例输入输出；最后给出3条可立即执行的下一步。
913,数据,数据分析师,管理层,评分矩阵,可维护性,数据不足,任务编号 P0913。请扮演数据分析师。围绕“数据场景013-数据不足”中的指标、报表、实验任务，面向管理层，写一份面向执行者的操作手册。请用评分矩阵输出，并从“可维护性”角度做重点判断。要求：给出示例输入输出；给出至少一个反例；最后给出3条可立即执行的下一步。
914,数据,数据分析师,内容创作者,用户故事,长期价值,公开发布,任务编号 P0914。请扮演数据分析师。围绕“数据场景014-公开发布”中的指标、报表、实验任务，面向内容创作者，建立评估打分表。请用用户故事输出，并从“长期价值”角度做重点判断。要求：语言简洁，不说空话；保持中立客观；最后给出3条可立即执行的下一步。
915,数据,数据分析师,销售团队,对比分析,质量,多方协作,任务编号 P0915。请扮演数据分析师。围绕“数据场景015-多方协作”中的指标、报表、实验任务，面向销售团队，提出自动化改造思路。请用对比分析输出，并从“质量”角度做重点判断。要求：兼顾成本和效果；适合在一天内开始执行；最后给出3条可立即执行的下一步。
916,数据,数据分析师,教师,一页纸简报,用户体验,预算有限,任务编号 P0916。请扮演数据分析师。围绕“数据场景016-预算有限”中的指标、报表、实验任务，面向教师，设计用户调研问题。请用一页纸简报输出，并从“用户体验”角度做重点判断。要求：指出最容易忽略的细节；必要时提出澄清问题；最后给出3条可立即执行的下一步。
917,数据,数据分析师,本地用户,评分矩阵,学习曲线,初创团队,任务编号 P0917。请扮演数据分析师。围绕“数据场景017-初创团队”中的指标、报表、实验任务，面向本地用户，模拟用户反馈并归纳模式。请用评分矩阵输出，并从“学习曲线”角度做重点判断。要求：包含可执行下一步；输出可直接复制使用；最后给出3条可立即执行的下一步。
918,数据,数据分析师,创始人,用户故事,效率,需要扩张,任务编号 P0918。请扮演数据分析师。围绕“数据场景018-需要扩张”中的指标、报表、实验任务，面向创始人，生成故障排查路径。请用用户故事输出，并从“效率”角度做重点判断。要求：输出可直接复制使用；提供简短版本和完整版本；最后给出3条可立即执行的下一步。
919,数据,数据分析师,新手用户,对比分析,风险,新市场验证,任务编号 P0919。请扮演数据分析师。围绕“数据场景019-新市场验证”中的指标、报表、实验任务，面向新手用户，把目标拆成里程碑。请用对比分析输出，并从“风险”角度做重点判断。要求：保持中立客观；按影响力排序；最后给出3条可立即执行的下一步。
920,数据,数据分析师,一线执行团队,一页纸简报,增长,竞品压力,任务编号 P0920。请扮演数据分析师。围绕“数据场景020-竞品压力”中的指标、报表、实验任务，面向一线执行团队，提出可复用命名规范。请用一页纸简报输出，并从“增长”角度做重点判断。要求：先给结论再解释；包含可执行下一步；最后给出3条可立即执行的下一步。
921,数据,数据分析师,开发团队,评分矩阵,短期落地,准备上线,任务编号 P0921。请扮演数据分析师。围绕“数据场景021-准备上线”中的指标、报表、实验任务，面向开发团队，创建风险登记册。请用评分矩阵输出，并从“短期落地”角度做重点判断。要求：包含失败预案；包含衡量标准；最后给出3条可立即执行的下一步。
922,数据,数据分析师,客服团队,用户故事,成本,高不确定性,任务编号 P0922。请扮演数据分析师。围绕“数据场景022-高不确定性”中的指标、报表、实验任务，面向客服团队，制定一份可执行方案。请用用户故事输出，并从“成本”角度做重点判断。要求：用中文输出；标注假设和不确定性；最后给出3条可立即执行的下一步。
923,数据,数据分析师,家长,对比分析,可维护性,远程协作,任务编号 P0923。请扮演数据分析师。围绕“数据场景023-远程协作”中的指标、报表、实验任务，面向家长，列出关键问题并给出优先级。请用对比分析输出，并从“可维护性”角度做重点判断。要求：标注假设和不确定性；指出最容易忽略的细节；最后给出3条可立即执行的下一步。
924,数据,数据分析师,非技术读者,一页纸简报,长期价值,个人项目,任务编号 P0924。请扮演数据分析师。围绕“数据场景024-个人项目”中的指标、报表、实验任务，面向非技术读者，生成三种风格完全不同的版本。请用一页纸简报输出，并从“长期价值”角度做重点判断。要求：按影响力排序；避免专业黑话；最后给出3条可立即执行的下一步。
925,数据,数据分析师,中小企业主,评分矩阵,质量,质量波动,任务编号 P0925。请扮演数据分析师。围绕“数据场景025-质量波动”中的指标、报表、实验任务，面向中小企业主，把复杂内容改写成新手也能懂的说明。请用评分矩阵输出，并从“质量”角度做重点判断。要求：必要时提出澄清问题；用中文输出；最后给出3条可立即执行的下一步。
926,数据,数据分析师,资深从业者,用户故事,用户体验,用户流失,任务编号 P0926。请扮演数据分析师。围绕“数据场景026-用户流失”中的指标、报表、实验任务，面向资深从业者，设计一个从零到一的工作流。请用用户故事输出，并从“用户体验”角度做重点判断。要求：给出至少一个反例；兼顾成本和效果；最后给出3条可立即执行的下一步。
927,数据,数据分析师,自由职业者,对比分析,学习曲线,内部培训,任务编号 P0927。请扮演数据分析师。围绕“数据场景027-内部培训”中的指标、报表、实验任务，面向自由职业者，创建检查清单并标注常见坑。请用对比分析输出，并从“学习曲线”角度做重点判断。要求：按难易度排序；避免虚构事实；最后给出3条可立即执行的下一步。
928,数据,数据分析师,设计团队,一页纸简报,效率,需要复盘,任务编号 P0928。请扮演数据分析师。围绕“数据场景028-需要复盘”中的指标、报表、实验任务，面向设计团队，模拟专家评审并指出改进点。请用一页纸简报输出，并从“效率”角度做重点判断。要求：避免虚构事实；包含失败预案；最后给出3条可立即执行的下一步。
929,数据,数据分析师,投资人,评分矩阵,风险,时间紧迫,任务编号 P0929。请扮演数据分析师。围绕“数据场景029-时间紧迫”中的指标、报表、实验任务，面向投资人，根据目标用户重写表达。请用评分矩阵输出，并从“风险”角度做重点判断。要求：避免专业黑话；语言简洁，不说空话；最后给出3条可立即执行的下一步。
930,数据,数据分析师,海外用户,用户故事,增长,成熟企业,任务编号 P0930。请扮演数据分析师。围绕“数据场景030-成熟企业”中的指标、报表、实验任务，面向海外用户，提炼核心洞察并给出行动建议。请用用户故事输出，并从“增长”角度做重点判断。要求：包含衡量标准；按难易度排序；最后给出3条可立即执行的下一步。
931,数据,数据分析师,专家评审,对比分析,短期落地,需要降本,任务编号 P0931。请扮演数据分析师。围绕“数据场景031-需要降本”中的指标、报表、实验任务，面向专家评审，设计一套可量化指标。请用对比分析输出，并从“短期落地”角度做重点判断。要求：提供简短版本和完整版本；先给结论再解释；最后给出3条可立即执行的下一步。
932,数据,数据分析师,大学生,一页纸简报,成本,流程混乱,任务编号 P0932。请扮演数据分析师。围绕“数据场景032-流程混乱”中的指标、报表、实验任务，面向大学生，把零散想法整理成结构化大纲。请用一页纸简报输出，并从“成本”角度做重点判断。要求：适合在一天内开始执行；给出示例输入输出；最后给出3条可立即执行的下一步。
933,数据,数据分析师,管理层,评分矩阵,可维护性,数据不足,任务编号 P0933。请扮演数据分析师。围绕“数据场景033-数据不足”中的指标、报表、实验任务，面向管理层，生成可直接使用的模板。请用评分矩阵输出，并从“可维护性”角度做重点判断。要求：给出示例输入输出；给出至少一个反例；最后给出3条可立即执行的下一步。
934,数据,数据分析师,内容创作者,用户故事,长期价值,公开发布,任务编号 P0934。请扮演数据分析师。围绕“数据场景034-公开发布”中的指标、报表、实验任务，面向内容创作者，做一次反向推理找出隐藏风险。请用用户故事输出，并从“长期价值”角度做重点判断。要求：语言简洁，不说空话；保持中立客观；最后给出3条可立即执行的下一步。
935,数据,数据分析师,销售团队,对比分析,质量,多方协作,任务编号 P0935。请扮演数据分析师。围绕“数据场景035-多方协作”中的指标、报表、实验任务，面向销售团队，给出低成本试验方案。请用对比分析输出，并从“质量”角度做重点判断。要求：兼顾成本和效果；适合在一天内开始执行；最后给出3条可立即执行的下一步。
936,数据,数据分析师,教师,一页纸简报,用户体验,预算有限,任务编号 P0936。请扮演数据分析师。围绕“数据场景036-预算有限”中的指标、报表、实验任务，面向教师，创建对比表并推荐选择。请用一页纸简报输出，并从“用户体验”角度做重点判断。要求：指出最容易忽略的细节；必要时提出澄清问题；最后给出3条可立即执行的下一步。
937,数据,数据分析师,本地用户,评分矩阵,学习曲线,初创团队,任务编号 P0937。请扮演数据分析师。围绕“数据场景037-初创团队”中的指标、报表、实验任务，面向本地用户，把长内容压缩成高密度摘要。请用评分矩阵输出，并从“学习曲线”角度做重点判断。要求：包含可执行下一步；输出可直接复制使用；最后给出3条可立即执行的下一步。
938,数据,数据分析师,创始人,用户故事,效率,需要扩张,任务编号 P0938。请扮演数据分析师。围绕“数据场景038-需要扩张”中的指标、报表、实验任务，面向创始人，提出10个创新方向并排序。请用用户故事输出，并从“效率”角度做重点判断。要求：输出可直接复制使用；提供简短版本和完整版本；最后给出3条可立即执行的下一步。
939,数据,数据分析师,新手用户,对比分析,风险,新市场验证,任务编号 P0939。请扮演数据分析师。围绕“数据场景039-新市场验证”中的指标、报表、实验任务，面向新手用户，设计30天训练计划。请用对比分析输出，并从“风险”角度做重点判断。要求：保持中立客观；按影响力排序；最后给出3条可立即执行的下一步。
940,数据,数据分析师,一线执行团队,一页纸简报,增长,竞品压力,任务编号 P0940。请扮演数据分析师。围绕“数据场景040-竞品压力”中的指标、报表、实验任务，面向一线执行团队，构建决策树帮助判断下一步。请用一页纸简报输出，并从“增长”角度做重点判断。要求：先给结论再解释；包含可执行下一步；最后给出3条可立即执行的下一步。
941,数据,数据分析师,开发团队,评分矩阵,短期落地,准备上线,任务编号 P0941。请扮演数据分析师。围绕“数据场景041-准备上线”中的指标、报表、实验任务，面向开发团队，生成会议讨论提纲。请用评分矩阵输出，并从“短期落地”角度做重点判断。要求：包含失败预案；包含衡量标准；最后给出3条可立即执行的下一步。
942,数据,数据分析师,客服团队,用户故事,成本,高不确定性,任务编号 P0942。请扮演数据分析师。围绕“数据场景042-高不确定性”中的指标、报表、实验任务，面向客服团队，写一份面向管理层的简报。请用用户故事输出，并从“成本”角度做重点判断。要求：用中文输出；标注假设和不确定性；最后给出3条可立即执行的下一步。
943,数据,数据分析师,家长,对比分析,可维护性,远程协作,任务编号 P0943。请扮演数据分析师。围绕“数据场景043-远程协作”中的指标、报表、实验任务，面向家长，写一份面向执行者的操作手册。请用对比分析输出，并从“可维护性”角度做重点判断。要求：标注假设和不确定性；指出最容易忽略的细节；最后给出3条可立即执行的下一步。
944,数据,数据分析师,非技术读者,一页纸简报,长期价值,个人项目,任务编号 P0944。请扮演数据分析师。围绕“数据场景044-个人项目”中的指标、报表、实验任务，面向非技术读者，建立评估打分表。请用一页纸简报输出，并从“长期价值”角度做重点判断。要求：按影响力排序；避免专业黑话；最后给出3条可立即执行的下一步。
945,数据,数据分析师,中小企业主,评分矩阵,质量,质量波动,任务编号 P0945。请扮演数据分析师。围绕“数据场景045-质量波动”中的指标、报表、实验任务，面向中小企业主，提出自动化改造思路。请用评分矩阵输出，并从“质量”角度做重点判断。要求：必要时提出澄清问题；用中文输出；最后给出3条可立即执行的下一步。
946,数据,数据分析师,资深从业者,用户故事,用户体验,用户流失,任务编号 P0946。请扮演数据分析师。围绕“数据场景046-用户流失”中的指标、报表、实验任务，面向资深从业者，设计用户调研问题。请用用户故事输出，并从“用户体验”角度做重点判断。要求：给出至少一个反例；兼顾成本和效果；最后给出3条可立即执行的下一步。
947,数据,数据分析师,自由职业者,对比分析,学习曲线,内部培训,任务编号 P0947。请扮演数据分析师。围绕“数据场景047-内部培训”中的指标、报表、实验任务，面向自由职业者，模拟用户反馈并归纳模式。请用对比分析输出，并从“学习曲线”角度做重点判断。要求：按难易度排序；避免虚构事实；最后给出3条可立即执行的下一步。
948,数据,数据分析师,设计团队,一页纸简报,效率,需要复盘,任务编号 P0948。请扮演数据分析师。围绕“数据场景048-需要复盘”中的指标、报表、实验任务，面向设计团队，生成故障排查路径。请用一页纸简报输出，并从“效率”角度做重点判断。要求：避免虚构事实；包含失败预案；最后给出3条可立即执行的下一步。
949,数据,数据分析师,投资人,评分矩阵,风险,时间紧迫,任务编号 P0949。请扮演数据分析师。围绕“数据场景049-时间紧迫”中的指标、报表、实验任务，面向投资人，把目标拆成里程碑。请用评分矩阵输出，并从“风险”角度做重点判断。要求：避免专业黑话；语言简洁，不说空话；最后给出3条可立即执行的下一步。
950,数据,数据分析师,海外用户,用户故事,增长,成熟企业,任务编号 P0950。请扮演数据分析师。围绕“数据场景050-成熟企业”中的指标、报表、实验任务，面向海外用户，提出可复用命名规范。请用用户故事输出，并从“增长”角度做重点判断。要求：包含衡量标准；按难易度排序；最后给出3条可立即执行的下一步。
951,数据,数据分析师,专家评审,对比分析,短期落地,需要降本,任务编号 P0951。请扮演数据分析师。围绕“数据场景051-需要降本”中的指标、报表、实验任务，面向专家评审，创建风险登记册。请用对比分析输出，并从“短期落地”角度做重点判断。要求：提供简短版本和完整版本；先给结论再解释；最后给出3条可立即执行的下一步。
952,数据,数据分析师,大学生,一页纸简报,成本,流程混乱,任务编号 P0952。请扮演数据分析师。围绕“数据场景052-流程混乱”中的指标、报表、实验任务，面向大学生，制定一份可执行方案。请用一页纸简报输出，并从“成本”角度做重点判断。要求：适合在一天内开始执行；给出示例输入输出；最后给出3条可立即执行的下一步。
953,数据,数据分析师,管理层,评分矩阵,可维护性,数据不足,任务编号 P0953。请扮演数据分析师。围绕“数据场景053-数据不足”中的指标、报表、实验任务，面向管理层，列出关键问题并给出优先级。请用评分矩阵输出，并从“可维护性”角度做重点判断。要求：给出示例输入输出；给出至少一个反例；最后给出3条可立即执行的下一步。
954,数据,数据分析师,内容创作者,用户故事,长期价值,公开发布,任务编号 P0954。请扮演数据分析师。围绕“数据场景054-公开发布”中的指标、报表、实验任务，面向内容创作者，生成三种风格完全不同的版本。请用用户故事输出，并从“长期价值”角度做重点判断。要求：语言简洁，不说空话；保持中立客观；最后给出3条可立即执行的下一步。
955,数据,数据分析师,销售团队,对比分析,质量,多方协作,任务编号 P0955。请扮演数据分析师。围绕“数据场景055-多方协作”中的指标、报表、实验任务，面向销售团队，把复杂内容改写成新手也能懂的说明。请用对比分析输出，并从“质量”角度做重点判断。要求：兼顾成本和效果；适合在一天内开始执行；最后给出3条可立即执行的下一步。
956,数据,数据分析师,教师,一页纸简报,用户体验,预算有限,任务编号 P0956。请扮演数据分析师。围绕“数据场景056-预算有限”中的指标、报表、实验任务，面向教师，设计一个从零到一的工作流。请用一页纸简报输出，并从“用户体验”角度做重点判断。要求：指出最容易忽略的细节；必要时提出澄清问题；最后给出3条可立即执行的下一步。
957,数据,数据分析师,本地用户,评分矩阵,学习曲线,初创团队,任务编号 P0957。请扮演数据分析师。围绕“数据场景057-初创团队”中的指标、报表、实验任务，面向本地用户，创建检查清单并标注常见坑。请用评分矩阵输出，并从“学习曲线”角度做重点判断。要求：包含可执行下一步；输出可直接复制使用；最后给出3条可立即执行的下一步。
958,数据,数据分析师,创始人,用户故事,效率,需要扩张,任务编号 P0958。请扮演数据分析师。围绕“数据场景058-需要扩张”中的指标、报表、实验任务，面向创始人，模拟专家评审并指出改进点。请用用户故事输出，并从“效率”角度做重点判断。要求：输出可直接复制使用；提供简短版本和完整版本；最后给出3条可立即执行的下一步。
959,数据,数据分析师,新手用户,对比分析,风险,新市场验证,任务编号 P0959。请扮演数据分析师。围绕“数据场景059-新市场验证”中的指标、报表、实验任务，面向新手用户，根据目标用户重写表达。请用对比分析输出，并从“风险”角度做重点判断。要求：保持中立客观；按影响力排序；最后给出3条可立即执行的下一步。
960,数据,数据分析师,一线执行团队,一页纸简报,增长,竞品压力,任务编号 P0960。请扮演数据分析师。围绕“数据场景060-竞品压力”中的指标、报表、实验任务，面向一线执行团队，提炼核心洞察并给出行动建议。请用一页纸简报输出，并从“增长”角度做重点判断。要求：先给结论再解释；包含可执行下一步；最后给出3条可立即执行的下一步。
961,数据,数据分析师,开发团队,评分矩阵,短期落地,准备上线,任务编号 P0961。请扮演数据分析师。围绕“数据场景061-准备上线”中的指标、报表、实验任务，面向开发团队，设计一套可量化指标。请用评分矩阵输出，并从“短期落地”角度做重点判断。要求：包含失败预案；包含衡量标准；最后给出3条可立即执行的下一步。
962,数据,数据分析师,客服团队,用户故事,成本,高不确定性,任务编号 P0962。请扮演数据分析师。围绕“数据场景062-高不确定性”中的指标、报表、实验任务，面向客服团队，把零散想法整理成结构化大纲。请用用户故事输出，并从“成本”角度做重点判断。要求：用中文输出；标注假设和不确定性；最后给出3条可立即执行的下一步。
963,数据,数据分析师,家长,对比分析,可维护性,远程协作,任务编号 P0963。请扮演数据分析师。围绕“数据场景063-远程协作”中的指标、报表、实验任务，面向家长，生成可直接使用的模板。请用对比分析输出，并从“可维护性”角度做重点判断。要求：标注假设和不确定性；指出最容易忽略的细节；最后给出3条可立即执行的下一步。
964,数据,数据分析师,非技术读者,一页纸简报,长期价值,个人项目,任务编号 P0964。请扮演数据分析师。围绕“数据场景064-个人项目”中的指标、报表、实验任务，面向非技术读者，做一次反向推理找出隐藏风险。请用一页纸简报输出，并从“长期价值”角度做重点判断。要求：按影响力排序；避免专业黑话；最后给出3条可立即执行的下一步。
965,数据,数据分析师,中小企业主,评分矩阵,质量,质量波动,任务编号 P0965。请扮演数据分析师。围绕“数据场景065-质量波动”中的指标、报表、实验任务，面向中小企业主，给出低成本试验方案。请用评分矩阵输出，并从“质量”角度做重点判断。要求：必要时提出澄清问题；用中文输出；最后给出3条可立即执行的下一步。
966,数据,数据分析师,资深从业者,用户故事,用户体验,用户流失,任务编号 P0966。请扮演数据分析师。围绕“数据场景066-用户流失”中的指标、报表、实验任务，面向资深从业者，创建对比表并推荐选择。请用用户故事输出，并从“用户体验”角度做重点判断。要求：给出至少一个反例；兼顾成本和效果；最后给出3条可立即执行的下一步。
967,数据,数据分析师,自由职业者,对比分析,学习曲线,内部培训,任务编号 P0967。请扮演数据分析师。围绕“数据场景067-内部培训”中的指标、报表、实验任务，面向自由职业者，把长内容压缩成高密度摘要。请用对比分析输出，并从“学习曲线”角度做重点判断。要求：按难易度排序；避免虚构事实；最后给出3条可立即执行的下一步。
968,数据,数据分析师,设计团队,一页纸简报,效率,需要复盘,任务编号 P0968。请扮演数据分析师。围绕“数据场景068-需要复盘”中的指标、报表、实验任务，面向设计团队，提出10个创新方向并排序。请用一页纸简报输出，并从“效率”角度做重点判断。要求：避免虚构事实；包含失败预案；最后给出3条可立即执行的下一步。
969,数据,数据分析师,投资人,评分矩阵,风险,时间紧迫,任务编号 P0969。请扮演数据分析师。围绕“数据场景069-时间紧迫”中的指标、报表、实验任务，面向投资人，设计30天训练计划。请用评分矩阵输出，并从“风险”角度做重点判断。要求：避免专业黑话；语言简洁，不说空话；最后给出3条可立即执行的下一步。
970,数据,数据分析师,海外用户,用户故事,增长,成熟企业,任务编号 P0970。请扮演数据分析师。围绕“数据场景070-成熟企业”中的指标、报表、实验任务，面向海外用户，构建决策树帮助判断下一步。请用用户故事输出，并从“增长”角度做重点判断。要求：包含衡量标准；按难易度排序；最后给出3条可立即执行的下一步。
971,数据,数据分析师,专家评审,对比分析,短期落地,需要降本,任务编号 P0971。请扮演数据分析师。围绕“数据场景071-需要降本”中的指标、报表、实验任务，面向专家评审，生成会议讨论提纲。请用对比分析输出，并从“短期落地”角度做重点判断。要求：提供简短版本和完整版本；先给结论再解释；最后给出3条可立即执行的下一步。
972,数据,数据分析师,大学生,一页纸简报,成本,流程混乱,任务编号 P0972。请扮演数据分析师。围绕“数据场景072-流程混乱”中的指标、报表、实验任务，面向大学生，写一份面向管理层的简报。请用一页纸简报输出，并从“成本”角度做重点判断。要求：适合在一天内开始执行；给出示例输入输出；最后给出3条可立即执行的下一步。
973,数据,数据分析师,管理层,评分矩阵,可维护性,数据不足,任务编号 P0973。请扮演数据分析师。围绕“数据场景073-数据不足”中的指标、报表、实验任务，面向管理层，写一份面向执行者的操作手册。请用评分矩阵输出，并从“可维护性”角度做重点判断。要求：给出示例输入输出；给出至少一个反例；最后给出3条可立即执行的下一步。
974,数据,数据分析师,内容创作者,用户故事,长期价值,公开发布,任务编号 P0974。请扮演数据分析师。围绕“数据场景074-公开发布”中的指标、报表、实验任务，面向内容创作者，建立评估打分表。请用用户故事输出，并从“长期价值”角度做重点判断。要求：语言简洁，不说空话；保持中立客观；最后给出3条可立即执行的下一步。
975,数据,数据分析师,销售团队,对比分析,质量,多方协作,任务编号 P0975。请扮演数据分析师。围绕“数据场景075-多方协作”中的指标、报表、实验任务，面向销售团队，提出自动化改造思路。请用对比分析输出，并从“质量”角度做重点判断。要求：兼顾成本和效果；适合在一天内开始执行；最后给出3条可立即执行的下一步。
976,数据,数据分析师,教师,一页纸简报,用户体验,预算有限,任务编号 P0976。请扮演数据分析师。围绕“数据场景076-预算有限”中的指标、报表、实验任务，面向教师，设计用户调研问题。请用一页纸简报输出，并从“用户体验”角度做重点判断。要求：指出最容易忽略的细节；必要时提出澄清问题；最后给出3条可立即执行的下一步。
977,数据,数据分析师,本地用户,评分矩阵,学习曲线,初创团队,任务编号 P0977。请扮演数据分析师。围绕“数据场景077-初创团队”中的指标、报表、实验任务，面向本地用户，模拟用户反馈并归纳模式。请用评分矩阵输出，并从“学习曲线”角度做重点判断。要求：包含可执行下一步；输出可直接复制使用；最后给出3条可立即执行的下一步。
978,数据,数据分析师,创始人,用户故事,效率,需要扩张,任务编号 P0978。请扮演数据分析师。围绕“数据场景078-需要扩张”中的指标、报表、实验任务，面向创始人，生成故障排查路径。请用用户故事输出，并从“效率”角度做重点判断。要求：输出可直接复制使用；提供简短版本和完整版本；最后给出3条可立即执行的下一步。
979,数据,数据分析师,新手用户,对比分析,风险,新市场验证,任务编号 P0979。请扮演数据分析师。围绕“数据场景079-新市场验证”中的指标、报表、实验任务，面向新手用户，把目标拆成里程碑。请用对比分析输出，并从“风险”角度做重点判断。要求：保持中立客观；按影响力排序；最后给出3条可立即执行的下一步。
980,数据,数据分析师,一线执行团队,一页纸简报,增长,竞品压力,任务编号 P0980。请扮演数据分析师。围绕“数据场景080-竞品压力”中的指标、报表、实验任务，面向一线执行团队，提出可复用命名规范。请用一页纸简报输出，并从“增长”角度做重点判断。要求：先给结论再解释；包含可执行下一步；最后给出3条可立即执行的下一步。
981,数据,数据分析师,开发团队,评分矩阵,短期落地,准备上线,任务编号 P0981。请扮演数据分析师。围绕“数据场景081-准备上线”中的指标、报表、实验任务，面向开发团队，创建风险登记册。请用评分矩阵输出，并从“短期落地”角度做重点判断。要求：包含失败预案；包含衡量标准；最后给出3条可立即执行的下一步。
982,数据,数据分析师,客服团队,用户故事,成本,高不确定性,任务编号 P0982。请扮演数据分析师。围绕“数据场景082-高不确定性”中的指标、报表、实验任务，面向客服团队，制定一份可执行方案。请用用户故事输出，并从“成本”角度做重点判断。要求：用中文输出；标注假设和不确定性；最后给出3条可立即执行的下一步。
983,数据,数据分析师,家长,对比分析,可维护性,远程协作,任务编号 P0983。请扮演数据分析师。围绕“数据场景083-远程协作”中的指标、报表、实验任务，面向家长，列出关键问题并给出优先级。请用对比分析输出，并从“可维护性”角度做重点判断。要求：标注假设和不确定性；指出最容易忽略的细节；最后给出3条可立即执行的下一步。
984,数据,数据分析师,非技术读者,一页纸简报,长期价值,个人项目,任务编号 P0984。请扮演数据分析师。围绕“数据场景084-个人项目”中的指标、报表、实验任务，面向非技术读者，生成三种风格完全不同的版本。请用一页纸简报输出，并从“长期价值”角度做重点判断。要求：按影响力排序；避免专业黑话；最后给出3条可立即执行的下一步。
985,数据,数据分析师,中小企业主,评分矩阵,质量,质量波动,任务编号 P0985。请扮演数据分析师。围绕“数据场景085-质量波动”中的指标、报表、实验任务，面向中小企业主，把复杂内容改写成新手也能懂的说明。请用评分矩阵输出，并从“质量”角度做重点判断。要求：必要时提出澄清问题；用中文输出；最后给出3条可立即执行的下一步。
986,数据,数据分析师,资深从业者,用户故事,用户体验,用户流失,任务编号 P0986。请扮演数据分析师。围绕“数据场景086-用户流失”中的指标、报表、实验任务，面向资深从业者，设计一个从零到一的工作流。请用用户故事输出，并从“用户体验”角度做重点判断。要求：给出至少一个反例；兼顾成本和效果；最后给出3条可立即执行的下一步。
987,数据,数据分析师,自由职业者,对比分析,学习曲线,内部培训,任务编号 P0987。请扮演数据分析师。围绕“数据场景087-内部培训”中的指标、报表、实验任务，面向自由职业者，创建检查清单并标注常见坑。请用对比分析输出，并从“学习曲线”角度做重点判断。要求：按难易度排序；避免虚构事实；最后给出3条可立即执行的下一步。
988,数据,数据分析师,设计团队,一页纸简报,效率,需要复盘,任务编号 P0988。请扮演数据分析师。围绕“数据场景088-需要复盘”中的指标、报表、实验任务，面向设计团队，模拟专家评审并指出改进点。请用一页纸简报输出，并从“效率”角度做重点判断。要求：避免虚构事实；包含失败预案；最后给出3条可立即执行的下一步。
989,数据,数据分析师,投资人,评分矩阵,风险,时间紧迫,任务编号 P0989。请扮演数据分析师。围绕“数据场景089-时间紧迫”中的指标、报表、实验任务，面向投资人，根据目标用户重写表达。请用评分矩阵输出，并从“风险”角度做重点判断。要求：避免专业黑话；语言简洁，不说空话；最后给出3条可立即执行的下一步。
990,数据,数据分析师,海外用户,用户故事,增长,成熟企业,任务编号 P0990。请扮演数据分析师。围绕“数据场景090-成熟企业”中的指标、报表、实验任务，面向海外用户，提炼核心洞察并给出行动建议。请用用户故事输出，并从“增长”角度做重点判断。要求：包含衡量标准；按难易度排序；最后给出3条可立即执行的下一步。
991,数据,数据分析师,专家评审,对比分析,短期落地,需要降本,任务编号 P0991。请扮演数据分析师。围绕“数据场景091-需要降本”中的指标、报表、实验任务，面向专家评审，设计一套可量化指标。请用对比分析输出，并从“短期落地”角度做重点判断。要求：提供简短版本和完整版本；先给结论再解释；最后给出3条可立即执行的下一步。
992,数据,数据分析师,大学生,一页纸简报,成本,流程混乱,任务编号 P0992。请扮演数据分析师。围绕“数据场景092-流程混乱”中的指标、报表、实验任务，面向大学生，把零散想法整理成结构化大纲。请用一页纸简报输出，并从“成本”角度做重点判断。要求：适合在一天内开始执行；给出示例输入输出；最后给出3条可立即执行的下一步。
993,数据,数据分析师,管理层,评分矩阵,可维护性,数据不足,任务编号 P0993。请扮演数据分析师。围绕“数据场景093-数据不足”中的指标、报表、实验任务，面向管理层，生成可直接使用的模板。请用评分矩阵输出，并从“可维护性”角度做重点判断。要求：给出示例输入输出；给出至少一个反例；最后给出3条可立即执行的下一步。
994,数据,数据分析师,内容创作者,用户故事,长期价值,公开发布,任务编号 P0994。请扮演数据分析师。围绕“数据场景094-公开发布”中的指标、报表、实验任务，面向内容创作者，做一次反向推理找出隐藏风险。请用用户故事输出，并从“长期价值”角度做重点判断。要求：语言简洁，不说空话；保持中立客观；最后给出3条可立即执行的下一步。
995,数据,数据分析师,销售团队,对比分析,质量,多方协作,任务编号 P0995。请扮演数据分析师。围绕“数据场景095-多方协作”中的指标、报表、实验任务，面向销售团队，给出低成本试验方案。请用对比分析输出，并从“质量”角度做重点判断。要求：兼顾成本和效果；适合在一天内开始执行；最后给出3条可立即执行的下一步。
996,数据,数据分析师,教师,一页纸简报,用户体验,预算有限,任务编号 P0996。请扮演数据分析师。围绕“数据场景096-预算有限”中的指标、报表、实验任务，面向教师，创建对比表并推荐选择。请用一页纸简报输出，并从“用户体验”角度做重点判断。要求：指出最容易忽略的细节；必要时提出澄清问题；最后给出3条可立即执行的下一步。
997,数据,数据分析师,本地用户,评分矩阵,学习曲线,初创团队,任务编号 P0997。请扮演数据分析师。围绕“数据场景097-初创团队”中的指标、报表、实验任务，面向本地用户，把长内容压缩成高密度摘要。请用评分矩阵输出，并从“学习曲线”角度做重点判断。要求：包含可执行下一步；输出可直接复制使用；最后给出3条可立即执行的下一步。
998,数据,数据分析师,创始人,用户故事,效率,需要扩张,任务编号 P0998。请扮演数据分析师。围绕“数据场景098-需要扩张”中的指标、报表、实验任务，面向创始人，提出10个创新方向并排序。请用用户故事输出，并从“效率”角度做重点判断。要求：输出可直接复制使用；提供简短版本和完整版本；最后给出3条可立即执行的下一步。
999,数据,数据分析师,新手用户,对比分析,风险,新市场验证,任务编号 P0999。请扮演数据分析师。围绕“数据场景099-新市场验证”中的指标、报表、实验任务，面向新手用户，设计30天训练计划。请用对比分析输出，并从“风险”角度做重点判断。要求：保持中立客观；按影响力排序；最后给出3条可立即执行的下一步。
1000,数据,数据分析师,一线执行团队,一页纸简报,增长,竞品压力,任务编号 P1000。请扮演数据分析师。围绕“数据场景100-竞品压力”中的指标、报表、实验任务，面向一线执行团队，构建决策树帮助判断下一步。请用一页纸简报输出，并从“增长”角度做重点判断。要求：先给结论再解释；包含可执行下一步；最后给出3条可立即执行的下一步。
1001,商业,商业顾问,设计团队,路线图,效率,公开发布,任务编号 P1001。请扮演商业顾问。围绕“商业场景001-公开发布”中的商业模式、竞争、财务任务，面向设计团队，把零散想法整理成结构化大纲。请用路线图输出，并从“效率”角度做重点判断。要求：按影响力排序；给出示例输入输出；最后给出3条可立即执行的下一步。
1002,商业,商业顾问,投资人,PRD片段,风险,多方协作,任务编号 P1002。请扮演商业顾问。围绕“商业场景002-多方协作”中的商业模式、竞争、财务任务，面向投资人，生成可直接使用的模板。请用PRD片段输出，并从“风险”角度做重点判断。要求：必要时提出澄清问题；给出至少一个反例；最后给出3条可立即执行的下一步。
1003,商业,商业顾问,海外用户,表格,增长,预算有限,任务编号 P1003。请扮演商业顾问。围绕“商业场景003-预算有限”中的商业模式、竞争、财务任务，面向海外用户，做一次反向推理找出隐藏风险。请用表格输出，并从“增长”角度做重点判断。要求：给出至少一个反例；保持中立客观；最后给出3条可立即执行的下一步。
1004,商业,商业顾问,专家评审,邮件草稿,短期落地,初创团队,任务编号 P1004。请扮演商业顾问。围绕“商业场景004-初创团队”中的商业模式、竞争、财务任务，面向专家评审，给出低成本试验方案。请用邮件草稿输出，并从“短期落地”角度做重点判断。要求：按难易度排序；适合在一天内开始执行；最后给出3条可立即执行的下一步。
1005,商业,商业顾问,大学生,路线图,成本,需要扩张,任务编号 P1005。请扮演商业顾问。围绕“商业场景005-需要扩张”中的商业模式、竞争、财务任务，面向大学生，创建对比表并推荐选择。请用路线图输出，并从“成本”角度做重点判断。要求：避免虚构事实；必要时提出澄清问题；最后给出3条可立即执行的下一步。
1006,商业,商业顾问,管理层,PRD片段,可维护性,新市场验证,任务编号 P1006。请扮演商业顾问。围绕“商业场景006-新市场验证”中的商业模式、竞争、财务任务，面向管理层，把长内容压缩成高密度摘要。请用PRD片段输出，并从“可维护性”角度做重点判断。要求：避免专业黑话；输出可直接复制使用；最后给出3条可立即执行的下一步。
1007,商业,商业顾问,内容创作者,表格,长期价值,竞品压力,任务编号 P1007。请扮演商业顾问。围绕“商业场景007-竞品压力”中的商业模式、竞争、财务任务，面向内容创作者，提出10个创新方向并排序。请用表格输出，并从“长期价值”角度做重点判断。要求：包含衡量标准；提供简短版本和完整版本；最后给出3条可立即执行的下一步。
1008,商业,商业顾问,销售团队,邮件草稿,质量,准备上线,任务编号 P1008。请扮演商业顾问。围绕“商业场景008-准备上线”中的商业模式、竞争、财务任务，面向销售团队，设计30天训练计划。请用邮件草稿输出，并从“质量”角度做重点判断。要求：提供简短版本和完整版本；按影响力排序；最后给出3条可立即执行的下一步。
1009,商业,商业顾问,教师,路线图,用户体验,高不确定性,任务编号 P1009。请扮演商业顾问。围绕“商业场景009-高不确定性”中的商业模式、竞争、财务任务，面向教师，构建决策树帮助判断下一步。请用路线图输出，并从“用户体验”角度做重点判断。要求：适合在一天内开始执行；包含可执行下一步；最后给出3条可立即执行的下一步。
1010,商业,商业顾问,本地用户,PRD片段,学习曲线,远程协作,任务编号 P1010。请扮演商业顾问。围绕“商业场景010-远程协作”中的商业模式、竞争、财务任务，面向本地用户，生成会议讨论提纲。请用PRD片段输出，并从“学习曲线”角度做重点判断。要求：给出示例输入输出；包含衡量标准；最后给出3条可立即执行的下一步。
1011,商业,商业顾问,创始人,表格,效率,个人项目,任务编号 P1011。请扮演商业顾问。围绕“商业场景011-个人项目”中的商业模式、竞争、财务任务，面向创始人，写一份面向管理层的简报。请用表格输出，并从“效率”角度做重点判断。要求：语言简洁，不说空话；标注假设和不确定性；最后给出3条可立即执行的下一步。
1012,商业,商业顾问,新手用户,邮件草稿,风险,质量波动,任务编号 P1012。请扮演商业顾问。围绕“商业场景012-质量波动”中的商业模式、竞争、财务任务，面向新手用户，写一份面向执行者的操作手册。请用邮件草稿输出，并从“风险”角度做重点判断。要求：兼顾成本和效果；指出最容易忽略的细节；最后给出3条可立即执行的下一步。
1013,商业,商业顾问,一线执行团队,路线图,增长,用户流失,任务编号 P1013。请扮演商业顾问。围绕“商业场景013-用户流失”中的商业模式、竞争、财务任务，面向一线执行团队，建立评估打分表。请用路线图输出，并从“增长”角度做重点判断。要求：指出最容易忽略的细节；避免专业黑话；最后给出3条可立即执行的下一步。
1014,商业,商业顾问,开发团队,PRD片段,短期落地,内部培训,任务编号 P1014。请扮演商业顾问。围绕“商业场景014-内部培训”中的商业模式、竞争、财务任务，面向开发团队，提出自动化改造思路。请用PRD片段输出，并从“短期落地”角度做重点判断。要求：包含可执行下一步；用中文输出；最后给出3条可立即执行的下一步。
1015,商业,商业顾问,客服团队,表格,成本,需要复盘,任务编号 P1015。请扮演商业顾问。围绕“商业场景015-需要复盘”中的商业模式、竞争、财务任务，面向客服团队，设计用户调研问题。请用表格输出，并从“成本”角度做重点判断。要求：输出可直接复制使用；兼顾成本和效果；最后给出3条可立即执行的下一步。
1016,商业,商业顾问,家长,邮件草稿,可维护性,时间紧迫,任务编号 P1016。请扮演商业顾问。围绕“商业场景016-时间紧迫”中的商业模式、竞争、财务任务，面向家长，模拟用户反馈并归纳模式。请用邮件草稿输出，并从“可维护性”角度做重点判断。要求：保持中立客观；避免虚构事实；最后给出3条可立即执行的下一步。
1017,商业,商业顾问,非技术读者,路线图,长期价值,成熟企业,任务编号 P1017。请扮演商业顾问。围绕“商业场景017-成熟企业”中的商业模式、竞争、财务任务，面向非技术读者，生成故障排查路径。请用路线图输出，并从“长期价值”角度做重点判断。要求：先给结论再解释；包含失败预案；最后给出3条可立即执行的下一步。
1018,商业,商业顾问,中小企业主,PRD片段,质量,需要降本,任务编号 P1018。请扮演商业顾问。围绕“商业场景018-需要降本”中的商业模式、竞争、财务任务，面向中小企业主，把目标拆成里程碑。请用PRD片段输出，并从“质量”角度做重点判断。要求：包含失败预案；语言简洁，不说空话；最后给出3条可立即执行的下一步。
1019,商业,商业顾问,资深从业者,表格,用户体验,流程混乱,任务编号 P1019。请扮演商业顾问。围绕“商业场景019-流程混乱”中的商业模式、竞争、财务任务，面向资深从业者，提出可复用命名规范。请用表格输出，并从“用户体验”角度做重点判断。要求：用中文输出；按难易度排序；最后给出3条可立即执行的下一步。
1020,商业,商业顾问,自由职业者,邮件草稿,学习曲线,数据不足,任务编号 P1020。请扮演商业顾问。围绕“商业场景020-数据不足”中的商业模式、竞争、财务任务，面向自由职业者，创建风险登记册。请用邮件草稿输出，并从“学习曲线”角度做重点判断。要求：标注假设和不确定性；先给结论再解释；最后给出3条可立即执行的下一步。
1021,商业,商业顾问,设计团队,路线图,效率,公开发布,任务编号 P1021。请扮演商业顾问。围绕“商业场景021-公开发布”中的商业模式、竞争、财务任务，面向设计团队，制定一份可执行方案。请用路线图输出，并从“效率”角度做重点判断。要求：按影响力排序；给出示例输入输出；最后给出3条可立即执行的下一步。
1022,商业,商业顾问,投资人,PRD片段,风险,多方协作,任务编号 P1022。请扮演商业顾问。围绕“商业场景022-多方协作”中的商业模式、竞争、财务任务，面向投资人，列出关键问题并给出优先级。请用PRD片段输出，并从“风险”角度做重点判断。要求：必要时提出澄清问题；给出至少一个反例；最后给出3条可立即执行的下一步。
1023,商业,商业顾问,海外用户,表格,增长,预算有限,任务编号 P1023。请扮演商业顾问。围绕“商业场景023-预算有限”中的商业模式、竞争、财务任务，面向海外用户，生成三种风格完全不同的版本。请用表格输出，并从“增长”角度做重点判断。要求：给出至少一个反例；保持中立客观；最后给出3条可立即执行的下一步。
1024,商业,商业顾问,专家评审,邮件草稿,短期落地,初创团队,任务编号 P1024。请扮演商业顾问。围绕“商业场景024-初创团队”中的商业模式、竞争、财务任务，面向专家评审，把复杂内容改写成新手也能懂的说明。请用邮件草稿输出，并从“短期落地”角度做重点判断。要求：按难易度排序；适合在一天内开始执行；最后给出3条可立即执行的下一步。
1025,商业,商业顾问,大学生,路线图,成本,需要扩张,任务编号 P1025。请扮演商业顾问。围绕“商业场景025-需要扩张”中的商业模式、竞争、财务任务，面向大学生，设计一个从零到一的工作流。请用路线图输出，并从“成本”角度做重点判断。要求：避免虚构事实；必要时提出澄清问题；最后给出3条可立即执行的下一步。
1026,商业,商业顾问,管理层,PRD片段,可维护性,新市场验证,任务编号 P1026。请扮演商业顾问。围绕“商业场景026-新市场验证”中的商业模式、竞争、财务任务，面向管理层，创建检查清单并标注常见坑。请用PRD片段输出，并从“可维护性”角度做重点判断。要求：避免专业黑话；输出可直接复制使用；最后给出3条可立即执行的下一步。
1027,商业,商业顾问,内容创作者,表格,长期价值,竞品压力,任务编号 P1027。请扮演商业顾问。围绕“商业场景027-竞品压力”中的商业模式、竞争、财务任务，面向内容创作者，模拟专家评审并指出改进点。请用表格输出，并从“长期价值”角度做重点判断。要求：包含衡量标准；提供简短版本和完整版本；最后给出3条可立即执行的下一步。
1028,商业,商业顾问,销售团队,邮件草稿,质量,准备上线,任务编号 P1028。请扮演商业顾问。围绕“商业场景028-准备上线”中的商业模式、竞争、财务任务，面向销售团队，根据目标用户重写表达。请用邮件草稿输出，并从“质量”角度做重点判断。要求：提供简短版本和完整版本；按影响力排序；最后给出3条可立即执行的下一步。
1029,商业,商业顾问,教师,路线图,用户体验,高不确定性,任务编号 P1029。请扮演商业顾问。围绕“商业场景029-高不确定性”中的商业模式、竞争、财务任务，面向教师，提炼核心洞察并给出行动建议。请用路线图输出，并从“用户体验”角度做重点判断。要求：适合在一天内开始执行；包含可执行下一步；最后给出3条可立即执行的下一步。
1030,商业,商业顾问,本地用户,PRD片段,学习曲线,远程协作,任务编号 P1030。请扮演商业顾问。围绕“商业场景030-远程协作”中的商业模式、竞争、财务任务，面向本地用户，设计一套可量化指标。请用PRD片段输出，并从“学习曲线”角度做重点判断。要求：给出示例输入输出；包含衡量标准；最后给出3条可立即执行的下一步。
1031,商业,商业顾问,创始人,表格,效率,个人项目,任务编号 P1031。请扮演商业顾问。围绕“商业场景031-个人项目”中的商业模式、竞争、财务任务，面向创始人，把零散想法整理成结构化大纲。请用表格输出，并从“效率”角度做重点判断。要求：语言简洁，不说空话；标注假设和不确定性；最后给出3条可立即执行的下一步。
1032,商业,商业顾问,新手用户,邮件草稿,风险,质量波动,任务编号 P1032。请扮演商业顾问。围绕“商业场景032-质量波动”中的商业模式、竞争、财务任务，面向新手用户，生成可直接使用的模板。请用邮件草稿输出，并从“风险”角度做重点判断。要求：兼顾成本和效果；指出最容易忽略的细节；最后给出3条可立即执行的下一步。
1033,商业,商业顾问,一线执行团队,路线图,增长,用户流失,任务编号 P1033。请扮演商业顾问。围绕“商业场景033-用户流失”中的商业模式、竞争、财务任务，面向一线执行团队，做一次反向推理找出隐藏风险。请用路线图输出，并从“增长”角度做重点判断。要求：指出最容易忽略的细节；避免专业黑话；最后给出3条可立即执行的下一步。
1034,商业,商业顾问,开发团队,PRD片段,短期落地,内部培训,任务编号 P1034。请扮演商业顾问。围绕“商业场景034-内部培训”中的商业模式、竞争、财务任务，面向开发团队，给出低成本试验方案。请用PRD片段输出，并从“短期落地”角度做重点判断。要求：包含可执行下一步；用中文输出；最后给出3条可立即执行的下一步。
1035,商业,商业顾问,客服团队,表格,成本,需要复盘,任务编号 P1035。请扮演商业顾问。围绕“商业场景035-需要复盘”中的商业模式、竞争、财务任务，面向客服团队，创建对比表并推荐选择。请用表格输出，并从“成本”角度做重点判断。要求：输出可直接复制使用；兼顾成本和效果；最后给出3条可立即执行的下一步。
1036,商业,商业顾问,家长,邮件草稿,可维护性,时间紧迫,任务编号 P1036。请扮演商业顾问。围绕“商业场景036-时间紧迫”中的商业模式、竞争、财务任务，面向家长，把长内容压缩成高密度摘要。请用邮件草稿输出，并从“可维护性”角度做重点判断。要求：保持中立客观；避免虚构事实；最后给出3条可立即执行的下一步。
1037,商业,商业顾问,非技术读者,路线图,长期价值,成熟企业,任务编号 P1037。请扮演商业顾问。围绕“商业场景037-成熟企业”中的商业模式、竞争、财务任务，面向非技术读者，提出10个创新方向并排序。请用路线图输出，并从“长期价值”角度做重点判断。要求：先给结论再解释；包含失败预案；最后给出3条可立即执行的下一步。
1038,商业,商业顾问,中小企业主,PRD片段,质量,需要降本,任务编号 P1038。请扮演商业顾问。围绕“商业场景038-需要降本”中的商业模式、竞争、财务任务，面向中小企业主，设计30天训练计划。请用PRD片段输出，并从“质量”角度做重点判断。要求：包含失败预案；语言简洁，不说空话；最后给出3条可立即执行的下一步。
1039,商业,商业顾问,资深从业者,表格,用户体验,流程混乱,任务编号 P1039。请扮演商业顾问。围绕“商业场景039-流程混乱”中的商业模式、竞争、财务任务，面向资深从业者，构建决策树帮助判断下一步。请用表格输出，并从“用户体验”角度做重点判断。要求：用中文输出；按难易度排序；最后给出3条可立即执行的下一步。
1040,商业,商业顾问,自由职业者,邮件草稿,学习曲线,数据不足,任务编号 P1040。请扮演商业顾问。围绕“商业场景040-数据不足”中的商业模式、竞争、财务任务，面向自由职业者，生成会议讨论提纲。请用邮件草稿输出，并从“学习曲线”角度做重点判断。要求：标注假设和不确定性；先给结论再解释；最后给出3条可立即执行的下一步。
1041,商业,商业顾问,设计团队,路线图,效率,公开发布,任务编号 P1041。请扮演商业顾问。围绕“商业场景041-公开发布”中的商业模式、竞争、财务任务，面向设计团队，写一份面向管理层的简报。请用路线图输出，并从“效率”角度做重点判断。要求：按影响力排序；给出示例输入输出；最后给出3条可立即执行的下一步。
1042,商业,商业顾问,投资人,PRD片段,风险,多方协作,任务编号 P1042。请扮演商业顾问。围绕“商业场景042-多方协作”中的商业模式、竞争、财务任务，面向投资人，写一份面向执行者的操作手册。请用PRD片段输出，并从“风险”角度做重点判断。要求：必要时提出澄清问题；给出至少一个反例；最后给出3条可立即执行的下一步。
1043,商业,商业顾问,海外用户,表格,增长,预算有限,任务编号 P1043。请扮演商业顾问。围绕“商业场景043-预算有限”中的商业模式、竞争、财务任务，面向海外用户，建立评估打分表。请用表格输出，并从“增长”角度做重点判断。要求：给出至少一个反例；保持中立客观；最后给出3条可立即执行的下一步。
1044,商业,商业顾问,专家评审,邮件草稿,短期落地,初创团队,任务编号 P1044。请扮演商业顾问。围绕“商业场景044-初创团队”中的商业模式、竞争、财务任务，面向专家评审，提出自动化改造思路。请用邮件草稿输出，并从“短期落地”角度做重点判断。要求：按难易度排序；适合在一天内开始执行；最后给出3条可立即执行的下一步。
1045,商业,商业顾问,大学生,路线图,成本,需要扩张,任务编号 P1045。请扮演商业顾问。围绕“商业场景045-需要扩张”中的商业模式、竞争、财务任务，面向大学生，设计用户调研问题。请用路线图输出，并从“成本”角度做重点判断。要求：避免虚构事实；必要时提出澄清问题；最后给出3条可立即执行的下一步。
1046,商业,商业顾问,管理层,PRD片段,可维护性,新市场验证,任务编号 P1046。请扮演商业顾问。围绕“商业场景046-新市场验证”中的商业模式、竞争、财务任务，面向管理层，模拟用户反馈并归纳模式。请用PRD片段输出，并从“可维护性”角度做重点判断。要求：避免专业黑话；输出可直接复制使用；最后给出3条可立即执行的下一步。
1047,商业,商业顾问,内容创作者,表格,长期价值,竞品压力,任务编号 P1047。请扮演商业顾问。围绕“商业场景047-竞品压力”中的商业模式、竞争、财务任务，面向内容创作者，生成故障排查路径。请用表格输出，并从“长期价值”角度做重点判断。要求：包含衡量标准；提供简短版本和完整版本；最后给出3条可立即执行的下一步。
1048,商业,商业顾问,销售团队,邮件草稿,质量,准备上线,任务编号 P1048。请扮演商业顾问。围绕“商业场景048-准备上线”中的商业模式、竞争、财务任务，面向销售团队，把目标拆成里程碑。请用邮件草稿输出，并从“质量”角度做重点判断。要求：提供简短版本和完整版本；按影响力排序；最后给出3条可立即执行的下一步。
1049,商业,商业顾问,教师,路线图,用户体验,高不确定性,任务编号 P1049。请扮演商业顾问。围绕“商业场景049-高不确定性”中的商业模式、竞争、财务任务，面向教师，提出可复用命名规范。请用路线图输出，并从“用户体验”角度做重点判断。要求：适合在一天内开始执行；包含可执行下一步；最后给出3条可立即执行的下一步。
1050,商业,商业顾问,本地用户,PRD片段,学习曲线,远程协作,任务编号 P1050。请扮演商业顾问。围绕“商业场景050-远程协作”中的商业模式、竞争、财务任务，面向本地用户，创建风险登记册。请用PRD片段输出，并从“学习曲线”角度做重点判断。要求：给出示例输入输出；包含衡量标准；最后给出3条可立即执行的下一步。
1051,商业,商业顾问,创始人,表格,效率,个人项目,任务编号 P1051。请扮演商业顾问。围绕“商业场景051-个人项目”中的商业模式、竞争、财务任务，面向创始人，制定一份可执行方案。请用表格输出，并从“效率”角度做重点判断。要求：语言简洁，不说空话；标注假设和不确定性；最后给出3条可立即执行的下一步。
1052,商业,商业顾问,新手用户,邮件草稿,风险,质量波动,任务编号 P1052。请扮演商业顾问。围绕“商业场景052-质量波动”中的商业模式、竞争、财务任务，面向新手用户，列出关键问题并给出优先级。请用邮件草稿输出，并从“风险”角度做重点判断。要求：兼顾成本和效果；指出最容易忽略的细节；最后给出3条可立即执行的下一步。
1053,商业,商业顾问,一线执行团队,路线图,增长,用户流失,任务编号 P1053。请扮演商业顾问。围绕“商业场景053-用户流失”中的商业模式、竞争、财务任务，面向一线执行团队，生成三种风格完全不同的版本。请用路线图输出，并从“增长”角度做重点判断。要求：指出最容易忽略的细节；避免专业黑话；最后给出3条可立即执行的下一步。
1054,商业,商业顾问,开发团队,PRD片段,短期落地,内部培训,任务编号 P1054。请扮演商业顾问。围绕“商业场景054-内部培训”中的商业模式、竞争、财务任务，面向开发团队，把复杂内容改写成新手也能懂的说明。请用PRD片段输出，并从“短期落地”角度做重点判断。要求：包含可执行下一步；用中文输出；最后给出3条可立即执行的下一步。
1055,商业,商业顾问,客服团队,表格,成本,需要复盘,任务编号 P1055。请扮演商业顾问。围绕“商业场景055-需要复盘”中的商业模式、竞争、财务任务，面向客服团队，设计一个从零到一的工作流。请用表格输出，并从“成本”角度做重点判断。要求：输出可直接复制使用；兼顾成本和效果；最后给出3条可立即执行的下一步。
1056,商业,商业顾问,家长,邮件草稿,可维护性,时间紧迫,任务编号 P1056。请扮演商业顾问。围绕“商业场景056-时间紧迫”中的商业模式、竞争、财务任务，面向家长，创建检查清单并标注常见坑。请用邮件草稿输出，并从“可维护性”角度做重点判断。要求：保持中立客观；避免虚构事实；最后给出3条可立即执行的下一步。
1057,商业,商业顾问,非技术读者,路线图,长期价值,成熟企业,任务编号 P1057。请扮演商业顾问。围绕“商业场景057-成熟企业”中的商业模式、竞争、财务任务，面向非技术读者，模拟专家评审并指出改进点。请用路线图输出，并从“长期价值”角度做重点判断。要求：先给结论再解释；包含失败预案；最后给出3条可立即执行的下一步。
1058,商业,商业顾问,中小企业主,PRD片段,质量,需要降本,任务编号 P1058。请扮演商业顾问。围绕“商业场景058-需要降本”中的商业模式、竞争、财务任务，面向中小企业主，根据目标用户重写表达。请用PRD片段输出，并从“质量”角度做重点判断。要求：包含失败预案；语言简洁，不说空话；最后给出3条可立即执行的下一步。
1059,商业,商业顾问,资深从业者,表格,用户体验,流程混乱,任务编号 P1059。请扮演商业顾问。围绕“商业场景059-流程混乱”中的商业模式、竞争、财务任务，面向资深从业者，提炼核心洞察并给出行动建议。请用表格输出，并从“用户体验”角度做重点判断。要求：用中文输出；按难易度排序；最后给出3条可立即执行的下一步。
1060,商业,商业顾问,自由职业者,邮件草稿,学习曲线,数据不足,任务编号 P1060。请扮演商业顾问。围绕“商业场景060-数据不足”中的商业模式、竞争、财务任务，面向自由职业者，设计一套可量化指标。请用邮件草稿输出，并从“学习曲线”角度做重点判断。要求：标注假设和不确定性；先给结论再解释；最后给出3条可立即执行的下一步。
1061,商业,商业顾问,设计团队,路线图,效率,公开发布,任务编号 P1061。请扮演商业顾问。围绕“商业场景061-公开发布”中的商业模式、竞争、财务任务，面向设计团队，把零散想法整理成结构化大纲。请用路线图输出，并从“效率”角度做重点判断。要求：按影响力排序；给出示例输入输出；最后给出3条可立即执行的下一步。
1062,商业,商业顾问,投资人,PRD片段,风险,多方协作,任务编号 P1062。请扮演商业顾问。围绕“商业场景062-多方协作”中的商业模式、竞争、财务任务，面向投资人，生成可直接使用的模板。请用PRD片段输出，并从“风险”角度做重点判断。要求：必要时提出澄清问题；给出至少一个反例；最后给出3条可立即执行的下一步。
1063,商业,商业顾问,海外用户,表格,增长,预算有限,任务编号 P1063。请扮演商业顾问。围绕“商业场景063-预算有限”中的商业模式、竞争、财务任务，面向海外用户，做一次反向推理找出隐藏风险。请用表格输出，并从“增长”角度做重点判断。要求：给出至少一个反例；保持中立客观；最后给出3条可立即执行的下一步。
1064,商业,商业顾问,专家评审,邮件草稿,短期落地,初创团队,任务编号 P1064。请扮演商业顾问。围绕“商业场景064-初创团队”中的商业模式、竞争、财务任务，面向专家评审，给出低成本试验方案。请用邮件草稿输出，并从“短期落地”角度做重点判断。要求：按难易度排序；适合在一天内开始执行；最后给出3条可立即执行的下一步。
1065,商业,商业顾问,大学生,路线图,成本,需要扩张,任务编号 P1065。请扮演商业顾问。围绕“商业场景065-需要扩张”中的商业模式、竞争、财务任务，面向大学生，创建对比表并推荐选择。请用路线图输出，并从“成本”角度做重点判断。要求：避免虚构事实；必要时提出澄清问题；最后给出3条可立即执行的下一步。
1066,商业,商业顾问,管理层,PRD片段,可维护性,新市场验证,任务编号 P1066。请扮演商业顾问。围绕“商业场景066-新市场验证”中的商业模式、竞争、财务任务，面向管理层，把长内容压缩成高密度摘要。请用PRD片段输出，并从“可维护性”角度做重点判断。要求：避免专业黑话；输出可直接复制使用；最后给出3条可立即执行的下一步。
1067,商业,商业顾问,内容创作者,表格,长期价值,竞品压力,任务编号 P1067。请扮演商业顾问。围绕“商业场景067-竞品压力”中的商业模式、竞争、财务任务，面向内容创作者，提出10个创新方向并排序。请用表格输出，并从“长期价值”角度做重点判断。要求：包含衡量标准；提供简短版本和完整版本；最后给出3条可立即执行的下一步。
1068,商业,商业顾问,销售团队,邮件草稿,质量,准备上线,任务编号 P1068。请扮演商业顾问。围绕“商业场景068-准备上线”中的商业模式、竞争、财务任务，面向销售团队，设计30天训练计划。请用邮件草稿输出，并从“质量”角度做重点判断。要求：提供简短版本和完整版本；按影响力排序；最后给出3条可立即执行的下一步。
1069,商业,商业顾问,教师,路线图,用户体验,高不确定性,任务编号 P1069。请扮演商业顾问。围绕“商业场景069-高不确定性”中的商业模式、竞争、财务任务，面向教师，构建决策树帮助判断下一步。请用路线图输出，并从“用户体验”角度做重点判断。要求：适合在一天内开始执行；包含可执行下一步；最后给出3条可立即执行的下一步。
1070,商业,商业顾问,本地用户,PRD片段,学习曲线,远程协作,任务编号 P1070。请扮演商业顾问。围绕“商业场景070-远程协作”中的商业模式、竞争、财务任务，面向本地用户，生成会议讨论提纲。请用PRD片段输出，并从“学习曲线”角度做重点判断。要求：给出示例输入输出；包含衡量标准；最后给出3条可立即执行的下一步。
1071,商业,商业顾问,创始人,表格,效率,个人项目,任务编号 P1071。请扮演商业顾问。围绕“商业场景071-个人项目”中的商业模式、竞争、财务任务，面向创始人，写一份面向管理层的简报。请用表格输出，并从“效率”角度做重点判断。要求：语言简洁，不说空话；标注假设和不确定性；最后给出3条可立即执行的下一步。
1072,商业,商业顾问,新手用户,邮件草稿,风险,质量波动,任务编号 P1072。请扮演商业顾问。围绕“商业场景072-质量波动”中的商业模式、竞争、财务任务，面向新手用户，写一份面向执行者的操作手册。请用邮件草稿输出，并从“风险”角度做重点判断。要求：兼顾成本和效果；指出最容易忽略的细节；最后给出3条可立即执行的下一步。
1073,商业,商业顾问,一线执行团队,路线图,增长,用户流失,任务编号 P1073。请扮演商业顾问。围绕“商业场景073-用户流失”中的商业模式、竞争、财务任务，面向一线执行团队，建立评估打分表。请用路线图输出，并从“增长”角度做重点判断。要求：指出最容易忽略的细节；避免专业黑话；最后给出3条可立即执行的下一步。
1074,商业,商业顾问,开发团队,PRD片段,短期落地,内部培训,任务编号 P1074。请扮演商业顾问。围绕“商业场景074-内部培训”中的商业模式、竞争、财务任务，面向开发团队，提出自动化改造思路。请用PRD片段输出，并从“短期落地”角度做重点判断。要求：包含可执行下一步；用中文输出；最后给出3条可立即执行的下一步。
1075,商业,商业顾问,客服团队,表格,成本,需要复盘,任务编号 P1075。请扮演商业顾问。围绕“商业场景075-需要复盘”中的商业模式、竞争、财务任务，面向客服团队，设计用户调研问题。请用表格输出，并从“成本”角度做重点判断。要求：输出可直接复制使用；兼顾成本和效果；最后给出3条可立即执行的下一步。
1076,商业,商业顾问,家长,邮件草稿,可维护性,时间紧迫,任务编号 P1076。请扮演商业顾问。围绕“商业场景076-时间紧迫”中的商业模式、竞争、财务任务，面向家长，模拟用户反馈并归纳模式。请用邮件草稿输出，并从“可维护性”角度做重点判断。要求：保持中立客观；避免虚构事实；最后给出3条可立即执行的下一步。
1077,商业,商业顾问,非技术读者,路线图,长期价值,成熟企业,任务编号 P1077。请扮演商业顾问。围绕“商业场景077-成熟企业”中的商业模式、竞争、财务任务，面向非技术读者，生成故障排查路径。请用路线图输出，并从“长期价值”角度做重点判断。要求：先给结论再解释；包含失败预案；最后给出3条可立即执行的下一步。
1078,商业,商业顾问,中小企业主,PRD片段,质量,需要降本,任务编号 P1078。请扮演商业顾问。围绕“商业场景078-需要降本”中的商业模式、竞争、财务任务，面向中小企业主，把目标拆成里程碑。请用PRD片段输出，并从“质量”角度做重点判断。要求：包含失败预案；语言简洁，不说空话；最后给出3条可立即执行的下一步。
1079,商业,商业顾问,资深从业者,表格,用户体验,流程混乱,任务编号 P1079。请扮演商业顾问。围绕“商业场景079-流程混乱”中的商业模式、竞争、财务任务，面向资深从业者，提出可复用命名规范。请用表格输出，并从“用户体验”角度做重点判断。要求：用中文输出；按难易度排序；最后给出3条可立即执行的下一步。
1080,商业,商业顾问,自由职业者,邮件草稿,学习曲线,数据不足,任务编号 P1080。请扮演商业顾问。围绕“商业场景080-数据不足”中的商业模式、竞争、财务任务，面向自由职业者，创建风险登记册。请用邮件草稿输出，并从“学习曲线”角度做重点判断。要求：标注假设和不确定性；先给结论再解释；最后给出3条可立即执行的下一步。
1081,商业,商业顾问,设计团队,路线图,效率,公开发布,任务编号 P1081。请扮演商业顾问。围绕“商业场景081-公开发布”中的商业模式、竞争、财务任务，面向设计团队，制定一份可执行方案。请用路线图输出，并从“效率”角度做重点判断。要求：按影响力排序；给出示例输入输出；最后给出3条可立即执行的下一步。
1082,商业,商业顾问,投资人,PRD片段,风险,多方协作,任务编号 P1082。请扮演商业顾问。围绕“商业场景082-多方协作”中的商业模式、竞争、财务任务，面向投资人，列出关键问题并给出优先级。请用PRD片段输出，并从“风险”角度做重点判断。要求：必要时提出澄清问题；给出至少一个反例；最后给出3条可立即执行的下一步。
1083,商业,商业顾问,海外用户,表格,增长,预算有限,任务编号 P1083。请扮演商业顾问。围绕“商业场景083-预算有限”中的商业模式、竞争、财务任务，面向海外用户，生成三种风格完全不同的版本。请用表格输出，并从“增长”角度做重点判断。要求：给出至少一个反例；保持中立客观；最后给出3条可立即执行的下一步。
1084,商业,商业顾问,专家评审,邮件草稿,短期落地,初创团队,任务编号 P1084。请扮演商业顾问。围绕“商业场景084-初创团队”中的商业模式、竞争、财务任务，面向专家评审，把复杂内容改写成新手也能懂的说明。请用邮件草稿输出，并从“短期落地”角度做重点判断。要求：按难易度排序；适合在一天内开始执行；最后给出3条可立即执行的下一步。
1085,商业,商业顾问,大学生,路线图,成本,需要扩张,任务编号 P1085。请扮演商业顾问。围绕“商业场景085-需要扩张”中的商业模式、竞争、财务任务，面向大学生，设计一个从零到一的工作流。请用路线图输出，并从“成本”角度做重点判断。要求：避免虚构事实；必要时提出澄清问题；最后给出3条可立即执行的下一步。
1086,商业,商业顾问,管理层,PRD片段,可维护性,新市场验证,任务编号 P1086。请扮演商业顾问。围绕“商业场景086-新市场验证”中的商业模式、竞争、财务任务，面向管理层，创建检查清单并标注常见坑。请用PRD片段输出，并从“可维护性”角度做重点判断。要求：避免专业黑话；输出可直接复制使用；最后给出3条可立即执行的下一步。
1087,商业,商业顾问,内容创作者,表格,长期价值,竞品压力,任务编号 P1087。请扮演商业顾问。围绕“商业场景087-竞品压力”中的商业模式、竞争、财务任务，面向内容创作者，模拟专家评审并指出改进点。请用表格输出，并从“长期价值”角度做重点判断。要求：包含衡量标准；提供简短版本和完整版本；最后给出3条可立即执行的下一步。
1088,商业,商业顾问,销售团队,邮件草稿,质量,准备上线,任务编号 P1088。请扮演商业顾问。围绕“商业场景088-准备上线”中的商业模式、竞争、财务任务，面向销售团队，根据目标用户重写表达。请用邮件草稿输出，并从“质量”角度做重点判断。要求：提供简短版本和完整版本；按影响力排序；最后给出3条可立即执行的下一步。
1089,商业,商业顾问,教师,路线图,用户体验,高不确定性,任务编号 P1089。请扮演商业顾问。围绕“商业场景089-高不确定性”中的商业模式、竞争、财务任务，面向教师，提炼核心洞察并给出行动建议。请用路线图输出，并从“用户体验”角度做重点判断。要求：适合在一天内开始执行；包含可执行下一步；最后给出3条可立即执行的下一步。
1090,商业,商业顾问,本地用户,PRD片段,学习曲线,远程协作,任务编号 P1090。请扮演商业顾问。围绕“商业场景090-远程协作”中的商业模式、竞争、财务任务，面向本地用户，设计一套可量化指标。请用PRD片段输出，并从“学习曲线”角度做重点判断。要求：给出示例输入输出；包含衡量标准；最后给出3条可立即执行的下一步。
1091,商业,商业顾问,创始人,表格,效率,个人项目,任务编号 P1091。请扮演商业顾问。围绕“商业场景091-个人项目”中的商业模式、竞争、财务任务，面向创始人，把零散想法整理成结构化大纲。请用表格输出，并从“效率”角度做重点判断。要求：语言简洁，不说空话；标注假设和不确定性；最后给出3条可立即执行的下一步。
1092,商业,商业顾问,新手用户,邮件草稿,风险,质量波动,任务编号 P1092。请扮演商业顾问。围绕“商业场景092-质量波动”中的商业模式、竞争、财务任务，面向新手用户，生成可直接使用的模板。请用邮件草稿输出，并从“风险”角度做重点判断。要求：兼顾成本和效果；指出最容易忽略的细节；最后给出3条可立即执行的下一步。
1093,商业,商业顾问,一线执行团队,路线图,增长,用户流失,任务编号 P1093。请扮演商业顾问。围绕“商业场景093-用户流失”中的商业模式、竞争、财务任务，面向一线执行团队，做一次反向推理找出隐藏风险。请用路线图输出，并从“增长”角度做重点判断。要求：指出最容易忽略的细节；避免专业黑话；最后给出3条可立即执行的下一步。
1094,商业,商业顾问,开发团队,PRD片段,短期落地,内部培训,任务编号 P1094。请扮演商业顾问。围绕“商业场景094-内部培训”中的商业模式、竞争、财务任务，面向开发团队，给出低成本试验方案。请用PRD片段输出，并从“短期落地”角度做重点判断。要求：包含可执行下一步；用中文输出；最后给出3条可立即执行的下一步。
1095,商业,商业顾问,客服团队,表格,成本,需要复盘,任务编号 P1095。请扮演商业顾问。围绕“商业场景095-需要复盘”中的商业模式、竞争、财务任务，面向客服团队，创建对比表并推荐选择。请用表格输出，并从“成本”角度做重点判断。要求：输出可直接复制使用；兼顾成本和效果；最后给出3条可立即执行的下一步。
1096,商业,商业顾问,家长,邮件草稿,可维护性,时间紧迫,任务编号 P1096。请扮演商业顾问。围绕“商业场景096-时间紧迫”中的商业模式、竞争、财务任务，面向家长，把长内容压缩成高密度摘要。请用邮件草稿输出，并从“可维护性”角度做重点判断。要求：保持中立客观；避免虚构事实；最后给出3条可立即执行的下一步。
1097,商业,商业顾问,非技术读者,路线图,长期价值,成熟企业,任务编号 P1097。请扮演商业顾问。围绕“商业场景097-成熟企业”中的商业模式、竞争、财务任务，面向非技术读者，提出10个创新方向并排序。请用路线图输出，并从“长期价值”角度做重点判断。要求：先给结论再解释；包含失败预案；最后给出3条可立即执行的下一步。
1098,商业,商业顾问,中小企业主,PRD片段,质量,需要降本,任务编号 P1098。请扮演商业顾问。围绕“商业场景098-需要降本”中的商业模式、竞争、财务任务，面向中小企业主，设计30天训练计划。请用PRD片段输出，并从“质量”角度做重点判断。要求：包含失败预案；语言简洁，不说空话；最后给出3条可立即执行的下一步。
1099,商业,商业顾问,资深从业者,表格,用户体验,流程混乱,任务编号 P1099。请扮演商业顾问。围绕“商业场景099-流程混乱”中的商业模式、竞争、财务任务，面向资深从业者，构建决策树帮助判断下一步。请用表格输出，并从“用户体验”角度做重点判断。要求：用中文输出；按难易度排序；最后给出3条可立即执行的下一步。
1100,商业,商业顾问,自由职业者,邮件草稿,学习曲线,数据不足,任务编号 P1100。请扮演商业顾问。围绕“商业场景100-数据不足”中的商业模式、竞争、财务任务，面向自由职业者，生成会议讨论提纲。请用邮件草稿输出，并从“学习曲线”角度做重点判断。要求：标注假设和不确定性；先给结论再解释；最后给出3条可立即执行的下一步。
1101,法律,合规助理,销售团队,FAQ,质量,内部培训,任务编号 P1101。请扮演合规助理。围绕“法律场景001-内部培训”中的条款、风险、清单任务，面向销售团队，生成可直接使用的模板。请用FAQ输出，并从“质量”角度做重点判断。要求：按难易度排序；指出最容易忽略的细节；最后给出3条可立即执行的下一步。
1102,法律,合规助理,教师,演讲稿,用户体验,需要复盘,任务编号 P1102。请扮演合规助理。围绕“法律场景002-需要复盘”中的条款、风险、清单任务，面向教师，做一次反向推理找出隐藏风险。请用演讲稿输出，并从“用户体验”角度做重点判断。要求：避免虚构事实；避免专业黑话；最后给出3条可立即执行的下一步。
1103,法律,合规助理,本地用户,编号清单,学习曲线,时间紧迫,任务编号 P1103。请扮演合规助理。围绕“法律场景003-时间紧迫”中的条款、风险、清单任务，面向本地用户，给出低成本试验方案。请用编号清单输出，并从“学习曲线”角度做重点判断。要求：避免专业黑话；用中文输出；最后给出3条可立即执行的下一步。
1104,法律,合规助理,创始人,对话脚本,效率,成熟企业,任务编号 P1104。请扮演合规助理。围绕“法律场景004-成熟企业”中的条款、风险、清单任务，面向创始人，创建对比表并推荐选择。请用对话脚本输出，并从“效率”角度做重点判断。要求：包含衡量标准；兼顾成本和效果；最后给出3条可立即执行的下一步。
1105,法律,合规助理,新手用户,FAQ,风险,需要降本,任务编号 P1105。请扮演合规助理。围绕“法律场景005-需要降本”中的条款、风险、清单任务，面向新手用户，把长内容压缩成高密度摘要。请用FAQ输出，并从“风险”角度做重点判断。要求：提供简短版本和完整版本；避免虚构事实；最后给出3条可立即执行的下一步。
1106,法律,合规助理,一线执行团队,演讲稿,增长,流程混乱,任务编号 P1106。请扮演合规助理。围绕“法律场景006-流程混乱”中的条款、风险、清单任务，面向一线执行团队，提出10个创新方向并排序。请用演讲稿输出，并从“增长”角度做重点判断。要求：适合在一天内开始执行；包含失败预案；最后给出3条可立即执行的下一步。
1107,法律,合规助理,开发团队,编号清单,短期落地,数据不足,任务编号 P1107。请扮演合规助理。围绕“法律场景007-数据不足”中的条款、风险、清单任务，面向开发团队，设计30天训练计划。请用编号清单输出，并从“短期落地”角度做重点判断。要求：给出示例输入输出；语言简洁，不说空话；最后给出3条可立即执行的下一步。
1108,法律,合规助理,客服团队,对话脚本,成本,公开发布,任务编号 P1108。请扮演合规助理。围绕“法律场景008-公开发布”中的条款、风险、清单任务，面向客服团队，构建决策树帮助判断下一步。请用对话脚本输出，并从“成本”角度做重点判断。要求：语言简洁，不说空话；按难易度排序；最后给出3条可立即执行的下一步。
1109,法律,合规助理,家长,FAQ,可维护性,多方协作,任务编号 P1109。请扮演合规助理。围绕“法律场景009-多方协作”中的条款、风险、清单任务，面向家长，生成会议讨论提纲。请用FAQ输出，并从“可维护性”角度做重点判断。要求：兼顾成本和效果；先给结论再解释；最后给出3条可立即执行的下一步。
1110,法律,合规助理,非技术读者,演讲稿,长期价值,预算有限,任务编号 P1110。请扮演合规助理。围绕“法律场景010-预算有限”中的条款、风险、清单任务，面向非技术读者，写一份面向管理层的简报。请用演讲稿输出，并从“长期价值”角度做重点判断。要求：指出最容易忽略的细节；给出示例输入输出；最后给出3条可立即执行的下一步。
1111,法律,合规助理,中小企业主,编号清单,质量,初创团队,任务编号 P1111。请扮演合规助理。围绕“法律场景011-初创团队”中的条款、风险、清单任务，面向中小企业主，写一份面向执行者的操作手册。请用编号清单输出，并从“质量”角度做重点判断。要求：包含可执行下一步；给出至少一个反例；最后给出3条可立即执行的下一步。
1112,法律,合规助理,资深从业者,对话脚本,用户体验,需要扩张,任务编号 P1112。请扮演合规助理。围绕“法律场景012-需要扩张”中的条款、风险、清单任务，面向资深从业者，建立评估打分表。请用对话脚本输出，并从“用户体验”角度做重点判断。要求：输出可直接复制使用；保持中立客观；最后给出3条可立即执行的下一步。
1113,法律,合规助理,自由职业者,FAQ,学习曲线,新市场验证,任务编号 P1113。请扮演合规助理。围绕“法律场景013-新市场验证”中的条款、风险、清单任务，面向自由职业者，提出自动化改造思路。请用FAQ输出，并从“学习曲线”角度做重点判断。要求：保持中立客观；适合在一天内开始执行；最后给出3条可立即执行的下一步。
1114,法律,合规助理,设计团队,演讲稿,效率,竞品压力,任务编号 P1114。请扮演合规助理。围绕“法律场景014-竞品压力”中的条款、风险、清单任务，面向设计团队，设计用户调研问题。请用演讲稿输出，并从“效率”角度做重点判断。要求：先给结论再解释；必要时提出澄清问题；最后给出3条可立即执行的下一步。
1115,法律,合规助理,投资人,编号清单,风险,准备上线,任务编号 P1115。请扮演合规助理。围绕“法律场景015-准备上线”中的条款、风险、清单任务，面向投资人，模拟用户反馈并归纳模式。请用编号清单输出，并从“风险”角度做重点判断。要求：包含失败预案；输出可直接复制使用；最后给出3条可立即执行的下一步。
1116,法律,合规助理,海外用户,对话脚本,增长,高不确定性,任务编号 P1116。请扮演合规助理。围绕“法律场景016-高不确定性”中的条款、风险、清单任务，面向海外用户，生成故障排查路径。请用对话脚本输出，并从“增长”角度做重点判断。要求：用中文输出；提供简短版本和完整版本；最后给出3条可立即执行的下一步。
1117,法律,合规助理,专家评审,FAQ,短期落地,远程协作,任务编号 P1117。请扮演合规助理。围绕“法律场景017-远程协作”中的条款、风险、清单任务，面向专家评审，把目标拆成里程碑。请用FAQ输出，并从“短期落地”角度做重点判断。要求：标注假设和不确定性；按影响力排序；最后给出3条可立即执行的下一步。
1118,法律,合规助理,大学生,演讲稿,成本,个人项目,任务编号 P1118。请扮演合规助理。围绕“法律场景018-个人项目”中的条款、风险、清单任务，面向大学生，提出可复用命名规范。请用演讲稿输出，并从“成本”角度做重点判断。要求：按影响力排序；包含可执行下一步；最后给出3条可立即执行的下一步。
1119,法律,合规助理,管理层,编号清单,可维护性,质量波动,任务编号 P1119。请扮演合规助理。围绕“法律场景019-质量波动”中的条款、风险、清单任务，面向管理层，创建风险登记册。请用编号清单输出，并从“可维护性”角度做重点判断。要求：必要时提出澄清问题；包含衡量标准；最后给出3条可立即执行的下一步。
1120,法律,合规助理,内容创作者,对话脚本,长期价值,用户流失,任务编号 P1120。请扮演合规助理。围绕“法律场景020-用户流失”中的条款、风险、清单任务，面向内容创作者，制定一份可执行方案。请用对话脚本输出，并从“长期价值”角度做重点判断。要求：给出至少一个反例；标注假设和不确定性；最后给出3条可立即执行的下一步。
1121,法律,合规助理,销售团队,FAQ,质量,内部培训,任务编号 P1121。请扮演合规助理。围绕“法律场景021-内部培训”中的条款、风险、清单任务，面向销售团队，列出关键问题并给出优先级。请用FAQ输出，并从“质量”角度做重点判断。要求：按难易度排序；指出最容易忽略的细节；最后给出3条可立即执行的下一步。
1122,法律,合规助理,教师,演讲稿,用户体验,需要复盘,任务编号 P1122。请扮演合规助理。围绕“法律场景022-需要复盘”中的条款、风险、清单任务，面向教师，生成三种风格完全不同的版本。请用演讲稿输出，并从“用户体验”角度做重点判断。要求：避免虚构事实；避免专业黑话；最后给出3条可立即执行的下一步。
1123,法律,合规助理,本地用户,编号清单,学习曲线,时间紧迫,任务编号 P1123。请扮演合规助理。围绕“法律场景023-时间紧迫”中的条款、风险、清单任务，面向本地用户，把复杂内容改写成新手也能懂的说明。请用编号清单输出，并从“学习曲线”角度做重点判断。要求：避免专业黑话；用中文输出；最后给出3条可立即执行的下一步。
1124,法律,合规助理,创始人,对话脚本,效率,成熟企业,任务编号 P1124。请扮演合规助理。围绕“法律场景024-成熟企业”中的条款、风险、清单任务，面向创始人，设计一个从零到一的工作流。请用对话脚本输出，并从“效率”角度做重点判断。要求：包含衡量标准；兼顾成本和效果；最后给出3条可立即执行的下一步。
1125,法律,合规助理,新手用户,FAQ,风险,需要降本,任务编号 P1125。请扮演合规助理。围绕“法律场景025-需要降本”中的条款、风险、清单任务，面向新手用户，创建检查清单并标注常见坑。请用FAQ输出，并从“风险”角度做重点判断。要求：提供简短版本和完整版本；避免虚构事实；最后给出3条可立即执行的下一步。
1126,法律,合规助理,一线执行团队,演讲稿,增长,流程混乱,任务编号 P1126。请扮演合规助理。围绕“法律场景026-流程混乱”中的条款、风险、清单任务，面向一线执行团队，模拟专家评审并指出改进点。请用演讲稿输出，并从“增长”角度做重点判断。要求：适合在一天内开始执行；包含失败预案；最后给出3条可立即执行的下一步。
1127,法律,合规助理,开发团队,编号清单,短期落地,数据不足,任务编号 P1127。请扮演合规助理。围绕“法律场景027-数据不足”中的条款、风险、清单任务，面向开发团队，根据目标用户重写表达。请用编号清单输出，并从“短期落地”角度做重点判断。要求：给出示例输入输出；语言简洁，不说空话；最后给出3条可立即执行的下一步。
1128,法律,合规助理,客服团队,对话脚本,成本,公开发布,任务编号 P1128。请扮演合规助理。围绕“法律场景028-公开发布”中的条款、风险、清单任务，面向客服团队，提炼核心洞察并给出行动建议。请用对话脚本输出，并从“成本”角度做重点判断。要求：语言简洁，不说空话；按难易度排序；最后给出3条可立即执行的下一步。
1129,法律,合规助理,家长,FAQ,可维护性,多方协作,任务编号 P1129。请扮演合规助理。围绕“法律场景029-多方协作”中的条款、风险、清单任务，面向家长，设计一套可量化指标。请用FAQ输出，并从“可维护性”角度做重点判断。要求：兼顾成本和效果；先给结论再解释；最后给出3条可立即执行的下一步。
1130,法律,合规助理,非技术读者,演讲稿,长期价值,预算有限,任务编号 P1130。请扮演合规助理。围绕“法律场景030-预算有限”中的条款、风险、清单任务，面向非技术读者，把零散想法整理成结构化大纲。请用演讲稿输出，并从“长期价值”角度做重点判断。要求：指出最容易忽略的细节；给出示例输入输出；最后给出3条可立即执行的下一步。
1131,法律,合规助理,中小企业主,编号清单,质量,初创团队,任务编号 P1131。请扮演合规助理。围绕“法律场景031-初创团队”中的条款、风险、清单任务，面向中小企业主，生成可直接使用的模板。请用编号清单输出，并从“质量”角度做重点判断。要求：包含可执行下一步；给出至少一个反例；最后给出3条可立即执行的下一步。
1132,法律,合规助理,资深从业者,对话脚本,用户体验,需要扩张,任务编号 P1132。请扮演合规助理。围绕“法律场景032-需要扩张”中的条款、风险、清单任务，面向资深从业者，做一次反向推理找出隐藏风险。请用对话脚本输出，并从“用户体验”角度做重点判断。要求：输出可直接复制使用；保持中立客观；最后给出3条可立即执行的下一步。
1133,法律,合规助理,自由职业者,FAQ,学习曲线,新市场验证,任务编号 P1133。请扮演合规助理。围绕“法律场景033-新市场验证”中的条款、风险、清单任务，面向自由职业者，给出低成本试验方案。请用FAQ输出，并从“学习曲线”角度做重点判断。要求：保持中立客观；适合在一天内开始执行；最后给出3条可立即执行的下一步。
1134,法律,合规助理,设计团队,演讲稿,效率,竞品压力,任务编号 P1134。请扮演合规助理。围绕“法律场景034-竞品压力”中的条款、风险、清单任务，面向设计团队，创建对比表并推荐选择。请用演讲稿输出，并从“效率”角度做重点判断。要求：先给结论再解释；必要时提出澄清问题；最后给出3条可立即执行的下一步。
1135,法律,合规助理,投资人,编号清单,风险,准备上线,任务编号 P1135。请扮演合规助理。围绕“法律场景035-准备上线”中的条款、风险、清单任务，面向投资人，把长内容压缩成高密度摘要。请用编号清单输出，并从“风险”角度做重点判断。要求：包含失败预案；输出可直接复制使用；最后给出3条可立即执行的下一步。
1136,法律,合规助理,海外用户,对话脚本,增长,高不确定性,任务编号 P1136。请扮演合规助理。围绕“法律场景036-高不确定性”中的条款、风险、清单任务，面向海外用户，提出10个创新方向并排序。请用对话脚本输出，并从“增长”角度做重点判断。要求：用中文输出；提供简短版本和完整版本；最后给出3条可立即执行的下一步。
1137,法律,合规助理,专家评审,FAQ,短期落地,远程协作,任务编号 P1137。请扮演合规助理。围绕“法律场景037-远程协作”中的条款、风险、清单任务，面向专家评审，设计30天训练计划。请用FAQ输出，并从“短期落地”角度做重点判断。要求：标注假设和不确定性；按影响力排序；最后给出3条可立即执行的下一步。
1138,法律,合规助理,大学生,演讲稿,成本,个人项目,任务编号 P1138。请扮演合规助理。围绕“法律场景038-个人项目”中的条款、风险、清单任务，面向大学生，构建决策树帮助判断下一步。请用演讲稿输出，并从“成本”角度做重点判断。要求：按影响力排序；包含可执行下一步；最后给出3条可立即执行的下一步。
1139,法律,合规助理,管理层,编号清单,可维护性,质量波动,任务编号 P1139。请扮演合规助理。围绕“法律场景039-质量波动”中的条款、风险、清单任务，面向管理层，生成会议讨论提纲。请用编号清单输出，并从“可维护性”角度做重点判断。要求：必要时提出澄清问题；包含衡量标准；最后给出3条可立即执行的下一步。
1140,法律,合规助理,内容创作者,对话脚本,长期价值,用户流失,任务编号 P1140。请扮演合规助理。围绕“法律场景040-用户流失”中的条款、风险、清单任务，面向内容创作者，写一份面向管理层的简报。请用对话脚本输出，并从“长期价值”角度做重点判断。要求：给出至少一个反例；标注假设和不确定性；最后给出3条可立即执行的下一步。
1141,法律,合规助理,销售团队,FAQ,质量,内部培训,任务编号 P1141。请扮演合规助理。围绕“法律场景041-内部培训”中的条款、风险、清单任务，面向销售团队，写一份面向执行者的操作手册。请用FAQ输出，并从“质量”角度做重点判断。要求：按难易度排序；指出最容易忽略的细节；最后给出3条可立即执行的下一步。
1142,法律,合规助理,教师,演讲稿,用户体验,需要复盘,任务编号 P1142。请扮演合规助理。围绕“法律场景042-需要复盘”中的条款、风险、清单任务，面向教师，建立评估打分表。请用演讲稿输出，并从“用户体验”角度做重点判断。要求：避免虚构事实；避免专业黑话；最后给出3条可立即执行的下一步。
1143,法律,合规助理,本地用户,编号清单,学习曲线,时间紧迫,任务编号 P1143。请扮演合规助理。围绕“法律场景043-时间紧迫”中的条款、风险、清单任务，面向本地用户，提出自动化改造思路。请用编号清单输出，并从“学习曲线”角度做重点判断。要求：避免专业黑话；用中文输出；最后给出3条可立即执行的下一步。
1144,法律,合规助理,创始人,对话脚本,效率,成熟企业,任务编号 P1144。请扮演合规助理。围绕“法律场景044-成熟企业”中的条款、风险、清单任务，面向创始人，设计用户调研问题。请用对话脚本输出，并从“效率”角度做重点判断。要求：包含衡量标准；兼顾成本和效果；最后给出3条可立即执行的下一步。
1145,法律,合规助理,新手用户,FAQ,风险,需要降本,任务编号 P1145。请扮演合规助理。围绕“法律场景045-需要降本”中的条款、风险、清单任务，面向新手用户，模拟用户反馈并归纳模式。请用FAQ输出，并从“风险”角度做重点判断。要求：提供简短版本和完整版本；避免虚构事实；最后给出3条可立即执行的下一步。
1146,法律,合规助理,一线执行团队,演讲稿,增长,流程混乱,任务编号 P1146。请扮演合规助理。围绕“法律场景046-流程混乱”中的条款、风险、清单任务，面向一线执行团队，生成故障排查路径。请用演讲稿输出，并从“增长”角度做重点判断。要求：适合在一天内开始执行；包含失败预案；最后给出3条可立即执行的下一步。
1147,法律,合规助理,开发团队,编号清单,短期落地,数据不足,任务编号 P1147。请扮演合规助理。围绕“法律场景047-数据不足”中的条款、风险、清单任务，面向开发团队，把目标拆成里程碑。请用编号清单输出，并从“短期落地”角度做重点判断。要求：给出示例输入输出；语言简洁，不说空话；最后给出3条可立即执行的下一步。
1148,法律,合规助理,客服团队,对话脚本,成本,公开发布,任务编号 P1148。请扮演合规助理。围绕“法律场景048-公开发布”中的条款、风险、清单任务，面向客服团队，提出可复用命名规范。请用对话脚本输出，并从“成本”角度做重点判断。要求：语言简洁，不说空话；按难易度排序；最后给出3条可立即执行的下一步。
1149,法律,合规助理,家长,FAQ,可维护性,多方协作,任务编号 P1149。请扮演合规助理。围绕“法律场景049-多方协作”中的条款、风险、清单任务，面向家长，创建风险登记册。请用FAQ输出，并从“可维护性”角度做重点判断。要求：兼顾成本和效果；先给结论再解释；最后给出3条可立即执行的下一步。
1150,法律,合规助理,非技术读者,演讲稿,长期价值,预算有限,任务编号 P1150。请扮演合规助理。围绕“法律场景050-预算有限”中的条款、风险、清单任务，面向非技术读者，制定一份可执行方案。请用演讲稿输出，并从“长期价值”角度做重点判断。要求：指出最容易忽略的细节；给出示例输入输出；最后给出3条可立即执行的下一步。
1151,法律,合规助理,中小企业主,编号清单,质量,初创团队,任务编号 P1151。请扮演合规助理。围绕“法律场景051-初创团队”中的条款、风险、清单任务，面向中小企业主，列出关键问题并给出优先级。请用编号清单输出，并从“质量”角度做重点判断。要求：包含可执行下一步；给出至少一个反例；最后给出3条可立即执行的下一步。
1152,法律,合规助理,资深从业者,对话脚本,用户体验,需要扩张,任务编号 P1152。请扮演合规助理。围绕“法律场景052-需要扩张”中的条款、风险、清单任务，面向资深从业者，生成三种风格完全不同的版本。请用对话脚本输出，并从“用户体验”角度做重点判断。要求：输出可直接复制使用；保持中立客观；最后给出3条可立即执行的下一步。
1153,法律,合规助理,自由职业者,FAQ,学习曲线,新市场验证,任务编号 P1153。请扮演合规助理。围绕“法律场景053-新市场验证”中的条款、风险、清单任务，面向自由职业者，把复杂内容改写成新手也能懂的说明。请用FAQ输出，并从“学习曲线”角度做重点判断。要求：保持中立客观；适合在一天内开始执行；最后给出3条可立即执行的下一步。
1154,法律,合规助理,设计团队,演讲稿,效率,竞品压力,任务编号 P1154。请扮演合规助理。围绕“法律场景054-竞品压力”中的条款、风险、清单任务，面向设计团队，设计一个从零到一的工作流。请用演讲稿输出，并从“效率”角度做重点判断。要求：先给结论再解释；必要时提出澄清问题；最后给出3条可立即执行的下一步。
1155,法律,合规助理,投资人,编号清单,风险,准备上线,任务编号 P1155。请扮演合规助理。围绕“法律场景055-准备上线”中的条款、风险、清单任务，面向投资人，创建检查清单并标注常见坑。请用编号清单输出，并从“风险”角度做重点判断。要求：包含失败预案；输出可直接复制使用；最后给出3条可立即执行的下一步。
1156,法律,合规助理,海外用户,对话脚本,增长,高不确定性,任务编号 P1156。请扮演合规助理。围绕“法律场景056-高不确定性”中的条款、风险、清单任务，面向海外用户，模拟专家评审并指出改进点。请用对话脚本输出，并从“增长”角度做重点判断。要求：用中文输出；提供简短版本和完整版本；最后给出3条可立即执行的下一步。
1157,法律,合规助理,专家评审,FAQ,短期落地,远程协作,任务编号 P1157。请扮演合规助理。围绕“法律场景057-远程协作”中的条款、风险、清单任务，面向专家评审，根据目标用户重写表达。请用FAQ输出，并从“短期落地”角度做重点判断。要求：标注假设和不确定性；按影响力排序；最后给出3条可立即执行的下一步。
1158,法律,合规助理,大学生,演讲稿,成本,个人项目,任务编号 P1158。请扮演合规助理。围绕“法律场景058-个人项目”中的条款、风险、清单任务，面向大学生，提炼核心洞察并给出行动建议。请用演讲稿输出，并从“成本”角度做重点判断。要求：按影响力排序；包含可执行下一步；最后给出3条可立即执行的下一步。
1159,法律,合规助理,管理层,编号清单,可维护性,质量波动,任务编号 P1159。请扮演合规助理。围绕“法律场景059-质量波动”中的条款、风险、清单任务，面向管理层，设计一套可量化指标。请用编号清单输出，并从“可维护性”角度做重点判断。要求：必要时提出澄清问题；包含衡量标准；最后给出3条可立即执行的下一步。
1160,法律,合规助理,内容创作者,对话脚本,长期价值,用户流失,任务编号 P1160。请扮演合规助理。围绕“法律场景060-用户流失”中的条款、风险、清单任务，面向内容创作者，把零散想法整理成结构化大纲。请用对话脚本输出，并从“长期价值”角度做重点判断。要求：给出至少一个反例；标注假设和不确定性；最后给出3条可立即执行的下一步。
1161,法律,合规助理,销售团队,FAQ,质量,内部培训,任务编号 P1161。请扮演合规助理。围绕“法律场景061-内部培训”中的条款、风险、清单任务，面向销售团队，生成可直接使用的模板。请用FAQ输出，并从“质量”角度做重点判断。要求：按难易度排序；指出最容易忽略的细节；最后给出3条可立即执行的下一步。
1162,法律,合规助理,教师,演讲稿,用户体验,需要复盘,任务编号 P1162。请扮演合规助理。围绕“法律场景062-需要复盘”中的条款、风险、清单任务，面向教师，做一次反向推理找出隐藏风险。请用演讲稿输出，并从“用户体验”角度做重点判断。要求：避免虚构事实；避免专业黑话；最后给出3条可立即执行的下一步。
1163,法律,合规助理,本地用户,编号清单,学习曲线,时间紧迫,任务编号 P1163。请扮演合规助理。围绕“法律场景063-时间紧迫”中的条款、风险、清单任务，面向本地用户，给出低成本试验方案。请用编号清单输出，并从“学习曲线”角度做重点判断。要求：避免专业黑话；用中文输出；最后给出3条可立即执行的下一步。
1164,法律,合规助理,创始人,对话脚本,效率,成熟企业,任务编号 P1164。请扮演合规助理。围绕“法律场景064-成熟企业”中的条款、风险、清单任务，面向创始人，创建对比表并推荐选择。请用对话脚本输出，并从“效率”角度做重点判断。要求：包含衡量标准；兼顾成本和效果；最后给出3条可立即执行的下一步。
1165,法律,合规助理,新手用户,FAQ,风险,需要降本,任务编号 P1165。请扮演合规助理。围绕“法律场景065-需要降本”中的条款、风险、清单任务，面向新手用户，把长内容压缩成高密度摘要。请用FAQ输出，并从“风险”角度做重点判断。要求：提供简短版本和完整版本；避免虚构事实；最后给出3条可立即执行的下一步。
1166,法律,合规助理,一线执行团队,演讲稿,增长,流程混乱,任务编号 P1166。请扮演合规助理。围绕“法律场景066-流程混乱”中的条款、风险、清单任务，面向一线执行团队，提出10个创新方向并排序。请用演讲稿输出，并从“增长”角度做重点判断。要求：适合在一天内开始执行；包含失败预案；最后给出3条可立即执行的下一步。
1167,法律,合规助理,开发团队,编号清单,短期落地,数据不足,任务编号 P1167。请扮演合规助理。围绕“法律场景067-数据不足”中的条款、风险、清单任务，面向开发团队，设计30天训练计划。请用编号清单输出，并从“短期落地”角度做重点判断。要求：给出示例输入输出；语言简洁，不说空话；最后给出3条可立即执行的下一步。
1168,法律,合规助理,客服团队,对话脚本,成本,公开发布,任务编号 P1168。请扮演合规助理。围绕“法律场景068-公开发布”中的条款、风险、清单任务，面向客服团队，构建决策树帮助判断下一步。请用对话脚本输出，并从“成本”角度做重点判断。要求：语言简洁，不说空话；按难易度排序；最后给出3条可立即执行的下一步。
1169,法律,合规助理,家长,FAQ,可维护性,多方协作,任务编号 P1169。请扮演合规助理。围绕“法律场景069-多方协作”中的条款、风险、清单任务，面向家长，生成会议讨论提纲。请用FAQ输出，并从“可维护性”角度做重点判断。要求：兼顾成本和效果；先给结论再解释；最后给出3条可立即执行的下一步。
1170,法律,合规助理,非技术读者,演讲稿,长期价值,预算有限,任务编号 P1170。请扮演合规助理。围绕“法律场景070-预算有限”中的条款、风险、清单任务，面向非技术读者，写一份面向管理层的简报。请用演讲稿输出，并从“长期价值”角度做重点判断。要求：指出最容易忽略的细节；给出示例输入输出；最后给出3条可立即执行的下一步。
1171,法律,合规助理,中小企业主,编号清单,质量,初创团队,任务编号 P1171。请扮演合规助理。围绕“法律场景071-初创团队”中的条款、风险、清单任务，面向中小企业主，写一份面向执行者的操作手册。请用编号清单输出，并从“质量”角度做重点判断。要求：包含可执行下一步；给出至少一个反例；最后给出3条可立即执行的下一步。
1172,法律,合规助理,资深从业者,对话脚本,用户体验,需要扩张,任务编号 P1172。请扮演合规助理。围绕“法律场景072-需要扩张”中的条款、风险、清单任务，面向资深从业者，建立评估打分表。请用对话脚本输出，并从“用户体验”角度做重点判断。要求：输出可直接复制使用；保持中立客观；最后给出3条可立即执行的下一步。
1173,法律,合规助理,自由职业者,FAQ,学习曲线,新市场验证,任务编号 P1173。请扮演合规助理。围绕“法律场景073-新市场验证”中的条款、风险、清单任务，面向自由职业者，提出自动化改造思路。请用FAQ输出，并从“学习曲线”角度做重点判断。要求：保持中立客观；适合在一天内开始执行；最后给出3条可立即执行的下一步。
1174,法律,合规助理,设计团队,演讲稿,效率,竞品压力,任务编号 P1174。请扮演合规助理。围绕“法律场景074-竞品压力”中的条款、风险、清单任务，面向设计团队，设计用户调研问题。请用演讲稿输出，并从“效率”角度做重点判断。要求：先给结论再解释；必要时提出澄清问题；最后给出3条可立即执行的下一步。
1175,法律,合规助理,投资人,编号清单,风险,准备上线,任务编号 P1175。请扮演合规助理。围绕“法律场景075-准备上线”中的条款、风险、清单任务，面向投资人，模拟用户反馈并归纳模式。请用编号清单输出，并从“风险”角度做重点判断。要求：包含失败预案；输出可直接复制使用；最后给出3条可立即执行的下一步。
1176,法律,合规助理,海外用户,对话脚本,增长,高不确定性,任务编号 P1176。请扮演合规助理。围绕“法律场景076-高不确定性”中的条款、风险、清单任务，面向海外用户，生成故障排查路径。请用对话脚本输出，并从“增长”角度做重点判断。要求：用中文输出；提供简短版本和完整版本；最后给出3条可立即执行的下一步。
1177,法律,合规助理,专家评审,FAQ,短期落地,远程协作,任务编号 P1177。请扮演合规助理。围绕“法律场景077-远程协作”中的条款、风险、清单任务，面向专家评审，把目标拆成里程碑。请用FAQ输出，并从“短期落地”角度做重点判断。要求：标注假设和不确定性；按影响力排序；最后给出3条可立即执行的下一步。
1178,法律,合规助理,大学生,演讲稿,成本,个人项目,任务编号 P1178。请扮演合规助理。围绕“法律场景078-个人项目”中的条款、风险、清单任务，面向大学生，提出可复用命名规范。请用演讲稿输出，并从“成本”角度做重点判断。要求：按影响力排序；包含可执行下一步；最后给出3条可立即执行的下一步。
1179,法律,合规助理,管理层,编号清单,可维护性,质量波动,任务编号 P1179。请扮演合规助理。围绕“法律场景079-质量波动”中的条款、风险、清单任务，面向管理层，创建风险登记册。请用编号清单输出，并从“可维护性”角度做重点判断。要求：必要时提出澄清问题；包含衡量标准；最后给出3条可立即执行的下一步。
1180,法律,合规助理,内容创作者,对话脚本,长期价值,用户流失,任务编号 P1180。请扮演合规助理。围绕“法律场景080-用户流失”中的条款、风险、清单任务，面向内容创作者，制定一份可执行方案。请用对话脚本输出，并从“长期价值”角度做重点判断。要求：给出至少一个反例；标注假设和不确定性；最后给出3条可立即执行的下一步。
1181,法律,合规助理,销售团队,FAQ,质量,内部培训,任务编号 P1181。请扮演合规助理。围绕“法律场景081-内部培训”中的条款、风险、清单任务，面向销售团队，列出关键问题并给出优先级。请用FAQ输出，并从“质量”角度做重点判断。要求：按难易度排序；指出最容易忽略的细节；最后给出3条可立即执行的下一步。
1182,法律,合规助理,教师,演讲稿,用户体验,需要复盘,任务编号 P1182。请扮演合规助理。围绕“法律场景082-需要复盘”中的条款、风险、清单任务，面向教师，生成三种风格完全不同的版本。请用演讲稿输出，并从“用户体验”角度做重点判断。要求：避免虚构事实；避免专业黑话；最后给出3条可立即执行的下一步。
1183,法律,合规助理,本地用户,编号清单,学习曲线,时间紧迫,任务编号 P1183。请扮演合规助理。围绕“法律场景083-时间紧迫”中的条款、风险、清单任务，面向本地用户，把复杂内容改写成新手也能懂的说明。请用编号清单输出，并从“学习曲线”角度做重点判断。要求：避免专业黑话；用中文输出；最后给出3条可立即执行的下一步。
1184,法律,合规助理,创始人,对话脚本,效率,成熟企业,任务编号 P1184。请扮演合规助理。围绕“法律场景084-成熟企业”中的条款、风险、清单任务，面向创始人，设计一个从零到一的工作流。请用对话脚本输出，并从“效率”角度做重点判断。要求：包含衡量标准；兼顾成本和效果；最后给出3条可立即执行的下一步。
1185,法律,合规助理,新手用户,FAQ,风险,需要降本,任务编号 P1185。请扮演合规助理。围绕“法律场景085-需要降本”中的条款、风险、清单任务，面向新手用户，创建检查清单并标注常见坑。请用FAQ输出，并从“风险”角度做重点判断。要求：提供简短版本和完整版本；避免虚构事实；最后给出3条可立即执行的下一步。
1186,法律,合规助理,一线执行团队,演讲稿,增长,流程混乱,任务编号 P1186。请扮演合规助理。围绕“法律场景086-流程混乱”中的条款、风险、清单任务，面向一线执行团队，模拟专家评审并指出改进点。请用演讲稿输出，并从“增长”角度做重点判断。要求：适合在一天内开始执行；包含失败预案；最后给出3条可立即执行的下一步。
1187,法律,合规助理,开发团队,编号清单,短期落地,数据不足,任务编号 P1187。请扮演合规助理。围绕“法律场景087-数据不足”中的条款、风险、清单任务，面向开发团队，根据目标用户重写表达。请用编号清单输出，并从“短期落地”角度做重点判断。要求：给出示例输入输出；语言简洁，不说空话；最后给出3条可立即执行的下一步。
1188,法律,合规助理,客服团队,对话脚本,成本,公开发布,任务编号 P1188。请扮演合规助理。围绕“法律场景088-公开发布”中的条款、风险、清单任务，面向客服团队，提炼核心洞察并给出行动建议。请用对话脚本输出，并从“成本”角度做重点判断。要求：语言简洁，不说空话；按难易度排序；最后给出3条可立即执行的下一步。
1189,法律,合规助理,家长,FAQ,可维护性,多方协作,任务编号 P1189。请扮演合规助理。围绕“法律场景089-多方协作”中的条款、风险、清单任务，面向家长，设计一套可量化指标。请用FAQ输出，并从“可维护性”角度做重点判断。要求：兼顾成本和效果；先给结论再解释；最后给出3条可立即执行的下一步。
1190,法律,合规助理,非技术读者,演讲稿,长期价值,预算有限,任务编号 P1190。请扮演合规助理。围绕“法律场景090-预算有限”中的条款、风险、清单任务，面向非技术读者，把零散想法整理成结构化大纲。请用演讲稿输出，并从“长期价值”角度做重点判断。要求：指出最容易忽略的细节；给出示例输入输出；最后给出3条可立即执行的下一步。
1191,法律,合规助理,中小企业主,编号清单,质量,初创团队,任务编号 P1191。请扮演合规助理。围绕“法律场景091-初创团队”中的条款、风险、清单任务，面向中小企业主，生成可直接使用的模板。请用编号清单输出，并从“质量”角度做重点判断。要求：包含可执行下一步；给出至少一个反例；最后给出3条可立即执行的下一步。
1192,法律,合规助理,资深从业者,对话脚本,用户体验,需要扩张,任务编号 P1192。请扮演合规助理。围绕“法律场景092-需要扩张”中的条款、风险、清单任务，面向资深从业者，做一次反向推理找出隐藏风险。请用对话脚本输出，并从“用户体验”角度做重点判断。要求：输出可直接复制使用；保持中立客观；最后给出3条可立即执行的下一步。
1193,法律,合规助理,自由职业者,FAQ,学习曲线,新市场验证,任务编号 P1193。请扮演合规助理。围绕“法律场景093-新市场验证”中的条款、风险、清单任务，面向自由职业者，给出低成本试验方案。请用FAQ输出，并从“学习曲线”角度做重点判断。要求：保持中立客观；适合在一天内开始执行；最后给出3条可立即执行的下一步。
1194,法律,合规助理,设计团队,演讲稿,效率,竞品压力,任务编号 P1194。请扮演合规助理。围绕“法律场景094-竞品压力”中的条款、风险、清单任务，面向设计团队，创建对比表并推荐选择。请用演讲稿输出，并从“效率”角度做重点判断。要求：先给结论再解释；必要时提出澄清问题；最后给出3条可立即执行的下一步。
1195,法律,合规助理,投资人,编号清单,风险,准备上线,任务编号 P1195。请扮演合规助理。围绕“法律场景095-准备上线”中的条款、风险、清单任务，面向投资人，把长内容压缩成高密度摘要。请用编号清单输出，并从“风险”角度做重点判断。要求：包含失败预案；输出可直接复制使用；最后给出3条可立即执行的下一步。
1196,法律,合规助理,海外用户,对话脚本,增长,高不确定性,任务编号 P1196。请扮演合规助理。围绕“法律场景096-高不确定性”中的条款、风险、清单任务，面向海外用户，提出10个创新方向并排序。请用对话脚本输出，并从“增长”角度做重点判断。要求：用中文输出；提供简短版本和完整版本；最后给出3条可立即执行的下一步。
1197,法律,合规助理,专家评审,FAQ,短期落地,远程协作,任务编号 P1197。请扮演合规助理。围绕“法律场景097-远程协作”中的条款、风险、清单任务，面向专家评审，设计30天训练计划。请用FAQ输出，并从“短期落地”角度做重点判断。要求：标注假设和不确定性；按影响力排序；最后给出3条可立即执行的下一步。
1198,法律,合规助理,大学生,演讲稿,成本,个人项目,任务编号 P1198。请扮演合规助理。围绕“法律场景098-个人项目”中的条款、风险、清单任务，面向大学生，构建决策树帮助判断下一步。请用演讲稿输出，并从“成本”角度做重点判断。要求：按影响力排序；包含可执行下一步；最后给出3条可立即执行的下一步。
1199,法律,合规助理,管理层,编号清单,可维护性,质量波动,任务编号 P1199。请扮演合规助理。围绕“法律场景099-质量波动”中的条款、风险、清单任务，面向管理层，生成会议讨论提纲。请用编号清单输出，并从“可维护性”角度做重点判断。要求：必要时提出澄清问题；包含衡量标准；最后给出3条可立即执行的下一步。
1200,法律,合规助理,内容创作者,对话脚本,长期价值,用户流失,任务编号 P1200。请扮演合规助理。围绕“法律场景100-用户流失”中的条款、风险、清单任务，面向内容创作者，写一份面向管理层的简报。请用对话脚本输出，并从“长期价值”角度做重点判断。要求：给出至少一个反例；标注假设和不确定性；最后给出3条可立即执行的下一步。
1201,财务,财务分析师,客服团队,复盘报告,成本,竞品压力,任务编号 P1201。请扮演财务分析师。围绕“财务场景001-竞品压力”中的预算、定价、现金流任务，面向客服团队，做一次反向推理找出隐藏风险。请用复盘报告输出，并从“成本”角度做重点判断。要求：包含衡量标准；保持中立客观；最后给出3条可立即执行的下一步。
1202,财务,财务分析师,家长,短视频脚本,可维护性,准备上线,任务编号 P1202。请扮演财务分析师。围绕“财务场景002-准备上线”中的预算、定价、现金流任务，面向家长，给出低成本试验方案。请用短视频脚本输出，并从“可维护性”角度做重点判断。要求：提供简短版本和完整版本；适合在一天内开始执行；最后给出3条可立即执行的下一步。
1203,财务,财务分析师,非技术读者,Markdown大纲,长期价值,高不确定性,任务编号 P1203。请扮演财务分析师。围绕“财务场景003-高不确定性”中的预算、定价、现金流任务，面向非技术读者，创建对比表并推荐选择。请用Markdown大纲输出，并从“长期价值”角度做重点判断。要求：适合在一天内开始执行；必要时提出澄清问题；最后给出3条可立即执行的下一步。
1204,财务,财务分析师,中小企业主,JSON结构,质量,远程协作,任务编号 P1204。请扮演财务分析师。围绕“财务场景004-远程协作”中的预算、定价、现金流任务，面向中小企业主，把长内容压缩成高密度摘要。请用JSON结构输出，并从“质量”角度做重点判断。要求：给出示例输入输出；输出可直接复制使用；最后给出3条可立即执行的下一步。
1205,财务,财务分析师,资深从业者,复盘报告,用户体验,个人项目,任务编号 P1205。请扮演财务分析师。围绕“财务场景005-个人项目”中的预算、定价、现金流任务，面向资深从业者，提出10个创新方向并排序。请用复盘报告输出，并从“用户体验”角度做重点判断。要求：语言简洁，不说空话；提供简短版本和完整版本；最后给出3条可立即执行的下一步。
1206,财务,财务分析师,自由职业者,短视频脚本,学习曲线,质量波动,任务编号 P1206。请扮演财务分析师。围绕“财务场景006-质量波动”中的预算、定价、现金流任务，面向自由职业者，设计30天训练计划。请用短视频脚本输出，并从“学习曲线”角度做重点判断。要求：兼顾成本和效果；按影响力排序；最后给出3条可立即执行的下一步。
1207,财务,财务分析师,设计团队,Markdown大纲,效率,用户流失,任务编号 P1207。请扮演财务分析师。围绕“财务场景007-用户流失”中的预算、定价、现金流任务，面向设计团队，构建决策树帮助判断下一步。请用Markdown大纲输出，并从“效率”角度做重点判断。要求：指出最容易忽略的细节；包含可执行下一步；最后给出3条可立即执行的下一步。
1208,财务,财务分析师,投资人,JSON结构,风险,内部培训,任务编号 P1208。请扮演财务分析师。围绕“财务场景008-内部培训”中的预算、定价、现金流任务，面向投资人，生成会议讨论提纲。请用JSON结构输出，并从“风险”角度做重点判断。要求：包含可执行下一步；包含衡量标准；最后给出3条可立即执行的下一步。
1209,财务,财务分析师,海外用户,复盘报告,增长,需要复盘,任务编号 P1209。请扮演财务分析师。围绕“财务场景009-需要复盘”中的预算、定价、现金流任务，面向海外用户，写一份面向管理层的简报。请用复盘报告输出，并从“增长”角度做重点判断。要求：输出可直接复制使用；标注假设和不确定性；最后给出3条可立即执行的下一步。
1210,财务,财务分析师,专家评审,短视频脚本,短期落地,时间紧迫,任务编号 P1210。请扮演财务分析师。围绕“财务场景010-时间紧迫”中的预算、定价、现金流任务，面向专家评审，写一份面向执行者的操作手册。请用短视频脚本输出，并从“短期落地”角度做重点判断。要求：保持中立客观；指出最容易忽略的细节；最后给出3条可立即执行的下一步。
1211,财务,财务分析师,大学生,Markdown大纲,成本,成熟企业,任务编号 P1211。请扮演财务分析师。围绕“财务场景011-成熟企业”中的预算、定价、现金流任务，面向大学生，建立评估打分表。请用Markdown大纲输出，并从“成本”角度做重点判断。要求：先给结论再解释；避免专业黑话；最后给出3条可立即执行的下一步。
1212,财务,财务分析师,管理层,JSON结构,可维护性,需要降本,任务编号 P1212。请扮演财务分析师。围绕“财务场景012-需要降本”中的预算、定价、现金流任务，面向管理层，提出自动化改造思路。请用JSON结构输出，并从“可维护性”角度做重点判断。要求：包含失败预案；用中文输出；最后给出3条可立即执行的下一步。
1213,财务,财务分析师,内容创作者,复盘报告,长期价值,流程混乱,任务编号 P1213。请扮演财务分析师。围绕“财务场景013-流程混乱”中的预算、定价、现金流任务，面向内容创作者，设计用户调研问题。请用复盘报告输出，并从“长期价值”角度做重点判断。要求：用中文输出；兼顾成本和效果；最后给出3条可立即执行的下一步。
1214,财务,财务分析师,销售团队,短视频脚本,质量,数据不足,任务编号 P1214。请扮演财务分析师。围绕“财务场景014-数据不足”中的预算、定价、现金流任务，面向销售团队，模拟用户反馈并归纳模式。请用短视频脚本输出，并从“质量”角度做重点判断。要求：标注假设和不确定性；避免虚构事实；最后给出3条可立即执行的下一步。
1215,财务,财务分析师,教师,Markdown大纲,用户体验,公开发布,任务编号 P1215。请扮演财务分析师。围绕“财务场景015-公开发布”中的预算、定价、现金流任务，面向教师，生成故障排查路径。请用Markdown大纲输出，并从“用户体验”角度做重点判断。要求：按影响力排序；包含失败预案；最后给出3条可立即执行的下一步。
1216,财务,财务分析师,本地用户,JSON结构,学习曲线,多方协作,任务编号 P1216。请扮演财务分析师。围绕“财务场景016-多方协作”中的预算、定价、现金流任务，面向本地用户，把目标拆成里程碑。请用JSON结构输出，并从“学习曲线”角度做重点判断。要求：必要时提出澄清问题；语言简洁，不说空话；最后给出3条可立即执行的下一步。
1217,财务,财务分析师,创始人,复盘报告,效率,预算有限,任务编号 P1217。请扮演财务分析师。围绕“财务场景017-预算有限”中的预算、定价、现金流任务，面向创始人，提出可复用命名规范。请用复盘报告输出，并从“效率”角度做重点判断。要求：给出至少一个反例；按难易度排序；最后给出3条可立即执行的下一步。
1218,财务,财务分析师,新手用户,短视频脚本,风险,初创团队,任务编号 P1218。请扮演财务分析师。围绕“财务场景018-初创团队”中的预算、定价、现金流任务，面向新手用户，创建风险登记册。请用短视频脚本输出，并从“风险”角度做重点判断。要求：按难易度排序；先给结论再解释；最后给出3条可立即执行的下一步。
1219,财务,财务分析师,一线执行团队,Markdown大纲,增长,需要扩张,任务编号 P1219。请扮演财务分析师。围绕“财务场景019-需要扩张”中的预算、定价、现金流任务，面向一线执行团队，制定一份可执行方案。请用Markdown大纲输出，并从“增长”角度做重点判断。要求：避免虚构事实；给出示例输入输出；最后给出3条可立即执行的下一步。
1220,财务,财务分析师,开发团队,JSON结构,短期落地,新市场验证,任务编号 P1220。请扮演财务分析师。围绕“财务场景020-新市场验证”中的预算、定价、现金流任务，面向开发团队，列出关键问题并给出优先级。请用JSON结构输出，并从“短期落地”角度做重点判断。要求：避免专业黑话；给出至少一个反例；最后给出3条可立即执行的下一步。
1221,财务,财务分析师,客服团队,复盘报告,成本,竞品压力,任务编号 P1221。请扮演财务分析师。围绕“财务场景021-竞品压力”中的预算、定价、现金流任务，面向客服团队，生成三种风格完全不同的版本。请用复盘报告输出，并从“成本”角度做重点判断。要求：包含衡量标准；保持中立客观；最后给出3条可立即执行的下一步。
1222,财务,财务分析师,家长,短视频脚本,可维护性,准备上线,任务编号 P1222。请扮演财务分析师。围绕“财务场景022-准备上线”中的预算、定价、现金流任务，面向家长，把复杂内容改写成新手也能懂的说明。请用短视频脚本输出，并从“可维护性”角度做重点判断。要求：提供简短版本和完整版本；适合在一天内开始执行；最后给出3条可立即执行的下一步。
1223,财务,财务分析师,非技术读者,Markdown大纲,长期价值,高不确定性,任务编号 P1223。请扮演财务分析师。围绕“财务场景023-高不确定性”中的预算、定价、现金流任务，面向非技术读者，设计一个从零到一的工作流。请用Markdown大纲输出，并从“长期价值”角度做重点判断。要求：适合在一天内开始执行；必要时提出澄清问题；最后给出3条可立即执行的下一步。
1224,财务,财务分析师,中小企业主,JSON结构,质量,远程协作,任务编号 P1224。请扮演财务分析师。围绕“财务场景024-远程协作”中的预算、定价、现金流任务，面向中小企业主，创建检查清单并标注常见坑。请用JSON结构输出，并从“质量”角度做重点判断。要求：给出示例输入输出；输出可直接复制使用；最后给出3条可立即执行的下一步。
1225,财务,财务分析师,资深从业者,复盘报告,用户体验,个人项目,任务编号 P1225。请扮演财务分析师。围绕“财务场景025-个人项目”中的预算、定价、现金流任务，面向资深从业者，模拟专家评审并指出改进点。请用复盘报告输出，并从“用户体验”角度做重点判断。要求：语言简洁，不说空话；提供简短版本和完整版本；最后给出3条可立即执行的下一步。
1226,财务,财务分析师,自由职业者,短视频脚本,学习曲线,质量波动,任务编号 P1226。请扮演财务分析师。围绕“财务场景026-质量波动”中的预算、定价、现金流任务，面向自由职业者，根据目标用户重写表达。请用短视频脚本输出，并从“学习曲线”角度做重点判断。要求：兼顾成本和效果；按影响力排序；最后给出3条可立即执行的下一步。
1227,财务,财务分析师,设计团队,Markdown大纲,效率,用户流失,任务编号 P1227。请扮演财务分析师。围绕“财务场景027-用户流失”中的预算、定价、现金流任务，面向设计团队，提炼核心洞察并给出行动建议。请用Markdown大纲输出，并从“效率”角度做重点判断。要求：指出最容易忽略的细节；包含可执行下一步；最后给出3条可立即执行的下一步。
1228,财务,财务分析师,投资人,JSON结构,风险,内部培训,任务编号 P1228。请扮演财务分析师。围绕“财务场景028-内部培训”中的预算、定价、现金流任务，面向投资人，设计一套可量化指标。请用JSON结构输出，并从“风险”角度做重点判断。要求：包含可执行下一步；包含衡量标准；最后给出3条可立即执行的下一步。
1229,财务,财务分析师,海外用户,复盘报告,增长,需要复盘,任务编号 P1229。请扮演财务分析师。围绕“财务场景029-需要复盘”中的预算、定价、现金流任务，面向海外用户，把零散想法整理成结构化大纲。请用复盘报告输出，并从“增长”角度做重点判断。要求：输出可直接复制使用；标注假设和不确定性；最后给出3条可立即执行的下一步。
1230,财务,财务分析师,专家评审,短视频脚本,短期落地,时间紧迫,任务编号 P1230。请扮演财务分析师。围绕“财务场景030-时间紧迫”中的预算、定价、现金流任务，面向专家评审，生成可直接使用的模板。请用短视频脚本输出，并从“短期落地”角度做重点判断。要求：保持中立客观；指出最容易忽略的细节；最后给出3条可立即执行的下一步。
1231,财务,财务分析师,大学生,Markdown大纲,成本,成熟企业,任务编号 P1231。请扮演财务分析师。围绕“财务场景031-成熟企业”中的预算、定价、现金流任务，面向大学生，做一次反向推理找出隐藏风险。请用Markdown大纲输出，并从“成本”角度做重点判断。要求：先给结论再解释；避免专业黑话；最后给出3条可立即执行的下一步。
1232,财务,财务分析师,管理层,JSON结构,可维护性,需要降本,任务编号 P1232。请扮演财务分析师。围绕“财务场景032-需要降本”中的预算、定价、现金流任务，面向管理层，给出低成本试验方案。请用JSON结构输出，并从“可维护性”角度做重点判断。要求：包含失败预案；用中文输出；最后给出3条可立即执行的下一步。
1233,财务,财务分析师,内容创作者,复盘报告,长期价值,流程混乱,任务编号 P1233。请扮演财务分析师。围绕“财务场景033-流程混乱”中的预算、定价、现金流任务，面向内容创作者，创建对比表并推荐选择。请用复盘报告输出，并从“长期价值”角度做重点判断。要求：用中文输出；兼顾成本和效果；最后给出3条可立即执行的下一步。
1234,财务,财务分析师,销售团队,短视频脚本,质量,数据不足,任务编号 P1234。请扮演财务分析师。围绕“财务场景034-数据不足”中的预算、定价、现金流任务，面向销售团队，把长内容压缩成高密度摘要。请用短视频脚本输出，并从“质量”角度做重点判断。要求：标注假设和不确定性；避免虚构事实；最后给出3条可立即执行的下一步。
1235,财务,财务分析师,教师,Markdown大纲,用户体验,公开发布,任务编号 P1235。请扮演财务分析师。围绕“财务场景035-公开发布”中的预算、定价、现金流任务，面向教师，提出10个创新方向并排序。请用Markdown大纲输出，并从“用户体验”角度做重点判断。要求：按影响力排序；包含失败预案；最后给出3条可立即执行的下一步。
1236,财务,财务分析师,本地用户,JSON结构,学习曲线,多方协作,任务编号 P1236。请扮演财务分析师。围绕“财务场景036-多方协作”中的预算、定价、现金流任务，面向本地用户，设计30天训练计划。请用JSON结构输出，并从“学习曲线”角度做重点判断。要求：必要时提出澄清问题；语言简洁，不说空话；最后给出3条可立即执行的下一步。
1237,财务,财务分析师,创始人,复盘报告,效率,预算有限,任务编号 P1237。请扮演财务分析师。围绕“财务场景037-预算有限”中的预算、定价、现金流任务，面向创始人，构建决策树帮助判断下一步。请用复盘报告输出，并从“效率”角度做重点判断。要求：给出至少一个反例；按难易度排序；最后给出3条可立即执行的下一步。
1238,财务,财务分析师,新手用户,短视频脚本,风险,初创团队,任务编号 P1238。请扮演财务分析师。围绕“财务场景038-初创团队”中的预算、定价、现金流任务，面向新手用户，生成会议讨论提纲。请用短视频脚本输出，并从“风险”角度做重点判断。要求：按难易度排序；先给结论再解释；最后给出3条可立即执行的下一步。
1239,财务,财务分析师,一线执行团队,Markdown大纲,增长,需要扩张,任务编号 P1239。请扮演财务分析师。围绕“财务场景039-需要扩张”中的预算、定价、现金流任务，面向一线执行团队，写一份面向管理层的简报。请用Markdown大纲输出，并从“增长”角度做重点判断。要求：避免虚构事实；给出示例输入输出；最后给出3条可立即执行的下一步。
1240,财务,财务分析师,开发团队,JSON结构,短期落地,新市场验证,任务编号 P1240。请扮演财务分析师。围绕“财务场景040-新市场验证”中的预算、定价、现金流任务，面向开发团队，写一份面向执行者的操作手册。请用JSON结构输出，并从“短期落地”角度做重点判断。要求：避免专业黑话；给出至少一个反例；最后给出3条可立即执行的下一步。
1241,财务,财务分析师,客服团队,复盘报告,成本,竞品压力,任务编号 P1241。请扮演财务分析师。围绕“财务场景041-竞品压力”中的预算、定价、现金流任务，面向客服团队，建立评估打分表。请用复盘报告输出，并从“成本”角度做重点判断。要求：包含衡量标准；保持中立客观；最后给出3条可立即执行的下一步。
1242,财务,财务分析师,家长,短视频脚本,可维护性,准备上线,任务编号 P1242。请扮演财务分析师。围绕“财务场景042-准备上线”中的预算、定价、现金流任务，面向家长，提出自动化改造思路。请用短视频脚本输出，并从“可维护性”角度做重点判断。要求：提供简短版本和完整版本；适合在一天内开始执行；最后给出3条可立即执行的下一步。
1243,财务,财务分析师,非技术读者,Markdown大纲,长期价值,高不确定性,任务编号 P1243。请扮演财务分析师。围绕“财务场景043-高不确定性”中的预算、定价、现金流任务，面向非技术读者，设计用户调研问题。请用Markdown大纲输出，并从“长期价值”角度做重点判断。要求：适合在一天内开始执行；必要时提出澄清问题；最后给出3条可立即执行的下一步。
1244,财务,财务分析师,中小企业主,JSON结构,质量,远程协作,任务编号 P1244。请扮演财务分析师。围绕“财务场景044-远程协作”中的预算、定价、现金流任务，面向中小企业主，模拟用户反馈并归纳模式。请用JSON结构输出，并从“质量”角度做重点判断。要求：给出示例输入输出；输出可直接复制使用；最后给出3条可立即执行的下一步。
1245,财务,财务分析师,资深从业者,复盘报告,用户体验,个人项目,任务编号 P1245。请扮演财务分析师。围绕“财务场景045-个人项目”中的预算、定价、现金流任务，面向资深从业者，生成故障排查路径。请用复盘报告输出，并从“用户体验”角度做重点判断。要求：语言简洁，不说空话；提供简短版本和完整版本；最后给出3条可立即执行的下一步。
1246,财务,财务分析师,自由职业者,短视频脚本,学习曲线,质量波动,任务编号 P1246。请扮演财务分析师。围绕“财务场景046-质量波动”中的预算、定价、现金流任务，面向自由职业者，把目标拆成里程碑。请用短视频脚本输出，并从“学习曲线”角度做重点判断。要求：兼顾成本和效果；按影响力排序；最后给出3条可立即执行的下一步。
1247,财务,财务分析师,设计团队,Markdown大纲,效率,用户流失,任务编号 P1247。请扮演财务分析师。围绕“财务场景047-用户流失”中的预算、定价、现金流任务，面向设计团队，提出可复用命名规范。请用Markdown大纲输出，并从“效率”角度做重点判断。要求：指出最容易忽略的细节；包含可执行下一步；最后给出3条可立即执行的下一步。
1248,财务,财务分析师,投资人,JSON结构,风险,内部培训,任务编号 P1248。请扮演财务分析师。围绕“财务场景048-内部培训”中的预算、定价、现金流任务，面向投资人，创建风险登记册。请用JSON结构输出，并从“风险”角度做重点判断。要求：包含可执行下一步；包含衡量标准；最后给出3条可立即执行的下一步。
1249,财务,财务分析师,海外用户,复盘报告,增长,需要复盘,任务编号 P1249。请扮演财务分析师。围绕“财务场景049-需要复盘”中的预算、定价、现金流任务，面向海外用户，制定一份可执行方案。请用复盘报告输出，并从“增长”角度做重点判断。要求：输出可直接复制使用；标注假设和不确定性；最后给出3条可立即执行的下一步。
1250,财务,财务分析师,专家评审,短视频脚本,短期落地,时间紧迫,任务编号 P1250。请扮演财务分析师。围绕“财务场景050-时间紧迫”中的预算、定价、现金流任务，面向专家评审，列出关键问题并给出优先级。请用短视频脚本输出，并从“短期落地”角度做重点判断。要求：保持中立客观；指出最容易忽略的细节；最后给出3条可立即执行的下一步。
1251,财务,财务分析师,大学生,Markdown大纲,成本,成熟企业,任务编号 P1251。请扮演财务分析师。围绕“财务场景051-成熟企业”中的预算、定价、现金流任务，面向大学生，生成三种风格完全不同的版本。请用Markdown大纲输出，并从“成本”角度做重点判断。要求：先给结论再解释；避免专业黑话；最后给出3条可立即执行的下一步。
1252,财务,财务分析师,管理层,JSON结构,可维护性,需要降本,任务编号 P1252。请扮演财务分析师。围绕“财务场景052-需要降本”中的预算、定价、现金流任务，面向管理层，把复杂内容改写成新手也能懂的说明。请用JSON结构输出，并从“可维护性”角度做重点判断。要求：包含失败预案；用中文输出；最后给出3条可立即执行的下一步。
1253,财务,财务分析师,内容创作者,复盘报告,长期价值,流程混乱,任务编号 P1253。请扮演财务分析师。围绕“财务场景053-流程混乱”中的预算、定价、现金流任务，面向内容创作者，设计一个从零到一的工作流。请用复盘报告输出，并从“长期价值”角度做重点判断。要求：用中文输出；兼顾成本和效果；最后给出3条可立即执行的下一步。
1254,财务,财务分析师,销售团队,短视频脚本,质量,数据不足,任务编号 P1254。请扮演财务分析师。围绕“财务场景054-数据不足”中的预算、定价、现金流任务，面向销售团队，创建检查清单并标注常见坑。请用短视频脚本输出，并从“质量”角度做重点判断。要求：标注假设和不确定性；避免虚构事实；最后给出3条可立即执行的下一步。
1255,财务,财务分析师,教师,Markdown大纲,用户体验,公开发布,任务编号 P1255。请扮演财务分析师。围绕“财务场景055-公开发布”中的预算、定价、现金流任务，面向教师，模拟专家评审并指出改进点。请用Markdown大纲输出，并从“用户体验”角度做重点判断。要求：按影响力排序；包含失败预案；最后给出3条可立即执行的下一步。
1256,财务,财务分析师,本地用户,JSON结构,学习曲线,多方协作,任务编号 P1256。请扮演财务分析师。围绕“财务场景056-多方协作”中的预算、定价、现金流任务，面向本地用户，根据目标用户重写表达。请用JSON结构输出，并从“学习曲线”角度做重点判断。要求：必要时提出澄清问题；语言简洁，不说空话；最后给出3条可立即执行的下一步。
1257,财务,财务分析师,创始人,复盘报告,效率,预算有限,任务编号 P1257。请扮演财务分析师。围绕“财务场景057-预算有限”中的预算、定价、现金流任务，面向创始人，提炼核心洞察并给出行动建议。请用复盘报告输出，并从“效率”角度做重点判断。要求：给出至少一个反例；按难易度排序；最后给出3条可立即执行的下一步。
1258,财务,财务分析师,新手用户,短视频脚本,风险,初创团队,任务编号 P1258。请扮演财务分析师。围绕“财务场景058-初创团队”中的预算、定价、现金流任务，面向新手用户，设计一套可量化指标。请用短视频脚本输出，并从“风险”角度做重点判断。要求：按难易度排序；先给结论再解释；最后给出3条可立即执行的下一步。
1259,财务,财务分析师,一线执行团队,Markdown大纲,增长,需要扩张,任务编号 P1259。请扮演财务分析师。围绕“财务场景059-需要扩张”中的预算、定价、现金流任务，面向一线执行团队，把零散想法整理成结构化大纲。请用Markdown大纲输出，并从“增长”角度做重点判断。要求：避免虚构事实；给出示例输入输出；最后给出3条可立即执行的下一步。
1260,财务,财务分析师,开发团队,JSON结构,短期落地,新市场验证,任务编号 P1260。请扮演财务分析师。围绕“财务场景060-新市场验证”中的预算、定价、现金流任务，面向开发团队，生成可直接使用的模板。请用JSON结构输出，并从“短期落地”角度做重点判断。要求：避免专业黑话；给出至少一个反例；最后给出3条可立即执行的下一步。
1261,财务,财务分析师,客服团队,复盘报告,成本,竞品压力,任务编号 P1261。请扮演财务分析师。围绕“财务场景061-竞品压力”中的预算、定价、现金流任务，面向客服团队，做一次反向推理找出隐藏风险。请用复盘报告输出，并从“成本”角度做重点判断。要求：包含衡量标准；保持中立客观；最后给出3条可立即执行的下一步。
1262,财务,财务分析师,家长,短视频脚本,可维护性,准备上线,任务编号 P1262。请扮演财务分析师。围绕“财务场景062-准备上线”中的预算、定价、现金流任务，面向家长，给出低成本试验方案。请用短视频脚本输出，并从“可维护性”角度做重点判断。要求：提供简短版本和完整版本；适合在一天内开始执行；最后给出3条可立即执行的下一步。
1263,财务,财务分析师,非技术读者,Markdown大纲,长期价值,高不确定性,任务编号 P1263。请扮演财务分析师。围绕“财务场景063-高不确定性”中的预算、定价、现金流任务，面向非技术读者，创建对比表并推荐选择。请用Markdown大纲输出，并从“长期价值”角度做重点判断。要求：适合在一天内开始执行；必要时提出澄清问题；最后给出3条可立即执行的下一步。
1264,财务,财务分析师,中小企业主,JSON结构,质量,远程协作,任务编号 P1264。请扮演财务分析师。围绕“财务场景064-远程协作”中的预算、定价、现金流任务，面向中小企业主，把长内容压缩成高密度摘要。请用JSON结构输出，并从“质量”角度做重点判断。要求：给出示例输入输出；输出可直接复制使用；最后给出3条可立即执行的下一步。
1265,财务,财务分析师,资深从业者,复盘报告,用户体验,个人项目,任务编号 P1265。请扮演财务分析师。围绕“财务场景065-个人项目”中的预算、定价、现金流任务，面向资深从业者，提出10个创新方向并排序。请用复盘报告输出，并从“用户体验”角度做重点判断。要求：语言简洁，不说空话；提供简短版本和完整版本；最后给出3条可立即执行的下一步。
1266,财务,财务分析师,自由职业者,短视频脚本,学习曲线,质量波动,任务编号 P1266。请扮演财务分析师。围绕“财务场景066-质量波动”中的预算、定价、现金流任务，面向自由职业者，设计30天训练计划。请用短视频脚本输出，并从“学习曲线”角度做重点判断。要求：兼顾成本和效果；按影响力排序；最后给出3条可立即执行的下一步。
1267,财务,财务分析师,设计团队,Markdown大纲,效率,用户流失,任务编号 P1267。请扮演财务分析师。围绕“财务场景067-用户流失”中的预算、定价、现金流任务，面向设计团队，构建决策树帮助判断下一步。请用Markdown大纲输出，并从“效率”角度做重点判断。要求：指出最容易忽略的细节；包含可执行下一步；最后给出3条可立即执行的下一步。
1268,财务,财务分析师,投资人,JSON结构,风险,内部培训,任务编号 P1268。请扮演财务分析师。围绕“财务场景068-内部培训”中的预算、定价、现金流任务，面向投资人，生成会议讨论提纲。请用JSON结构输出，并从“风险”角度做重点判断。要求：包含可执行下一步；包含衡量标准；最后给出3条可立即执行的下一步。
1269,财务,财务分析师,海外用户,复盘报告,增长,需要复盘,任务编号 P1269。请扮演财务分析师。围绕“财务场景069-需要复盘”中的预算、定价、现金流任务，面向海外用户，写一份面向管理层的简报。请用复盘报告输出，并从“增长”角度做重点判断。要求：输出可直接复制使用；标注假设和不确定性；最后给出3条可立即执行的下一步。
1270,财务,财务分析师,专家评审,短视频脚本,短期落地,时间紧迫,任务编号 P1270。请扮演财务分析师。围绕“财务场景070-时间紧迫”中的预算、定价、现金流任务，面向专家评审，写一份面向执行者的操作手册。请用短视频脚本输出，并从“短期落地”角度做重点判断。要求：保持中立客观；指出最容易忽略的细节；最后给出3条可立即执行的下一步。
1271,财务,财务分析师,大学生,Markdown大纲,成本,成熟企业,任务编号 P1271。请扮演财务分析师。围绕“财务场景071-成熟企业”中的预算、定价、现金流任务，面向大学生，建立评估打分表。请用Markdown大纲输出，并从“成本”角度做重点判断。要求：先给结论再解释；避免专业黑话；最后给出3条可立即执行的下一步。
1272,财务,财务分析师,管理层,JSON结构,可维护性,需要降本,任务编号 P1272。请扮演财务分析师。围绕“财务场景072-需要降本”中的预算、定价、现金流任务，面向管理层，提出自动化改造思路。请用JSON结构输出，并从“可维护性”角度做重点判断。要求：包含失败预案；用中文输出；最后给出3条可立即执行的下一步。
1273,财务,财务分析师,内容创作者,复盘报告,长期价值,流程混乱,任务编号 P1273。请扮演财务分析师。围绕“财务场景073-流程混乱”中的预算、定价、现金流任务，面向内容创作者，设计用户调研问题。请用复盘报告输出，并从“长期价值”角度做重点判断。要求：用中文输出；兼顾成本和效果；最后给出3条可立即执行的下一步。
1274,财务,财务分析师,销售团队,短视频脚本,质量,数据不足,任务编号 P1274。请扮演财务分析师。围绕“财务场景074-数据不足”中的预算、定价、现金流任务，面向销售团队，模拟用户反馈并归纳模式。请用短视频脚本输出，并从“质量”角度做重点判断。要求：标注假设和不确定性；避免虚构事实；最后给出3条可立即执行的下一步。
1275,财务,财务分析师,教师,Markdown大纲,用户体验,公开发布,任务编号 P1275。请扮演财务分析师。围绕“财务场景075-公开发布”中的预算、定价、现金流任务，面向教师，生成故障排查路径。请用Markdown大纲输出，并从“用户体验”角度做重点判断。要求：按影响力排序；包含失败预案；最后给出3条可立即执行的下一步。
1276,财务,财务分析师,本地用户,JSON结构,学习曲线,多方协作,任务编号 P1276。请扮演财务分析师。围绕“财务场景076-多方协作”中的预算、定价、现金流任务，面向本地用户，把目标拆成里程碑。请用JSON结构输出，并从“学习曲线”角度做重点判断。要求：必要时提出澄清问题；语言简洁，不说空话；最后给出3条可立即执行的下一步。
1277,财务,财务分析师,创始人,复盘报告,效率,预算有限,任务编号 P1277。请扮演财务分析师。围绕“财务场景077-预算有限”中的预算、定价、现金流任务，面向创始人，提出可复用命名规范。请用复盘报告输出，并从“效率”角度做重点判断。要求：给出至少一个反例；按难易度排序；最后给出3条可立即执行的下一步。
1278,财务,财务分析师,新手用户,短视频脚本,风险,初创团队,任务编号 P1278。请扮演财务分析师。围绕“财务场景078-初创团队”中的预算、定价、现金流任务，面向新手用户，创建风险登记册。请用短视频脚本输出，并从“风险”角度做重点判断。要求：按难易度排序；先给结论再解释；最后给出3条可立即执行的下一步。
1279,财务,财务分析师,一线执行团队,Markdown大纲,增长,需要扩张,任务编号 P1279。请扮演财务分析师。围绕“财务场景079-需要扩张”中的预算、定价、现金流任务，面向一线执行团队，制定一份可执行方案。请用Markdown大纲输出，并从“增长”角度做重点判断。要求：避免虚构事实；给出示例输入输出；最后给出3条可立即执行的下一步。
1280,财务,财务分析师,开发团队,JSON结构,短期落地,新市场验证,任务编号 P1280。请扮演财务分析师。围绕“财务场景080-新市场验证”中的预算、定价、现金流任务，面向开发团队，列出关键问题并给出优先级。请用JSON结构输出，并从“短期落地”角度做重点判断。要求：避免专业黑话；给出至少一个反例；最后给出3条可立即执行的下一步。
1281,财务,财务分析师,客服团队,复盘报告,成本,竞品压力,任务编号 P1281。请扮演财务分析师。围绕“财务场景081-竞品压力”中的预算、定价、现金流任务，面向客服团队，生成三种风格完全不同的版本。请用复盘报告输出，并从“成本”角度做重点判断。要求：包含衡量标准；保持中立客观；最后给出3条可立即执行的下一步。
1282,财务,财务分析师,家长,短视频脚本,可维护性,准备上线,任务编号 P1282。请扮演财务分析师。围绕“财务场景082-准备上线”中的预算、定价、现金流任务，面向家长，把复杂内容改写成新手也能懂的说明。请用短视频脚本输出，并从“可维护性”角度做重点判断。要求：提供简短版本和完整版本；适合在一天内开始执行；最后给出3条可立即执行的下一步。
1283,财务,财务分析师,非技术读者,Markdown大纲,长期价值,高不确定性,任务编号 P1283。请扮演财务分析师。围绕“财务场景083-高不确定性”中的预算、定价、现金流任务，面向非技术读者，设计一个从零到一的工作流。请用Markdown大纲输出，并从“长期价值”角度做重点判断。要求：适合在一天内开始执行；必要时提出澄清问题；最后给出3条可立即执行的下一步。
1284,财务,财务分析师,中小企业主,JSON结构,质量,远程协作,任务编号 P1284。请扮演财务分析师。围绕“财务场景084-远程协作”中的预算、定价、现金流任务，面向中小企业主，创建检查清单并标注常见坑。请用JSON结构输出，并从“质量”角度做重点判断。要求：给出示例输入输出；输出可直接复制使用；最后给出3条可立即执行的下一步。
1285,财务,财务分析师,资深从业者,复盘报告,用户体验,个人项目,任务编号 P1285。请扮演财务分析师。围绕“财务场景085-个人项目”中的预算、定价、现金流任务，面向资深从业者，模拟专家评审并指出改进点。请用复盘报告输出，并从“用户体验”角度做重点判断。要求：语言简洁，不说空话；提供简短版本和完整版本；最后给出3条可立即执行的下一步。
1286,财务,财务分析师,自由职业者,短视频脚本,学习曲线,质量波动,任务编号 P1286。请扮演财务分析师。围绕“财务场景086-质量波动”中的预算、定价、现金流任务，面向自由职业者，根据目标用户重写表达。请用短视频脚本输出，并从“学习曲线”角度做重点判断。要求：兼顾成本和效果；按影响力排序；最后给出3条可立即执行的下一步。
1287,财务,财务分析师,设计团队,Markdown大纲,效率,用户流失,任务编号 P1287。请扮演财务分析师。围绕“财务场景087-用户流失”中的预算、定价、现金流任务，面向设计团队，提炼核心洞察并给出行动建议。请用Markdown大纲输出，并从“效率”角度做重点判断。要求：指出最容易忽略的细节；包含可执行下一步；最后给出3条可立即执行的下一步。
1288,财务,财务分析师,投资人,JSON结构,风险,内部培训,任务编号 P1288。请扮演财务分析师。围绕“财务场景088-内部培训”中的预算、定价、现金流任务，面向投资人，设计一套可量化指标。请用JSON结构输出，并从“风险”角度做重点判断。要求：包含可执行下一步；包含衡量标准；最后给出3条可立即执行的下一步。
1289,财务,财务分析师,海外用户,复盘报告,增长,需要复盘,任务编号 P1289。请扮演财务分析师。围绕“财务场景089-需要复盘”中的预算、定价、现金流任务，面向海外用户，把零散想法整理成结构化大纲。请用复盘报告输出，并从“增长”角度做重点判断。要求：输出可直接复制使用；标注假设和不确定性；最后给出3条可立即执行的下一步。
1290,财务,财务分析师,专家评审,短视频脚本,短期落地,时间紧迫,任务编号 P1290。请扮演财务分析师。围绕“财务场景090-时间紧迫”中的预算、定价、现金流任务，面向专家评审，生成可直接使用的模板。请用短视频脚本输出，并从“短期落地”角度做重点判断。要求：保持中立客观；指出最容易忽略的细节；最后给出3条可立即执行的下一步。
1291,财务,财务分析师,大学生,Markdown大纲,成本,成熟企业,任务编号 P1291。请扮演财务分析师。围绕“财务场景091-成熟企业”中的预算、定价、现金流任务，面向大学生，做一次反向推理找出隐藏风险。请用Markdown大纲输出，并从“成本”角度做重点判断。要求：先给结论再解释；避免专业黑话；最后给出3条可立即执行的下一步。
1292,财务,财务分析师,管理层,JSON结构,可维护性,需要降本,任务编号 P1292。请扮演财务分析师。围绕“财务场景092-需要降本”中的预算、定价、现金流任务，面向管理层，给出低成本试验方案。请用JSON结构输出，并从“可维护性”角度做重点判断。要求：包含失败预案；用中文输出；最后给出3条可立即执行的下一步。
1293,财务,财务分析师,内容创作者,复盘报告,长期价值,流程混乱,任务编号 P1293。请扮演财务分析师。围绕“财务场景093-流程混乱”中的预算、定价、现金流任务，面向内容创作者，创建对比表并推荐选择。请用复盘报告输出，并从“长期价值”角度做重点判断。要求：用中文输出；兼顾成本和效果；最后给出3条可立即执行的下一步。
1294,财务,财务分析师,销售团队,短视频脚本,质量,数据不足,任务编号 P1294。请扮演财务分析师。围绕“财务场景094-数据不足”中的预算、定价、现金流任务，面向销售团队，把长内容压缩成高密度摘要。请用短视频脚本输出，并从“质量”角度做重点判断。要求：标注假设和不确定性；避免虚构事实；最后给出3条可立即执行的下一步。
1295,财务,财务分析师,教师,Markdown大纲,用户体验,公开发布,任务编号 P1295。请扮演财务分析师。围绕“财务场景095-公开发布”中的预算、定价、现金流任务，面向教师，提出10个创新方向并排序。请用Markdown大纲输出，并从“用户体验”角度做重点判断。要求：按影响力排序；包含失败预案；最后给出3条可立即执行的下一步。
1296,财务,财务分析师,本地用户,JSON结构,学习曲线,多方协作,任务编号 P1296。请扮演财务分析师。围绕“财务场景096-多方协作”中的预算、定价、现金流任务，面向本地用户，设计30天训练计划。请用JSON结构输出，并从“学习曲线”角度做重点判断。要求：必要时提出澄清问题；语言简洁，不说空话；最后给出3条可立即执行的下一步。
1297,财务,财务分析师,创始人,复盘报告,效率,预算有限,任务编号 P1297。请扮演财务分析师。围绕“财务场景097-预算有限”中的预算、定价、现金流任务，面向创始人，构建决策树帮助判断下一步。请用复盘报告输出，并从“效率”角度做重点判断。要求：给出至少一个反例；按难易度排序；最后给出3条可立即执行的下一步。
1298,财务,财务分析师,新手用户,短视频脚本,风险,初创团队,任务编号 P1298。请扮演财务分析师。围绕“财务场景098-初创团队”中的预算、定价、现金流任务，面向新手用户，生成会议讨论提纲。请用短视频脚本输出，并从“风险”角度做重点判断。要求：按难易度排序；先给结论再解释；最后给出3条可立即执行的下一步。
1299,财务,财务分析师,一线执行团队,Markdown大纲,增长,需要扩张,任务编号 P1299。请扮演财务分析师。围绕“财务场景099-需要扩张”中的预算、定价、现金流任务，面向一线执行团队，写一份面向管理层的简报。请用Markdown大纲输出，并从“增长”角度做重点判断。要求：避免虚构事实；给出示例输入输出；最后给出3条可立即执行的下一步。
1300,财务,财务分析师,开发团队,JSON结构,短期落地,新市场验证,任务编号 P1300。请扮演财务分析师。围绕“财务场景100-新市场验证”中的预算、定价、现金流任务，面向开发团队，写一份面向执行者的操作手册。请用JSON结构输出，并从“短期落地”角度做重点判断。要求：避免专业黑话；给出至少一个反例；最后给出3条可立即执行的下一步。
1301,人力,HRBP,投资人,实验计划,风险,数据不足,任务编号 P1301。请扮演HRBP。围绕“人力场景001-数据不足”中的招聘、绩效、组织任务，面向投资人，给出低成本试验方案。请用实验计划输出，并从“风险”角度做重点判断。要求：给出示例输入输出；用中文输出；最后给出3条可立即执行的下一步。
1302,人力,HRBP,海外用户,检查清单,增长,公开发布,任务编号 P1302。请扮演HRBP。围绕“人力场景002-公开发布”中的招聘、绩效、组织任务，面向海外用户，创建对比表并推荐选择。请用检查清单输出，并从“增长”角度做重点判断。要求：语言简洁，不说空话；兼顾成本和效果；最后给出3条可立即执行的下一步。
1303,人力,HRBP,专家评审,SOP步骤,短期落地,多方协作,任务编号 P1303。请扮演HRBP。围绕“人力场景003-多方协作”中的招聘、绩效、组织任务，面向专家评审，把长内容压缩成高密度摘要。请用SOP步骤输出，并从“短期落地”角度做重点判断。要求：兼顾成本和效果；避免虚构事实；最后给出3条可立即执行的下一步。
1304,人力,HRBP,大学生,看板任务,成本,预算有限,任务编号 P1304。请扮演HRBP。围绕“人力场景004-预算有限”中的招聘、绩效、组织任务，面向大学生，提出10个创新方向并排序。请用看板任务输出，并从“成本”角度做重点判断。要求：指出最容易忽略的细节；包含失败预案；最后给出3条可立即执行的下一步。
1305,人力,HRBP,管理层,实验计划,可维护性,初创团队,任务编号 P1305。请扮演HRBP。围绕“人力场景005-初创团队”中的招聘、绩效、组织任务，面向管理层，设计30天训练计划。请用实验计划输出，并从“可维护性”角度做重点判断。要求：包含可执行下一步；语言简洁，不说空话；最后给出3条可立即执行的下一步。
1306,人力,HRBP,内容创作者,检查清单,长期价值,需要扩张,任务编号 P1306。请扮演HRBP。围绕“人力场景006-需要扩张”中的招聘、绩效、组织任务，面向内容创作者，构建决策树帮助判断下一步。请用检查清单输出，并从“长期价值”角度做重点判断。要求：输出可直接复制使用；按难易度排序；最后给出3条可立即执行的下一步。
1307,人力,HRBP,销售团队,SOP步骤,质量,新市场验证,任务编号 P1307。请扮演HRBP。围绕“人力场景007-新市场验证”中的招聘、绩效、组织任务，面向销售团队，生成会议讨论提纲。请用SOP步骤输出，并从“质量”角度做重点判断。要求：保持中立客观；先给结论再解释；最后给出3条可立即执行的下一步。
1308,人力,HRBP,教师,看板任务,用户体验,竞品压力,任务编号 P1308。请扮演HRBP。围绕“人力场景008-竞品压力”中的招聘、绩效、组织任务，面向教师，写一份面向管理层的简报。请用看板任务输出，并从“用户体验”角度做重点判断。要求：先给结论再解释；给出示例输入输出；最后给出3条可立即执行的下一步。
1309,人力,HRBP,本地用户,实验计划,学习曲线,准备上线,任务编号 P1309。请扮演HRBP。围绕“人力场景009-准备上线”中的招聘、绩效、组织任务，面向本地用户，写一份面向执行者的操作手册。请用实验计划输出，并从“学习曲线”角度做重点判断。要求：包含失败预案；给出至少一个反例；最后给出3条可立即执行的下一步。
1310,人力,HRBP,创始人,检查清单,效率,高不确定性,任务编号 P1310。请扮演HRBP。围绕“人力场景010-高不确定性”中的招聘、绩效、组织任务，面向创始人，建立评估打分表。请用检查清单输出，并从“效率”角度做重点判断。要求：用中文输出；保持中立客观；最后给出3条可立即执行的下一步。
1311,人力,HRBP,新手用户,SOP步骤,风险,远程协作,任务编号 P1311。请扮演HRBP。围绕“人力场景011-远程协作”中的招聘、绩效、组织任务，面向新手用户，提出自动化改造思路。请用SOP步骤输出，并从“风险”角度做重点判断。要求：标注假设和不确定性；适合在一天内开始执行；最后给出3条可立即执行的下一步。
1312,人力,HRBP,一线执行团队,看板任务,增长,个人项目,任务编号 P1312。请扮演HRBP。围绕“人力场景012-个人项目”中的招聘、绩效、组织任务，面向一线执行团队，设计用户调研问题。请用看板任务输出，并从“增长”角度做重点判断。要求：按影响力排序；必要时提出澄清问题；最后给出3条可立即执行的下一步。
1313,人力,HRBP,开发团队,实验计划,短期落地,质量波动,任务编号 P1313。请扮演HRBP。围绕“人力场景013-质量波动”中的招聘、绩效、组织任务，面向开发团队，模拟用户反馈并归纳模式。请用实验计划输出，并从“短期落地”角度做重点判断。要求：必要时提出澄清问题；输出可直接复制使用；最后给出3条可立即执行的下一步。
1314,人力,HRBP,客服团队,检查清单,成本,用户流失,任务编号 P1314。请扮演HRBP。围绕“人力场景014-用户流失”中的招聘、绩效、组织任务，面向客服团队，生成故障排查路径。请用检查清单输出，并从“成本”角度做重点判断。要求：给出至少一个反例；提供简短版本和完整版本；最后给出3条可立即执行的下一步。
1315,人力,HRBP,家长,SOP步骤,可维护性,内部培训,任务编号 P1315。请扮演HRBP。围绕“人力场景015-内部培训”中的招聘、绩效、组织任务，面向家长，把目标拆成里程碑。请用SOP步骤输出，并从“可维护性”角度做重点判断。要求：按难易度排序；按影响力排序；最后给出3条可立即执行的下一步。
1316,人力,HRBP,非技术读者,看板任务,长期价值,需要复盘,任务编号 P1316。请扮演HRBP。围绕“人力场景016-需要复盘”中的招聘、绩效、组织任务，面向非技术读者，提出可复用命名规范。请用看板任务输出，并从“长期价值”角度做重点判断。要求：避免虚构事实；包含可执行下一步；最后给出3条可立即执行的下一步。
1317,人力,HRBP,中小企业主,实验计划,质量,时间紧迫,任务编号 P1317。请扮演HRBP。围绕“人力场景017-时间紧迫”中的招聘、绩效、组织任务，面向中小企业主，创建风险登记册。请用实验计划输出，并从“质量”角度做重点判断。要求：避免专业黑话；包含衡量标准；最后给出3条可立即执行的下一步。
1318,人力,HRBP,资深从业者,检查清单,用户体验,成熟企业,任务编号 P1318。请扮演HRBP。围绕“人力场景018-成熟企业”中的招聘、绩效、组织任务，面向资深从业者，制定一份可执行方案。请用检查清单输出，并从“用户体验”角度做重点判断。要求：包含衡量标准；标注假设和不确定性；最后给出3条可立即执行的下一步。
1319,人力,HRBP,自由职业者,SOP步骤,学习曲线,需要降本,任务编号 P1319。请扮演HRBP。围绕“人力场景019-需要降本”中的招聘、绩效、组织任务，面向自由职业者，列出关键问题并给出优先级。请用SOP步骤输出，并从“学习曲线”角度做重点判断。要求：提供简短版本和完整版本；指出最容易忽略的细节；最后给出3条可立即执行的下一步。
1320,人力,HRBP,设计团队,看板任务,效率,流程混乱,任务编号 P1320。请扮演HRBP。围绕“人力场景020-流程混乱”中的招聘、绩效、组织任务，面向设计团队，生成三种风格完全不同的版本。请用看板任务输出，并从“效率”角度做重点判断。要求：适合在一天内开始执行；避免专业黑话；最后给出3条可立即执行的下一步。
1321,人力,HRBP,投资人,实验计划,风险,数据不足,任务编号 P1321。请扮演HRBP。围绕“人力场景021-数据不足”中的招聘、绩效、组织任务，面向投资人，把复杂内容改写成新手也能懂的说明。请用实验计划输出，并从“风险”角度做重点判断。要求：给出示例输入输出；用中文输出；最后给出3条可立即执行的下一步。
1322,人力,HRBP,海外用户,检查清单,增长,公开发布,任务编号 P1322。请扮演HRBP。围绕“人力场景022-公开发布”中的招聘、绩效、组织任务，面向海外用户，设计一个从零到一的工作流。请用检查清单输出，并从“增长”角度做重点判断。要求：语言简洁，不说空话；兼顾成本和效果；最后给出3条可立即执行的下一步。
1323,人力,HRBP,专家评审,SOP步骤,短期落地,多方协作,任务编号 P1323。请扮演HRBP。围绕“人力场景023-多方协作”中的招聘、绩效、组织任务，面向专家评审，创建检查清单并标注常见坑。请用SOP步骤输出，并从“短期落地”角度做重点判断。要求：兼顾成本和效果；避免虚构事实；最后给出3条可立即执行的下一步。
1324,人力,HRBP,大学生,看板任务,成本,预算有限,任务编号 P1324。请扮演HRBP。围绕“人力场景024-预算有限”中的招聘、绩效、组织任务，面向大学生，模拟专家评审并指出改进点。请用看板任务输出，并从“成本”角度做重点判断。要求：指出最容易忽略的细节；包含失败预案；最后给出3条可立即执行的下一步。
1325,人力,HRBP,管理层,实验计划,可维护性,初创团队,任务编号 P1325。请扮演HRBP。围绕“人力场景025-初创团队”中的招聘、绩效、组织任务，面向管理层，根据目标用户重写表达。请用实验计划输出，并从“可维护性”角度做重点判断。要求：包含可执行下一步；语言简洁，不说空话；最后给出3条可立即执行的下一步。
1326,人力,HRBP,内容创作者,检查清单,长期价值,需要扩张,任务编号 P1326。请扮演HRBP。围绕“人力场景026-需要扩张”中的招聘、绩效、组织任务，面向内容创作者，提炼核心洞察并给出行动建议。请用检查清单输出，并从“长期价值”角度做重点判断。要求：输出可直接复制使用；按难易度排序；最后给出3条可立即执行的下一步。
1327,人力,HRBP,销售团队,SOP步骤,质量,新市场验证,任务编号 P1327。请扮演HRBP。围绕“人力场景027-新市场验证”中的招聘、绩效、组织任务，面向销售团队，设计一套可量化指标。请用SOP步骤输出，并从“质量”角度做重点判断。要求：保持中立客观；先给结论再解释；最后给出3条可立即执行的下一步。
1328,人力,HRBP,教师,看板任务,用户体验,竞品压力,任务编号 P1328。请扮演HRBP。围绕“人力场景028-竞品压力”中的招聘、绩效、组织任务，面向教师，把零散想法整理成结构化大纲。请用看板任务输出，并从“用户体验”角度做重点判断。要求：先给结论再解释；给出示例输入输出；最后给出3条可立即执行的下一步。
1329,人力,HRBP,本地用户,实验计划,学习曲线,准备上线,任务编号 P1329。请扮演HRBP。围绕“人力场景029-准备上线”中的招聘、绩效、组织任务，面向本地用户，生成可直接使用的模板。请用实验计划输出，并从“学习曲线”角度做重点判断。要求：包含失败预案；给出至少一个反例；最后给出3条可立即执行的下一步。
1330,人力,HRBP,创始人,检查清单,效率,高不确定性,任务编号 P1330。请扮演HRBP。围绕“人力场景030-高不确定性”中的招聘、绩效、组织任务，面向创始人，做一次反向推理找出隐藏风险。请用检查清单输出，并从“效率”角度做重点判断。要求：用中文输出；保持中立客观；最后给出3条可立即执行的下一步。
1331,人力,HRBP,新手用户,SOP步骤,风险,远程协作,任务编号 P1331。请扮演HRBP。围绕“人力场景031-远程协作”中的招聘、绩效、组织任务，面向新手用户，给出低成本试验方案。请用SOP步骤输出，并从“风险”角度做重点判断。要求：标注假设和不确定性；适合在一天内开始执行；最后给出3条可立即执行的下一步。
1332,人力,HRBP,一线执行团队,看板任务,增长,个人项目,任务编号 P1332。请扮演HRBP。围绕“人力场景032-个人项目”中的招聘、绩效、组织任务，面向一线执行团队，创建对比表并推荐选择。请用看板任务输出，并从“增长”角度做重点判断。要求：按影响力排序；必要时提出澄清问题；最后给出3条可立即执行的下一步。
1333,人力,HRBP,开发团队,实验计划,短期落地,质量波动,任务编号 P1333。请扮演HRBP。围绕“人力场景033-质量波动”中的招聘、绩效、组织任务，面向开发团队，把长内容压缩成高密度摘要。请用实验计划输出，并从“短期落地”角度做重点判断。要求：必要时提出澄清问题；输出可直接复制使用；最后给出3条可立即执行的下一步。
1334,人力,HRBP,客服团队,检查清单,成本,用户流失,任务编号 P1334。请扮演HRBP。围绕“人力场景034-用户流失”中的招聘、绩效、组织任务，面向客服团队，提出10个创新方向并排序。请用检查清单输出，并从“成本”角度做重点判断。要求：给出至少一个反例；提供简短版本和完整版本；最后给出3条可立即执行的下一步。
1335,人力,HRBP,家长,SOP步骤,可维护性,内部培训,任务编号 P1335。请扮演HRBP。围绕“人力场景035-内部培训”中的招聘、绩效、组织任务，面向家长，设计30天训练计划。请用SOP步骤输出，并从“可维护性”角度做重点判断。要求：按难易度排序；按影响力排序；最后给出3条可立即执行的下一步。
1336,人力,HRBP,非技术读者,看板任务,长期价值,需要复盘,任务编号 P1336。请扮演HRBP。围绕“人力场景036-需要复盘”中的招聘、绩效、组织任务，面向非技术读者，构建决策树帮助判断下一步。请用看板任务输出，并从“长期价值”角度做重点判断。要求：避免虚构事实；包含可执行下一步；最后给出3条可立即执行的下一步。
1337,人力,HRBP,中小企业主,实验计划,质量,时间紧迫,任务编号 P1337。请扮演HRBP。围绕“人力场景037-时间紧迫”中的招聘、绩效、组织任务，面向中小企业主，生成会议讨论提纲。请用实验计划输出，并从“质量”角度做重点判断。要求：避免专业黑话；包含衡量标准；最后给出3条可立即执行的下一步。
1338,人力,HRBP,资深从业者,检查清单,用户体验,成熟企业,任务编号 P1338。请扮演HRBP。围绕“人力场景038-成熟企业”中的招聘、绩效、组织任务，面向资深从业者，写一份面向管理层的简报。请用检查清单输出，并从“用户体验”角度做重点判断。要求：包含衡量标准；标注假设和不确定性；最后给出3条可立即执行的下一步。
1339,人力,HRBP,自由职业者,SOP步骤,学习曲线,需要降本,任务编号 P1339。请扮演HRBP。围绕“人力场景039-需要降本”中的招聘、绩效、组织任务，面向自由职业者，写一份面向执行者的操作手册。请用SOP步骤输出，并从“学习曲线”角度做重点判断。要求：提供简短版本和完整版本；指出最容易忽略的细节；最后给出3条可立即执行的下一步。
1340,人力,HRBP,设计团队,看板任务,效率,流程混乱,任务编号 P1340。请扮演HRBP。围绕“人力场景040-流程混乱”中的招聘、绩效、组织任务，面向设计团队，建立评估打分表。请用看板任务输出，并从“效率”角度做重点判断。要求：适合在一天内开始执行；避免专业黑话；最后给出3条可立即执行的下一步。
1341,人力,HRBP,投资人,实验计划,风险,数据不足,任务编号 P1341。请扮演HRBP。围绕“人力场景041-数据不足”中的招聘、绩效、组织任务，面向投资人，提出自动化改造思路。请用实验计划输出，并从“风险”角度做重点判断。要求：给出示例输入输出；用中文输出；最后给出3条可立即执行的下一步。
1342,人力,HRBP,海外用户,检查清单,增长,公开发布,任务编号 P1342。请扮演HRBP。围绕“人力场景042-公开发布”中的招聘、绩效、组织任务，面向海外用户，设计用户调研问题。请用检查清单输出，并从“增长”角度做重点判断。要求：语言简洁，不说空话；兼顾成本和效果；最后给出3条可立即执行的下一步。
1343,人力,HRBP,专家评审,SOP步骤,短期落地,多方协作,任务编号 P1343。请扮演HRBP。围绕“人力场景043-多方协作”中的招聘、绩效、组织任务，面向专家评审，模拟用户反馈并归纳模式。请用SOP步骤输出，并从“短期落地”角度做重点判断。要求：兼顾成本和效果；避免虚构事实；最后给出3条可立即执行的下一步。
1344,人力,HRBP,大学生,看板任务,成本,预算有限,任务编号 P1344。请扮演HRBP。围绕“人力场景044-预算有限”中的招聘、绩效、组织任务，面向大学生，生成故障排查路径。请用看板任务输出，并从“成本”角度做重点判断。要求：指出最容易忽略的细节；包含失败预案；最后给出3条可立即执行的下一步。
1345,人力,HRBP,管理层,实验计划,可维护性,初创团队,任务编号 P1345。请扮演HRBP。围绕“人力场景045-初创团队”中的招聘、绩效、组织任务，面向管理层，把目标拆成里程碑。请用实验计划输出，并从“可维护性”角度做重点判断。要求：包含可执行下一步；语言简洁，不说空话；最后给出3条可立即执行的下一步。
1346,人力,HRBP,内容创作者,检查清单,长期价值,需要扩张,任务编号 P1346。请扮演HRBP。围绕“人力场景046-需要扩张”中的招聘、绩效、组织任务，面向内容创作者，提出可复用命名规范。请用检查清单输出，并从“长期价值”角度做重点判断。要求：输出可直接复制使用；按难易度排序；最后给出3条可立即执行的下一步。
1347,人力,HRBP,销售团队,SOP步骤,质量,新市场验证,任务编号 P1347。请扮演HRBP。围绕“人力场景047-新市场验证”中的招聘、绩效、组织任务，面向销售团队，创建风险登记册。请用SOP步骤输出，并从“质量”角度做重点判断。要求：保持中立客观；先给结论再解释；最后给出3条可立即执行的下一步。
1348,人力,HRBP,教师,看板任务,用户体验,竞品压力,任务编号 P1348。请扮演HRBP。围绕“人力场景048-竞品压力”中的招聘、绩效、组织任务，面向教师，制定一份可执行方案。请用看板任务输出，并从“用户体验”角度做重点判断。要求：先给结论再解释；给出示例输入输出；最后给出3条可立即执行的下一步。
1349,人力,HRBP,本地用户,实验计划,学习曲线,准备上线,任务编号 P1349。请扮演HRBP。围绕“人力场景049-准备上线”中的招聘、绩效、组织任务，面向本地用户，列出关键问题并给出优先级。请用实验计划输出，并从“学习曲线”角度做重点判断。要求：包含失败预案；给出至少一个反例；最后给出3条可立即执行的下一步。
1350,人力,HRBP,创始人,检查清单,效率,高不确定性,任务编号 P1350。请扮演HRBP。围绕“人力场景050-高不确定性”中的招聘、绩效、组织任务，面向创始人，生成三种风格完全不同的版本。请用检查清单输出，并从“效率”角度做重点判断。要求：用中文输出；保持中立客观；最后给出3条可立即执行的下一步。
1351,人力,HRBP,新手用户,SOP步骤,风险,远程协作,任务编号 P1351。请扮演HRBP。围绕“人力场景051-远程协作”中的招聘、绩效、组织任务，面向新手用户，把复杂内容改写成新手也能懂的说明。请用SOP步骤输出，并从“风险”角度做重点判断。要求：标注假设和不确定性；适合在一天内开始执行；最后给出3条可立即执行的下一步。
1352,人力,HRBP,一线执行团队,看板任务,增长,个人项目,任务编号 P1352。请扮演HRBP。围绕“人力场景052-个人项目”中的招聘、绩效、组织任务，面向一线执行团队，设计一个从零到一的工作流。请用看板任务输出，并从“增长”角度做重点判断。要求：按影响力排序；必要时提出澄清问题；最后给出3条可立即执行的下一步。
1353,人力,HRBP,开发团队,实验计划,短期落地,质量波动,任务编号 P1353。请扮演HRBP。围绕“人力场景053-质量波动”中的招聘、绩效、组织任务，面向开发团队，创建检查清单并标注常见坑。请用实验计划输出，并从“短期落地”角度做重点判断。要求：必要时提出澄清问题；输出可直接复制使用；最后给出3条可立即执行的下一步。
1354,人力,HRBP,客服团队,检查清单,成本,用户流失,任务编号 P1354。请扮演HRBP。围绕“人力场景054-用户流失”中的招聘、绩效、组织任务，面向客服团队，模拟专家评审并指出改进点。请用检查清单输出，并从“成本”角度做重点判断。要求：给出至少一个反例；提供简短版本和完整版本；最后给出3条可立即执行的下一步。
1355,人力,HRBP,家长,SOP步骤,可维护性,内部培训,任务编号 P1355。请扮演HRBP。围绕“人力场景055-内部培训”中的招聘、绩效、组织任务，面向家长，根据目标用户重写表达。请用SOP步骤输出，并从“可维护性”角度做重点判断。要求：按难易度排序；按影响力排序；最后给出3条可立即执行的下一步。
1356,人力,HRBP,非技术读者,看板任务,长期价值,需要复盘,任务编号 P1356。请扮演HRBP。围绕“人力场景056-需要复盘”中的招聘、绩效、组织任务，面向非技术读者，提炼核心洞察并给出行动建议。请用看板任务输出，并从“长期价值”角度做重点判断。要求：避免虚构事实；包含可执行下一步；最后给出3条可立即执行的下一步。
1357,人力,HRBP,中小企业主,实验计划,质量,时间紧迫,任务编号 P1357。请扮演HRBP。围绕“人力场景057-时间紧迫”中的招聘、绩效、组织任务，面向中小企业主，设计一套可量化指标。请用实验计划输出，并从“质量”角度做重点判断。要求：避免专业黑话；包含衡量标准；最后给出3条可立即执行的下一步。
1358,人力,HRBP,资深从业者,检查清单,用户体验,成熟企业,任务编号 P1358。请扮演HRBP。围绕“人力场景058-成熟企业”中的招聘、绩效、组织任务，面向资深从业者，把零散想法整理成结构化大纲。请用检查清单输出，并从“用户体验”角度做重点判断。要求：包含衡量标准；标注假设和不确定性；最后给出3条可立即执行的下一步。
1359,人力,HRBP,自由职业者,SOP步骤,学习曲线,需要降本,任务编号 P1359。请扮演HRBP。围绕“人力场景059-需要降本”中的招聘、绩效、组织任务，面向自由职业者，生成可直接使用的模板。请用SOP步骤输出，并从“学习曲线”角度做重点判断。要求：提供简短版本和完整版本；指出最容易忽略的细节；最后给出3条可立即执行的下一步。
1360,人力,HRBP,设计团队,看板任务,效率,流程混乱,任务编号 P1360。请扮演HRBP。围绕“人力场景060-流程混乱”中的招聘、绩效、组织任务，面向设计团队，做一次反向推理找出隐藏风险。请用看板任务输出，并从“效率”角度做重点判断。要求：适合在一天内开始执行；避免专业黑话；最后给出3条可立即执行的下一步。
1361,人力,HRBP,投资人,实验计划,风险,数据不足,任务编号 P1361。请扮演HRBP。围绕“人力场景061-数据不足”中的招聘、绩效、组织任务，面向投资人，给出低成本试验方案。请用实验计划输出，并从“风险”角度做重点判断。要求：给出示例输入输出；用中文输出；最后给出3条可立即执行的下一步。
1362,人力,HRBP,海外用户,检查清单,增长,公开发布,任务编号 P1362。请扮演HRBP。围绕“人力场景062-公开发布”中的招聘、绩效、组织任务，面向海外用户，创建对比表并推荐选择。请用检查清单输出，并从“增长”角度做重点判断。要求：语言简洁，不说空话；兼顾成本和效果；最后给出3条可立即执行的下一步。
1363,人力,HRBP,专家评审,SOP步骤,短期落地,多方协作,任务编号 P1363。请扮演HRBP。围绕“人力场景063-多方协作”中的招聘、绩效、组织任务，面向专家评审，把长内容压缩成高密度摘要。请用SOP步骤输出，并从“短期落地”角度做重点判断。要求：兼顾成本和效果；避免虚构事实；最后给出3条可立即执行的下一步。
1364,人力,HRBP,大学生,看板任务,成本,预算有限,任务编号 P1364。请扮演HRBP。围绕“人力场景064-预算有限”中的招聘、绩效、组织任务，面向大学生，提出10个创新方向并排序。请用看板任务输出，并从“成本”角度做重点判断。要求：指出最容易忽略的细节；包含失败预案；最后给出3条可立即执行的下一步。
1365,人力,HRBP,管理层,实验计划,可维护性,初创团队,任务编号 P1365。请扮演HRBP。围绕“人力场景065-初创团队”中的招聘、绩效、组织任务，面向管理层，设计30天训练计划。请用实验计划输出，并从“可维护性”角度做重点判断。要求：包含可执行下一步；语言简洁，不说空话；最后给出3条可立即执行的下一步。
1366,人力,HRBP,内容创作者,检查清单,长期价值,需要扩张,任务编号 P1366。请扮演HRBP。围绕“人力场景066-需要扩张”中的招聘、绩效、组织任务，面向内容创作者，构建决策树帮助判断下一步。请用检查清单输出，并从“长期价值”角度做重点判断。要求：输出可直接复制使用；按难易度排序；最后给出3条可立即执行的下一步。
1367,人力,HRBP,销售团队,SOP步骤,质量,新市场验证,任务编号 P1367。请扮演HRBP。围绕“人力场景067-新市场验证”中的招聘、绩效、组织任务，面向销售团队，生成会议讨论提纲。请用SOP步骤输出，并从“质量”角度做重点判断。要求：保持中立客观；先给结论再解释；最后给出3条可立即执行的下一步。
1368,人力,HRBP,教师,看板任务,用户体验,竞品压力,任务编号 P1368。请扮演HRBP。围绕“人力场景068-竞品压力”中的招聘、绩效、组织任务，面向教师，写一份面向管理层的简报。请用看板任务输出，并从“用户体验”角度做重点判断。要求：先给结论再解释；给出示例输入输出；最后给出3条可立即执行的下一步。
1369,人力,HRBP,本地用户,实验计划,学习曲线,准备上线,任务编号 P1369。请扮演HRBP。围绕“人力场景069-准备上线”中的招聘、绩效、组织任务，面向本地用户，写一份面向执行者的操作手册。请用实验计划输出，并从“学习曲线”角度做重点判断。要求：包含失败预案；给出至少一个反例；最后给出3条可立即执行的下一步。
1370,人力,HRBP,创始人,检查清单,效率,高不确定性,任务编号 P1370。请扮演HRBP。围绕“人力场景070-高不确定性”中的招聘、绩效、组织任务，面向创始人，建立评估打分表。请用检查清单输出，并从“效率”角度做重点判断。要求：用中文输出；保持中立客观；最后给出3条可立即执行的下一步。
1371,人力,HRBP,新手用户,SOP步骤,风险,远程协作,任务编号 P1371。请扮演HRBP。围绕“人力场景071-远程协作”中的招聘、绩效、组织任务，面向新手用户，提出自动化改造思路。请用SOP步骤输出，并从“风险”角度做重点判断。要求：标注假设和不确定性；适合在一天内开始执行；最后给出3条可立即执行的下一步。
1372,人力,HRBP,一线执行团队,看板任务,增长,个人项目,任务编号 P1372。请扮演HRBP。围绕“人力场景072-个人项目”中的招聘、绩效、组织任务，面向一线执行团队，设计用户调研问题。请用看板任务输出，并从“增长”角度做重点判断。要求：按影响力排序；必要时提出澄清问题；最后给出3条可立即执行的下一步。
1373,人力,HRBP,开发团队,实验计划,短期落地,质量波动,任务编号 P1373。请扮演HRBP。围绕“人力场景073-质量波动”中的招聘、绩效、组织任务，面向开发团队，模拟用户反馈并归纳模式。请用实验计划输出，并从“短期落地”角度做重点判断。要求：必要时提出澄清问题；输出可直接复制使用；最后给出3条可立即执行的下一步。
1374,人力,HRBP,客服团队,检查清单,成本,用户流失,任务编号 P1374。请扮演HRBP。围绕“人力场景074-用户流失”中的招聘、绩效、组织任务，面向客服团队，生成故障排查路径。请用检查清单输出，并从“成本”角度做重点判断。要求：给出至少一个反例；提供简短版本和完整版本；最后给出3条可立即执行的下一步。
1375,人力,HRBP,家长,SOP步骤,可维护性,内部培训,任务编号 P1375。请扮演HRBP。围绕“人力场景075-内部培训”中的招聘、绩效、组织任务，面向家长，把目标拆成里程碑。请用SOP步骤输出，并从“可维护性”角度做重点判断。要求：按难易度排序；按影响力排序；最后给出3条可立即执行的下一步。
1376,人力,HRBP,非技术读者,看板任务,长期价值,需要复盘,任务编号 P1376。请扮演HRBP。围绕“人力场景076-需要复盘”中的招聘、绩效、组织任务，面向非技术读者，提出可复用命名规范。请用看板任务输出，并从“长期价值”角度做重点判断。要求：避免虚构事实；包含可执行下一步；最后给出3条可立即执行的下一步。
1377,人力,HRBP,中小企业主,实验计划,质量,时间紧迫,任务编号 P1377。请扮演HRBP。围绕“人力场景077-时间紧迫”中的招聘、绩效、组织任务，面向中小企业主，创建风险登记册。请用实验计划输出，并从“质量”角度做重点判断。要求：避免专业黑话；包含衡量标准；最后给出3条可立即执行的下一步。
1378,人力,HRBP,资深从业者,检查清单,用户体验,成熟企业,任务编号 P1378。请扮演HRBP。围绕“人力场景078-成熟企业”中的招聘、绩效、组织任务，面向资深从业者，制定一份可执行方案。请用检查清单输出，并从“用户体验”角度做重点判断。要求：包含衡量标准；标注假设和不确定性；最后给出3条可立即执行的下一步。
1379,人力,HRBP,自由职业者,SOP步骤,学习曲线,需要降本,任务编号 P1379。请扮演HRBP。围绕“人力场景079-需要降本”中的招聘、绩效、组织任务，面向自由职业者，列出关键问题并给出优先级。请用SOP步骤输出，并从“学习曲线”角度做重点判断。要求：提供简短版本和完整版本；指出最容易忽略的细节；最后给出3条可立即执行的下一步。
1380,人力,HRBP,设计团队,看板任务,效率,流程混乱,任务编号 P1380。请扮演HRBP。围绕“人力场景080-流程混乱”中的招聘、绩效、组织任务，面向设计团队，生成三种风格完全不同的版本。请用看板任务输出，并从“效率”角度做重点判断。要求：适合在一天内开始执行；避免专业黑话；最后给出3条可立即执行的下一步。
1381,人力,HRBP,投资人,实验计划,风险,数据不足,任务编号 P1381。请扮演HRBP。围绕“人力场景081-数据不足”中的招聘、绩效、组织任务，面向投资人，把复杂内容改写成新手也能懂的说明。请用实验计划输出，并从“风险”角度做重点判断。要求：给出示例输入输出；用中文输出；最后给出3条可立即执行的下一步。
1382,人力,HRBP,海外用户,检查清单,增长,公开发布,任务编号 P1382。请扮演HRBP。围绕“人力场景082-公开发布”中的招聘、绩效、组织任务，面向海外用户，设计一个从零到一的工作流。请用检查清单输出，并从“增长”角度做重点判断。要求：语言简洁，不说空话；兼顾成本和效果；最后给出3条可立即执行的下一步。
1383,人力,HRBP,专家评审,SOP步骤,短期落地,多方协作,任务编号 P1383。请扮演HRBP。围绕“人力场景083-多方协作”中的招聘、绩效、组织任务，面向专家评审，创建检查清单并标注常见坑。请用SOP步骤输出，并从“短期落地”角度做重点判断。要求：兼顾成本和效果；避免虚构事实；最后给出3条可立即执行的下一步。
1384,人力,HRBP,大学生,看板任务,成本,预算有限,任务编号 P1384。请扮演HRBP。围绕“人力场景084-预算有限”中的招聘、绩效、组织任务，面向大学生，模拟专家评审并指出改进点。请用看板任务输出，并从“成本”角度做重点判断。要求：指出最容易忽略的细节；包含失败预案；最后给出3条可立即执行的下一步。
1385,人力,HRBP,管理层,实验计划,可维护性,初创团队,任务编号 P1385。请扮演HRBP。围绕“人力场景085-初创团队”中的招聘、绩效、组织任务，面向管理层，根据目标用户重写表达。请用实验计划输出，并从“可维护性”角度做重点判断。要求：包含可执行下一步；语言简洁，不说空话；最后给出3条可立即执行的下一步。
1386,人力,HRBP,内容创作者,检查清单,长期价值,需要扩张,任务编号 P1386。请扮演HRBP。围绕“人力场景086-需要扩张”中的招聘、绩效、组织任务，面向内容创作者，提炼核心洞察并给出行动建议。请用检查清单输出，并从“长期价值”角度做重点判断。要求：输出可直接复制使用；按难易度排序；最后给出3条可立即执行的下一步。
1387,人力,HRBP,销售团队,SOP步骤,质量,新市场验证,任务编号 P1387。请扮演HRBP。围绕“人力场景087-新市场验证”中的招聘、绩效、组织任务，面向销售团队，设计一套可量化指标。请用SOP步骤输出，并从“质量”角度做重点判断。要求：保持中立客观；先给结论再解释；最后给出3条可立即执行的下一步。
1388,人力,HRBP,教师,看板任务,用户体验,竞品压力,任务编号 P1388。请扮演HRBP。围绕“人力场景088-竞品压力”中的招聘、绩效、组织任务，面向教师，把零散想法整理成结构化大纲。请用看板任务输出，并从“用户体验”角度做重点判断。要求：先给结论再解释；给出示例输入输出；最后给出3条可立即执行的下一步。
1389,人力,HRBP,本地用户,实验计划,学习曲线,准备上线,任务编号 P1389。请扮演HRBP。围绕“人力场景089-准备上线”中的招聘、绩效、组织任务，面向本地用户，生成可直接使用的模板。请用实验计划输出，并从“学习曲线”角度做重点判断。要求：包含失败预案；给出至少一个反例；最后给出3条可立即执行的下一步。
1390,人力,HRBP,创始人,检查清单,效率,高不确定性,任务编号 P1390。请扮演HRBP。围绕“人力场景090-高不确定性”中的招聘、绩效、组织任务，面向创始人，做一次反向推理找出隐藏风险。请用检查清单输出，并从“效率”角度做重点判断。要求：用中文输出；保持中立客观；最后给出3条可立即执行的下一步。
1391,人力,HRBP,新手用户,SOP步骤,风险,远程协作,任务编号 P1391。请扮演HRBP。围绕“人力场景091-远程协作”中的招聘、绩效、组织任务，面向新手用户，给出低成本试验方案。请用SOP步骤输出，并从“风险”角度做重点判断。要求：标注假设和不确定性；适合在一天内开始执行；最后给出3条可立即执行的下一步。
1392,人力,HRBP,一线执行团队,看板任务,增长,个人项目,任务编号 P1392。请扮演HRBP。围绕“人力场景092-个人项目”中的招聘、绩效、组织任务，面向一线执行团队，创建对比表并推荐选择。请用看板任务输出，并从“增长”角度做重点判断。要求：按影响力排序；必要时提出澄清问题；最后给出3条可立即执行的下一步。
1393,人力,HRBP,开发团队,实验计划,短期落地,质量波动,任务编号 P1393。请扮演HRBP。围绕“人力场景093-质量波动”中的招聘、绩效、组织任务，面向开发团队，把长内容压缩成高密度摘要。请用实验计划输出，并从“短期落地”角度做重点判断。要求：必要时提出澄清问题；输出可直接复制使用；最后给出3条可立即执行的下一步。
1394,人力,HRBP,客服团队,检查清单,成本,用户流失,任务编号 P1394。请扮演HRBP。围绕“人力场景094-用户流失”中的招聘、绩效、组织任务，面向客服团队，提出10个创新方向并排序。请用检查清单输出，并从“成本”角度做重点判断。要求：给出至少一个反例；提供简短版本和完整版本；最后给出3条可立即执行的下一步。
1395,人力,HRBP,家长,SOP步骤,可维护性,内部培训,任务编号 P1395。请扮演HRBP。围绕“人力场景095-内部培训”中的招聘、绩效、组织任务，面向家长，设计30天训练计划。请用SOP步骤输出，并从“可维护性”角度做重点判断。要求：按难易度排序；按影响力排序；最后给出3条可立即执行的下一步。
1396,人力,HRBP,非技术读者,看板任务,长期价值,需要复盘,任务编号 P1396。请扮演HRBP。围绕“人力场景096-需要复盘”中的招聘、绩效、组织任务，面向非技术读者，构建决策树帮助判断下一步。请用看板任务输出，并从“长期价值”角度做重点判断。要求：避免虚构事实；包含可执行下一步；最后给出3条可立即执行的下一步。
1397,人力,HRBP,中小企业主,实验计划,质量,时间紧迫,任务编号 P1397。请扮演HRBP。围绕“人力场景097-时间紧迫”中的招聘、绩效、组织任务，面向中小企业主，生成会议讨论提纲。请用实验计划输出，并从“质量”角度做重点判断。要求：避免专业黑话；包含衡量标准；最后给出3条可立即执行的下一步。
1398,人力,HRBP,资深从业者,检查清单,用户体验,成熟企业,任务编号 P1398。请扮演HRBP。围绕“人力场景098-成熟企业”中的招聘、绩效、组织任务，面向资深从业者，写一份面向管理层的简报。请用检查清单输出，并从“用户体验”角度做重点判断。要求：包含衡量标准；标注假设和不确定性；最后给出3条可立即执行的下一步。
1399,人力,HRBP,自由职业者,SOP步骤,学习曲线,需要降本,任务编号 P1399。请扮演HRBP。围绕“人力场景099-需要降本”中的招聘、绩效、组织任务，面向自由职业者，写一份面向执行者的操作手册。请用SOP步骤输出，并从“学习曲线”角度做重点判断。要求：提供简短版本和完整版本；指出最容易忽略的细节；最后给出3条可立即执行的下一步。
1400,人力,HRBP,设计团队,看板任务,效率,流程混乱,任务编号 P1400。请扮演HRBP。围绕“人力场景100-流程混乱”中的招聘、绩效、组织任务，面向设计团队，建立评估打分表。请用看板任务输出，并从“效率”角度做重点判断。要求：适合在一天内开始执行；避免专业黑话；最后给出3条可立即执行的下一步。
1401,客服,客户成功经理,教师,用户故事,用户体验,用户流失,任务编号 P1401。请扮演客户成功经理。围绕“客服场景001-用户流失”中的FAQ、回复、升级任务，面向教师，创建对比表并推荐选择。请用用户故事输出，并从“用户体验”角度做重点判断。要求：指出最容易忽略的细节；必要时提出澄清问题；最后给出3条可立即执行的下一步。
1402,客服,客户成功经理,本地用户,对比分析,学习曲线,内部培训,任务编号 P1402。请扮演客户成功经理。围绕“客服场景002-内部培训”中的FAQ、回复、升级任务，面向本地用户，把长内容压缩成高密度摘要。请用对比分析输出，并从“学习曲线”角度做重点判断。要求：包含可执行下一步；输出可直接复制使用；最后给出3条可立即执行的下一步。
1403,客服,客户成功经理,创始人,一页纸简报,效率,需要复盘,任务编号 P1403。请扮演客户成功经理。围绕“客服场景003-需要复盘”中的FAQ、回复、升级任务，面向创始人，提出10个创新方向并排序。请用一页纸简报输出，并从“效率”角度做重点判断。要求：输出可直接复制使用；提供简短版本和完整版本；最后给出3条可立即执行的下一步。
1404,客服,客户成功经理,新手用户,评分矩阵,风险,时间紧迫,任务编号 P1404。请扮演客户成功经理。围绕“客服场景004-时间紧迫”中的FAQ、回复、升级任务，面向新手用户，设计30天训练计划。请用评分矩阵输出，并从“风险”角度做重点判断。要求：保持中立客观；按影响力排序；最后给出3条可立即执行的下一步。
1405,客服,客户成功经理,一线执行团队,用户故事,增长,成熟企业,任务编号 P1405。请扮演客户成功经理。围绕“客服场景005-成熟企业”中的FAQ、回复、升级任务，面向一线执行团队，构建决策树帮助判断下一步。请用用户故事输出，并从“增长”角度做重点判断。要求：先给结论再解释；包含可执行下一步；最后给出3条可立即执行的下一步。
1406,客服,客户成功经理,开发团队,对比分析,短期落地,需要降本,任务编号 P1406。请扮演客户成功经理。围绕“客服场景006-需要降本”中的FAQ、回复、升级任务，面向开发团队，生成会议讨论提纲。请用对比分析输出，并从“短期落地”角度做重点判断。要求：包含失败预案；包含衡量标准；最后给出3条可立即执行的下一步。
1407,客服,客户成功经理,客服团队,一页纸简报,成本,流程混乱,任务编号 P1407。请扮演客户成功经理。围绕“客服场景007-流程混乱”中的FAQ、回复、升级任务，面向客服团队，写一份面向管理层的简报。请用一页纸简报输出，并从“成本”角度做重点判断。要求：用中文输出；标注假设和不确定性；最后给出3条可立即执行的下一步。
1408,客服,客户成功经理,家长,评分矩阵,可维护性,数据不足,任务编号 P1408。请扮演客户成功经理。围绕“客服场景008-数据不足”中的FAQ、回复、升级任务，面向家长，写一份面向执行者的操作手册。请用评分矩阵输出，并从“可维护性”角度做重点判断。要求：标注假设和不确定性；指出最容易忽略的细节；最后给出3条可立即执行的下一步。
1409,客服,客户成功经理,非技术读者,用户故事,长期价值,公开发布,任务编号 P1409。请扮演客户成功经理。围绕“客服场景009-公开发布”中的FAQ、回复、升级任务，面向非技术读者，建立评估打分表。请用用户故事输出，并从“长期价值”角度做重点判断。要求：按影响力排序；避免专业黑话；最后给出3条可立即执行的下一步。
1410,客服,客户成功经理,中小企业主,对比分析,质量,多方协作,任务编号 P1410。请扮演客户成功经理。围绕“客服场景010-多方协作”中的FAQ、回复、升级任务，面向中小企业主，提出自动化改造思路。请用对比分析输出，并从“质量”角度做重点判断。要求：必要时提出澄清问题；用中文输出；最后给出3条可立即执行的下一步。
1411,客服,客户成功经理,资深从业者,一页纸简报,用户体验,预算有限,任务编号 P1411。请扮演客户成功经理。围绕“客服场景011-预算有限”中的FAQ、回复、升级任务，面向资深从业者，设计用户调研问题。请用一页纸简报输出，并从“用户体验”角度做重点判断。要求：给出至少一个反例；兼顾成本和效果；最后给出3条可立即执行的下一步。
1412,客服,客户成功经理,自由职业者,评分矩阵,学习曲线,初创团队,任务编号 P1412。请扮演客户成功经理。围绕“客服场景012-初创团队”中的FAQ、回复、升级任务，面向自由职业者，模拟用户反馈并归纳模式。请用评分矩阵输出，并从“学习曲线”角度做重点判断。要求：按难易度排序；避免虚构事实；最后给出3条可立即执行的下一步。
1413,客服,客户成功经理,设计团队,用户故事,效率,需要扩张,任务编号 P1413。请扮演客户成功经理。围绕“客服场景013-需要扩张”中的FAQ、回复、升级任务，面向设计团队，生成故障排查路径。请用用户故事输出，并从“效率”角度做重点判断。要求：避免虚构事实；包含失败预案；最后给出3条可立即执行的下一步。
1414,客服,客户成功经理,投资人,对比分析,风险,新市场验证,任务编号 P1414。请扮演客户成功经理。围绕“客服场景014-新市场验证”中的FAQ、回复、升级任务，面向投资人，把目标拆成里程碑。请用对比分析输出，并从“风险”角度做重点判断。要求：避免专业黑话；语言简洁，不说空话；最后给出3条可立即执行的下一步。
1415,客服,客户成功经理,海外用户,一页纸简报,增长,竞品压力,任务编号 P1415。请扮演客户成功经理。围绕“客服场景015-竞品压力”中的FAQ、回复、升级任务，面向海外用户，提出可复用命名规范。请用一页纸简报输出，并从“增长”角度做重点判断。要求：包含衡量标准；按难易度排序；最后给出3条可立即执行的下一步。
1416,客服,客户成功经理,专家评审,评分矩阵,短期落地,准备上线,任务编号 P1416。请扮演客户成功经理。围绕“客服场景016-准备上线”中的FAQ、回复、升级任务，面向专家评审，创建风险登记册。请用评分矩阵输出，并从“短期落地”角度做重点判断。要求：提供简短版本和完整版本；先给结论再解释；最后给出3条可立即执行的下一步。
1417,客服,客户成功经理,大学生,用户故事,成本,高不确定性,任务编号 P1417。请扮演客户成功经理。围绕“客服场景017-高不确定性”中的FAQ、回复、升级任务，面向大学生，制定一份可执行方案。请用用户故事输出，并从“成本”角度做重点判断。要求：适合在一天内开始执行；给出示例输入输出；最后给出3条可立即执行的下一步。
1418,客服,客户成功经理,管理层,对比分析,可维护性,远程协作,任务编号 P1418。请扮演客户成功经理。围绕“客服场景018-远程协作”中的FAQ、回复、升级任务，面向管理层，列出关键问题并给出优先级。请用对比分析输出，并从“可维护性”角度做重点判断。要求：给出示例输入输出；给出至少一个反例；最后给出3条可立即执行的下一步。
1419,客服,客户成功经理,内容创作者,一页纸简报,长期价值,个人项目,任务编号 P1419。请扮演客户成功经理。围绕“客服场景019-个人项目”中的FAQ、回复、升级任务，面向内容创作者，生成三种风格完全不同的版本。请用一页纸简报输出，并从“长期价值”角度做重点判断。要求：语言简洁，不说空话；保持中立客观；最后给出3条可立即执行的下一步。
1420,客服,客户成功经理,销售团队,评分矩阵,质量,质量波动,任务编号 P1420。请扮演客户成功经理。围绕“客服场景020-质量波动”中的FAQ、回复、升级任务，面向销售团队，把复杂内容改写成新手也能懂的说明。请用评分矩阵输出，并从“质量”角度做重点判断。要求：兼顾成本和效果；适合在一天内开始执行；最后给出3条可立即执行的下一步。
1421,客服,客户成功经理,教师,用户故事,用户体验,用户流失,任务编号 P1421。请扮演客户成功经理。围绕“客服场景021-用户流失”中的FAQ、回复、升级任务，面向教师，设计一个从零到一的工作流。请用用户故事输出，并从“用户体验”角度做重点判断。要求：指出最容易忽略的细节；必要时提出澄清问题；最后给出3条可立即执行的下一步。
1422,客服,客户成功经理,本地用户,对比分析,学习曲线,内部培训,任务编号 P1422。请扮演客户成功经理。围绕“客服场景022-内部培训”中的FAQ、回复、升级任务，面向本地用户，创建检查清单并标注常见坑。请用对比分析输出，并从“学习曲线”角度做重点判断。要求：包含可执行下一步；输出可直接复制使用；最后给出3条可立即执行的下一步。
1423,客服,客户成功经理,创始人,一页纸简报,效率,需要复盘,任务编号 P1423。请扮演客户成功经理。围绕“客服场景023-需要复盘”中的FAQ、回复、升级任务，面向创始人，模拟专家评审并指出改进点。请用一页纸简报输出，并从“效率”角度做重点判断。要求：输出可直接复制使用；提供简短版本和完整版本；最后给出3条可立即执行的下一步。
1424,客服,客户成功经理,新手用户,评分矩阵,风险,时间紧迫,任务编号 P1424。请扮演客户成功经理。围绕“客服场景024-时间紧迫”中的FAQ、回复、升级任务，面向新手用户，根据目标用户重写表达。请用评分矩阵输出，并从“风险”角度做重点判断。要求：保持中立客观；按影响力排序；最后给出3条可立即执行的下一步。
1425,客服,客户成功经理,一线执行团队,用户故事,增长,成熟企业,任务编号 P1425。请扮演客户成功经理。围绕“客服场景025-成熟企业”中的FAQ、回复、升级任务，面向一线执行团队，提炼核心洞察并给出行动建议。请用用户故事输出，并从“增长”角度做重点判断。要求：先给结论再解释；包含可执行下一步；最后给出3条可立即执行的下一步。
1426,客服,客户成功经理,开发团队,对比分析,短期落地,需要降本,任务编号 P1426。请扮演客户成功经理。围绕“客服场景026-需要降本”中的FAQ、回复、升级任务，面向开发团队，设计一套可量化指标。请用对比分析输出，并从“短期落地”角度做重点判断。要求：包含失败预案；包含衡量标准；最后给出3条可立即执行的下一步。
1427,客服,客户成功经理,客服团队,一页纸简报,成本,流程混乱,任务编号 P1427。请扮演客户成功经理。围绕“客服场景027-流程混乱”中的FAQ、回复、升级任务，面向客服团队，把零散想法整理成结构化大纲。请用一页纸简报输出，并从“成本”角度做重点判断。要求：用中文输出；标注假设和不确定性；最后给出3条可立即执行的下一步。
1428,客服,客户成功经理,家长,评分矩阵,可维护性,数据不足,任务编号 P1428。请扮演客户成功经理。围绕“客服场景028-数据不足”中的FAQ、回复、升级任务，面向家长，生成可直接使用的模板。请用评分矩阵输出，并从“可维护性”角度做重点判断。要求：标注假设和不确定性；指出最容易忽略的细节；最后给出3条可立即执行的下一步。
1429,客服,客户成功经理,非技术读者,用户故事,长期价值,公开发布,任务编号 P1429。请扮演客户成功经理。围绕“客服场景029-公开发布”中的FAQ、回复、升级任务，面向非技术读者，做一次反向推理找出隐藏风险。请用用户故事输出，并从“长期价值”角度做重点判断。要求：按影响力排序；避免专业黑话；最后给出3条可立即执行的下一步。
1430,客服,客户成功经理,中小企业主,对比分析,质量,多方协作,任务编号 P1430。请扮演客户成功经理。围绕“客服场景030-多方协作”中的FAQ、回复、升级任务，面向中小企业主，给出低成本试验方案。请用对比分析输出，并从“质量”角度做重点判断。要求：必要时提出澄清问题；用中文输出；最后给出3条可立即执行的下一步。
1431,客服,客户成功经理,资深从业者,一页纸简报,用户体验,预算有限,任务编号 P1431。请扮演客户成功经理。围绕“客服场景031-预算有限”中的FAQ、回复、升级任务，面向资深从业者，创建对比表并推荐选择。请用一页纸简报输出，并从“用户体验”角度做重点判断。要求：给出至少一个反例；兼顾成本和效果；最后给出3条可立即执行的下一步。
1432,客服,客户成功经理,自由职业者,评分矩阵,学习曲线,初创团队,任务编号 P1432。请扮演客户成功经理。围绕“客服场景032-初创团队”中的FAQ、回复、升级任务，面向自由职业者，把长内容压缩成高密度摘要。请用评分矩阵输出，并从“学习曲线”角度做重点判断。要求：按难易度排序；避免虚构事实；最后给出3条可立即执行的下一步。
1433,客服,客户成功经理,设计团队,用户故事,效率,需要扩张,任务编号 P1433。请扮演客户成功经理。围绕“客服场景033-需要扩张”中的FAQ、回复、升级任务，面向设计团队，提出10个创新方向并排序。请用用户故事输出，并从“效率”角度做重点判断。要求：避免虚构事实；包含失败预案；最后给出3条可立即执行的下一步。
1434,客服,客户成功经理,投资人,对比分析,风险,新市场验证,任务编号 P1434。请扮演客户成功经理。围绕“客服场景034-新市场验证”中的FAQ、回复、升级任务，面向投资人，设计30天训练计划。请用对比分析输出，并从“风险”角度做重点判断。要求：避免专业黑话；语言简洁，不说空话；最后给出3条可立即执行的下一步。
1435,客服,客户成功经理,海外用户,一页纸简报,增长,竞品压力,任务编号 P1435。请扮演客户成功经理。围绕“客服场景035-竞品压力”中的FAQ、回复、升级任务，面向海外用户，构建决策树帮助判断下一步。请用一页纸简报输出，并从“增长”角度做重点判断。要求：包含衡量标准；按难易度排序；最后给出3条可立即执行的下一步。
1436,客服,客户成功经理,专家评审,评分矩阵,短期落地,准备上线,任务编号 P1436。请扮演客户成功经理。围绕“客服场景036-准备上线”中的FAQ、回复、升级任务，面向专家评审，生成会议讨论提纲。请用评分矩阵输出，并从“短期落地”角度做重点判断。要求：提供简短版本和完整版本；先给结论再解释；最后给出3条可立即执行的下一步。
1437,客服,客户成功经理,大学生,用户故事,成本,高不确定性,任务编号 P1437。请扮演客户成功经理。围绕“客服场景037-高不确定性”中的FAQ、回复、升级任务，面向大学生，写一份面向管理层的简报。请用用户故事输出，并从“成本”角度做重点判断。要求：适合在一天内开始执行；给出示例输入输出；最后给出3条可立即执行的下一步。
1438,客服,客户成功经理,管理层,对比分析,可维护性,远程协作,任务编号 P1438。请扮演客户成功经理。围绕“客服场景038-远程协作”中的FAQ、回复、升级任务，面向管理层，写一份面向执行者的操作手册。请用对比分析输出，并从“可维护性”角度做重点判断。要求：给出示例输入输出；给出至少一个反例；最后给出3条可立即执行的下一步。
1439,客服,客户成功经理,内容创作者,一页纸简报,长期价值,个人项目,任务编号 P1439。请扮演客户成功经理。围绕“客服场景039-个人项目”中的FAQ、回复、升级任务，面向内容创作者，建立评估打分表。请用一页纸简报输出，并从“长期价值”角度做重点判断。要求：语言简洁，不说空话；保持中立客观；最后给出3条可立即执行的下一步。
1440,客服,客户成功经理,销售团队,评分矩阵,质量,质量波动,任务编号 P1440。请扮演客户成功经理。围绕“客服场景040-质量波动”中的FAQ、回复、升级任务，面向销售团队，提出自动化改造思路。请用评分矩阵输出，并从“质量”角度做重点判断。要求：兼顾成本和效果；适合在一天内开始执行；最后给出3条可立即执行的下一步。
1441,客服,客户成功经理,教师,用户故事,用户体验,用户流失,任务编号 P1441。请扮演客户成功经理。围绕“客服场景041-用户流失”中的FAQ、回复、升级任务，面向教师，设计用户调研问题。请用用户故事输出，并从“用户体验”角度做重点判断。要求：指出最容易忽略的细节；必要时提出澄清问题；最后给出3条可立即执行的下一步。
1442,客服,客户成功经理,本地用户,对比分析,学习曲线,内部培训,任务编号 P1442。请扮演客户成功经理。围绕“客服场景042-内部培训”中的FAQ、回复、升级任务，面向本地用户，模拟用户反馈并归纳模式。请用对比分析输出，并从“学习曲线”角度做重点判断。要求：包含可执行下一步；输出可直接复制使用；最后给出3条可立即执行的下一步。
1443,客服,客户成功经理,创始人,一页纸简报,效率,需要复盘,任务编号 P1443。请扮演客户成功经理。围绕“客服场景043-需要复盘”中的FAQ、回复、升级任务，面向创始人，生成故障排查路径。请用一页纸简报输出，并从“效率”角度做重点判断。要求：输出可直接复制使用；提供简短版本和完整版本；最后给出3条可立即执行的下一步。
1444,客服,客户成功经理,新手用户,评分矩阵,风险,时间紧迫,任务编号 P1444。请扮演客户成功经理。围绕“客服场景044-时间紧迫”中的FAQ、回复、升级任务，面向新手用户，把目标拆成里程碑。请用评分矩阵输出，并从“风险”角度做重点判断。要求：保持中立客观；按影响力排序；最后给出3条可立即执行的下一步。
1445,客服,客户成功经理,一线执行团队,用户故事,增长,成熟企业,任务编号 P1445。请扮演客户成功经理。围绕“客服场景045-成熟企业”中的FAQ、回复、升级任务，面向一线执行团队，提出可复用命名规范。请用用户故事输出，并从“增长”角度做重点判断。要求：先给结论再解释；包含可执行下一步；最后给出3条可立即执行的下一步。
1446,客服,客户成功经理,开发团队,对比分析,短期落地,需要降本,任务编号 P1446。请扮演客户成功经理。围绕“客服场景046-需要降本”中的FAQ、回复、升级任务，面向开发团队，创建风险登记册。请用对比分析输出，并从“短期落地”角度做重点判断。要求：包含失败预案；包含衡量标准；最后给出3条可立即执行的下一步。
1447,客服,客户成功经理,客服团队,一页纸简报,成本,流程混乱,任务编号 P1447。请扮演客户成功经理。围绕“客服场景047-流程混乱”中的FAQ、回复、升级任务，面向客服团队，制定一份可执行方案。请用一页纸简报输出，并从“成本”角度做重点判断。要求：用中文输出；标注假设和不确定性；最后给出3条可立即执行的下一步。
1448,客服,客户成功经理,家长,评分矩阵,可维护性,数据不足,任务编号 P1448。请扮演客户成功经理。围绕“客服场景048-数据不足”中的FAQ、回复、升级任务，面向家长，列出关键问题并给出优先级。请用评分矩阵输出，并从“可维护性”角度做重点判断。要求：标注假设和不确定性；指出最容易忽略的细节；最后给出3条可立即执行的下一步。
1449,客服,客户成功经理,非技术读者,用户故事,长期价值,公开发布,任务编号 P1449。请扮演客户成功经理。围绕“客服场景049-公开发布”中的FAQ、回复、升级任务，面向非技术读者，生成三种风格完全不同的版本。请用用户故事输出，并从“长期价值”角度做重点判断。要求：按影响力排序；避免专业黑话；最后给出3条可立即执行的下一步。
1450,客服,客户成功经理,中小企业主,对比分析,质量,多方协作,任务编号 P1450。请扮演客户成功经理。围绕“客服场景050-多方协作”中的FAQ、回复、升级任务，面向中小企业主，把复杂内容改写成新手也能懂的说明。请用对比分析输出，并从“质量”角度做重点判断。要求：必要时提出澄清问题；用中文输出；最后给出3条可立即执行的下一步。
1451,客服,客户成功经理,资深从业者,一页纸简报,用户体验,预算有限,任务编号 P1451。请扮演客户成功经理。围绕“客服场景051-预算有限”中的FAQ、回复、升级任务，面向资深从业者，设计一个从零到一的工作流。请用一页纸简报输出，并从“用户体验”角度做重点判断。要求：给出至少一个反例；兼顾成本和效果；最后给出3条可立即执行的下一步。
1452,客服,客户成功经理,自由职业者,评分矩阵,学习曲线,初创团队,任务编号 P1452。请扮演客户成功经理。围绕“客服场景052-初创团队”中的FAQ、回复、升级任务，面向自由职业者，创建检查清单并标注常见坑。请用评分矩阵输出，并从“学习曲线”角度做重点判断。要求：按难易度排序；避免虚构事实；最后给出3条可立即执行的下一步。
1453,客服,客户成功经理,设计团队,用户故事,效率,需要扩张,任务编号 P1453。请扮演客户成功经理。围绕“客服场景053-需要扩张”中的FAQ、回复、升级任务，面向设计团队，模拟专家评审并指出改进点。请用用户故事输出，并从“效率”角度做重点判断。要求：避免虚构事实；包含失败预案；最后给出3条可立即执行的下一步。
1454,客服,客户成功经理,投资人,对比分析,风险,新市场验证,任务编号 P1454。请扮演客户成功经理。围绕“客服场景054-新市场验证”中的FAQ、回复、升级任务，面向投资人，根据目标用户重写表达。请用对比分析输出，并从“风险”角度做重点判断。要求：避免专业黑话；语言简洁，不说空话；最后给出3条可立即执行的下一步。
1455,客服,客户成功经理,海外用户,一页纸简报,增长,竞品压力,任务编号 P1455。请扮演客户成功经理。围绕“客服场景055-竞品压力”中的FAQ、回复、升级任务，面向海外用户，提炼核心洞察并给出行动建议。请用一页纸简报输出，并从“增长”角度做重点判断。要求：包含衡量标准；按难易度排序；最后给出3条可立即执行的下一步。
1456,客服,客户成功经理,专家评审,评分矩阵,短期落地,准备上线,任务编号 P1456。请扮演客户成功经理。围绕“客服场景056-准备上线”中的FAQ、回复、升级任务，面向专家评审，设计一套可量化指标。请用评分矩阵输出，并从“短期落地”角度做重点判断。要求：提供简短版本和完整版本；先给结论再解释；最后给出3条可立即执行的下一步。
1457,客服,客户成功经理,大学生,用户故事,成本,高不确定性,任务编号 P1457。请扮演客户成功经理。围绕“客服场景057-高不确定性”中的FAQ、回复、升级任务，面向大学生，把零散想法整理成结构化大纲。请用用户故事输出，并从“成本”角度做重点判断。要求：适合在一天内开始执行；给出示例输入输出；最后给出3条可立即执行的下一步。
1458,客服,客户成功经理,管理层,对比分析,可维护性,远程协作,任务编号 P1458。请扮演客户成功经理。围绕“客服场景058-远程协作”中的FAQ、回复、升级任务，面向管理层，生成可直接使用的模板。请用对比分析输出，并从“可维护性”角度做重点判断。要求：给出示例输入输出；给出至少一个反例；最后给出3条可立即执行的下一步。
1459,客服,客户成功经理,内容创作者,一页纸简报,长期价值,个人项目,任务编号 P1459。请扮演客户成功经理。围绕“客服场景059-个人项目”中的FAQ、回复、升级任务，面向内容创作者，做一次反向推理找出隐藏风险。请用一页纸简报输出，并从“长期价值”角度做重点判断。要求：语言简洁，不说空话；保持中立客观；最后给出3条可立即执行的下一步。
1460,客服,客户成功经理,销售团队,评分矩阵,质量,质量波动,任务编号 P1460。请扮演客户成功经理。围绕“客服场景060-质量波动”中的FAQ、回复、升级任务，面向销售团队，给出低成本试验方案。请用评分矩阵输出，并从“质量”角度做重点判断。要求：兼顾成本和效果；适合在一天内开始执行；最后给出3条可立即执行的下一步。
1461,客服,客户成功经理,教师,用户故事,用户体验,用户流失,任务编号 P1461。请扮演客户成功经理。围绕“客服场景061-用户流失”中的FAQ、回复、升级任务，面向教师，创建对比表并推荐选择。请用用户故事输出，并从“用户体验”角度做重点判断。要求：指出最容易忽略的细节；必要时提出澄清问题；最后给出3条可立即执行的下一步。
1462,客服,客户成功经理,本地用户,对比分析,学习曲线,内部培训,任务编号 P1462。请扮演客户成功经理。围绕“客服场景062-内部培训”中的FAQ、回复、升级任务，面向本地用户，把长内容压缩成高密度摘要。请用对比分析输出，并从“学习曲线”角度做重点判断。要求：包含可执行下一步；输出可直接复制使用；最后给出3条可立即执行的下一步。
1463,客服,客户成功经理,创始人,一页纸简报,效率,需要复盘,任务编号 P1463。请扮演客户成功经理。围绕“客服场景063-需要复盘”中的FAQ、回复、升级任务，面向创始人，提出10个创新方向并排序。请用一页纸简报输出，并从“效率”角度做重点判断。要求：输出可直接复制使用；提供简短版本和完整版本；最后给出3条可立即执行的下一步。
1464,客服,客户成功经理,新手用户,评分矩阵,风险,时间紧迫,任务编号 P1464。请扮演客户成功经理。围绕“客服场景064-时间紧迫”中的FAQ、回复、升级任务，面向新手用户，设计30天训练计划。请用评分矩阵输出，并从“风险”角度做重点判断。要求：保持中立客观；按影响力排序；最后给出3条可立即执行的下一步。
1465,客服,客户成功经理,一线执行团队,用户故事,增长,成熟企业,任务编号 P1465。请扮演客户成功经理。围绕“客服场景065-成熟企业”中的FAQ、回复、升级任务，面向一线执行团队，构建决策树帮助判断下一步。请用用户故事输出，并从“增长”角度做重点判断。要求：先给结论再解释；包含可执行下一步；最后给出3条可立即执行的下一步。
1466,客服,客户成功经理,开发团队,对比分析,短期落地,需要降本,任务编号 P1466。请扮演客户成功经理。围绕“客服场景066-需要降本”中的FAQ、回复、升级任务，面向开发团队，生成会议讨论提纲。请用对比分析输出，并从“短期落地”角度做重点判断。要求：包含失败预案；包含衡量标准；最后给出3条可立即执行的下一步。
1467,客服,客户成功经理,客服团队,一页纸简报,成本,流程混乱,任务编号 P1467。请扮演客户成功经理。围绕“客服场景067-流程混乱”中的FAQ、回复、升级任务，面向客服团队，写一份面向管理层的简报。请用一页纸简报输出，并从“成本”角度做重点判断。要求：用中文输出；标注假设和不确定性；最后给出3条可立即执行的下一步。
1468,客服,客户成功经理,家长,评分矩阵,可维护性,数据不足,任务编号 P1468。请扮演客户成功经理。围绕“客服场景068-数据不足”中的FAQ、回复、升级任务，面向家长，写一份面向执行者的操作手册。请用评分矩阵输出，并从“可维护性”角度做重点判断。要求：标注假设和不确定性；指出最容易忽略的细节；最后给出3条可立即执行的下一步。
1469,客服,客户成功经理,非技术读者,用户故事,长期价值,公开发布,任务编号 P1469。请扮演客户成功经理。围绕“客服场景069-公开发布”中的FAQ、回复、升级任务，面向非技术读者，建立评估打分表。请用用户故事输出，并从“长期价值”角度做重点判断。要求：按影响力排序；避免专业黑话；最后给出3条可立即执行的下一步。
1470,客服,客户成功经理,中小企业主,对比分析,质量,多方协作,任务编号 P1470。请扮演客户成功经理。围绕“客服场景070-多方协作”中的FAQ、回复、升级任务，面向中小企业主，提出自动化改造思路。请用对比分析输出，并从“质量”角度做重点判断。要求：必要时提出澄清问题；用中文输出；最后给出3条可立即执行的下一步。
1471,客服,客户成功经理,资深从业者,一页纸简报,用户体验,预算有限,任务编号 P1471。请扮演客户成功经理。围绕“客服场景071-预算有限”中的FAQ、回复、升级任务，面向资深从业者，设计用户调研问题。请用一页纸简报输出，并从“用户体验”角度做重点判断。要求：给出至少一个反例；兼顾成本和效果；最后给出3条可立即执行的下一步。
1472,客服,客户成功经理,自由职业者,评分矩阵,学习曲线,初创团队,任务编号 P1472。请扮演客户成功经理。围绕“客服场景072-初创团队”中的FAQ、回复、升级任务，面向自由职业者，模拟用户反馈并归纳模式。请用评分矩阵输出，并从“学习曲线”角度做重点判断。要求：按难易度排序；避免虚构事实；最后给出3条可立即执行的下一步。
1473,客服,客户成功经理,设计团队,用户故事,效率,需要扩张,任务编号 P1473。请扮演客户成功经理。围绕“客服场景073-需要扩张”中的FAQ、回复、升级任务，面向设计团队，生成故障排查路径。请用用户故事输出，并从“效率”角度做重点判断。要求：避免虚构事实；包含失败预案；最后给出3条可立即执行的下一步。
1474,客服,客户成功经理,投资人,对比分析,风险,新市场验证,任务编号 P1474。请扮演客户成功经理。围绕“客服场景074-新市场验证”中的FAQ、回复、升级任务，面向投资人，把目标拆成里程碑。请用对比分析输出，并从“风险”角度做重点判断。要求：避免专业黑话；语言简洁，不说空话；最后给出3条可立即执行的下一步。
1475,客服,客户成功经理,海外用户,一页纸简报,增长,竞品压力,任务编号 P1475。请扮演客户成功经理。围绕“客服场景075-竞品压力”中的FAQ、回复、升级任务，面向海外用户，提出可复用命名规范。请用一页纸简报输出，并从“增长”角度做重点判断。要求：包含衡量标准；按难易度排序；最后给出3条可立即执行的下一步。
1476,客服,客户成功经理,专家评审,评分矩阵,短期落地,准备上线,任务编号 P1476。请扮演客户成功经理。围绕“客服场景076-准备上线”中的FAQ、回复、升级任务，面向专家评审，创建风险登记册。请用评分矩阵输出，并从“短期落地”角度做重点判断。要求：提供简短版本和完整版本；先给结论再解释；最后给出3条可立即执行的下一步。
1477,客服,客户成功经理,大学生,用户故事,成本,高不确定性,任务编号 P1477。请扮演客户成功经理。围绕“客服场景077-高不确定性”中的FAQ、回复、升级任务，面向大学生，制定一份可执行方案。请用用户故事输出，并从“成本”角度做重点判断。要求：适合在一天内开始执行；给出示例输入输出；最后给出3条可立即执行的下一步。
1478,客服,客户成功经理,管理层,对比分析,可维护性,远程协作,任务编号 P1478。请扮演客户成功经理。围绕“客服场景078-远程协作”中的FAQ、回复、升级任务，面向管理层，列出关键问题并给出优先级。请用对比分析输出，并从“可维护性”角度做重点判断。要求：给出示例输入输出；给出至少一个反例；最后给出3条可立即执行的下一步。
1479,客服,客户成功经理,内容创作者,一页纸简报,长期价值,个人项目,任务编号 P1479。请扮演客户成功经理。围绕“客服场景079-个人项目”中的FAQ、回复、升级任务，面向内容创作者，生成三种风格完全不同的版本。请用一页纸简报输出，并从“长期价值”角度做重点判断。要求：语言简洁，不说空话；保持中立客观；最后给出3条可立即执行的下一步。
1480,客服,客户成功经理,销售团队,评分矩阵,质量,质量波动,任务编号 P1480。请扮演客户成功经理。围绕“客服场景080-质量波动”中的FAQ、回复、升级任务，面向销售团队，把复杂内容改写成新手也能懂的说明。请用评分矩阵输出，并从“质量”角度做重点判断。要求：兼顾成本和效果；适合在一天内开始执行；最后给出3条可立即执行的下一步。
1481,客服,客户成功经理,教师,用户故事,用户体验,用户流失,任务编号 P1481。请扮演客户成功经理。围绕“客服场景081-用户流失”中的FAQ、回复、升级任务，面向教师，设计一个从零到一的工作流。请用用户故事输出，并从“用户体验”角度做重点判断。要求：指出最容易忽略的细节；必要时提出澄清问题；最后给出3条可立即执行的下一步。
1482,客服,客户成功经理,本地用户,对比分析,学习曲线,内部培训,任务编号 P1482。请扮演客户成功经理。围绕“客服场景082-内部培训”中的FAQ、回复、升级任务，面向本地用户，创建检查清单并标注常见坑。请用对比分析输出，并从“学习曲线”角度做重点判断。要求：包含可执行下一步；输出可直接复制使用；最后给出3条可立即执行的下一步。
1483,客服,客户成功经理,创始人,一页纸简报,效率,需要复盘,任务编号 P1483。请扮演客户成功经理。围绕“客服场景083-需要复盘”中的FAQ、回复、升级任务，面向创始人，模拟专家评审并指出改进点。请用一页纸简报输出，并从“效率”角度做重点判断。要求：输出可直接复制使用；提供简短版本和完整版本；最后给出3条可立即执行的下一步。
1484,客服,客户成功经理,新手用户,评分矩阵,风险,时间紧迫,任务编号 P1484。请扮演客户成功经理。围绕“客服场景084-时间紧迫”中的FAQ、回复、升级任务，面向新手用户，根据目标用户重写表达。请用评分矩阵输出，并从“风险”角度做重点判断。要求：保持中立客观；按影响力排序；最后给出3条可立即执行的下一步。
1485,客服,客户成功经理,一线执行团队,用户故事,增长,成熟企业,任务编号 P1485。请扮演客户成功经理。围绕“客服场景085-成熟企业”中的FAQ、回复、升级任务，面向一线执行团队，提炼核心洞察并给出行动建议。请用用户故事输出，并从“增长”角度做重点判断。要求：先给结论再解释；包含可执行下一步；最后给出3条可立即执行的下一步。
1486,客服,客户成功经理,开发团队,对比分析,短期落地,需要降本,任务编号 P1486。请扮演客户成功经理。围绕“客服场景086-需要降本”中的FAQ、回复、升级任务，面向开发团队，设计一套可量化指标。请用对比分析输出，并从“短期落地”角度做重点判断。要求：包含失败预案；包含衡量标准；最后给出3条可立即执行的下一步。
1487,客服,客户成功经理,客服团队,一页纸简报,成本,流程混乱,任务编号 P1487。请扮演客户成功经理。围绕“客服场景087-流程混乱”中的FAQ、回复、升级任务，面向客服团队，把零散想法整理成结构化大纲。请用一页纸简报输出，并从“成本”角度做重点判断。要求：用中文输出；标注假设和不确定性；最后给出3条可立即执行的下一步。
1488,客服,客户成功经理,家长,评分矩阵,可维护性,数据不足,任务编号 P1488。请扮演客户成功经理。围绕“客服场景088-数据不足”中的FAQ、回复、升级任务，面向家长，生成可直接使用的模板。请用评分矩阵输出，并从“可维护性”角度做重点判断。要求：标注假设和不确定性；指出最容易忽略的细节；最后给出3条可立即执行的下一步。
1489,客服,客户成功经理,非技术读者,用户故事,长期价值,公开发布,任务编号 P1489。请扮演客户成功经理。围绕“客服场景089-公开发布”中的FAQ、回复、升级任务，面向非技术读者，做一次反向推理找出隐藏风险。请用用户故事输出，并从“长期价值”角度做重点判断。要求：按影响力排序；避免专业黑话；最后给出3条可立即执行的下一步。
1490,客服,客户成功经理,中小企业主,对比分析,质量,多方协作,任务编号 P1490。请扮演客户成功经理。围绕“客服场景090-多方协作”中的FAQ、回复、升级任务，面向中小企业主，给出低成本试验方案。请用对比分析输出，并从“质量”角度做重点判断。要求：必要时提出澄清问题；用中文输出；最后给出3条可立即执行的下一步。
1491,客服,客户成功经理,资深从业者,一页纸简报,用户体验,预算有限,任务编号 P1491。请扮演客户成功经理。围绕“客服场景091-预算有限”中的FAQ、回复、升级任务，面向资深从业者，创建对比表并推荐选择。请用一页纸简报输出，并从“用户体验”角度做重点判断。要求：给出至少一个反例；兼顾成本和效果；最后给出3条可立即执行的下一步。
1492,客服,客户成功经理,自由职业者,评分矩阵,学习曲线,初创团队,任务编号 P1492。请扮演客户成功经理。围绕“客服场景092-初创团队”中的FAQ、回复、升级任务，面向自由职业者，把长内容压缩成高密度摘要。请用评分矩阵输出，并从“学习曲线”角度做重点判断。要求：按难易度排序；避免虚构事实；最后给出3条可立即执行的下一步。
1493,客服,客户成功经理,设计团队,用户故事,效率,需要扩张,任务编号 P1493。请扮演客户成功经理。围绕“客服场景093-需要扩张”中的FAQ、回复、升级任务，面向设计团队，提出10个创新方向并排序。请用用户故事输出，并从“效率”角度做重点判断。要求：避免虚构事实；包含失败预案；最后给出3条可立即执行的下一步。
1494,客服,客户成功经理,投资人,对比分析,风险,新市场验证,任务编号 P1494。请扮演客户成功经理。围绕“客服场景094-新市场验证”中的FAQ、回复、升级任务，面向投资人，设计30天训练计划。请用对比分析输出，并从“风险”角度做重点判断。要求：避免专业黑话；语言简洁，不说空话；最后给出3条可立即执行的下一步。
1495,客服,客户成功经理,海外用户,一页纸简报,增长,竞品压力,任务编号 P1495。请扮演客户成功经理。围绕“客服场景095-竞品压力”中的FAQ、回复、升级任务，面向海外用户，构建决策树帮助判断下一步。请用一页纸简报输出，并从“增长”角度做重点判断。要求：包含衡量标准；按难易度排序；最后给出3条可立即执行的下一步。
1496,客服,客户成功经理,专家评审,评分矩阵,短期落地,准备上线,任务编号 P1496。请扮演客户成功经理。围绕“客服场景096-准备上线”中的FAQ、回复、升级任务，面向专家评审，生成会议讨论提纲。请用评分矩阵输出，并从“短期落地”角度做重点判断。要求：提供简短版本和完整版本；先给结论再解释；最后给出3条可立即执行的下一步。
1497,客服,客户成功经理,大学生,用户故事,成本,高不确定性,任务编号 P1497。请扮演客户成功经理。围绕“客服场景097-高不确定性”中的FAQ、回复、升级任务，面向大学生，写一份面向管理层的简报。请用用户故事输出，并从“成本”角度做重点判断。要求：适合在一天内开始执行；给出示例输入输出；最后给出3条可立即执行的下一步。
1498,客服,客户成功经理,管理层,对比分析,可维护性,远程协作,任务编号 P1498。请扮演客户成功经理。围绕“客服场景098-远程协作”中的FAQ、回复、升级任务，面向管理层，写一份面向执行者的操作手册。请用对比分析输出，并从“可维护性”角度做重点判断。要求：给出示例输入输出；给出至少一个反例；最后给出3条可立即执行的下一步。
1499,客服,客户成功经理,内容创作者,一页纸简报,长期价值,个人项目,任务编号 P1499。请扮演客户成功经理。围绕“客服场景099-个人项目”中的FAQ、回复、升级任务，面向内容创作者，建立评估打分表。请用一页纸简报输出，并从“长期价值”角度做重点判断。要求：语言简洁，不说空话；保持中立客观；最后给出3条可立即执行的下一步。
1500,客服,客户成功经理,销售团队,评分矩阵,质量,质量波动,任务编号 P1500。请扮演客户成功经理。围绕“客服场景100-质量波动”中的FAQ、回复、升级任务，面向销售团队，提出自动化改造思路。请用评分矩阵输出，并从“质量”角度做重点判断。要求：兼顾成本和效果；适合在一天内开始执行；最后给出3条可立即执行的下一步。
1501,教育,课程设计师,家长,PRD片段,可维护性,新市场验证,任务编号 P1501。请扮演课程设计师。围绕“教育场景001-新市场验证”中的教案、测验、反馈任务，面向家长，把长内容压缩成高密度摘要。请用PRD片段输出，并从“可维护性”角度做重点判断。要求：保持中立客观；避免虚构事实；最后给出3条可立即执行的下一步。
1502,教育,课程设计师,非技术读者,表格,长期价值,竞品压力,任务编号 P1502。请扮演课程设计师。围绕“教育场景002-竞品压力”中的教案、测验、反馈任务，面向非技术读者，提出10个创新方向并排序。请用表格输出，并从“长期价值”角度做重点判断。要求：先给结论再解释；包含失败预案；最后给出3条可立即执行的下一步。
1503,教育,课程设计师,中小企业主,邮件草稿,质量,准备上线,任务编号 P1503。请扮演课程设计师。围绕“教育场景003-准备上线”中的教案、测验、反馈任务，面向中小企业主，设计30天训练计划。请用邮件草稿输出，并从“质量”角度做重点判断。要求：包含失败预案；语言简洁，不说空话；最后给出3条可立即执行的下一步。
1504,教育,课程设计师,资深从业者,路线图,用户体验,高不确定性,任务编号 P1504。请扮演课程设计师。围绕“教育场景004-高不确定性”中的教案、测验、反馈任务，面向资深从业者，构建决策树帮助判断下一步。请用路线图输出，并从“用户体验”角度做重点判断。要求：用中文输出；按难易度排序；最后给出3条可立即执行的下一步。
1505,教育,课程设计师,自由职业者,PRD片段,学习曲线,远程协作,任务编号 P1505。请扮演课程设计师。围绕“教育场景005-远程协作”中的教案、测验、反馈任务，面向自由职业者，生成会议讨论提纲。请用PRD片段输出，并从“学习曲线”角度做重点判断。要求：标注假设和不确定性；先给结论再解释；最后给出3条可立即执行的下一步。
1506,教育,课程设计师,设计团队,表格,效率,个人项目,任务编号 P1506。请扮演课程设计师。围绕“教育场景006-个人项目”中的教案、测验、反馈任务，面向设计团队，写一份面向管理层的简报。请用表格输出，并从“效率”角度做重点判断。要求：按影响力排序；给出示例输入输出；最后给出3条可立即执行的下一步。
1507,教育,课程设计师,投资人,邮件草稿,风险,质量波动,任务编号 P1507。请扮演课程设计师。围绕“教育场景007-质量波动”中的教案、测验、反馈任务，面向投资人，写一份面向执行者的操作手册。请用邮件草稿输出，并从“风险”角度做重点判断。要求：必要时提出澄清问题；给出至少一个反例；最后给出3条可立即执行的下一步。
1508,教育,课程设计师,海外用户,路线图,增长,用户流失,任务编号 P1508。请扮演课程设计师。围绕“教育场景008-用户流失”中的教案、测验、反馈任务，面向海外用户，建立评估打分表。请用路线图输出，并从“增长”角度做重点判断。要求：给出至少一个反例；保持中立客观；最后给出3条可立即执行的下一步。
1509,教育,课程设计师,专家评审,PRD片段,短期落地,内部培训,任务编号 P1509。请扮演课程设计师。围绕“教育场景009-内部培训”中的教案、测验、反馈任务，面向专家评审，提出自动化改造思路。请用PRD片段输出，并从“短期落地”角度做重点判断。要求：按难易度排序；适合在一天内开始执行；最后给出3条可立即执行的下一步。
1510,教育,课程设计师,大学生,表格,成本,需要复盘,任务编号 P1510。请扮演课程设计师。围绕“教育场景010-需要复盘”中的教案、测验、反馈任务，面向大学生，设计用户调研问题。请用表格输出，并从“成本”角度做重点判断。要求：避免虚构事实；必要时提出澄清问题；最后给出3条可立即执行的下一步。
1511,教育,课程设计师,管理层,邮件草稿,可维护性,时间紧迫,任务编号 P1511。请扮演课程设计师。围绕“教育场景011-时间紧迫”中的教案、测验、反馈任务，面向管理层，模拟用户反馈并归纳模式。请用邮件草稿输出，并从“可维护性”角度做重点判断。要求：避免专业黑话；输出可直接复制使用；最后给出3条可立即执行的下一步。
1512,教育,课程设计师,内容创作者,路线图,长期价值,成熟企业,任务编号 P1512。请扮演课程设计师。围绕“教育场景012-成熟企业”中的教案、测验、反馈任务，面向内容创作者，生成故障排查路径。请用路线图输出，并从“长期价值”角度做重点判断。要求：包含衡量标准；提供简短版本和完整版本；最后给出3条可立即执行的下一步。
1513,教育,课程设计师,销售团队,PRD片段,质量,需要降本,任务编号 P1513。请扮演课程设计师。围绕“教育场景013-需要降本”中的教案、测验、反馈任务，面向销售团队，把目标拆成里程碑。请用PRD片段输出，并从“质量”角度做重点判断。要求：提供简短版本和完整版本；按影响力排序；最后给出3条可立即执行的下一步。
1514,教育,课程设计师,教师,表格,用户体验,流程混乱,任务编号 P1514。请扮演课程设计师。围绕“教育场景014-流程混乱”中的教案、测验、反馈任务，面向教师，提出可复用命名规范。请用表格输出，并从“用户体验”角度做重点判断。要求：适合在一天内开始执行；包含可执行下一步；最后给出3条可立即执行的下一步。
1515,教育,课程设计师,本地用户,邮件草稿,学习曲线,数据不足,任务编号 P1515。请扮演课程设计师。围绕“教育场景015-数据不足”中的教案、测验、反馈任务，面向本地用户，创建风险登记册。请用邮件草稿输出，并从“学习曲线”角度做重点判断。要求：给出示例输入输出；包含衡量标准；最后给出3条可立即执行的下一步。
1516,教育,课程设计师,创始人,路线图,效率,公开发布,任务编号 P1516。请扮演课程设计师。围绕“教育场景016-公开发布”中的教案、测验、反馈任务，面向创始人，制定一份可执行方案。请用路线图输出，并从“效率”角度做重点判断。要求：语言简洁，不说空话；标注假设和不确定性；最后给出3条可立即执行的下一步。
1517,教育,课程设计师,新手用户,PRD片段,风险,多方协作,任务编号 P1517。请扮演课程设计师。围绕“教育场景017-多方协作”中的教案、测验、反馈任务，面向新手用户，列出关键问题并给出优先级。请用PRD片段输出，并从“风险”角度做重点判断。要求：兼顾成本和效果；指出最容易忽略的细节；最后给出3条可立即执行的下一步。
1518,教育,课程设计师,一线执行团队,表格,增长,预算有限,任务编号 P1518。请扮演课程设计师。围绕“教育场景018-预算有限”中的教案、测验、反馈任务，面向一线执行团队，生成三种风格完全不同的版本。请用表格输出，并从“增长”角度做重点判断。要求：指出最容易忽略的细节；避免专业黑话；最后给出3条可立即执行的下一步。
1519,教育,课程设计师,开发团队,邮件草稿,短期落地,初创团队,任务编号 P1519。请扮演课程设计师。围绕“教育场景019-初创团队”中的教案、测验、反馈任务，面向开发团队，把复杂内容改写成新手也能懂的说明。请用邮件草稿输出，并从“短期落地”角度做重点判断。要求：包含可执行下一步；用中文输出；最后给出3条可立即执行的下一步。
1520,教育,课程设计师,客服团队,路线图,成本,需要扩张,任务编号 P1520。请扮演课程设计师。围绕“教育场景020-需要扩张”中的教案、测验、反馈任务，面向客服团队，设计一个从零到一的工作流。请用路线图输出，并从“成本”角度做重点判断。要求：输出可直接复制使用；兼顾成本和效果；最后给出3条可立即执行的下一步。
1521,教育,课程设计师,家长,PRD片段,可维护性,新市场验证,任务编号 P1521。请扮演课程设计师。围绕“教育场景021-新市场验证”中的教案、测验、反馈任务，面向家长，创建检查清单并标注常见坑。请用PRD片段输出，并从“可维护性”角度做重点判断。要求：保持中立客观；避免虚构事实；最后给出3条可立即执行的下一步。
1522,教育,课程设计师,非技术读者,表格,长期价值,竞品压力,任务编号 P1522。请扮演课程设计师。围绕“教育场景022-竞品压力”中的教案、测验、反馈任务，面向非技术读者，模拟专家评审并指出改进点。请用表格输出，并从“长期价值”角度做重点判断。要求：先给结论再解释；包含失败预案；最后给出3条可立即执行的下一步。
1523,教育,课程设计师,中小企业主,邮件草稿,质量,准备上线,任务编号 P1523。请扮演课程设计师。围绕“教育场景023-准备上线”中的教案、测验、反馈任务，面向中小企业主，根据目标用户重写表达。请用邮件草稿输出，并从“质量”角度做重点判断。要求：包含失败预案；语言简洁，不说空话；最后给出3条可立即执行的下一步。
1524,教育,课程设计师,资深从业者,路线图,用户体验,高不确定性,任务编号 P1524。请扮演课程设计师。围绕“教育场景024-高不确定性”中的教案、测验、反馈任务，面向资深从业者，提炼核心洞察并给出行动建议。请用路线图输出，并从“用户体验”角度做重点判断。要求：用中文输出；按难易度排序；最后给出3条可立即执行的下一步。
1525,教育,课程设计师,自由职业者,PRD片段,学习曲线,远程协作,任务编号 P1525。请扮演课程设计师。围绕“教育场景025-远程协作”中的教案、测验、反馈任务，面向自由职业者，设计一套可量化指标。请用PRD片段输出，并从“学习曲线”角度做重点判断。要求：标注假设和不确定性；先给结论再解释；最后给出3条可立即执行的下一步。
1526,教育,课程设计师,设计团队,表格,效率,个人项目,任务编号 P1526。请扮演课程设计师。围绕“教育场景026-个人项目”中的教案、测验、反馈任务，面向设计团队，把零散想法整理成结构化大纲。请用表格输出，并从“效率”角度做重点判断。要求：按影响力排序；给出示例输入输出；最后给出3条可立即执行的下一步。
1527,教育,课程设计师,投资人,邮件草稿,风险,质量波动,任务编号 P1527。请扮演课程设计师。围绕“教育场景027-质量波动”中的教案、测验、反馈任务，面向投资人，生成可直接使用的模板。请用邮件草稿输出，并从“风险”角度做重点判断。要求：必要时提出澄清问题；给出至少一个反例；最后给出3条可立即执行的下一步。
1528,教育,课程设计师,海外用户,路线图,增长,用户流失,任务编号 P1528。请扮演课程设计师。围绕“教育场景028-用户流失”中的教案、测验、反馈任务，面向海外用户，做一次反向推理找出隐藏风险。请用路线图输出，并从“增长”角度做重点判断。要求：给出至少一个反例；保持中立客观；最后给出3条可立即执行的下一步。
1529,教育,课程设计师,专家评审,PRD片段,短期落地,内部培训,任务编号 P1529。请扮演课程设计师。围绕“教育场景029-内部培训”中的教案、测验、反馈任务，面向专家评审，给出低成本试验方案。请用PRD片段输出，并从“短期落地”角度做重点判断。要求：按难易度排序；适合在一天内开始执行；最后给出3条可立即执行的下一步。
1530,教育,课程设计师,大学生,表格,成本,需要复盘,任务编号 P1530。请扮演课程设计师。围绕“教育场景030-需要复盘”中的教案、测验、反馈任务，面向大学生，创建对比表并推荐选择。请用表格输出，并从“成本”角度做重点判断。要求：避免虚构事实；必要时提出澄清问题；最后给出3条可立即执行的下一步。
1531,教育,课程设计师,管理层,邮件草稿,可维护性,时间紧迫,任务编号 P1531。请扮演课程设计师。围绕“教育场景031-时间紧迫”中的教案、测验、反馈任务，面向管理层，把长内容压缩成高密度摘要。请用邮件草稿输出，并从“可维护性”角度做重点判断。要求：避免专业黑话；输出可直接复制使用；最后给出3条可立即执行的下一步。
1532,教育,课程设计师,内容创作者,路线图,长期价值,成熟企业,任务编号 P1532。请扮演课程设计师。围绕“教育场景032-成熟企业”中的教案、测验、反馈任务，面向内容创作者，提出10个创新方向并排序。请用路线图输出，并从“长期价值”角度做重点判断。要求：包含衡量标准；提供简短版本和完整版本；最后给出3条可立即执行的下一步。
1533,教育,课程设计师,销售团队,PRD片段,质量,需要降本,任务编号 P1533。请扮演课程设计师。围绕“教育场景033-需要降本”中的教案、测验、反馈任务，面向销售团队，设计30天训练计划。请用PRD片段输出，并从“质量”角度做重点判断。要求：提供简短版本和完整版本；按影响力排序；最后给出3条可立即执行的下一步。
1534,教育,课程设计师,教师,表格,用户体验,流程混乱,任务编号 P1534。请扮演课程设计师。围绕“教育场景034-流程混乱”中的教案、测验、反馈任务，面向教师，构建决策树帮助判断下一步。请用表格输出，并从“用户体验”角度做重点判断。要求：适合在一天内开始执行；包含可执行下一步；最后给出3条可立即执行的下一步。
1535,教育,课程设计师,本地用户,邮件草稿,学习曲线,数据不足,任务编号 P1535。请扮演课程设计师。围绕“教育场景035-数据不足”中的教案、测验、反馈任务，面向本地用户，生成会议讨论提纲。请用邮件草稿输出，并从“学习曲线”角度做重点判断。要求：给出示例输入输出；包含衡量标准；最后给出3条可立即执行的下一步。
1536,教育,课程设计师,创始人,路线图,效率,公开发布,任务编号 P1536。请扮演课程设计师。围绕“教育场景036-公开发布”中的教案、测验、反馈任务，面向创始人，写一份面向管理层的简报。请用路线图输出，并从“效率”角度做重点判断。要求：语言简洁，不说空话；标注假设和不确定性；最后给出3条可立即执行的下一步。
1537,教育,课程设计师,新手用户,PRD片段,风险,多方协作,任务编号 P1537。请扮演课程设计师。围绕“教育场景037-多方协作”中的教案、测验、反馈任务，面向新手用户，写一份面向执行者的操作手册。请用PRD片段输出，并从“风险”角度做重点判断。要求：兼顾成本和效果；指出最容易忽略的细节；最后给出3条可立即执行的下一步。
1538,教育,课程设计师,一线执行团队,表格,增长,预算有限,任务编号 P1538。请扮演课程设计师。围绕“教育场景038-预算有限”中的教案、测验、反馈任务，面向一线执行团队，建立评估打分表。请用表格输出，并从“增长”角度做重点判断。要求：指出最容易忽略的细节；避免专业黑话；最后给出3条可立即执行的下一步。
1539,教育,课程设计师,开发团队,邮件草稿,短期落地,初创团队,任务编号 P1539。请扮演课程设计师。围绕“教育场景039-初创团队”中的教案、测验、反馈任务，面向开发团队，提出自动化改造思路。请用邮件草稿输出，并从“短期落地”角度做重点判断。要求：包含可执行下一步；用中文输出；最后给出3条可立即执行的下一步。
1540,教育,课程设计师,客服团队,路线图,成本,需要扩张,任务编号 P1540。请扮演课程设计师。围绕“教育场景040-需要扩张”中的教案、测验、反馈任务，面向客服团队，设计用户调研问题。请用路线图输出，并从“成本”角度做重点判断。要求：输出可直接复制使用；兼顾成本和效果；最后给出3条可立即执行的下一步。
1541,教育,课程设计师,家长,PRD片段,可维护性,新市场验证,任务编号 P1541。请扮演课程设计师。围绕“教育场景041-新市场验证”中的教案、测验、反馈任务，面向家长，模拟用户反馈并归纳模式。请用PRD片段输出，并从“可维护性”角度做重点判断。要求：保持中立客观；避免虚构事实；最后给出3条可立即执行的下一步。
1542,教育,课程设计师,非技术读者,表格,长期价值,竞品压力,任务编号 P1542。请扮演课程设计师。围绕“教育场景042-竞品压力”中的教案、测验、反馈任务，面向非技术读者，生成故障排查路径。请用表格输出，并从“长期价值”角度做重点判断。要求：先给结论再解释；包含失败预案；最后给出3条可立即执行的下一步。
1543,教育,课程设计师,中小企业主,邮件草稿,质量,准备上线,任务编号 P1543。请扮演课程设计师。围绕“教育场景043-准备上线”中的教案、测验、反馈任务，面向中小企业主，把目标拆成里程碑。请用邮件草稿输出，并从“质量”角度做重点判断。要求：包含失败预案；语言简洁，不说空话；最后给出3条可立即执行的下一步。
1544,教育,课程设计师,资深从业者,路线图,用户体验,高不确定性,任务编号 P1544。请扮演课程设计师。围绕“教育场景044-高不确定性”中的教案、测验、反馈任务，面向资深从业者，提出可复用命名规范。请用路线图输出，并从“用户体验”角度做重点判断。要求：用中文输出；按难易度排序；最后给出3条可立即执行的下一步。
1545,教育,课程设计师,自由职业者,PRD片段,学习曲线,远程协作,任务编号 P1545。请扮演课程设计师。围绕“教育场景045-远程协作”中的教案、测验、反馈任务，面向自由职业者，创建风险登记册。请用PRD片段输出，并从“学习曲线”角度做重点判断。要求：标注假设和不确定性；先给结论再解释；最后给出3条可立即执行的下一步。
1546,教育,课程设计师,设计团队,表格,效率,个人项目,任务编号 P1546。请扮演课程设计师。围绕“教育场景046-个人项目”中的教案、测验、反馈任务，面向设计团队，制定一份可执行方案。请用表格输出，并从“效率”角度做重点判断。要求：按影响力排序；给出示例输入输出；最后给出3条可立即执行的下一步。
1547,教育,课程设计师,投资人,邮件草稿,风险,质量波动,任务编号 P1547。请扮演课程设计师。围绕“教育场景047-质量波动”中的教案、测验、反馈任务，面向投资人，列出关键问题并给出优先级。请用邮件草稿输出，并从“风险”角度做重点判断。要求：必要时提出澄清问题；给出至少一个反例；最后给出3条可立即执行的下一步。
1548,教育,课程设计师,海外用户,路线图,增长,用户流失,任务编号 P1548。请扮演课程设计师。围绕“教育场景048-用户流失”中的教案、测验、反馈任务，面向海外用户，生成三种风格完全不同的版本。请用路线图输出，并从“增长”角度做重点判断。要求：给出至少一个反例；保持中立客观；最后给出3条可立即执行的下一步。
1549,教育,课程设计师,专家评审,PRD片段,短期落地,内部培训,任务编号 P1549。请扮演课程设计师。围绕“教育场景049-内部培训”中的教案、测验、反馈任务，面向专家评审，把复杂内容改写成新手也能懂的说明。请用PRD片段输出，并从“短期落地”角度做重点判断。要求：按难易度排序；适合在一天内开始执行；最后给出3条可立即执行的下一步。
1550,教育,课程设计师,大学生,表格,成本,需要复盘,任务编号 P1550。请扮演课程设计师。围绕“教育场景050-需要复盘”中的教案、测验、反馈任务，面向大学生，设计一个从零到一的工作流。请用表格输出，并从“成本”角度做重点判断。要求：避免虚构事实；必要时提出澄清问题；最后给出3条可立即执行的下一步。
1551,教育,课程设计师,管理层,邮件草稿,可维护性,时间紧迫,任务编号 P1551。请扮演课程设计师。围绕“教育场景051-时间紧迫”中的教案、测验、反馈任务，面向管理层，创建检查清单并标注常见坑。请用邮件草稿输出，并从“可维护性”角度做重点判断。要求：避免专业黑话；输出可直接复制使用；最后给出3条可立即执行的下一步。
1552,教育,课程设计师,内容创作者,路线图,长期价值,成熟企业,任务编号 P1552。请扮演课程设计师。围绕“教育场景052-成熟企业”中的教案、测验、反馈任务，面向内容创作者，模拟专家评审并指出改进点。请用路线图输出，并从“长期价值”角度做重点判断。要求：包含衡量标准；提供简短版本和完整版本；最后给出3条可立即执行的下一步。
1553,教育,课程设计师,销售团队,PRD片段,质量,需要降本,任务编号 P1553。请扮演课程设计师。围绕“教育场景053-需要降本”中的教案、测验、反馈任务，面向销售团队，根据目标用户重写表达。请用PRD片段输出，并从“质量”角度做重点判断。要求：提供简短版本和完整版本；按影响力排序；最后给出3条可立即执行的下一步。
1554,教育,课程设计师,教师,表格,用户体验,流程混乱,任务编号 P1554。请扮演课程设计师。围绕“教育场景054-流程混乱”中的教案、测验、反馈任务，面向教师，提炼核心洞察并给出行动建议。请用表格输出，并从“用户体验”角度做重点判断。要求：适合在一天内开始执行；包含可执行下一步；最后给出3条可立即执行的下一步。
1555,教育,课程设计师,本地用户,邮件草稿,学习曲线,数据不足,任务编号 P1555。请扮演课程设计师。围绕“教育场景055-数据不足”中的教案、测验、反馈任务，面向本地用户，设计一套可量化指标。请用邮件草稿输出，并从“学习曲线”角度做重点判断。要求：给出示例输入输出；包含衡量标准；最后给出3条可立即执行的下一步。
1556,教育,课程设计师,创始人,路线图,效率,公开发布,任务编号 P1556。请扮演课程设计师。围绕“教育场景056-公开发布”中的教案、测验、反馈任务，面向创始人，把零散想法整理成结构化大纲。请用路线图输出，并从“效率”角度做重点判断。要求：语言简洁，不说空话；标注假设和不确定性；最后给出3条可立即执行的下一步。
1557,教育,课程设计师,新手用户,PRD片段,风险,多方协作,任务编号 P1557。请扮演课程设计师。围绕“教育场景057-多方协作”中的教案、测验、反馈任务，面向新手用户，生成可直接使用的模板。请用PRD片段输出，并从“风险”角度做重点判断。要求：兼顾成本和效果；指出最容易忽略的细节；最后给出3条可立即执行的下一步。
1558,教育,课程设计师,一线执行团队,表格,增长,预算有限,任务编号 P1558。请扮演课程设计师。围绕“教育场景058-预算有限”中的教案、测验、反馈任务，面向一线执行团队，做一次反向推理找出隐藏风险。请用表格输出，并从“增长”角度做重点判断。要求：指出最容易忽略的细节；避免专业黑话；最后给出3条可立即执行的下一步。
1559,教育,课程设计师,开发团队,邮件草稿,短期落地,初创团队,任务编号 P1559。请扮演课程设计师。围绕“教育场景059-初创团队”中的教案、测验、反馈任务，面向开发团队，给出低成本试验方案。请用邮件草稿输出，并从“短期落地”角度做重点判断。要求：包含可执行下一步；用中文输出；最后给出3条可立即执行的下一步。
1560,教育,课程设计师,客服团队,路线图,成本,需要扩张,任务编号 P1560。请扮演课程设计师。围绕“教育场景060-需要扩张”中的教案、测验、反馈任务，面向客服团队，创建对比表并推荐选择。请用路线图输出，并从“成本”角度做重点判断。要求：输出可直接复制使用；兼顾成本和效果；最后给出3条可立即执行的下一步。
1561,教育,课程设计师,家长,PRD片段,可维护性,新市场验证,任务编号 P1561。请扮演课程设计师。围绕“教育场景061-新市场验证”中的教案、测验、反馈任务，面向家长，把长内容压缩成高密度摘要。请用PRD片段输出，并从“可维护性”角度做重点判断。要求：保持中立客观；避免虚构事实；最后给出3条可立即执行的下一步。
1562,教育,课程设计师,非技术读者,表格,长期价值,竞品压力,任务编号 P1562。请扮演课程设计师。围绕“教育场景062-竞品压力”中的教案、测验、反馈任务，面向非技术读者，提出10个创新方向并排序。请用表格输出，并从“长期价值”角度做重点判断。要求：先给结论再解释；包含失败预案；最后给出3条可立即执行的下一步。
1563,教育,课程设计师,中小企业主,邮件草稿,质量,准备上线,任务编号 P1563。请扮演课程设计师。围绕“教育场景063-准备上线”中的教案、测验、反馈任务，面向中小企业主，设计30天训练计划。请用邮件草稿输出，并从“质量”角度做重点判断。要求：包含失败预案；语言简洁，不说空话；最后给出3条可立即执行的下一步。
1564,教育,课程设计师,资深从业者,路线图,用户体验,高不确定性,任务编号 P1564。请扮演课程设计师。围绕“教育场景064-高不确定性”中的教案、测验、反馈任务，面向资深从业者，构建决策树帮助判断下一步。请用路线图输出，并从“用户体验”角度做重点判断。要求：用中文输出；按难易度排序；最后给出3条可立即执行的下一步。
1565,教育,课程设计师,自由职业者,PRD片段,学习曲线,远程协作,任务编号 P1565。请扮演课程设计师。围绕“教育场景065-远程协作”中的教案、测验、反馈任务，面向自由职业者，生成会议讨论提纲。请用PRD片段输出，并从“学习曲线”角度做重点判断。要求：标注假设和不确定性；先给结论再解释；最后给出3条可立即执行的下一步。
1566,教育,课程设计师,设计团队,表格,效率,个人项目,任务编号 P1566。请扮演课程设计师。围绕“教育场景066-个人项目”中的教案、测验、反馈任务，面向设计团队，写一份面向管理层的简报。请用表格输出，并从“效率”角度做重点判断。要求：按影响力排序；给出示例输入输出；最后给出3条可立即执行的下一步。
1567,教育,课程设计师,投资人,邮件草稿,风险,质量波动,任务编号 P1567。请扮演课程设计师。围绕“教育场景067-质量波动”中的教案、测验、反馈任务，面向投资人，写一份面向执行者的操作手册。请用邮件草稿输出，并从“风险”角度做重点判断。要求：必要时提出澄清问题；给出至少一个反例；最后给出3条可立即执行的下一步。
1568,教育,课程设计师,海外用户,路线图,增长,用户流失,任务编号 P1568。请扮演课程设计师。围绕“教育场景068-用户流失”中的教案、测验、反馈任务，面向海外用户，建立评估打分表。请用路线图输出，并从“增长”角度做重点判断。要求：给出至少一个反例；保持中立客观；最后给出3条可立即执行的下一步。
1569,教育,课程设计师,专家评审,PRD片段,短期落地,内部培训,任务编号 P1569。请扮演课程设计师。围绕“教育场景069-内部培训”中的教案、测验、反馈任务，面向专家评审，提出自动化改造思路。请用PRD片段输出，并从“短期落地”角度做重点判断。要求：按难易度排序；适合在一天内开始执行；最后给出3条可立即执行的下一步。
1570,教育,课程设计师,大学生,表格,成本,需要复盘,任务编号 P1570。请扮演课程设计师。围绕“教育场景070-需要复盘”中的教案、测验、反馈任务，面向大学生，设计用户调研问题。请用表格输出，并从“成本”角度做重点判断。要求：避免虚构事实；必要时提出澄清问题；最后给出3条可立即执行的下一步。
1571,教育,课程设计师,管理层,邮件草稿,可维护性,时间紧迫,任务编号 P1571。请扮演课程设计师。围绕“教育场景071-时间紧迫”中的教案、测验、反馈任务，面向管理层，模拟用户反馈并归纳模式。请用邮件草稿输出，并从“可维护性”角度做重点判断。要求：避免专业黑话；输出可直接复制使用；最后给出3条可立即执行的下一步。
1572,教育,课程设计师,内容创作者,路线图,长期价值,成熟企业,任务编号 P1572。请扮演课程设计师。围绕“教育场景072-成熟企业”中的教案、测验、反馈任务，面向内容创作者，生成故障排查路径。请用路线图输出，并从“长期价值”角度做重点判断。要求：包含衡量标准；提供简短版本和完整版本；最后给出3条可立即执行的下一步。
1573,教育,课程设计师,销售团队,PRD片段,质量,需要降本,任务编号 P1573。请扮演课程设计师。围绕“教育场景073-需要降本”中的教案、测验、反馈任务，面向销售团队，把目标拆成里程碑。请用PRD片段输出，并从“质量”角度做重点判断。要求：提供简短版本和完整版本；按影响力排序；最后给出3条可立即执行的下一步。
1574,教育,课程设计师,教师,表格,用户体验,流程混乱,任务编号 P1574。请扮演课程设计师。围绕“教育场景074-流程混乱”中的教案、测验、反馈任务，面向教师，提出可复用命名规范。请用表格输出，并从“用户体验”角度做重点判断。要求：适合在一天内开始执行；包含可执行下一步；最后给出3条可立即执行的下一步。
1575,教育,课程设计师,本地用户,邮件草稿,学习曲线,数据不足,任务编号 P1575。请扮演课程设计师。围绕“教育场景075-数据不足”中的教案、测验、反馈任务，面向本地用户，创建风险登记册。请用邮件草稿输出，并从“学习曲线”角度做重点判断。要求：给出示例输入输出；包含衡量标准；最后给出3条可立即执行的下一步。
1576,教育,课程设计师,创始人,路线图,效率,公开发布,任务编号 P1576。请扮演课程设计师。围绕“教育场景076-公开发布”中的教案、测验、反馈任务，面向创始人，制定一份可执行方案。请用路线图输出，并从“效率”角度做重点判断。要求：语言简洁，不说空话；标注假设和不确定性；最后给出3条可立即执行的下一步。
1577,教育,课程设计师,新手用户,PRD片段,风险,多方协作,任务编号 P1577。请扮演课程设计师。围绕“教育场景077-多方协作”中的教案、测验、反馈任务，面向新手用户，列出关键问题并给出优先级。请用PRD片段输出，并从“风险”角度做重点判断。要求：兼顾成本和效果；指出最容易忽略的细节；最后给出3条可立即执行的下一步。
1578,教育,课程设计师,一线执行团队,表格,增长,预算有限,任务编号 P1578。请扮演课程设计师。围绕“教育场景078-预算有限”中的教案、测验、反馈任务，面向一线执行团队，生成三种风格完全不同的版本。请用表格输出，并从“增长”角度做重点判断。要求：指出最容易忽略的细节；避免专业黑话；最后给出3条可立即执行的下一步。
1579,教育,课程设计师,开发团队,邮件草稿,短期落地,初创团队,任务编号 P1579。请扮演课程设计师。围绕“教育场景079-初创团队”中的教案、测验、反馈任务，面向开发团队，把复杂内容改写成新手也能懂的说明。请用邮件草稿输出，并从“短期落地”角度做重点判断。要求：包含可执行下一步；用中文输出；最后给出3条可立即执行的下一步。
1580,教育,课程设计师,客服团队,路线图,成本,需要扩张,任务编号 P1580。请扮演课程设计师。围绕“教育场景080-需要扩张”中的教案、测验、反馈任务，面向客服团队，设计一个从零到一的工作流。请用路线图输出，并从“成本”角度做重点判断。要求：输出可直接复制使用；兼顾成本和效果；最后给出3条可立即执行的下一步。
1581,教育,课程设计师,家长,PRD片段,可维护性,新市场验证,任务编号 P1581。请扮演课程设计师。围绕“教育场景081-新市场验证”中的教案、测验、反馈任务，面向家长，创建检查清单并标注常见坑。请用PRD片段输出，并从“可维护性”角度做重点判断。要求：保持中立客观；避免虚构事实；最后给出3条可立即执行的下一步。
1582,教育,课程设计师,非技术读者,表格,长期价值,竞品压力,任务编号 P1582。请扮演课程设计师。围绕“教育场景082-竞品压力”中的教案、测验、反馈任务，面向非技术读者，模拟专家评审并指出改进点。请用表格输出，并从“长期价值”角度做重点判断。要求：先给结论再解释；包含失败预案；最后给出3条可立即执行的下一步。
1583,教育,课程设计师,中小企业主,邮件草稿,质量,准备上线,任务编号 P1583。请扮演课程设计师。围绕“教育场景083-准备上线”中的教案、测验、反馈任务，面向中小企业主，根据目标用户重写表达。请用邮件草稿输出，并从“质量”角度做重点判断。要求：包含失败预案；语言简洁，不说空话；最后给出3条可立即执行的下一步。
1584,教育,课程设计师,资深从业者,路线图,用户体验,高不确定性,任务编号 P1584。请扮演课程设计师。围绕“教育场景084-高不确定性”中的教案、测验、反馈任务，面向资深从业者，提炼核心洞察并给出行动建议。请用路线图输出，并从“用户体验”角度做重点判断。要求：用中文输出；按难易度排序；最后给出3条可立即执行的下一步。
1585,教育,课程设计师,自由职业者,PRD片段,学习曲线,远程协作,任务编号 P1585。请扮演课程设计师。围绕“教育场景085-远程协作”中的教案、测验、反馈任务，面向自由职业者，设计一套可量化指标。请用PRD片段输出，并从“学习曲线”角度做重点判断。要求：标注假设和不确定性；先给结论再解释；最后给出3条可立即执行的下一步。
1586,教育,课程设计师,设计团队,表格,效率,个人项目,任务编号 P1586。请扮演课程设计师。围绕“教育场景086-个人项目”中的教案、测验、反馈任务，面向设计团队，把零散想法整理成结构化大纲。请用表格输出，并从“效率”角度做重点判断。要求：按影响力排序；给出示例输入输出；最后给出3条可立即执行的下一步。
1587,教育,课程设计师,投资人,邮件草稿,风险,质量波动,任务编号 P1587。请扮演课程设计师。围绕“教育场景087-质量波动”中的教案、测验、反馈任务，面向投资人，生成可直接使用的模板。请用邮件草稿输出，并从“风险”角度做重点判断。要求：必要时提出澄清问题；给出至少一个反例；最后给出3条可立即执行的下一步。
1588,教育,课程设计师,海外用户,路线图,增长,用户流失,任务编号 P1588。请扮演课程设计师。围绕“教育场景088-用户流失”中的教案、测验、反馈任务，面向海外用户，做一次反向推理找出隐藏风险。请用路线图输出，并从“增长”角度做重点判断。要求：给出至少一个反例；保持中立客观；最后给出3条可立即执行的下一步。
1589,教育,课程设计师,专家评审,PRD片段,短期落地,内部培训,任务编号 P1589。请扮演课程设计师。围绕“教育场景089-内部培训”中的教案、测验、反馈任务，面向专家评审，给出低成本试验方案。请用PRD片段输出，并从“短期落地”角度做重点判断。要求：按难易度排序；适合在一天内开始执行；最后给出3条可立即执行的下一步。
1590,教育,课程设计师,大学生,表格,成本,需要复盘,任务编号 P1590。请扮演课程设计师。围绕“教育场景090-需要复盘”中的教案、测验、反馈任务，面向大学生，创建对比表并推荐选择。请用表格输出，并从“成本”角度做重点判断。要求：避免虚构事实；必要时提出澄清问题；最后给出3条可立即执行的下一步。
1591,教育,课程设计师,管理层,邮件草稿,可维护性,时间紧迫,任务编号 P1591。请扮演课程设计师。围绕“教育场景091-时间紧迫”中的教案、测验、反馈任务，面向管理层，把长内容压缩成高密度摘要。请用邮件草稿输出，并从“可维护性”角度做重点判断。要求：避免专业黑话；输出可直接复制使用；最后给出3条可立即执行的下一步。
1592,教育,课程设计师,内容创作者,路线图,长期价值,成熟企业,任务编号 P1592。请扮演课程设计师。围绕“教育场景092-成熟企业”中的教案、测验、反馈任务，面向内容创作者，提出10个创新方向并排序。请用路线图输出，并从“长期价值”角度做重点判断。要求：包含衡量标准；提供简短版本和完整版本；最后给出3条可立即执行的下一步。
1593,教育,课程设计师,销售团队,PRD片段,质量,需要降本,任务编号 P1593。请扮演课程设计师。围绕“教育场景093-需要降本”中的教案、测验、反馈任务，面向销售团队，设计30天训练计划。请用PRD片段输出，并从“质量”角度做重点判断。要求：提供简短版本和完整版本；按影响力排序；最后给出3条可立即执行的下一步。
1594,教育,课程设计师,教师,表格,用户体验,流程混乱,任务编号 P1594。请扮演课程设计师。围绕“教育场景094-流程混乱”中的教案、测验、反馈任务，面向教师，构建决策树帮助判断下一步。请用表格输出，并从“用户体验”角度做重点判断。要求：适合在一天内开始执行；包含可执行下一步；最后给出3条可立即执行的下一步。
1595,教育,课程设计师,本地用户,邮件草稿,学习曲线,数据不足,任务编号 P1595。请扮演课程设计师。围绕“教育场景095-数据不足”中的教案、测验、反馈任务，面向本地用户，生成会议讨论提纲。请用邮件草稿输出，并从“学习曲线”角度做重点判断。要求：给出示例输入输出；包含衡量标准；最后给出3条可立即执行的下一步。
1596,教育,课程设计师,创始人,路线图,效率,公开发布,任务编号 P1596。请扮演课程设计师。围绕“教育场景096-公开发布”中的教案、测验、反馈任务，面向创始人，写一份面向管理层的简报。请用路线图输出，并从“效率”角度做重点判断。要求：语言简洁，不说空话；标注假设和不确定性；最后给出3条可立即执行的下一步。
1597,教育,课程设计师,新手用户,PRD片段,风险,多方协作,任务编号 P1597。请扮演课程设计师。围绕“教育场景097-多方协作”中的教案、测验、反馈任务，面向新手用户，写一份面向执行者的操作手册。请用PRD片段输出，并从“风险”角度做重点判断。要求：兼顾成本和效果；指出最容易忽略的细节；最后给出3条可立即执行的下一步。
1598,教育,课程设计师,一线执行团队,表格,增长,预算有限,任务编号 P1598。请扮演课程设计师。围绕“教育场景098-预算有限”中的教案、测验、反馈任务，面向一线执行团队，建立评估打分表。请用表格输出，并从“增长”角度做重点判断。要求：指出最容易忽略的细节；避免专业黑话；最后给出3条可立即执行的下一步。
1599,教育,课程设计师,开发团队,邮件草稿,短期落地,初创团队,任务编号 P1599。请扮演课程设计师。围绕“教育场景099-初创团队”中的教案、测验、反馈任务，面向开发团队，提出自动化改造思路。请用邮件草稿输出，并从“短期落地”角度做重点判断。要求：包含可执行下一步；用中文输出；最后给出3条可立即执行的下一步。
1600,教育,课程设计师,客服团队,路线图,成本,需要扩张,任务编号 P1600。请扮演课程设计师。围绕“教育场景100-需要扩张”中的教案、测验、反馈任务，面向客服团队，设计用户调研问题。请用路线图输出，并从“成本”角度做重点判断。要求：输出可直接复制使用；兼顾成本和效果；最后给出3条可立即执行的下一步。
1601,翻译,本地化专家,海外用户,演讲稿,增长,流程混乱,任务编号 P1601。请扮演本地化专家。围绕“翻译场景001-流程混乱”中的翻译、润色、术语任务，面向海外用户，提出10个创新方向并排序。请用演讲稿输出，并从“增长”角度做重点判断。要求：用中文输出；提供简短版本和完整版本；最后给出3条可立即执行的下一步。
1602,翻译,本地化专家,专家评审,编号清单,短期落地,数据不足,任务编号 P1602。请扮演本地化专家。围绕“翻译场景002-数据不足”中的翻译、润色、术语任务，面向专家评审，设计30天训练计划。请用编号清单输出，并从“短期落地”角度做重点判断。要求：标注假设和不确定性；按影响力排序；最后给出3条可立即执行的下一步。
1603,翻译,本地化专家,大学生,对话脚本,成本,公开发布,任务编号 P1603。请扮演本地化专家。围绕“翻译场景003-公开发布”中的翻译、润色、术语任务，面向大学生，构建决策树帮助判断下一步。请用对话脚本输出，并从“成本”角度做重点判断。要求：按影响力排序；包含可执行下一步；最后给出3条可立即执行的下一步。
1604,翻译,本地化专家,管理层,FAQ,可维护性,多方协作,任务编号 P1604。请扮演本地化专家。围绕“翻译场景004-多方协作”中的翻译、润色、术语任务，面向管理层，生成会议讨论提纲。请用FAQ输出，并从“可维护性”角度做重点判断。要求：必要时提出澄清问题；包含衡量标准；最后给出3条可立即执行的下一步。
1605,翻译,本地化专家,内容创作者,演讲稿,长期价值,预算有限,任务编号 P1605。请扮演本地化专家。围绕“翻译场景005-预算有限”中的翻译、润色、术语任务，面向内容创作者，写一份面向管理层的简报。请用演讲稿输出，并从“长期价值”角度做重点判断。要求：给出至少一个反例；标注假设和不确定性；最后给出3条可立即执行的下一步。
1606,翻译,本地化专家,销售团队,编号清单,质量,初创团队,任务编号 P1606。请扮演本地化专家。围绕“翻译场景006-初创团队”中的翻译、润色、术语任务，面向销售团队，写一份面向执行者的操作手册。请用编号清单输出，并从“质量”角度做重点判断。要求：按难易度排序；指出最容易忽略的细节；最后给出3条可立即执行的下一步。
1607,翻译,本地化专家,教师,对话脚本,用户体验,需要扩张,任务编号 P1607。请扮演本地化专家。围绕“翻译场景007-需要扩张”中的翻译、润色、术语任务，面向教师，建立评估打分表。请用对话脚本输出，并从“用户体验”角度做重点判断。要求：避免虚构事实；避免专业黑话；最后给出3条可立即执行的下一步。
1608,翻译,本地化专家,本地用户,FAQ,学习曲线,新市场验证,任务编号 P1608。请扮演本地化专家。围绕“翻译场景008-新市场验证”中的翻译、润色、术语任务，面向本地用户，提出自动化改造思路。请用FAQ输出，并从“学习曲线”角度做重点判断。要求：避免专业黑话；用中文输出；最后给出3条可立即执行的下一步。
1609,翻译,本地化专家,创始人,演讲稿,效率,竞品压力,任务编号 P1609。请扮演本地化专家。围绕“翻译场景009-竞品压力”中的翻译、润色、术语任务，面向创始人，设计用户调研问题。请用演讲稿输出，并从“效率”角度做重点判断。要求：包含衡量标准；兼顾成本和效果；最后给出3条可立即执行的下一步。
1610,翻译,本地化专家,新手用户,编号清单,风险,准备上线,任务编号 P1610。请扮演本地化专家。围绕“翻译场景010-准备上线”中的翻译、润色、术语任务，面向新手用户，模拟用户反馈并归纳模式。请用编号清单输出，并从“风险”角度做重点判断。要求：提供简短版本和完整版本；避免虚构事实；最后给出3条可立即执行的下一步。
1611,翻译,本地化专家,一线执行团队,对话脚本,增长,高不确定性,任务编号 P1611。请扮演本地化专家。围绕“翻译场景011-高不确定性”中的翻译、润色、术语任务，面向一线执行团队，生成故障排查路径。请用对话脚本输出，并从“增长”角度做重点判断。要求：适合在一天内开始执行；包含失败预案；最后给出3条可立即执行的下一步。
1612,翻译,本地化专家,开发团队,FAQ,短期落地,远程协作,任务编号 P1612。请扮演本地化专家。围绕“翻译场景012-远程协作”中的翻译、润色、术语任务，面向开发团队，把目标拆成里程碑。请用FAQ输出，并从“短期落地”角度做重点判断。要求：给出示例输入输出；语言简洁，不说空话；最后给出3条可立即执行的下一步。
1613,翻译,本地化专家,客服团队,演讲稿,成本,个人项目,任务编号 P1613。请扮演本地化专家。围绕“翻译场景013-个人项目”中的翻译、润色、术语任务，面向客服团队，提出可复用命名规范。请用演讲稿输出，并从“成本”角度做重点判断。要求：语言简洁，不说空话；按难易度排序；最后给出3条可立即执行的下一步。
1614,翻译,本地化专家,家长,编号清单,可维护性,质量波动,任务编号 P1614。请扮演本地化专家。围绕“翻译场景014-质量波动”中的翻译、润色、术语任务，面向家长，创建风险登记册。请用编号清单输出，并从“可维护性”角度做重点判断。要求：兼顾成本和效果；先给结论再解释；最后给出3条可立即执行的下一步。
1615,翻译,本地化专家,非技术读者,对话脚本,长期价值,用户流失,任务编号 P1615。请扮演本地化专家。围绕“翻译场景015-用户流失”中的翻译、润色、术语任务，面向非技术读者，制定一份可执行方案。请用对话脚本输出，并从“长期价值”角度做重点判断。要求：指出最容易忽略的细节；给出示例输入输出；最后给出3条可立即执行的下一步。
1616,翻译,本地化专家,中小企业主,FAQ,质量,内部培训,任务编号 P1616。请扮演本地化专家。围绕“翻译场景016-内部培训”中的翻译、润色、术语任务，面向中小企业主，列出关键问题并给出优先级。请用FAQ输出，并从“质量”角度做重点判断。要求：包含可执行下一步；给出至少一个反例；最后给出3条可立即执行的下一步。
1617,翻译,本地化专家,资深从业者,演讲稿,用户体验,需要复盘,任务编号 P1617。请扮演本地化专家。围绕“翻译场景017-需要复盘”中的翻译、润色、术语任务，面向资深从业者，生成三种风格完全不同的版本。请用演讲稿输出，并从“用户体验”角度做重点判断。要求：输出可直接复制使用；保持中立客观；最后给出3条可立即执行的下一步。
1618,翻译,本地化专家,自由职业者,编号清单,学习曲线,时间紧迫,任务编号 P1618。请扮演本地化专家。围绕“翻译场景018-时间紧迫”中的翻译、润色、术语任务，面向自由职业者，把复杂内容改写成新手也能懂的说明。请用编号清单输出，并从“学习曲线”角度做重点判断。要求：保持中立客观；适合在一天内开始执行；最后给出3条可立即执行的下一步。
1619,翻译,本地化专家,设计团队,对话脚本,效率,成熟企业,任务编号 P1619。请扮演本地化专家。围绕“翻译场景019-成熟企业”中的翻译、润色、术语任务，面向设计团队，设计一个从零到一的工作流。请用对话脚本输出，并从“效率”角度做重点判断。要求：先给结论再解释；必要时提出澄清问题；最后给出3条可立即执行的下一步。
1620,翻译,本地化专家,投资人,FAQ,风险,需要降本,任务编号 P1620。请扮演本地化专家。围绕“翻译场景020-需要降本”中的翻译、润色、术语任务，面向投资人，创建检查清单并标注常见坑。请用FAQ输出，并从“风险”角度做重点判断。要求：包含失败预案；输出可直接复制使用；最后给出3条可立即执行的下一步。
1621,翻译,本地化专家,海外用户,演讲稿,增长,流程混乱,任务编号 P1621。请扮演本地化专家。围绕“翻译场景021-流程混乱”中的翻译、润色、术语任务，面向海外用户，模拟专家评审并指出改进点。请用演讲稿输出，并从“增长”角度做重点判断。要求：用中文输出；提供简短版本和完整版本；最后给出3条可立即执行的下一步。
1622,翻译,本地化专家,专家评审,编号清单,短期落地,数据不足,任务编号 P1622。请扮演本地化专家。围绕“翻译场景022-数据不足”中的翻译、润色、术语任务，面向专家评审，根据目标用户重写表达。请用编号清单输出，并从“短期落地”角度做重点判断。要求：标注假设和不确定性；按影响力排序；最后给出3条可立即执行的下一步。
1623,翻译,本地化专家,大学生,对话脚本,成本,公开发布,任务编号 P1623。请扮演本地化专家。围绕“翻译场景023-公开发布”中的翻译、润色、术语任务，面向大学生，提炼核心洞察并给出行动建议。请用对话脚本输出，并从“成本”角度做重点判断。要求：按影响力排序；包含可执行下一步；最后给出3条可立即执行的下一步。
1624,翻译,本地化专家,管理层,FAQ,可维护性,多方协作,任务编号 P1624。请扮演本地化专家。围绕“翻译场景024-多方协作”中的翻译、润色、术语任务，面向管理层，设计一套可量化指标。请用FAQ输出，并从“可维护性”角度做重点判断。要求：必要时提出澄清问题；包含衡量标准；最后给出3条可立即执行的下一步。
1625,翻译,本地化专家,内容创作者,演讲稿,长期价值,预算有限,任务编号 P1625。请扮演本地化专家。围绕“翻译场景025-预算有限”中的翻译、润色、术语任务，面向内容创作者，把零散想法整理成结构化大纲。请用演讲稿输出，并从“长期价值”角度做重点判断。要求：给出至少一个反例；标注假设和不确定性；最后给出3条可立即执行的下一步。
1626,翻译,本地化专家,销售团队,编号清单,质量,初创团队,任务编号 P1626。请扮演本地化专家。围绕“翻译场景026-初创团队”中的翻译、润色、术语任务，面向销售团队，生成可直接使用的模板。请用编号清单输出，并从“质量”角度做重点判断。要求：按难易度排序；指出最容易忽略的细节；最后给出3条可立即执行的下一步。
1627,翻译,本地化专家,教师,对话脚本,用户体验,需要扩张,任务编号 P1627。请扮演本地化专家。围绕“翻译场景027-需要扩张”中的翻译、润色、术语任务，面向教师，做一次反向推理找出隐藏风险。请用对话脚本输出，并从“用户体验”角度做重点判断。要求：避免虚构事实；避免专业黑话；最后给出3条可立即执行的下一步。
1628,翻译,本地化专家,本地用户,FAQ,学习曲线,新市场验证,任务编号 P1628。请扮演本地化专家。围绕“翻译场景028-新市场验证”中的翻译、润色、术语任务，面向本地用户，给出低成本试验方案。请用FAQ输出，并从“学习曲线”角度做重点判断。要求：避免专业黑话；用中文输出；最后给出3条可立即执行的下一步。
1629,翻译,本地化专家,创始人,演讲稿,效率,竞品压力,任务编号 P1629。请扮演本地化专家。围绕“翻译场景029-竞品压力”中的翻译、润色、术语任务，面向创始人，创建对比表并推荐选择。请用演讲稿输出，并从“效率”角度做重点判断。要求：包含衡量标准；兼顾成本和效果；最后给出3条可立即执行的下一步。
1630,翻译,本地化专家,新手用户,编号清单,风险,准备上线,任务编号 P1630。请扮演本地化专家。围绕“翻译场景030-准备上线”中的翻译、润色、术语任务，面向新手用户，把长内容压缩成高密度摘要。请用编号清单输出，并从“风险”角度做重点判断。要求：提供简短版本和完整版本；避免虚构事实；最后给出3条可立即执行的下一步。
1631,翻译,本地化专家,一线执行团队,对话脚本,增长,高不确定性,任务编号 P1631。请扮演本地化专家。围绕“翻译场景031-高不确定性”中的翻译、润色、术语任务，面向一线执行团队，提出10个创新方向并排序。请用对话脚本输出，并从“增长”角度做重点判断。要求：适合在一天内开始执行；包含失败预案；最后给出3条可立即执行的下一步。
1632,翻译,本地化专家,开发团队,FAQ,短期落地,远程协作,任务编号 P1632。请扮演本地化专家。围绕“翻译场景032-远程协作”中的翻译、润色、术语任务，面向开发团队，设计30天训练计划。请用FAQ输出，并从“短期落地”角度做重点判断。要求：给出示例输入输出；语言简洁，不说空话；最后给出3条可立即执行的下一步。
1633,翻译,本地化专家,客服团队,演讲稿,成本,个人项目,任务编号 P1633。请扮演本地化专家。围绕“翻译场景033-个人项目”中的翻译、润色、术语任务，面向客服团队，构建决策树帮助判断下一步。请用演讲稿输出，并从“成本”角度做重点判断。要求：语言简洁，不说空话；按难易度排序；最后给出3条可立即执行的下一步。
1634,翻译,本地化专家,家长,编号清单,可维护性,质量波动,任务编号 P1634。请扮演本地化专家。围绕“翻译场景034-质量波动”中的翻译、润色、术语任务，面向家长，生成会议讨论提纲。请用编号清单输出，并从“可维护性”角度做重点判断。要求：兼顾成本和效果；先给结论再解释；最后给出3条可立即执行的下一步。
1635,翻译,本地化专家,非技术读者,对话脚本,长期价值,用户流失,任务编号 P1635。请扮演本地化专家。围绕“翻译场景035-用户流失”中的翻译、润色、术语任务，面向非技术读者，写一份面向管理层的简报。请用对话脚本输出，并从“长期价值”角度做重点判断。要求：指出最容易忽略的细节；给出示例输入输出；最后给出3条可立即执行的下一步。
1636,翻译,本地化专家,中小企业主,FAQ,质量,内部培训,任务编号 P1636。请扮演本地化专家。围绕“翻译场景036-内部培训”中的翻译、润色、术语任务，面向中小企业主，写一份面向执行者的操作手册。请用FAQ输出，并从“质量”角度做重点判断。要求：包含可执行下一步；给出至少一个反例；最后给出3条可立即执行的下一步。
1637,翻译,本地化专家,资深从业者,演讲稿,用户体验,需要复盘,任务编号 P1637。请扮演本地化专家。围绕“翻译场景037-需要复盘”中的翻译、润色、术语任务，面向资深从业者，建立评估打分表。请用演讲稿输出，并从“用户体验”角度做重点判断。要求：输出可直接复制使用；保持中立客观；最后给出3条可立即执行的下一步。
1638,翻译,本地化专家,自由职业者,编号清单,学习曲线,时间紧迫,任务编号 P1638。请扮演本地化专家。围绕“翻译场景038-时间紧迫”中的翻译、润色、术语任务，面向自由职业者，提出自动化改造思路。请用编号清单输出，并从“学习曲线”角度做重点判断。要求：保持中立客观；适合在一天内开始执行；最后给出3条可立即执行的下一步。
1639,翻译,本地化专家,设计团队,对话脚本,效率,成熟企业,任务编号 P1639。请扮演本地化专家。围绕“翻译场景039-成熟企业”中的翻译、润色、术语任务，面向设计团队，设计用户调研问题。请用对话脚本输出，并从“效率”角度做重点判断。要求：先给结论再解释；必要时提出澄清问题；最后给出3条可立即执行的下一步。
1640,翻译,本地化专家,投资人,FAQ,风险,需要降本,任务编号 P1640。请扮演本地化专家。围绕“翻译场景040-需要降本”中的翻译、润色、术语任务，面向投资人，模拟用户反馈并归纳模式。请用FAQ输出，并从“风险”角度做重点判断。要求：包含失败预案；输出可直接复制使用；最后给出3条可立即执行的下一步。
1641,翻译,本地化专家,海外用户,演讲稿,增长,流程混乱,任务编号 P1641。请扮演本地化专家。围绕“翻译场景041-流程混乱”中的翻译、润色、术语任务，面向海外用户，生成故障排查路径。请用演讲稿输出，并从“增长”角度做重点判断。要求：用中文输出；提供简短版本和完整版本；最后给出3条可立即执行的下一步。
1642,翻译,本地化专家,专家评审,编号清单,短期落地,数据不足,任务编号 P1642。请扮演本地化专家。围绕“翻译场景042-数据不足”中的翻译、润色、术语任务，面向专家评审，把目标拆成里程碑。请用编号清单输出，并从“短期落地”角度做重点判断。要求：标注假设和不确定性；按影响力排序；最后给出3条可立即执行的下一步。
1643,翻译,本地化专家,大学生,对话脚本,成本,公开发布,任务编号 P1643。请扮演本地化专家。围绕“翻译场景043-公开发布”中的翻译、润色、术语任务，面向大学生，提出可复用命名规范。请用对话脚本输出，并从“成本”角度做重点判断。要求：按影响力排序；包含可执行下一步；最后给出3条可立即执行的下一步。
1644,翻译,本地化专家,管理层,FAQ,可维护性,多方协作,任务编号 P1644。请扮演本地化专家。围绕“翻译场景044-多方协作”中的翻译、润色、术语任务，面向管理层，创建风险登记册。请用FAQ输出，并从“可维护性”角度做重点判断。要求：必要时提出澄清问题；包含衡量标准；最后给出3条可立即执行的下一步。
1645,翻译,本地化专家,内容创作者,演讲稿,长期价值,预算有限,任务编号 P1645。请扮演本地化专家。围绕“翻译场景045-预算有限”中的翻译、润色、术语任务，面向内容创作者，制定一份可执行方案。请用演讲稿输出，并从“长期价值”角度做重点判断。要求：给出至少一个反例；标注假设和不确定性；最后给出3条可立即执行的下一步。
1646,翻译,本地化专家,销售团队,编号清单,质量,初创团队,任务编号 P1646。请扮演本地化专家。围绕“翻译场景046-初创团队”中的翻译、润色、术语任务，面向销售团队，列出关键问题并给出优先级。请用编号清单输出，并从“质量”角度做重点判断。要求：按难易度排序；指出最容易忽略的细节；最后给出3条可立即执行的下一步。
1647,翻译,本地化专家,教师,对话脚本,用户体验,需要扩张,任务编号 P1647。请扮演本地化专家。围绕“翻译场景047-需要扩张”中的翻译、润色、术语任务，面向教师，生成三种风格完全不同的版本。请用对话脚本输出，并从“用户体验”角度做重点判断。要求：避免虚构事实；避免专业黑话；最后给出3条可立即执行的下一步。
1648,翻译,本地化专家,本地用户,FAQ,学习曲线,新市场验证,任务编号 P1648。请扮演本地化专家。围绕“翻译场景048-新市场验证”中的翻译、润色、术语任务，面向本地用户，把复杂内容改写成新手也能懂的说明。请用FAQ输出，并从“学习曲线”角度做重点判断。要求：避免专业黑话；用中文输出；最后给出3条可立即执行的下一步。
1649,翻译,本地化专家,创始人,演讲稿,效率,竞品压力,任务编号 P1649。请扮演本地化专家。围绕“翻译场景049-竞品压力”中的翻译、润色、术语任务，面向创始人，设计一个从零到一的工作流。请用演讲稿输出，并从“效率”角度做重点判断。要求：包含衡量标准；兼顾成本和效果；最后给出3条可立即执行的下一步。
1650,翻译,本地化专家,新手用户,编号清单,风险,准备上线,任务编号 P1650。请扮演本地化专家。围绕“翻译场景050-准备上线”中的翻译、润色、术语任务，面向新手用户，创建检查清单并标注常见坑。请用编号清单输出，并从“风险”角度做重点判断。要求：提供简短版本和完整版本；避免虚构事实；最后给出3条可立即执行的下一步。
1651,翻译,本地化专家,一线执行团队,对话脚本,增长,高不确定性,任务编号 P1651。请扮演本地化专家。围绕“翻译场景051-高不确定性”中的翻译、润色、术语任务，面向一线执行团队，模拟专家评审并指出改进点。请用对话脚本输出，并从“增长”角度做重点判断。要求：适合在一天内开始执行；包含失败预案；最后给出3条可立即执行的下一步。
1652,翻译,本地化专家,开发团队,FAQ,短期落地,远程协作,任务编号 P1652。请扮演本地化专家。围绕“翻译场景052-远程协作”中的翻译、润色、术语任务，面向开发团队，根据目标用户重写表达。请用FAQ输出，并从“短期落地”角度做重点判断。要求：给出示例输入输出；语言简洁，不说空话；最后给出3条可立即执行的下一步。
1653,翻译,本地化专家,客服团队,演讲稿,成本,个人项目,任务编号 P1653。请扮演本地化专家。围绕“翻译场景053-个人项目”中的翻译、润色、术语任务，面向客服团队，提炼核心洞察并给出行动建议。请用演讲稿输出，并从“成本”角度做重点判断。要求：语言简洁，不说空话；按难易度排序；最后给出3条可立即执行的下一步。
1654,翻译,本地化专家,家长,编号清单,可维护性,质量波动,任务编号 P1654。请扮演本地化专家。围绕“翻译场景054-质量波动”中的翻译、润色、术语任务，面向家长，设计一套可量化指标。请用编号清单输出，并从“可维护性”角度做重点判断。要求：兼顾成本和效果；先给结论再解释；最后给出3条可立即执行的下一步。
1655,翻译,本地化专家,非技术读者,对话脚本,长期价值,用户流失,任务编号 P1655。请扮演本地化专家。围绕“翻译场景055-用户流失”中的翻译、润色、术语任务，面向非技术读者，把零散想法整理成结构化大纲。请用对话脚本输出，并从“长期价值”角度做重点判断。要求：指出最容易忽略的细节；给出示例输入输出；最后给出3条可立即执行的下一步。
1656,翻译,本地化专家,中小企业主,FAQ,质量,内部培训,任务编号 P1656。请扮演本地化专家。围绕“翻译场景056-内部培训”中的翻译、润色、术语任务，面向中小企业主，生成可直接使用的模板。请用FAQ输出，并从“质量”角度做重点判断。要求：包含可执行下一步；给出至少一个反例；最后给出3条可立即执行的下一步。
1657,翻译,本地化专家,资深从业者,演讲稿,用户体验,需要复盘,任务编号 P1657。请扮演本地化专家。围绕“翻译场景057-需要复盘”中的翻译、润色、术语任务，面向资深从业者，做一次反向推理找出隐藏风险。请用演讲稿输出，并从“用户体验”角度做重点判断。要求：输出可直接复制使用；保持中立客观；最后给出3条可立即执行的下一步。
1658,翻译,本地化专家,自由职业者,编号清单,学习曲线,时间紧迫,任务编号 P1658。请扮演本地化专家。围绕“翻译场景058-时间紧迫”中的翻译、润色、术语任务，面向自由职业者，给出低成本试验方案。请用编号清单输出，并从“学习曲线”角度做重点判断。要求：保持中立客观；适合在一天内开始执行；最后给出3条可立即执行的下一步。
1659,翻译,本地化专家,设计团队,对话脚本,效率,成熟企业,任务编号 P1659。请扮演本地化专家。围绕“翻译场景059-成熟企业”中的翻译、润色、术语任务，面向设计团队，创建对比表并推荐选择。请用对话脚本输出，并从“效率”角度做重点判断。要求：先给结论再解释；必要时提出澄清问题；最后给出3条可立即执行的下一步。
1660,翻译,本地化专家,投资人,FAQ,风险,需要降本,任务编号 P1660。请扮演本地化专家。围绕“翻译场景060-需要降本”中的翻译、润色、术语任务，面向投资人，把长内容压缩成高密度摘要。请用FAQ输出，并从“风险”角度做重点判断。要求：包含失败预案；输出可直接复制使用；最后给出3条可立即执行的下一步。
1661,翻译,本地化专家,海外用户,演讲稿,增长,流程混乱,任务编号 P1661。请扮演本地化专家。围绕“翻译场景061-流程混乱”中的翻译、润色、术语任务，面向海外用户，提出10个创新方向并排序。请用演讲稿输出，并从“增长”角度做重点判断。要求：用中文输出；提供简短版本和完整版本；最后给出3条可立即执行的下一步。
1662,翻译,本地化专家,专家评审,编号清单,短期落地,数据不足,任务编号 P1662。请扮演本地化专家。围绕“翻译场景062-数据不足”中的翻译、润色、术语任务，面向专家评审，设计30天训练计划。请用编号清单输出，并从“短期落地”角度做重点判断。要求：标注假设和不确定性；按影响力排序；最后给出3条可立即执行的下一步。
1663,翻译,本地化专家,大学生,对话脚本,成本,公开发布,任务编号 P1663。请扮演本地化专家。围绕“翻译场景063-公开发布”中的翻译、润色、术语任务，面向大学生，构建决策树帮助判断下一步。请用对话脚本输出，并从“成本”角度做重点判断。要求：按影响力排序；包含可执行下一步；最后给出3条可立即执行的下一步。
1664,翻译,本地化专家,管理层,FAQ,可维护性,多方协作,任务编号 P1664。请扮演本地化专家。围绕“翻译场景064-多方协作”中的翻译、润色、术语任务，面向管理层，生成会议讨论提纲。请用FAQ输出，并从“可维护性”角度做重点判断。要求：必要时提出澄清问题；包含衡量标准；最后给出3条可立即执行的下一步。
1665,翻译,本地化专家,内容创作者,演讲稿,长期价值,预算有限,任务编号 P1665。请扮演本地化专家。围绕“翻译场景065-预算有限”中的翻译、润色、术语任务，面向内容创作者，写一份面向管理层的简报。请用演讲稿输出，并从“长期价值”角度做重点判断。要求：给出至少一个反例；标注假设和不确定性；最后给出3条可立即执行的下一步。
1666,翻译,本地化专家,销售团队,编号清单,质量,初创团队,任务编号 P1666。请扮演本地化专家。围绕“翻译场景066-初创团队”中的翻译、润色、术语任务，面向销售团队，写一份面向执行者的操作手册。请用编号清单输出，并从“质量”角度做重点判断。要求：按难易度排序；指出最容易忽略的细节；最后给出3条可立即执行的下一步。
1667,翻译,本地化专家,教师,对话脚本,用户体验,需要扩张,任务编号 P1667。请扮演本地化专家。围绕“翻译场景067-需要扩张”中的翻译、润色、术语任务，面向教师，建立评估打分表。请用对话脚本输出，并从“用户体验”角度做重点判断。要求：避免虚构事实；避免专业黑话；最后给出3条可立即执行的下一步。
1668,翻译,本地化专家,本地用户,FAQ,学习曲线,新市场验证,任务编号 P1668。请扮演本地化专家。围绕“翻译场景068-新市场验证”中的翻译、润色、术语任务，面向本地用户，提出自动化改造思路。请用FAQ输出，并从“学习曲线”角度做重点判断。要求：避免专业黑话；用中文输出；最后给出3条可立即执行的下一步。
1669,翻译,本地化专家,创始人,演讲稿,效率,竞品压力,任务编号 P1669。请扮演本地化专家。围绕“翻译场景069-竞品压力”中的翻译、润色、术语任务，面向创始人，设计用户调研问题。请用演讲稿输出，并从“效率”角度做重点判断。要求：包含衡量标准；兼顾成本和效果；最后给出3条可立即执行的下一步。
1670,翻译,本地化专家,新手用户,编号清单,风险,准备上线,任务编号 P1670。请扮演本地化专家。围绕“翻译场景070-准备上线”中的翻译、润色、术语任务，面向新手用户，模拟用户反馈并归纳模式。请用编号清单输出，并从“风险”角度做重点判断。要求：提供简短版本和完整版本；避免虚构事实；最后给出3条可立即执行的下一步。
1671,翻译,本地化专家,一线执行团队,对话脚本,增长,高不确定性,任务编号 P1671。请扮演本地化专家。围绕“翻译场景071-高不确定性”中的翻译、润色、术语任务，面向一线执行团队，生成故障排查路径。请用对话脚本输出，并从“增长”角度做重点判断。要求：适合在一天内开始执行；包含失败预案；最后给出3条可立即执行的下一步。
1672,翻译,本地化专家,开发团队,FAQ,短期落地,远程协作,任务编号 P1672。请扮演本地化专家。围绕“翻译场景072-远程协作”中的翻译、润色、术语任务，面向开发团队，把目标拆成里程碑。请用FAQ输出，并从“短期落地”角度做重点判断。要求：给出示例输入输出；语言简洁，不说空话；最后给出3条可立即执行的下一步。
1673,翻译,本地化专家,客服团队,演讲稿,成本,个人项目,任务编号 P1673。请扮演本地化专家。围绕“翻译场景073-个人项目”中的翻译、润色、术语任务，面向客服团队，提出可复用命名规范。请用演讲稿输出，并从“成本”角度做重点判断。要求：语言简洁，不说空话；按难易度排序；最后给出3条可立即执行的下一步。
1674,翻译,本地化专家,家长,编号清单,可维护性,质量波动,任务编号 P1674。请扮演本地化专家。围绕“翻译场景074-质量波动”中的翻译、润色、术语任务，面向家长，创建风险登记册。请用编号清单输出，并从“可维护性”角度做重点判断。要求：兼顾成本和效果；先给结论再解释；最后给出3条可立即执行的下一步。
1675,翻译,本地化专家,非技术读者,对话脚本,长期价值,用户流失,任务编号 P1675。请扮演本地化专家。围绕“翻译场景075-用户流失”中的翻译、润色、术语任务，面向非技术读者，制定一份可执行方案。请用对话脚本输出，并从“长期价值”角度做重点判断。要求：指出最容易忽略的细节；给出示例输入输出；最后给出3条可立即执行的下一步。
1676,翻译,本地化专家,中小企业主,FAQ,质量,内部培训,任务编号 P1676。请扮演本地化专家。围绕“翻译场景076-内部培训”中的翻译、润色、术语任务，面向中小企业主，列出关键问题并给出优先级。请用FAQ输出，并从“质量”角度做重点判断。要求：包含可执行下一步；给出至少一个反例；最后给出3条可立即执行的下一步。
1677,翻译,本地化专家,资深从业者,演讲稿,用户体验,需要复盘,任务编号 P1677。请扮演本地化专家。围绕“翻译场景077-需要复盘”中的翻译、润色、术语任务，面向资深从业者，生成三种风格完全不同的版本。请用演讲稿输出，并从“用户体验”角度做重点判断。要求：输出可直接复制使用；保持中立客观；最后给出3条可立即执行的下一步。
1678,翻译,本地化专家,自由职业者,编号清单,学习曲线,时间紧迫,任务编号 P1678。请扮演本地化专家。围绕“翻译场景078-时间紧迫”中的翻译、润色、术语任务，面向自由职业者，把复杂内容改写成新手也能懂的说明。请用编号清单输出，并从“学习曲线”角度做重点判断。要求：保持中立客观；适合在一天内开始执行；最后给出3条可立即执行的下一步。
1679,翻译,本地化专家,设计团队,对话脚本,效率,成熟企业,任务编号 P1679。请扮演本地化专家。围绕“翻译场景079-成熟企业”中的翻译、润色、术语任务，面向设计团队，设计一个从零到一的工作流。请用对话脚本输出，并从“效率”角度做重点判断。要求：先给结论再解释；必要时提出澄清问题；最后给出3条可立即执行的下一步。
1680,翻译,本地化专家,投资人,FAQ,风险,需要降本,任务编号 P1680。请扮演本地化专家。围绕“翻译场景080-需要降本”中的翻译、润色、术语任务，面向投资人，创建检查清单并标注常见坑。请用FAQ输出，并从“风险”角度做重点判断。要求：包含失败预案；输出可直接复制使用；最后给出3条可立即执行的下一步。
1681,翻译,本地化专家,海外用户,演讲稿,增长,流程混乱,任务编号 P1681。请扮演本地化专家。围绕“翻译场景081-流程混乱”中的翻译、润色、术语任务，面向海外用户，模拟专家评审并指出改进点。请用演讲稿输出，并从“增长”角度做重点判断。要求：用中文输出；提供简短版本和完整版本；最后给出3条可立即执行的下一步。
1682,翻译,本地化专家,专家评审,编号清单,短期落地,数据不足,任务编号 P1682。请扮演本地化专家。围绕“翻译场景082-数据不足”中的翻译、润色、术语任务，面向专家评审，根据目标用户重写表达。请用编号清单输出，并从“短期落地”角度做重点判断。要求：标注假设和不确定性；按影响力排序；最后给出3条可立即执行的下一步。
1683,翻译,本地化专家,大学生,对话脚本,成本,公开发布,任务编号 P1683。请扮演本地化专家。围绕“翻译场景083-公开发布”中的翻译、润色、术语任务，面向大学生，提炼核心洞察并给出行动建议。请用对话脚本输出，并从“成本”角度做重点判断。要求：按影响力排序；包含可执行下一步；最后给出3条可立即执行的下一步。
1684,翻译,本地化专家,管理层,FAQ,可维护性,多方协作,任务编号 P1684。请扮演本地化专家。围绕“翻译场景084-多方协作”中的翻译、润色、术语任务，面向管理层，设计一套可量化指标。请用FAQ输出，并从“可维护性”角度做重点判断。要求：必要时提出澄清问题；包含衡量标准；最后给出3条可立即执行的下一步。
1685,翻译,本地化专家,内容创作者,演讲稿,长期价值,预算有限,任务编号 P1685。请扮演本地化专家。围绕“翻译场景085-预算有限”中的翻译、润色、术语任务，面向内容创作者，把零散想法整理成结构化大纲。请用演讲稿输出，并从“长期价值”角度做重点判断。要求：给出至少一个反例；标注假设和不确定性；最后给出3条可立即执行的下一步。
1686,翻译,本地化专家,销售团队,编号清单,质量,初创团队,任务编号 P1686。请扮演本地化专家。围绕“翻译场景086-初创团队”中的翻译、润色、术语任务，面向销售团队，生成可直接使用的模板。请用编号清单输出，并从“质量”角度做重点判断。要求：按难易度排序；指出最容易忽略的细节；最后给出3条可立即执行的下一步。
1687,翻译,本地化专家,教师,对话脚本,用户体验,需要扩张,任务编号 P1687。请扮演本地化专家。围绕“翻译场景087-需要扩张”中的翻译、润色、术语任务，面向教师，做一次反向推理找出隐藏风险。请用对话脚本输出，并从“用户体验”角度做重点判断。要求：避免虚构事实；避免专业黑话；最后给出3条可立即执行的下一步。
1688,翻译,本地化专家,本地用户,FAQ,学习曲线,新市场验证,任务编号 P1688。请扮演本地化专家。围绕“翻译场景088-新市场验证”中的翻译、润色、术语任务，面向本地用户，给出低成本试验方案。请用FAQ输出，并从“学习曲线”角度做重点判断。要求：避免专业黑话；用中文输出；最后给出3条可立即执行的下一步。
1689,翻译,本地化专家,创始人,演讲稿,效率,竞品压力,任务编号 P1689。请扮演本地化专家。围绕“翻译场景089-竞品压力”中的翻译、润色、术语任务，面向创始人，创建对比表并推荐选择。请用演讲稿输出，并从“效率”角度做重点判断。要求：包含衡量标准；兼顾成本和效果；最后给出3条可立即执行的下一步。
1690,翻译,本地化专家,新手用户,编号清单,风险,准备上线,任务编号 P1690。请扮演本地化专家。围绕“翻译场景090-准备上线”中的翻译、润色、术语任务，面向新手用户，把长内容压缩成高密度摘要。请用编号清单输出，并从“风险”角度做重点判断。要求：提供简短版本和完整版本；避免虚构事实；最后给出3条可立即执行的下一步。
1691,翻译,本地化专家,一线执行团队,对话脚本,增长,高不确定性,任务编号 P1691。请扮演本地化专家。围绕“翻译场景091-高不确定性”中的翻译、润色、术语任务，面向一线执行团队，提出10个创新方向并排序。请用对话脚本输出，并从“增长”角度做重点判断。要求：适合在一天内开始执行；包含失败预案；最后给出3条可立即执行的下一步。
1692,翻译,本地化专家,开发团队,FAQ,短期落地,远程协作,任务编号 P1692。请扮演本地化专家。围绕“翻译场景092-远程协作”中的翻译、润色、术语任务，面向开发团队，设计30天训练计划。请用FAQ输出，并从“短期落地”角度做重点判断。要求：给出示例输入输出；语言简洁，不说空话；最后给出3条可立即执行的下一步。
1693,翻译,本地化专家,客服团队,演讲稿,成本,个人项目,任务编号 P1693。请扮演本地化专家。围绕“翻译场景093-个人项目”中的翻译、润色、术语任务，面向客服团队，构建决策树帮助判断下一步。请用演讲稿输出，并从“成本”角度做重点判断。要求：语言简洁，不说空话；按难易度排序；最后给出3条可立即执行的下一步。
1694,翻译,本地化专家,家长,编号清单,可维护性,质量波动,任务编号 P1694。请扮演本地化专家。围绕“翻译场景094-质量波动”中的翻译、润色、术语任务，面向家长，生成会议讨论提纲。请用编号清单输出，并从“可维护性”角度做重点判断。要求：兼顾成本和效果；先给结论再解释；最后给出3条可立即执行的下一步。
1695,翻译,本地化专家,非技术读者,对话脚本,长期价值,用户流失,任务编号 P1695。请扮演本地化专家。围绕“翻译场景095-用户流失”中的翻译、润色、术语任务，面向非技术读者，写一份面向管理层的简报。请用对话脚本输出，并从“长期价值”角度做重点判断。要求：指出最容易忽略的细节；给出示例输入输出；最后给出3条可立即执行的下一步。
1696,翻译,本地化专家,中小企业主,FAQ,质量,内部培训,任务编号 P1696。请扮演本地化专家。围绕“翻译场景096-内部培训”中的翻译、润色、术语任务，面向中小企业主，写一份面向执行者的操作手册。请用FAQ输出，并从“质量”角度做重点判断。要求：包含可执行下一步；给出至少一个反例；最后给出3条可立即执行的下一步。
1697,翻译,本地化专家,资深从业者,演讲稿,用户体验,需要复盘,任务编号 P1697。请扮演本地化专家。围绕“翻译场景097-需要复盘”中的翻译、润色、术语任务，面向资深从业者，建立评估打分表。请用演讲稿输出，并从“用户体验”角度做重点判断。要求：输出可直接复制使用；保持中立客观；最后给出3条可立即执行的下一步。
1698,翻译,本地化专家,自由职业者,编号清单,学习曲线,时间紧迫,任务编号 P1698。请扮演本地化专家。围绕“翻译场景098-时间紧迫”中的翻译、润色、术语任务，面向自由职业者，提出自动化改造思路。请用编号清单输出，并从“学习曲线”角度做重点判断。要求：保持中立客观；适合在一天内开始执行；最后给出3条可立即执行的下一步。
1699,翻译,本地化专家,设计团队,对话脚本,效率,成熟企业,任务编号 P1699。请扮演本地化专家。围绕“翻译场景099-成熟企业”中的翻译、润色、术语任务，面向设计团队，设计用户调研问题。请用对话脚本输出，并从“效率”角度做重点判断。要求：先给结论再解释；必要时提出澄清问题；最后给出3条可立即执行的下一步。
1700,翻译,本地化专家,投资人,FAQ,风险,需要降本,任务编号 P1700。请扮演本地化专家。围绕“翻译场景100-需要降本”中的翻译、润色、术语任务，面向投资人，模拟用户反馈并归纳模式。请用FAQ输出，并从“风险”角度做重点判断。要求：包含失败预案；输出可直接复制使用；最后给出3条可立即执行的下一步。
1701,创业,创业导师,本地用户,短视频脚本,学习曲线,质量波动,任务编号 P1701。请扮演创业导师。围绕“创业场景001-质量波动”中的MVP、融资、验证任务，面向本地用户，设计30天训练计划。请用短视频脚本输出，并从“学习曲线”角度做重点判断。要求：必要时提出澄清问题；语言简洁，不说空话；最后给出3条可立即执行的下一步。
1702,创业,创业导师,创始人,Markdown大纲,效率,用户流失,任务编号 P1702。请扮演创业导师。围绕“创业场景002-用户流失”中的MVP、融资、验证任务，面向创始人，构建决策树帮助判断下一步。请用Markdown大纲输出，并从“效率”角度做重点判断。要求：给出至少一个反例；按难易度排序；最后给出3条可立即执行的下一步。
1703,创业,创业导师,新手用户,JSON结构,风险,内部培训,任务编号 P1703。请扮演创业导师。围绕“创业场景003-内部培训”中的MVP、融资、验证任务，面向新手用户，生成会议讨论提纲。请用JSON结构输出，并从“风险”角度做重点判断。要求：按难易度排序；先给结论再解释；最后给出3条可立即执行的下一步。
1704,创业,创业导师,一线执行团队,复盘报告,增长,需要复盘,任务编号 P1704。请扮演创业导师。围绕“创业场景004-需要复盘”中的MVP、融资、验证任务，面向一线执行团队，写一份面向管理层的简报。请用复盘报告输出，并从“增长”角度做重点判断。要求：避免虚构事实；给出示例输入输出；最后给出3条可立即执行的下一步。
1705,创业,创业导师,开发团队,短视频脚本,短期落地,时间紧迫,任务编号 P1705。请扮演创业导师。围绕“创业场景005-时间紧迫”中的MVP、融资、验证任务，面向开发团队，写一份面向执行者的操作手册。请用短视频脚本输出，并从“短期落地”角度做重点判断。要求：避免专业黑话；给出至少一个反例；最后给出3条可立即执行的下一步。
1706,创业,创业导师,客服团队,Markdown大纲,成本,成熟企业,任务编号 P1706。请扮演创业导师。围绕“创业场景006-成熟企业”中的MVP、融资、验证任务，面向客服团队，建立评估打分表。请用Markdown大纲输出，并从“成本”角度做重点判断。要求：包含衡量标准；保持中立客观；最后给出3条可立即执行的下一步。
1707,创业,创业导师,家长,JSON结构,可维护性,需要降本,任务编号 P1707。请扮演创业导师。围绕“创业场景007-需要降本”中的MVP、融资、验证任务，面向家长，提出自动化改造思路。请用JSON结构输出，并从“可维护性”角度做重点判断。要求：提供简短版本和完整版本；适合在一天内开始执行；最后给出3条可立即执行的下一步。
1708,创业,创业导师,非技术读者,复盘报告,长期价值,流程混乱,任务编号 P1708。请扮演创业导师。围绕“创业场景008-流程混乱”中的MVP、融资、验证任务，面向非技术读者，设计用户调研问题。请用复盘报告输出，并从“长期价值”角度做重点判断。要求：适合在一天内开始执行；必要时提出澄清问题；最后给出3条可立即执行的下一步。
1709,创业,创业导师,中小企业主,短视频脚本,质量,数据不足,任务编号 P1709。请扮演创业导师。围绕“创业场景009-数据不足”中的MVP、融资、验证任务，面向中小企业主，模拟用户反馈并归纳模式。请用短视频脚本输出，并从“质量”角度做重点判断。要求：给出示例输入输出；输出可直接复制使用；最后给出3条可立即执行的下一步。
1710,创业,创业导师,资深从业者,Markdown大纲,用户体验,公开发布,任务编号 P1710。请扮演创业导师。围绕“创业场景010-公开发布”中的MVP、融资、验证任务，面向资深从业者，生成故障排查路径。请用Markdown大纲输出，并从“用户体验”角度做重点判断。要求：语言简洁，不说空话；提供简短版本和完整版本；最后给出3条可立即执行的下一步。
1711,创业,创业导师,自由职业者,JSON结构,学习曲线,多方协作,任务编号 P1711。请扮演创业导师。围绕“创业场景011-多方协作”中的MVP、融资、验证任务，面向自由职业者，把目标拆成里程碑。请用JSON结构输出，并从“学习曲线”角度做重点判断。要求：兼顾成本和效果；按影响力排序；最后给出3条可立即执行的下一步。
1712,创业,创业导师,设计团队,复盘报告,效率,预算有限,任务编号 P1712。请扮演创业导师。围绕“创业场景012-预算有限”中的MVP、融资、验证任务，面向设计团队，提出可复用命名规范。请用复盘报告输出，并从“效率”角度做重点判断。要求：指出最容易忽略的细节；包含可执行下一步；最后给出3条可立即执行的下一步。
1713,创业,创业导师,投资人,短视频脚本,风险,初创团队,任务编号 P1713。请扮演创业导师。围绕“创业场景013-初创团队”中的MVP、融资、验证任务，面向投资人，创建风险登记册。请用短视频脚本输出，并从“风险”角度做重点判断。要求：包含可执行下一步；包含衡量标准；最后给出3条可立即执行的下一步。
1714,创业,创业导师,海外用户,Markdown大纲,增长,需要扩张,任务编号 P1714。请扮演创业导师。围绕“创业场景014-需要扩张”中的MVP、融资、验证任务，面向海外用户，制定一份可执行方案。请用Markdown大纲输出，并从“增长”角度做重点判断。要求：输出可直接复制使用；标注假设和不确定性；最后给出3条可立即执行的下一步。
1715,创业,创业导师,专家评审,JSON结构,短期落地,新市场验证,任务编号 P1715。请扮演创业导师。围绕“创业场景015-新市场验证”中的MVP、融资、验证任务，面向专家评审，列出关键问题并给出优先级。请用JSON结构输出，并从“短期落地”角度做重点判断。要求：保持中立客观；指出最容易忽略的细节；最后给出3条可立即执行的下一步。
1716,创业,创业导师,大学生,复盘报告,成本,竞品压力,任务编号 P1716。请扮演创业导师。围绕“创业场景016-竞品压力”中的MVP、融资、验证任务，面向大学生，生成三种风格完全不同的版本。请用复盘报告输出，并从“成本”角度做重点判断。要求：先给结论再解释；避免专业黑话；最后给出3条可立即执行的下一步。
1717,创业,创业导师,管理层,短视频脚本,可维护性,准备上线,任务编号 P1717。请扮演创业导师。围绕“创业场景017-准备上线”中的MVP、融资、验证任务，面向管理层，把复杂内容改写成新手也能懂的说明。请用短视频脚本输出，并从“可维护性”角度做重点判断。要求：包含失败预案；用中文输出；最后给出3条可立即执行的下一步。
1718,创业,创业导师,内容创作者,Markdown大纲,长期价值,高不确定性,任务编号 P1718。请扮演创业导师。围绕“创业场景018-高不确定性”中的MVP、融资、验证任务，面向内容创作者，设计一个从零到一的工作流。请用Markdown大纲输出，并从“长期价值”角度做重点判断。要求：用中文输出；兼顾成本和效果；最后给出3条可立即执行的下一步。
1719,创业,创业导师,销售团队,JSON结构,质量,远程协作,任务编号 P1719。请扮演创业导师。围绕“创业场景019-远程协作”中的MVP、融资、验证任务，面向销售团队，创建检查清单并标注常见坑。请用JSON结构输出，并从“质量”角度做重点判断。要求：标注假设和不确定性；避免虚构事实；最后给出3条可立即执行的下一步。
1720,创业,创业导师,教师,复盘报告,用户体验,个人项目,任务编号 P1720。请扮演创业导师。围绕“创业场景020-个人项目”中的MVP、融资、验证任务，面向教师，模拟专家评审并指出改进点。请用复盘报告输出，并从“用户体验”角度做重点判断。要求：按影响力排序；包含失败预案；最后给出3条可立即执行的下一步。
1721,创业,创业导师,本地用户,短视频脚本,学习曲线,质量波动,任务编号 P1721。请扮演创业导师。围绕“创业场景021-质量波动”中的MVP、融资、验证任务，面向本地用户，根据目标用户重写表达。请用短视频脚本输出，并从“学习曲线”角度做重点判断。要求：必要时提出澄清问题；语言简洁，不说空话；最后给出3条可立即执行的下一步。
1722,创业,创业导师,创始人,Markdown大纲,效率,用户流失,任务编号 P1722。请扮演创业导师。围绕“创业场景022-用户流失”中的MVP、融资、验证任务，面向创始人，提炼核心洞察并给出行动建议。请用Markdown大纲输出，并从“效率”角度做重点判断。要求：给出至少一个反例；按难易度排序；最后给出3条可立即执行的下一步。
1723,创业,创业导师,新手用户,JSON结构,风险,内部培训,任务编号 P1723。请扮演创业导师。围绕“创业场景023-内部培训”中的MVP、融资、验证任务，面向新手用户，设计一套可量化指标。请用JSON结构输出，并从“风险”角度做重点判断。要求：按难易度排序；先给结论再解释；最后给出3条可立即执行的下一步。
1724,创业,创业导师,一线执行团队,复盘报告,增长,需要复盘,任务编号 P1724。请扮演创业导师。围绕“创业场景024-需要复盘”中的MVP、融资、验证任务，面向一线执行团队，把零散想法整理成结构化大纲。请用复盘报告输出，并从“增长”角度做重点判断。要求：避免虚构事实；给出示例输入输出；最后给出3条可立即执行的下一步。
1725,创业,创业导师,开发团队,短视频脚本,短期落地,时间紧迫,任务编号 P1725。请扮演创业导师。围绕“创业场景025-时间紧迫”中的MVP、融资、验证任务，面向开发团队，生成可直接使用的模板。请用短视频脚本输出，并从“短期落地”角度做重点判断。要求：避免专业黑话；给出至少一个反例；最后给出3条可立即执行的下一步。
1726,创业,创业导师,客服团队,Markdown大纲,成本,成熟企业,任务编号 P1726。请扮演创业导师。围绕“创业场景026-成熟企业”中的MVP、融资、验证任务，面向客服团队，做一次反向推理找出隐藏风险。请用Markdown大纲输出，并从“成本”角度做重点判断。要求：包含衡量标准；保持中立客观；最后给出3条可立即执行的下一步。
1727,创业,创业导师,家长,JSON结构,可维护性,需要降本,任务编号 P1727。请扮演创业导师。围绕“创业场景027-需要降本”中的MVP、融资、验证任务，面向家长，给出低成本试验方案。请用JSON结构输出，并从“可维护性”角度做重点判断。要求：提供简短版本和完整版本；适合在一天内开始执行；最后给出3条可立即执行的下一步。
1728,创业,创业导师,非技术读者,复盘报告,长期价值,流程混乱,任务编号 P1728。请扮演创业导师。围绕“创业场景028-流程混乱”中的MVP、融资、验证任务，面向非技术读者，创建对比表并推荐选择。请用复盘报告输出，并从“长期价值”角度做重点判断。要求：适合在一天内开始执行；必要时提出澄清问题；最后给出3条可立即执行的下一步。
1729,创业,创业导师,中小企业主,短视频脚本,质量,数据不足,任务编号 P1729。请扮演创业导师。围绕“创业场景029-数据不足”中的MVP、融资、验证任务，面向中小企业主，把长内容压缩成高密度摘要。请用短视频脚本输出，并从“质量”角度做重点判断。要求：给出示例输入输出；输出可直接复制使用；最后给出3条可立即执行的下一步。
1730,创业,创业导师,资深从业者,Markdown大纲,用户体验,公开发布,任务编号 P1730。请扮演创业导师。围绕“创业场景030-公开发布”中的MVP、融资、验证任务，面向资深从业者，提出10个创新方向并排序。请用Markdown大纲输出，并从“用户体验”角度做重点判断。要求：语言简洁，不说空话；提供简短版本和完整版本；最后给出3条可立即执行的下一步。
1731,创业,创业导师,自由职业者,JSON结构,学习曲线,多方协作,任务编号 P1731。请扮演创业导师。围绕“创业场景031-多方协作”中的MVP、融资、验证任务，面向自由职业者，设计30天训练计划。请用JSON结构输出，并从“学习曲线”角度做重点判断。要求：兼顾成本和效果；按影响力排序；最后给出3条可立即执行的下一步。
1732,创业,创业导师,设计团队,复盘报告,效率,预算有限,任务编号 P1732。请扮演创业导师。围绕“创业场景032-预算有限”中的MVP、融资、验证任务，面向设计团队，构建决策树帮助判断下一步。请用复盘报告输出，并从“效率”角度做重点判断。要求：指出最容易忽略的细节；包含可执行下一步；最后给出3条可立即执行的下一步。
1733,创业,创业导师,投资人,短视频脚本,风险,初创团队,任务编号 P1733。请扮演创业导师。围绕“创业场景033-初创团队”中的MVP、融资、验证任务，面向投资人，生成会议讨论提纲。请用短视频脚本输出，并从“风险”角度做重点判断。要求：包含可执行下一步；包含衡量标准；最后给出3条可立即执行的下一步。
1734,创业,创业导师,海外用户,Markdown大纲,增长,需要扩张,任务编号 P1734。请扮演创业导师。围绕“创业场景034-需要扩张”中的MVP、融资、验证任务，面向海外用户，写一份面向管理层的简报。请用Markdown大纲输出，并从“增长”角度做重点判断。要求：输出可直接复制使用；标注假设和不确定性；最后给出3条可立即执行的下一步。
1735,创业,创业导师,专家评审,JSON结构,短期落地,新市场验证,任务编号 P1735。请扮演创业导师。围绕“创业场景035-新市场验证”中的MVP、融资、验证任务，面向专家评审，写一份面向执行者的操作手册。请用JSON结构输出，并从“短期落地”角度做重点判断。要求：保持中立客观；指出最容易忽略的细节；最后给出3条可立即执行的下一步。
1736,创业,创业导师,大学生,复盘报告,成本,竞品压力,任务编号 P1736。请扮演创业导师。围绕“创业场景036-竞品压力”中的MVP、融资、验证任务，面向大学生，建立评估打分表。请用复盘报告输出，并从“成本”角度做重点判断。要求：先给结论再解释；避免专业黑话；最后给出3条可立即执行的下一步。
1737,创业,创业导师,管理层,短视频脚本,可维护性,准备上线,任务编号 P1737。请扮演创业导师。围绕“创业场景037-准备上线”中的MVP、融资、验证任务，面向管理层，提出自动化改造思路。请用短视频脚本输出，并从“可维护性”角度做重点判断。要求：包含失败预案；用中文输出；最后给出3条可立即执行的下一步。
1738,创业,创业导师,内容创作者,Markdown大纲,长期价值,高不确定性,任务编号 P1738。请扮演创业导师。围绕“创业场景038-高不确定性”中的MVP、融资、验证任务，面向内容创作者，设计用户调研问题。请用Markdown大纲输出，并从“长期价值”角度做重点判断。要求：用中文输出；兼顾成本和效果；最后给出3条可立即执行的下一步。
1739,创业,创业导师,销售团队,JSON结构,质量,远程协作,任务编号 P1739。请扮演创业导师。围绕“创业场景039-远程协作”中的MVP、融资、验证任务，面向销售团队，模拟用户反馈并归纳模式。请用JSON结构输出，并从“质量”角度做重点判断。要求：标注假设和不确定性；避免虚构事实；最后给出3条可立即执行的下一步。
1740,创业,创业导师,教师,复盘报告,用户体验,个人项目,任务编号 P1740。请扮演创业导师。围绕“创业场景040-个人项目”中的MVP、融资、验证任务，面向教师，生成故障排查路径。请用复盘报告输出，并从“用户体验”角度做重点判断。要求：按影响力排序；包含失败预案；最后给出3条可立即执行的下一步。
1741,创业,创业导师,本地用户,短视频脚本,学习曲线,质量波动,任务编号 P1741。请扮演创业导师。围绕“创业场景041-质量波动”中的MVP、融资、验证任务，面向本地用户，把目标拆成里程碑。请用短视频脚本输出，并从“学习曲线”角度做重点判断。要求：必要时提出澄清问题；语言简洁，不说空话；最后给出3条可立即执行的下一步。
1742,创业,创业导师,创始人,Markdown大纲,效率,用户流失,任务编号 P1742。请扮演创业导师。围绕“创业场景042-用户流失”中的MVP、融资、验证任务，面向创始人，提出可复用命名规范。请用Markdown大纲输出，并从“效率”角度做重点判断。要求：给出至少一个反例；按难易度排序；最后给出3条可立即执行的下一步。
1743,创业,创业导师,新手用户,JSON结构,风险,内部培训,任务编号 P1743。请扮演创业导师。围绕“创业场景043-内部培训”中的MVP、融资、验证任务，面向新手用户，创建风险登记册。请用JSON结构输出，并从“风险”角度做重点判断。要求：按难易度排序；先给结论再解释；最后给出3条可立即执行的下一步。
1744,创业,创业导师,一线执行团队,复盘报告,增长,需要复盘,任务编号 P1744。请扮演创业导师。围绕“创业场景044-需要复盘”中的MVP、融资、验证任务，面向一线执行团队，制定一份可执行方案。请用复盘报告输出，并从“增长”角度做重点判断。要求：避免虚构事实；给出示例输入输出；最后给出3条可立即执行的下一步。
1745,创业,创业导师,开发团队,短视频脚本,短期落地,时间紧迫,任务编号 P1745。请扮演创业导师。围绕“创业场景045-时间紧迫”中的MVP、融资、验证任务，面向开发团队，列出关键问题并给出优先级。请用短视频脚本输出，并从“短期落地”角度做重点判断。要求：避免专业黑话；给出至少一个反例；最后给出3条可立即执行的下一步。
1746,创业,创业导师,客服团队,Markdown大纲,成本,成熟企业,任务编号 P1746。请扮演创业导师。围绕“创业场景046-成熟企业”中的MVP、融资、验证任务，面向客服团队，生成三种风格完全不同的版本。请用Markdown大纲输出，并从“成本”角度做重点判断。要求：包含衡量标准；保持中立客观；最后给出3条可立即执行的下一步。
1747,创业,创业导师,家长,JSON结构,可维护性,需要降本,任务编号 P1747。请扮演创业导师。围绕“创业场景047-需要降本”中的MVP、融资、验证任务，面向家长，把复杂内容改写成新手也能懂的说明。请用JSON结构输出，并从“可维护性”角度做重点判断。要求：提供简短版本和完整版本；适合在一天内开始执行；最后给出3条可立即执行的下一步。
1748,创业,创业导师,非技术读者,复盘报告,长期价值,流程混乱,任务编号 P1748。请扮演创业导师。围绕“创业场景048-流程混乱”中的MVP、融资、验证任务，面向非技术读者，设计一个从零到一的工作流。请用复盘报告输出，并从“长期价值”角度做重点判断。要求：适合在一天内开始执行；必要时提出澄清问题；最后给出3条可立即执行的下一步。
1749,创业,创业导师,中小企业主,短视频脚本,质量,数据不足,任务编号 P1749。请扮演创业导师。围绕“创业场景049-数据不足”中的MVP、融资、验证任务，面向中小企业主，创建检查清单并标注常见坑。请用短视频脚本输出，并从“质量”角度做重点判断。要求：给出示例输入输出；输出可直接复制使用；最后给出3条可立即执行的下一步。
1750,创业,创业导师,资深从业者,Markdown大纲,用户体验,公开发布,任务编号 P1750。请扮演创业导师。围绕“创业场景050-公开发布”中的MVP、融资、验证任务，面向资深从业者，模拟专家评审并指出改进点。请用Markdown大纲输出，并从“用户体验”角度做重点判断。要求：语言简洁，不说空话；提供简短版本和完整版本；最后给出3条可立即执行的下一步。
1751,创业,创业导师,自由职业者,JSON结构,学习曲线,多方协作,任务编号 P1751。请扮演创业导师。围绕“创业场景051-多方协作”中的MVP、融资、验证任务，面向自由职业者，根据目标用户重写表达。请用JSON结构输出，并从“学习曲线”角度做重点判断。要求：兼顾成本和效果；按影响力排序；最后给出3条可立即执行的下一步。
1752,创业,创业导师,设计团队,复盘报告,效率,预算有限,任务编号 P1752。请扮演创业导师。围绕“创业场景052-预算有限”中的MVP、融资、验证任务，面向设计团队，提炼核心洞察并给出行动建议。请用复盘报告输出，并从“效率”角度做重点判断。要求：指出最容易忽略的细节；包含可执行下一步；最后给出3条可立即执行的下一步。
1753,创业,创业导师,投资人,短视频脚本,风险,初创团队,任务编号 P1753。请扮演创业导师。围绕“创业场景053-初创团队”中的MVP、融资、验证任务，面向投资人，设计一套可量化指标。请用短视频脚本输出，并从“风险”角度做重点判断。要求：包含可执行下一步；包含衡量标准；最后给出3条可立即执行的下一步。
1754,创业,创业导师,海外用户,Markdown大纲,增长,需要扩张,任务编号 P1754。请扮演创业导师。围绕“创业场景054-需要扩张”中的MVP、融资、验证任务，面向海外用户，把零散想法整理成结构化大纲。请用Markdown大纲输出，并从“增长”角度做重点判断。要求：输出可直接复制使用；标注假设和不确定性；最后给出3条可立即执行的下一步。
1755,创业,创业导师,专家评审,JSON结构,短期落地,新市场验证,任务编号 P1755。请扮演创业导师。围绕“创业场景055-新市场验证”中的MVP、融资、验证任务，面向专家评审，生成可直接使用的模板。请用JSON结构输出，并从“短期落地”角度做重点判断。要求：保持中立客观；指出最容易忽略的细节；最后给出3条可立即执行的下一步。
1756,创业,创业导师,大学生,复盘报告,成本,竞品压力,任务编号 P1756。请扮演创业导师。围绕“创业场景056-竞品压力”中的MVP、融资、验证任务，面向大学生，做一次反向推理找出隐藏风险。请用复盘报告输出，并从“成本”角度做重点判断。要求：先给结论再解释；避免专业黑话；最后给出3条可立即执行的下一步。
1757,创业,创业导师,管理层,短视频脚本,可维护性,准备上线,任务编号 P1757。请扮演创业导师。围绕“创业场景057-准备上线”中的MVP、融资、验证任务，面向管理层，给出低成本试验方案。请用短视频脚本输出，并从“可维护性”角度做重点判断。要求：包含失败预案；用中文输出；最后给出3条可立即执行的下一步。
1758,创业,创业导师,内容创作者,Markdown大纲,长期价值,高不确定性,任务编号 P1758。请扮演创业导师。围绕“创业场景058-高不确定性”中的MVP、融资、验证任务，面向内容创作者，创建对比表并推荐选择。请用Markdown大纲输出，并从“长期价值”角度做重点判断。要求：用中文输出；兼顾成本和效果；最后给出3条可立即执行的下一步。
1759,创业,创业导师,销售团队,JSON结构,质量,远程协作,任务编号 P1759。请扮演创业导师。围绕“创业场景059-远程协作”中的MVP、融资、验证任务，面向销售团队，把长内容压缩成高密度摘要。请用JSON结构输出，并从“质量”角度做重点判断。要求：标注假设和不确定性；避免虚构事实；最后给出3条可立即执行的下一步。
1760,创业,创业导师,教师,复盘报告,用户体验,个人项目,任务编号 P1760。请扮演创业导师。围绕“创业场景060-个人项目”中的MVP、融资、验证任务，面向教师，提出10个创新方向并排序。请用复盘报告输出，并从“用户体验”角度做重点判断。要求：按影响力排序；包含失败预案；最后给出3条可立即执行的下一步。
1761,创业,创业导师,本地用户,短视频脚本,学习曲线,质量波动,任务编号 P1761。请扮演创业导师。围绕“创业场景061-质量波动”中的MVP、融资、验证任务，面向本地用户，设计30天训练计划。请用短视频脚本输出，并从“学习曲线”角度做重点判断。要求：必要时提出澄清问题；语言简洁，不说空话；最后给出3条可立即执行的下一步。
1762,创业,创业导师,创始人,Markdown大纲,效率,用户流失,任务编号 P1762。请扮演创业导师。围绕“创业场景062-用户流失”中的MVP、融资、验证任务，面向创始人，构建决策树帮助判断下一步。请用Markdown大纲输出，并从“效率”角度做重点判断。要求：给出至少一个反例；按难易度排序；最后给出3条可立即执行的下一步。
1763,创业,创业导师,新手用户,JSON结构,风险,内部培训,任务编号 P1763。请扮演创业导师。围绕“创业场景063-内部培训”中的MVP、融资、验证任务，面向新手用户，生成会议讨论提纲。请用JSON结构输出，并从“风险”角度做重点判断。要求：按难易度排序；先给结论再解释；最后给出3条可立即执行的下一步。
1764,创业,创业导师,一线执行团队,复盘报告,增长,需要复盘,任务编号 P1764。请扮演创业导师。围绕“创业场景064-需要复盘”中的MVP、融资、验证任务，面向一线执行团队，写一份面向管理层的简报。请用复盘报告输出，并从“增长”角度做重点判断。要求：避免虚构事实；给出示例输入输出；最后给出3条可立即执行的下一步。
1765,创业,创业导师,开发团队,短视频脚本,短期落地,时间紧迫,任务编号 P1765。请扮演创业导师。围绕“创业场景065-时间紧迫”中的MVP、融资、验证任务，面向开发团队，写一份面向执行者的操作手册。请用短视频脚本输出，并从“短期落地”角度做重点判断。要求：避免专业黑话；给出至少一个反例；最后给出3条可立即执行的下一步。
1766,创业,创业导师,客服团队,Markdown大纲,成本,成熟企业,任务编号 P1766。请扮演创业导师。围绕“创业场景066-成熟企业”中的MVP、融资、验证任务，面向客服团队，建立评估打分表。请用Markdown大纲输出，并从“成本”角度做重点判断。要求：包含衡量标准；保持中立客观；最后给出3条可立即执行的下一步。
1767,创业,创业导师,家长,JSON结构,可维护性,需要降本,任务编号 P1767。请扮演创业导师。围绕“创业场景067-需要降本”中的MVP、融资、验证任务，面向家长，提出自动化改造思路。请用JSON结构输出，并从“可维护性”角度做重点判断。要求：提供简短版本和完整版本；适合在一天内开始执行；最后给出3条可立即执行的下一步。
1768,创业,创业导师,非技术读者,复盘报告,长期价值,流程混乱,任务编号 P1768。请扮演创业导师。围绕“创业场景068-流程混乱”中的MVP、融资、验证任务，面向非技术读者，设计用户调研问题。请用复盘报告输出，并从“长期价值”角度做重点判断。要求：适合在一天内开始执行；必要时提出澄清问题；最后给出3条可立即执行的下一步。
1769,创业,创业导师,中小企业主,短视频脚本,质量,数据不足,任务编号 P1769。请扮演创业导师。围绕“创业场景069-数据不足”中的MVP、融资、验证任务，面向中小企业主，模拟用户反馈并归纳模式。请用短视频脚本输出，并从“质量”角度做重点判断。要求：给出示例输入输出；输出可直接复制使用；最后给出3条可立即执行的下一步。
1770,创业,创业导师,资深从业者,Markdown大纲,用户体验,公开发布,任务编号 P1770。请扮演创业导师。围绕“创业场景070-公开发布”中的MVP、融资、验证任务，面向资深从业者，生成故障排查路径。请用Markdown大纲输出，并从“用户体验”角度做重点判断。要求：语言简洁，不说空话；提供简短版本和完整版本；最后给出3条可立即执行的下一步。
1771,创业,创业导师,自由职业者,JSON结构,学习曲线,多方协作,任务编号 P1771。请扮演创业导师。围绕“创业场景071-多方协作”中的MVP、融资、验证任务，面向自由职业者，把目标拆成里程碑。请用JSON结构输出，并从“学习曲线”角度做重点判断。要求：兼顾成本和效果；按影响力排序；最后给出3条可立即执行的下一步。
1772,创业,创业导师,设计团队,复盘报告,效率,预算有限,任务编号 P1772。请扮演创业导师。围绕“创业场景072-预算有限”中的MVP、融资、验证任务，面向设计团队，提出可复用命名规范。请用复盘报告输出，并从“效率”角度做重点判断。要求：指出最容易忽略的细节；包含可执行下一步；最后给出3条可立即执行的下一步。
1773,创业,创业导师,投资人,短视频脚本,风险,初创团队,任务编号 P1773。请扮演创业导师。围绕“创业场景073-初创团队”中的MVP、融资、验证任务，面向投资人，创建风险登记册。请用短视频脚本输出，并从“风险”角度做重点判断。要求：包含可执行下一步；包含衡量标准；最后给出3条可立即执行的下一步。
1774,创业,创业导师,海外用户,Markdown大纲,增长,需要扩张,任务编号 P1774。请扮演创业导师。围绕“创业场景074-需要扩张”中的MVP、融资、验证任务，面向海外用户，制定一份可执行方案。请用Markdown大纲输出，并从“增长”角度做重点判断。要求：输出可直接复制使用；标注假设和不确定性；最后给出3条可立即执行的下一步。
1775,创业,创业导师,专家评审,JSON结构,短期落地,新市场验证,任务编号 P1775。请扮演创业导师。围绕“创业场景075-新市场验证”中的MVP、融资、验证任务，面向专家评审，列出关键问题并给出优先级。请用JSON结构输出，并从“短期落地”角度做重点判断。要求：保持中立客观；指出最容易忽略的细节；最后给出3条可立即执行的下一步。
1776,创业,创业导师,大学生,复盘报告,成本,竞品压力,任务编号 P1776。请扮演创业导师。围绕“创业场景076-竞品压力”中的MVP、融资、验证任务，面向大学生，生成三种风格完全不同的版本。请用复盘报告输出，并从“成本”角度做重点判断。要求：先给结论再解释；避免专业黑话；最后给出3条可立即执行的下一步。
1777,创业,创业导师,管理层,短视频脚本,可维护性,准备上线,任务编号 P1777。请扮演创业导师。围绕“创业场景077-准备上线”中的MVP、融资、验证任务，面向管理层，把复杂内容改写成新手也能懂的说明。请用短视频脚本输出，并从“可维护性”角度做重点判断。要求：包含失败预案；用中文输出；最后给出3条可立即执行的下一步。
1778,创业,创业导师,内容创作者,Markdown大纲,长期价值,高不确定性,任务编号 P1778。请扮演创业导师。围绕“创业场景078-高不确定性”中的MVP、融资、验证任务，面向内容创作者，设计一个从零到一的工作流。请用Markdown大纲输出，并从“长期价值”角度做重点判断。要求：用中文输出；兼顾成本和效果；最后给出3条可立即执行的下一步。
1779,创业,创业导师,销售团队,JSON结构,质量,远程协作,任务编号 P1779。请扮演创业导师。围绕“创业场景079-远程协作”中的MVP、融资、验证任务，面向销售团队，创建检查清单并标注常见坑。请用JSON结构输出，并从“质量”角度做重点判断。要求：标注假设和不确定性；避免虚构事实；最后给出3条可立即执行的下一步。
1780,创业,创业导师,教师,复盘报告,用户体验,个人项目,任务编号 P1780。请扮演创业导师。围绕“创业场景080-个人项目”中的MVP、融资、验证任务，面向教师，模拟专家评审并指出改进点。请用复盘报告输出，并从“用户体验”角度做重点判断。要求：按影响力排序；包含失败预案；最后给出3条可立即执行的下一步。
1781,创业,创业导师,本地用户,短视频脚本,学习曲线,质量波动,任务编号 P1781。请扮演创业导师。围绕“创业场景081-质量波动”中的MVP、融资、验证任务，面向本地用户，根据目标用户重写表达。请用短视频脚本输出，并从“学习曲线”角度做重点判断。要求：必要时提出澄清问题；语言简洁，不说空话；最后给出3条可立即执行的下一步。
1782,创业,创业导师,创始人,Markdown大纲,效率,用户流失,任务编号 P1782。请扮演创业导师。围绕“创业场景082-用户流失”中的MVP、融资、验证任务，面向创始人，提炼核心洞察并给出行动建议。请用Markdown大纲输出，并从“效率”角度做重点判断。要求：给出至少一个反例；按难易度排序；最后给出3条可立即执行的下一步。
1783,创业,创业导师,新手用户,JSON结构,风险,内部培训,任务编号 P1783。请扮演创业导师。围绕“创业场景083-内部培训”中的MVP、融资、验证任务，面向新手用户，设计一套可量化指标。请用JSON结构输出，并从“风险”角度做重点判断。要求：按难易度排序；先给结论再解释；最后给出3条可立即执行的下一步。
1784,创业,创业导师,一线执行团队,复盘报告,增长,需要复盘,任务编号 P1784。请扮演创业导师。围绕“创业场景084-需要复盘”中的MVP、融资、验证任务，面向一线执行团队，把零散想法整理成结构化大纲。请用复盘报告输出，并从“增长”角度做重点判断。要求：避免虚构事实；给出示例输入输出；最后给出3条可立即执行的下一步。
1785,创业,创业导师,开发团队,短视频脚本,短期落地,时间紧迫,任务编号 P1785。请扮演创业导师。围绕“创业场景085-时间紧迫”中的MVP、融资、验证任务，面向开发团队，生成可直接使用的模板。请用短视频脚本输出，并从“短期落地”角度做重点判断。要求：避免专业黑话；给出至少一个反例；最后给出3条可立即执行的下一步。
1786,创业,创业导师,客服团队,Markdown大纲,成本,成熟企业,任务编号 P1786。请扮演创业导师。围绕“创业场景086-成熟企业”中的MVP、融资、验证任务，面向客服团队，做一次反向推理找出隐藏风险。请用Markdown大纲输出，并从“成本”角度做重点判断。要求：包含衡量标准；保持中立客观；最后给出3条可立即执行的下一步。
1787,创业,创业导师,家长,JSON结构,可维护性,需要降本,任务编号 P1787。请扮演创业导师。围绕“创业场景087-需要降本”中的MVP、融资、验证任务，面向家长，给出低成本试验方案。请用JSON结构输出，并从“可维护性”角度做重点判断。要求：提供简短版本和完整版本；适合在一天内开始执行；最后给出3条可立即执行的下一步。
1788,创业,创业导师,非技术读者,复盘报告,长期价值,流程混乱,任务编号 P1788。请扮演创业导师。围绕“创业场景088-流程混乱”中的MVP、融资、验证任务，面向非技术读者，创建对比表并推荐选择。请用复盘报告输出，并从“长期价值”角度做重点判断。要求：适合在一天内开始执行；必要时提出澄清问题；最后给出3条可立即执行的下一步。
1789,创业,创业导师,中小企业主,短视频脚本,质量,数据不足,任务编号 P1789。请扮演创业导师。围绕“创业场景089-数据不足”中的MVP、融资、验证任务，面向中小企业主，把长内容压缩成高密度摘要。请用短视频脚本输出，并从“质量”角度做重点判断。要求：给出示例输入输出；输出可直接复制使用；最后给出3条可立即执行的下一步。
1790,创业,创业导师,资深从业者,Markdown大纲,用户体验,公开发布,任务编号 P1790。请扮演创业导师。围绕“创业场景090-公开发布”中的MVP、融资、验证任务，面向资深从业者，提出10个创新方向并排序。请用Markdown大纲输出，并从“用户体验”角度做重点判断。要求：语言简洁，不说空话；提供简短版本和完整版本；最后给出3条可立即执行的下一步。
1791,创业,创业导师,自由职业者,JSON结构,学习曲线,多方协作,任务编号 P1791。请扮演创业导师。围绕“创业场景091-多方协作”中的MVP、融资、验证任务，面向自由职业者，设计30天训练计划。请用JSON结构输出，并从“学习曲线”角度做重点判断。要求：兼顾成本和效果；按影响力排序；最后给出3条可立即执行的下一步。
1792,创业,创业导师,设计团队,复盘报告,效率,预算有限,任务编号 P1792。请扮演创业导师。围绕“创业场景092-预算有限”中的MVP、融资、验证任务，面向设计团队，构建决策树帮助判断下一步。请用复盘报告输出，并从“效率”角度做重点判断。要求：指出最容易忽略的细节；包含可执行下一步；最后给出3条可立即执行的下一步。
1793,创业,创业导师,投资人,短视频脚本,风险,初创团队,任务编号 P1793。请扮演创业导师。围绕“创业场景093-初创团队”中的MVP、融资、验证任务，面向投资人，生成会议讨论提纲。请用短视频脚本输出，并从“风险”角度做重点判断。要求：包含可执行下一步；包含衡量标准；最后给出3条可立即执行的下一步。
1794,创业,创业导师,海外用户,Markdown大纲,增长,需要扩张,任务编号 P1794。请扮演创业导师。围绕“创业场景094-需要扩张”中的MVP、融资、验证任务，面向海外用户，写一份面向管理层的简报。请用Markdown大纲输出，并从“增长”角度做重点判断。要求：输出可直接复制使用；标注假设和不确定性；最后给出3条可立即执行的下一步。
1795,创业,创业导师,专家评审,JSON结构,短期落地,新市场验证,任务编号 P1795。请扮演创业导师。围绕“创业场景095-新市场验证”中的MVP、融资、验证任务，面向专家评审，写一份面向执行者的操作手册。请用JSON结构输出，并从“短期落地”角度做重点判断。要求：保持中立客观；指出最容易忽略的细节；最后给出3条可立即执行的下一步。
1796,创业,创业导师,大学生,复盘报告,成本,竞品压力,任务编号 P1796。请扮演创业导师。围绕“创业场景096-竞品压力”中的MVP、融资、验证任务，面向大学生，建立评估打分表。请用复盘报告输出，并从“成本”角度做重点判断。要求：先给结论再解释；避免专业黑话；最后给出3条可立即执行的下一步。
1797,创业,创业导师,管理层,短视频脚本,可维护性,准备上线,任务编号 P1797。请扮演创业导师。围绕“创业场景097-准备上线”中的MVP、融资、验证任务，面向管理层，提出自动化改造思路。请用短视频脚本输出，并从“可维护性”角度做重点判断。要求：包含失败预案；用中文输出；最后给出3条可立即执行的下一步。
1798,创业,创业导师,内容创作者,Markdown大纲,长期价值,高不确定性,任务编号 P1798。请扮演创业导师。围绕“创业场景098-高不确定性”中的MVP、融资、验证任务，面向内容创作者，设计用户调研问题。请用Markdown大纲输出，并从“长期价值”角度做重点判断。要求：用中文输出；兼顾成本和效果；最后给出3条可立即执行的下一步。
1799,创业,创业导师,销售团队,JSON结构,质量,远程协作,任务编号 P1799。请扮演创业导师。围绕“创业场景099-远程协作”中的MVP、融资、验证任务，面向销售团队，模拟用户反馈并归纳模式。请用JSON结构输出，并从“质量”角度做重点判断。要求：标注假设和不确定性；避免虚构事实；最后给出3条可立即执行的下一步。
1800,创业,创业导师,教师,复盘报告,用户体验,个人项目,任务编号 P1800。请扮演创业导师。围绕“创业场景100-个人项目”中的MVP、融资、验证任务，面向教师，生成故障排查路径。请用复盘报告输出，并从“用户体验”角度做重点判断。要求：按影响力排序；包含失败预案；最后给出3条可立即执行的下一步。
1801,电商,电商运营专家,非技术读者,检查清单,长期价值,需要扩张,任务编号 P1801。请扮演电商运营专家。围绕“电商场景001-需要扩张”中的商品、详情页、促销任务，面向非技术读者，构建决策树帮助判断下一步。请用检查清单输出，并从“长期价值”角度做重点判断。要求：避免虚构事实；包含可执行下一步；最后给出3条可立即执行的下一步。
1802,电商,电商运营专家,中小企业主,SOP步骤,质量,新市场验证,任务编号 P1802。请扮演电商运营专家。围绕“电商场景002-新市场验证”中的商品、详情页、促销任务，面向中小企业主，生成会议讨论提纲。请用SOP步骤输出，并从“质量”角度做重点判断。要求：避免专业黑话；包含衡量标准；最后给出3条可立即执行的下一步。
1803,电商,电商运营专家,资深从业者,看板任务,用户体验,竞品压力,任务编号 P1803。请扮演电商运营专家。围绕“电商场景003-竞品压力”中的商品、详情页、促销任务，面向资深从业者，写一份面向管理层的简报。请用看板任务输出，并从“用户体验”角度做重点判断。要求：包含衡量标准；标注假设和不确定性；最后给出3条可立即执行的下一步。
1804,电商,电商运营专家,自由职业者,实验计划,学习曲线,准备上线,任务编号 P1804。请扮演电商运营专家。围绕“电商场景004-准备上线”中的商品、详情页、促销任务，面向自由职业者，写一份面向执行者的操作手册。请用实验计划输出，并从“学习曲线”角度做重点判断。要求：提供简短版本和完整版本；指出最容易忽略的细节；最后给出3条可立即执行的下一步。
1805,电商,电商运营专家,设计团队,检查清单,效率,高不确定性,任务编号 P1805。请扮演电商运营专家。围绕“电商场景005-高不确定性”中的商品、详情页、促销任务，面向设计团队，建立评估打分表。请用检查清单输出，并从“效率”角度做重点判断。要求：适合在一天内开始执行；避免专业黑话；最后给出3条可立即执行的下一步。
1806,电商,电商运营专家,投资人,SOP步骤,风险,远程协作,任务编号 P1806。请扮演电商运营专家。围绕“电商场景006-远程协作”中的商品、详情页、促销任务，面向投资人，提出自动化改造思路。请用SOP步骤输出，并从“风险”角度做重点判断。要求：给出示例输入输出；用中文输出；最后给出3条可立即执行的下一步。
1807,电商,电商运营专家,海外用户,看板任务,增长,个人项目,任务编号 P1807。请扮演电商运营专家。围绕“电商场景007-个人项目”中的商品、详情页、促销任务，面向海外用户，设计用户调研问题。请用看板任务输出，并从“增长”角度做重点判断。要求：语言简洁，不说空话；兼顾成本和效果；最后给出3条可立即执行的下一步。
1808,电商,电商运营专家,专家评审,实验计划,短期落地,质量波动,任务编号 P1808。请扮演电商运营专家。围绕“电商场景008-质量波动”中的商品、详情页、促销任务，面向专家评审，模拟用户反馈并归纳模式。请用实验计划输出，并从“短期落地”角度做重点判断。要求：兼顾成本和效果；避免虚构事实；最后给出3条可立即执行的下一步。
1809,电商,电商运营专家,大学生,检查清单,成本,用户流失,任务编号 P1809。请扮演电商运营专家。围绕“电商场景009-用户流失”中的商品、详情页、促销任务，面向大学生，生成故障排查路径。请用检查清单输出，并从“成本”角度做重点判断。要求：指出最容易忽略的细节；包含失败预案；最后给出3条可立即执行的下一步。
1810,电商,电商运营专家,管理层,SOP步骤,可维护性,内部培训,任务编号 P1810。请扮演电商运营专家。围绕“电商场景010-内部培训”中的商品、详情页、促销任务，面向管理层，把目标拆成里程碑。请用SOP步骤输出，并从“可维护性”角度做重点判断。要求：包含可执行下一步；语言简洁，不说空话；最后给出3条可立即执行的下一步。
1811,电商,电商运营专家,内容创作者,看板任务,长期价值,需要复盘,任务编号 P1811。请扮演电商运营专家。围绕“电商场景011-需要复盘”中的商品、详情页、促销任务，面向内容创作者，提出可复用命名规范。请用看板任务输出，并从“长期价值”角度做重点判断。要求：输出可直接复制使用；按难易度排序；最后给出3条可立即执行的下一步。
1812,电商,电商运营专家,销售团队,实验计划,质量,时间紧迫,任务编号 P1812。请扮演电商运营专家。围绕“电商场景012-时间紧迫”中的商品、详情页、促销任务，面向销售团队，创建风险登记册。请用实验计划输出，并从“质量”角度做重点判断。要求：保持中立客观；先给结论再解释；最后给出3条可立即执行的下一步。
1813,电商,电商运营专家,教师,检查清单,用户体验,成熟企业,任务编号 P1813。请扮演电商运营专家。围绕“电商场景013-成熟企业”中的商品、详情页、促销任务，面向教师，制定一份可执行方案。请用检查清单输出，并从“用户体验”角度做重点判断。要求：先给结论再解释；给出示例输入输出；最后给出3条可立即执行的下一步。
1814,电商,电商运营专家,本地用户,SOP步骤,学习曲线,需要降本,任务编号 P1814。请扮演电商运营专家。围绕“电商场景014-需要降本”中的商品、详情页、促销任务，面向本地用户，列出关键问题并给出优先级。请用SOP步骤输出，并从“学习曲线”角度做重点判断。要求：包含失败预案；给出至少一个反例；最后给出3条可立即执行的下一步。
1815,电商,电商运营专家,创始人,看板任务,效率,流程混乱,任务编号 P1815。请扮演电商运营专家。围绕“电商场景015-流程混乱”中的商品、详情页、促销任务，面向创始人，生成三种风格完全不同的版本。请用看板任务输出，并从“效率”角度做重点判断。要求：用中文输出；保持中立客观；最后给出3条可立即执行的下一步。
1816,电商,电商运营专家,新手用户,实验计划,风险,数据不足,任务编号 P1816。请扮演电商运营专家。围绕“电商场景016-数据不足”中的商品、详情页、促销任务，面向新手用户，把复杂内容改写成新手也能懂的说明。请用实验计划输出，并从“风险”角度做重点判断。要求：标注假设和不确定性；适合在一天内开始执行；最后给出3条可立即执行的下一步。
1817,电商,电商运营专家,一线执行团队,检查清单,增长,公开发布,任务编号 P1817。请扮演电商运营专家。围绕“电商场景017-公开发布”中的商品、详情页、促销任务，面向一线执行团队，设计一个从零到一的工作流。请用检查清单输出，并从“增长”角度做重点判断。要求：按影响力排序；必要时提出澄清问题；最后给出3条可立即执行的下一步。
1818,电商,电商运营专家,开发团队,SOP步骤,短期落地,多方协作,任务编号 P1818。请扮演电商运营专家。围绕“电商场景018-多方协作”中的商品、详情页、促销任务，面向开发团队，创建检查清单并标注常见坑。请用SOP步骤输出，并从“短期落地”角度做重点判断。要求：必要时提出澄清问题；输出可直接复制使用；最后给出3条可立即执行的下一步。
1819,电商,电商运营专家,客服团队,看板任务,成本,预算有限,任务编号 P1819。请扮演电商运营专家。围绕“电商场景019-预算有限”中的商品、详情页、促销任务，面向客服团队，模拟专家评审并指出改进点。请用看板任务输出，并从“成本”角度做重点判断。要求：给出至少一个反例；提供简短版本和完整版本；最后给出3条可立即执行的下一步。
1820,电商,电商运营专家,家长,实验计划,可维护性,初创团队,任务编号 P1820。请扮演电商运营专家。围绕“电商场景020-初创团队”中的商品、详情页、促销任务，面向家长，根据目标用户重写表达。请用实验计划输出，并从“可维护性”角度做重点判断。要求：按难易度排序；按影响力排序；最后给出3条可立即执行的下一步。
1821,电商,电商运营专家,非技术读者,检查清单,长期价值,需要扩张,任务编号 P1821。请扮演电商运营专家。围绕“电商场景021-需要扩张”中的商品、详情页、促销任务，面向非技术读者，提炼核心洞察并给出行动建议。请用检查清单输出，并从“长期价值”角度做重点判断。要求：避免虚构事实；包含可执行下一步；最后给出3条可立即执行的下一步。
1822,电商,电商运营专家,中小企业主,SOP步骤,质量,新市场验证,任务编号 P1822。请扮演电商运营专家。围绕“电商场景022-新市场验证”中的商品、详情页、促销任务，面向中小企业主，设计一套可量化指标。请用SOP步骤输出，并从“质量”角度做重点判断。要求：避免专业黑话；包含衡量标准；最后给出3条可立即执行的下一步。
1823,电商,电商运营专家,资深从业者,看板任务,用户体验,竞品压力,任务编号 P1823。请扮演电商运营专家。围绕“电商场景023-竞品压力”中的商品、详情页、促销任务，面向资深从业者，把零散想法整理成结构化大纲。请用看板任务输出，并从“用户体验”角度做重点判断。要求：包含衡量标准；标注假设和不确定性；最后给出3条可立即执行的下一步。
1824,电商,电商运营专家,自由职业者,实验计划,学习曲线,准备上线,任务编号 P1824。请扮演电商运营专家。围绕“电商场景024-准备上线”中的商品、详情页、促销任务，面向自由职业者，生成可直接使用的模板。请用实验计划输出，并从“学习曲线”角度做重点判断。要求：提供简短版本和完整版本；指出最容易忽略的细节；最后给出3条可立即执行的下一步。
1825,电商,电商运营专家,设计团队,检查清单,效率,高不确定性,任务编号 P1825。请扮演电商运营专家。围绕“电商场景025-高不确定性”中的商品、详情页、促销任务，面向设计团队，做一次反向推理找出隐藏风险。请用检查清单输出，并从“效率”角度做重点判断。要求：适合在一天内开始执行；避免专业黑话；最后给出3条可立即执行的下一步。
1826,电商,电商运营专家,投资人,SOP步骤,风险,远程协作,任务编号 P1826。请扮演电商运营专家。围绕“电商场景026-远程协作”中的商品、详情页、促销任务，面向投资人，给出低成本试验方案。请用SOP步骤输出，并从“风险”角度做重点判断。要求：给出示例输入输出；用中文输出；最后给出3条可立即执行的下一步。
1827,电商,电商运营专家,海外用户,看板任务,增长,个人项目,任务编号 P1827。请扮演电商运营专家。围绕“电商场景027-个人项目”中的商品、详情页、促销任务，面向海外用户，创建对比表并推荐选择。请用看板任务输出，并从“增长”角度做重点判断。要求：语言简洁，不说空话；兼顾成本和效果；最后给出3条可立即执行的下一步。
1828,电商,电商运营专家,专家评审,实验计划,短期落地,质量波动,任务编号 P1828。请扮演电商运营专家。围绕“电商场景028-质量波动”中的商品、详情页、促销任务，面向专家评审，把长内容压缩成高密度摘要。请用实验计划输出，并从“短期落地”角度做重点判断。要求：兼顾成本和效果；避免虚构事实；最后给出3条可立即执行的下一步。
1829,电商,电商运营专家,大学生,检查清单,成本,用户流失,任务编号 P1829。请扮演电商运营专家。围绕“电商场景029-用户流失”中的商品、详情页、促销任务，面向大学生，提出10个创新方向并排序。请用检查清单输出，并从“成本”角度做重点判断。要求：指出最容易忽略的细节；包含失败预案；最后给出3条可立即执行的下一步。
1830,电商,电商运营专家,管理层,SOP步骤,可维护性,内部培训,任务编号 P1830。请扮演电商运营专家。围绕“电商场景030-内部培训”中的商品、详情页、促销任务，面向管理层，设计30天训练计划。请用SOP步骤输出，并从“可维护性”角度做重点判断。要求：包含可执行下一步；语言简洁，不说空话；最后给出3条可立即执行的下一步。
1831,电商,电商运营专家,内容创作者,看板任务,长期价值,需要复盘,任务编号 P1831。请扮演电商运营专家。围绕“电商场景031-需要复盘”中的商品、详情页、促销任务，面向内容创作者，构建决策树帮助判断下一步。请用看板任务输出，并从“长期价值”角度做重点判断。要求：输出可直接复制使用；按难易度排序；最后给出3条可立即执行的下一步。
1832,电商,电商运营专家,销售团队,实验计划,质量,时间紧迫,任务编号 P1832。请扮演电商运营专家。围绕“电商场景032-时间紧迫”中的商品、详情页、促销任务，面向销售团队，生成会议讨论提纲。请用实验计划输出，并从“质量”角度做重点判断。要求：保持中立客观；先给结论再解释；最后给出3条可立即执行的下一步。
1833,电商,电商运营专家,教师,检查清单,用户体验,成熟企业,任务编号 P1833。请扮演电商运营专家。围绕“电商场景033-成熟企业”中的商品、详情页、促销任务，面向教师，写一份面向管理层的简报。请用检查清单输出，并从“用户体验”角度做重点判断。要求：先给结论再解释；给出示例输入输出；最后给出3条可立即执行的下一步。
1834,电商,电商运营专家,本地用户,SOP步骤,学习曲线,需要降本,任务编号 P1834。请扮演电商运营专家。围绕“电商场景034-需要降本”中的商品、详情页、促销任务，面向本地用户，写一份面向执行者的操作手册。请用SOP步骤输出，并从“学习曲线”角度做重点判断。要求：包含失败预案；给出至少一个反例；最后给出3条可立即执行的下一步。
1835,电商,电商运营专家,创始人,看板任务,效率,流程混乱,任务编号 P1835。请扮演电商运营专家。围绕“电商场景035-流程混乱”中的商品、详情页、促销任务，面向创始人，建立评估打分表。请用看板任务输出，并从“效率”角度做重点判断。要求：用中文输出；保持中立客观；最后给出3条可立即执行的下一步。
1836,电商,电商运营专家,新手用户,实验计划,风险,数据不足,任务编号 P1836。请扮演电商运营专家。围绕“电商场景036-数据不足”中的商品、详情页、促销任务，面向新手用户，提出自动化改造思路。请用实验计划输出，并从“风险”角度做重点判断。要求：标注假设和不确定性；适合在一天内开始执行；最后给出3条可立即执行的下一步。
1837,电商,电商运营专家,一线执行团队,检查清单,增长,公开发布,任务编号 P1837。请扮演电商运营专家。围绕“电商场景037-公开发布”中的商品、详情页、促销任务，面向一线执行团队，设计用户调研问题。请用检查清单输出，并从“增长”角度做重点判断。要求：按影响力排序；必要时提出澄清问题；最后给出3条可立即执行的下一步。
1838,电商,电商运营专家,开发团队,SOP步骤,短期落地,多方协作,任务编号 P1838。请扮演电商运营专家。围绕“电商场景038-多方协作”中的商品、详情页、促销任务，面向开发团队，模拟用户反馈并归纳模式。请用SOP步骤输出，并从“短期落地”角度做重点判断。要求：必要时提出澄清问题；输出可直接复制使用；最后给出3条可立即执行的下一步。
1839,电商,电商运营专家,客服团队,看板任务,成本,预算有限,任务编号 P1839。请扮演电商运营专家。围绕“电商场景039-预算有限”中的商品、详情页、促销任务，面向客服团队，生成故障排查路径。请用看板任务输出，并从“成本”角度做重点判断。要求：给出至少一个反例；提供简短版本和完整版本；最后给出3条可立即执行的下一步。
1840,电商,电商运营专家,家长,实验计划,可维护性,初创团队,任务编号 P1840。请扮演电商运营专家。围绕“电商场景040-初创团队”中的商品、详情页、促销任务，面向家长，把目标拆成里程碑。请用实验计划输出，并从“可维护性”角度做重点判断。要求：按难易度排序；按影响力排序；最后给出3条可立即执行的下一步。
1841,电商,电商运营专家,非技术读者,检查清单,长期价值,需要扩张,任务编号 P1841。请扮演电商运营专家。围绕“电商场景041-需要扩张”中的商品、详情页、促销任务，面向非技术读者，提出可复用命名规范。请用检查清单输出，并从“长期价值”角度做重点判断。要求：避免虚构事实；包含可执行下一步；最后给出3条可立即执行的下一步。
1842,电商,电商运营专家,中小企业主,SOP步骤,质量,新市场验证,任务编号 P1842。请扮演电商运营专家。围绕“电商场景042-新市场验证”中的商品、详情页、促销任务，面向中小企业主，创建风险登记册。请用SOP步骤输出，并从“质量”角度做重点判断。要求：避免专业黑话；包含衡量标准；最后给出3条可立即执行的下一步。
1843,电商,电商运营专家,资深从业者,看板任务,用户体验,竞品压力,任务编号 P1843。请扮演电商运营专家。围绕“电商场景043-竞品压力”中的商品、详情页、促销任务，面向资深从业者，制定一份可执行方案。请用看板任务输出，并从“用户体验”角度做重点判断。要求：包含衡量标准；标注假设和不确定性；最后给出3条可立即执行的下一步。
1844,电商,电商运营专家,自由职业者,实验计划,学习曲线,准备上线,任务编号 P1844。请扮演电商运营专家。围绕“电商场景044-准备上线”中的商品、详情页、促销任务，面向自由职业者，列出关键问题并给出优先级。请用实验计划输出，并从“学习曲线”角度做重点判断。要求：提供简短版本和完整版本；指出最容易忽略的细节；最后给出3条可立即执行的下一步。
1845,电商,电商运营专家,设计团队,检查清单,效率,高不确定性,任务编号 P1845。请扮演电商运营专家。围绕“电商场景045-高不确定性”中的商品、详情页、促销任务，面向设计团队，生成三种风格完全不同的版本。请用检查清单输出，并从“效率”角度做重点判断。要求：适合在一天内开始执行；避免专业黑话；最后给出3条可立即执行的下一步。
1846,电商,电商运营专家,投资人,SOP步骤,风险,远程协作,任务编号 P1846。请扮演电商运营专家。围绕“电商场景046-远程协作”中的商品、详情页、促销任务，面向投资人，把复杂内容改写成新手也能懂的说明。请用SOP步骤输出，并从“风险”角度做重点判断。要求：给出示例输入输出；用中文输出；最后给出3条可立即执行的下一步。
1847,电商,电商运营专家,海外用户,看板任务,增长,个人项目,任务编号 P1847。请扮演电商运营专家。围绕“电商场景047-个人项目”中的商品、详情页、促销任务，面向海外用户，设计一个从零到一的工作流。请用看板任务输出，并从“增长”角度做重点判断。要求：语言简洁，不说空话；兼顾成本和效果；最后给出3条可立即执行的下一步。
1848,电商,电商运营专家,专家评审,实验计划,短期落地,质量波动,任务编号 P1848。请扮演电商运营专家。围绕“电商场景048-质量波动”中的商品、详情页、促销任务，面向专家评审，创建检查清单并标注常见坑。请用实验计划输出，并从“短期落地”角度做重点判断。要求：兼顾成本和效果；避免虚构事实；最后给出3条可立即执行的下一步。
1849,电商,电商运营专家,大学生,检查清单,成本,用户流失,任务编号 P1849。请扮演电商运营专家。围绕“电商场景049-用户流失”中的商品、详情页、促销任务，面向大学生，模拟专家评审并指出改进点。请用检查清单输出，并从“成本”角度做重点判断。要求：指出最容易忽略的细节；包含失败预案；最后给出3条可立即执行的下一步。
1850,电商,电商运营专家,管理层,SOP步骤,可维护性,内部培训,任务编号 P1850。请扮演电商运营专家。围绕“电商场景050-内部培训”中的商品、详情页、促销任务，面向管理层，根据目标用户重写表达。请用SOP步骤输出，并从“可维护性”角度做重点判断。要求：包含可执行下一步；语言简洁，不说空话；最后给出3条可立即执行的下一步。
1851,电商,电商运营专家,内容创作者,看板任务,长期价值,需要复盘,任务编号 P1851。请扮演电商运营专家。围绕“电商场景051-需要复盘”中的商品、详情页、促销任务，面向内容创作者，提炼核心洞察并给出行动建议。请用看板任务输出，并从“长期价值”角度做重点判断。要求：输出可直接复制使用；按难易度排序；最后给出3条可立即执行的下一步。
1852,电商,电商运营专家,销售团队,实验计划,质量,时间紧迫,任务编号 P1852。请扮演电商运营专家。围绕“电商场景052-时间紧迫”中的商品、详情页、促销任务，面向销售团队，设计一套可量化指标。请用实验计划输出，并从“质量”角度做重点判断。要求：保持中立客观；先给结论再解释；最后给出3条可立即执行的下一步。
1853,电商,电商运营专家,教师,检查清单,用户体验,成熟企业,任务编号 P1853。请扮演电商运营专家。围绕“电商场景053-成熟企业”中的商品、详情页、促销任务，面向教师，把零散想法整理成结构化大纲。请用检查清单输出，并从“用户体验”角度做重点判断。要求：先给结论再解释；给出示例输入输出；最后给出3条可立即执行的下一步。
1854,电商,电商运营专家,本地用户,SOP步骤,学习曲线,需要降本,任务编号 P1854。请扮演电商运营专家。围绕“电商场景054-需要降本”中的商品、详情页、促销任务，面向本地用户，生成可直接使用的模板。请用SOP步骤输出，并从“学习曲线”角度做重点判断。要求：包含失败预案；给出至少一个反例；最后给出3条可立即执行的下一步。
1855,电商,电商运营专家,创始人,看板任务,效率,流程混乱,任务编号 P1855。请扮演电商运营专家。围绕“电商场景055-流程混乱”中的商品、详情页、促销任务，面向创始人，做一次反向推理找出隐藏风险。请用看板任务输出，并从“效率”角度做重点判断。要求：用中文输出；保持中立客观；最后给出3条可立即执行的下一步。
1856,电商,电商运营专家,新手用户,实验计划,风险,数据不足,任务编号 P1856。请扮演电商运营专家。围绕“电商场景056-数据不足”中的商品、详情页、促销任务，面向新手用户，给出低成本试验方案。请用实验计划输出，并从“风险”角度做重点判断。要求：标注假设和不确定性；适合在一天内开始执行；最后给出3条可立即执行的下一步。
1857,电商,电商运营专家,一线执行团队,检查清单,增长,公开发布,任务编号 P1857。请扮演电商运营专家。围绕“电商场景057-公开发布”中的商品、详情页、促销任务，面向一线执行团队，创建对比表并推荐选择。请用检查清单输出，并从“增长”角度做重点判断。要求：按影响力排序；必要时提出澄清问题；最后给出3条可立即执行的下一步。
1858,电商,电商运营专家,开发团队,SOP步骤,短期落地,多方协作,任务编号 P1858。请扮演电商运营专家。围绕“电商场景058-多方协作”中的商品、详情页、促销任务，面向开发团队，把长内容压缩成高密度摘要。请用SOP步骤输出，并从“短期落地”角度做重点判断。要求：必要时提出澄清问题；输出可直接复制使用；最后给出3条可立即执行的下一步。
1859,电商,电商运营专家,客服团队,看板任务,成本,预算有限,任务编号 P1859。请扮演电商运营专家。围绕“电商场景059-预算有限”中的商品、详情页、促销任务，面向客服团队，提出10个创新方向并排序。请用看板任务输出，并从“成本”角度做重点判断。要求：给出至少一个反例；提供简短版本和完整版本；最后给出3条可立即执行的下一步。
1860,电商,电商运营专家,家长,实验计划,可维护性,初创团队,任务编号 P1860。请扮演电商运营专家。围绕“电商场景060-初创团队”中的商品、详情页、促销任务，面向家长，设计30天训练计划。请用实验计划输出，并从“可维护性”角度做重点判断。要求：按难易度排序；按影响力排序；最后给出3条可立即执行的下一步。
1861,电商,电商运营专家,非技术读者,检查清单,长期价值,需要扩张,任务编号 P1861。请扮演电商运营专家。围绕“电商场景061-需要扩张”中的商品、详情页、促销任务，面向非技术读者，构建决策树帮助判断下一步。请用检查清单输出，并从“长期价值”角度做重点判断。要求：避免虚构事实；包含可执行下一步；最后给出3条可立即执行的下一步。
1862,电商,电商运营专家,中小企业主,SOP步骤,质量,新市场验证,任务编号 P1862。请扮演电商运营专家。围绕“电商场景062-新市场验证”中的商品、详情页、促销任务，面向中小企业主，生成会议讨论提纲。请用SOP步骤输出，并从“质量”角度做重点判断。要求：避免专业黑话；包含衡量标准；最后给出3条可立即执行的下一步。
1863,电商,电商运营专家,资深从业者,看板任务,用户体验,竞品压力,任务编号 P1863。请扮演电商运营专家。围绕“电商场景063-竞品压力”中的商品、详情页、促销任务，面向资深从业者，写一份面向管理层的简报。请用看板任务输出，并从“用户体验”角度做重点判断。要求：包含衡量标准；标注假设和不确定性；最后给出3条可立即执行的下一步。
1864,电商,电商运营专家,自由职业者,实验计划,学习曲线,准备上线,任务编号 P1864。请扮演电商运营专家。围绕“电商场景064-准备上线”中的商品、详情页、促销任务，面向自由职业者，写一份面向执行者的操作手册。请用实验计划输出，并从“学习曲线”角度做重点判断。要求：提供简短版本和完整版本；指出最容易忽略的细节；最后给出3条可立即执行的下一步。
1865,电商,电商运营专家,设计团队,检查清单,效率,高不确定性,任务编号 P1865。请扮演电商运营专家。围绕“电商场景065-高不确定性”中的商品、详情页、促销任务，面向设计团队，建立评估打分表。请用检查清单输出，并从“效率”角度做重点判断。要求：适合在一天内开始执行；避免专业黑话；最后给出3条可立即执行的下一步。
1866,电商,电商运营专家,投资人,SOP步骤,风险,远程协作,任务编号 P1866。请扮演电商运营专家。围绕“电商场景066-远程协作”中的商品、详情页、促销任务，面向投资人，提出自动化改造思路。请用SOP步骤输出，并从“风险”角度做重点判断。要求：给出示例输入输出；用中文输出；最后给出3条可立即执行的下一步。
1867,电商,电商运营专家,海外用户,看板任务,增长,个人项目,任务编号 P1867。请扮演电商运营专家。围绕“电商场景067-个人项目”中的商品、详情页、促销任务，面向海外用户，设计用户调研问题。请用看板任务输出，并从“增长”角度做重点判断。要求：语言简洁，不说空话；兼顾成本和效果；最后给出3条可立即执行的下一步。
1868,电商,电商运营专家,专家评审,实验计划,短期落地,质量波动,任务编号 P1868。请扮演电商运营专家。围绕“电商场景068-质量波动”中的商品、详情页、促销任务，面向专家评审，模拟用户反馈并归纳模式。请用实验计划输出，并从“短期落地”角度做重点判断。要求：兼顾成本和效果；避免虚构事实；最后给出3条可立即执行的下一步。
1869,电商,电商运营专家,大学生,检查清单,成本,用户流失,任务编号 P1869。请扮演电商运营专家。围绕“电商场景069-用户流失”中的商品、详情页、促销任务，面向大学生，生成故障排查路径。请用检查清单输出，并从“成本”角度做重点判断。要求：指出最容易忽略的细节；包含失败预案；最后给出3条可立即执行的下一步。
1870,电商,电商运营专家,管理层,SOP步骤,可维护性,内部培训,任务编号 P1870。请扮演电商运营专家。围绕“电商场景070-内部培训”中的商品、详情页、促销任务，面向管理层，把目标拆成里程碑。请用SOP步骤输出，并从“可维护性”角度做重点判断。要求：包含可执行下一步；语言简洁，不说空话；最后给出3条可立即执行的下一步。
1871,电商,电商运营专家,内容创作者,看板任务,长期价值,需要复盘,任务编号 P1871。请扮演电商运营专家。围绕“电商场景071-需要复盘”中的商品、详情页、促销任务，面向内容创作者，提出可复用命名规范。请用看板任务输出，并从“长期价值”角度做重点判断。要求：输出可直接复制使用；按难易度排序；最后给出3条可立即执行的下一步。
1872,电商,电商运营专家,销售团队,实验计划,质量,时间紧迫,任务编号 P1872。请扮演电商运营专家。围绕“电商场景072-时间紧迫”中的商品、详情页、促销任务，面向销售团队，创建风险登记册。请用实验计划输出，并从“质量”角度做重点判断。要求：保持中立客观；先给结论再解释；最后给出3条可立即执行的下一步。
1873,电商,电商运营专家,教师,检查清单,用户体验,成熟企业,任务编号 P1873。请扮演电商运营专家。围绕“电商场景073-成熟企业”中的商品、详情页、促销任务，面向教师，制定一份可执行方案。请用检查清单输出，并从“用户体验”角度做重点判断。要求：先给结论再解释；给出示例输入输出；最后给出3条可立即执行的下一步。
1874,电商,电商运营专家,本地用户,SOP步骤,学习曲线,需要降本,任务编号 P1874。请扮演电商运营专家。围绕“电商场景074-需要降本”中的商品、详情页、促销任务，面向本地用户，列出关键问题并给出优先级。请用SOP步骤输出，并从“学习曲线”角度做重点判断。要求：包含失败预案；给出至少一个反例；最后给出3条可立即执行的下一步。
1875,电商,电商运营专家,创始人,看板任务,效率,流程混乱,任务编号 P1875。请扮演电商运营专家。围绕“电商场景075-流程混乱”中的商品、详情页、促销任务，面向创始人，生成三种风格完全不同的版本。请用看板任务输出，并从“效率”角度做重点判断。要求：用中文输出；保持中立客观；最后给出3条可立即执行的下一步。
1876,电商,电商运营专家,新手用户,实验计划,风险,数据不足,任务编号 P1876。请扮演电商运营专家。围绕“电商场景076-数据不足”中的商品、详情页、促销任务，面向新手用户，把复杂内容改写成新手也能懂的说明。请用实验计划输出，并从“风险”角度做重点判断。要求：标注假设和不确定性；适合在一天内开始执行；最后给出3条可立即执行的下一步。
1877,电商,电商运营专家,一线执行团队,检查清单,增长,公开发布,任务编号 P1877。请扮演电商运营专家。围绕“电商场景077-公开发布”中的商品、详情页、促销任务，面向一线执行团队，设计一个从零到一的工作流。请用检查清单输出，并从“增长”角度做重点判断。要求：按影响力排序；必要时提出澄清问题；最后给出3条可立即执行的下一步。
1878,电商,电商运营专家,开发团队,SOP步骤,短期落地,多方协作,任务编号 P1878。请扮演电商运营专家。围绕“电商场景078-多方协作”中的商品、详情页、促销任务，面向开发团队，创建检查清单并标注常见坑。请用SOP步骤输出，并从“短期落地”角度做重点判断。要求：必要时提出澄清问题；输出可直接复制使用；最后给出3条可立即执行的下一步。
1879,电商,电商运营专家,客服团队,看板任务,成本,预算有限,任务编号 P1879。请扮演电商运营专家。围绕“电商场景079-预算有限”中的商品、详情页、促销任务，面向客服团队，模拟专家评审并指出改进点。请用看板任务输出，并从“成本”角度做重点判断。要求：给出至少一个反例；提供简短版本和完整版本；最后给出3条可立即执行的下一步。
1880,电商,电商运营专家,家长,实验计划,可维护性,初创团队,任务编号 P1880。请扮演电商运营专家。围绕“电商场景080-初创团队”中的商品、详情页、促销任务，面向家长，根据目标用户重写表达。请用实验计划输出，并从“可维护性”角度做重点判断。要求：按难易度排序；按影响力排序；最后给出3条可立即执行的下一步。
1881,电商,电商运营专家,非技术读者,检查清单,长期价值,需要扩张,任务编号 P1881。请扮演电商运营专家。围绕“电商场景081-需要扩张”中的商品、详情页、促销任务，面向非技术读者，提炼核心洞察并给出行动建议。请用检查清单输出，并从“长期价值”角度做重点判断。要求：避免虚构事实；包含可执行下一步；最后给出3条可立即执行的下一步。
1882,电商,电商运营专家,中小企业主,SOP步骤,质量,新市场验证,任务编号 P1882。请扮演电商运营专家。围绕“电商场景082-新市场验证”中的商品、详情页、促销任务，面向中小企业主，设计一套可量化指标。请用SOP步骤输出，并从“质量”角度做重点判断。要求：避免专业黑话；包含衡量标准；最后给出3条可立即执行的下一步。
1883,电商,电商运营专家,资深从业者,看板任务,用户体验,竞品压力,任务编号 P1883。请扮演电商运营专家。围绕“电商场景083-竞品压力”中的商品、详情页、促销任务，面向资深从业者，把零散想法整理成结构化大纲。请用看板任务输出，并从“用户体验”角度做重点判断。要求：包含衡量标准；标注假设和不确定性；最后给出3条可立即执行的下一步。
1884,电商,电商运营专家,自由职业者,实验计划,学习曲线,准备上线,任务编号 P1884。请扮演电商运营专家。围绕“电商场景084-准备上线”中的商品、详情页、促销任务，面向自由职业者，生成可直接使用的模板。请用实验计划输出，并从“学习曲线”角度做重点判断。要求：提供简短版本和完整版本；指出最容易忽略的细节；最后给出3条可立即执行的下一步。
1885,电商,电商运营专家,设计团队,检查清单,效率,高不确定性,任务编号 P1885。请扮演电商运营专家。围绕“电商场景085-高不确定性”中的商品、详情页、促销任务，面向设计团队，做一次反向推理找出隐藏风险。请用检查清单输出，并从“效率”角度做重点判断。要求：适合在一天内开始执行；避免专业黑话；最后给出3条可立即执行的下一步。
1886,电商,电商运营专家,投资人,SOP步骤,风险,远程协作,任务编号 P1886。请扮演电商运营专家。围绕“电商场景086-远程协作”中的商品、详情页、促销任务，面向投资人，给出低成本试验方案。请用SOP步骤输出，并从“风险”角度做重点判断。要求：给出示例输入输出；用中文输出；最后给出3条可立即执行的下一步。
1887,电商,电商运营专家,海外用户,看板任务,增长,个人项目,任务编号 P1887。请扮演电商运营专家。围绕“电商场景087-个人项目”中的商品、详情页、促销任务，面向海外用户，创建对比表并推荐选择。请用看板任务输出，并从“增长”角度做重点判断。要求：语言简洁，不说空话；兼顾成本和效果；最后给出3条可立即执行的下一步。
1888,电商,电商运营专家,专家评审,实验计划,短期落地,质量波动,任务编号 P1888。请扮演电商运营专家。围绕“电商场景088-质量波动”中的商品、详情页、促销任务，面向专家评审，把长内容压缩成高密度摘要。请用实验计划输出，并从“短期落地”角度做重点判断。要求：兼顾成本和效果；避免虚构事实；最后给出3条可立即执行的下一步。
1889,电商,电商运营专家,大学生,检查清单,成本,用户流失,任务编号 P1889。请扮演电商运营专家。围绕“电商场景089-用户流失”中的商品、详情页、促销任务，面向大学生，提出10个创新方向并排序。请用检查清单输出，并从“成本”角度做重点判断。要求：指出最容易忽略的细节；包含失败预案；最后给出3条可立即执行的下一步。
1890,电商,电商运营专家,管理层,SOP步骤,可维护性,内部培训,任务编号 P1890。请扮演电商运营专家。围绕“电商场景090-内部培训”中的商品、详情页、促销任务，面向管理层，设计30天训练计划。请用SOP步骤输出，并从“可维护性”角度做重点判断。要求：包含可执行下一步；语言简洁，不说空话；最后给出3条可立即执行的下一步。
1891,电商,电商运营专家,内容创作者,看板任务,长期价值,需要复盘,任务编号 P1891。请扮演电商运营专家。围绕“电商场景091-需要复盘”中的商品、详情页、促销任务，面向内容创作者，构建决策树帮助判断下一步。请用看板任务输出，并从“长期价值”角度做重点判断。要求：输出可直接复制使用；按难易度排序；最后给出3条可立即执行的下一步。
1892,电商,电商运营专家,销售团队,实验计划,质量,时间紧迫,任务编号 P1892。请扮演电商运营专家。围绕“电商场景092-时间紧迫”中的商品、详情页、促销任务，面向销售团队，生成会议讨论提纲。请用实验计划输出，并从“质量”角度做重点判断。要求：保持中立客观；先给结论再解释；最后给出3条可立即执行的下一步。
1893,电商,电商运营专家,教师,检查清单,用户体验,成熟企业,任务编号 P1893。请扮演电商运营专家。围绕“电商场景093-成熟企业”中的商品、详情页、促销任务，面向教师，写一份面向管理层的简报。请用检查清单输出，并从“用户体验”角度做重点判断。要求：先给结论再解释；给出示例输入输出；最后给出3条可立即执行的下一步。
1894,电商,电商运营专家,本地用户,SOP步骤,学习曲线,需要降本,任务编号 P1894。请扮演电商运营专家。围绕“电商场景094-需要降本”中的商品、详情页、促销任务，面向本地用户，写一份面向执行者的操作手册。请用SOP步骤输出，并从“学习曲线”角度做重点判断。要求：包含失败预案；给出至少一个反例；最后给出3条可立即执行的下一步。
1895,电商,电商运营专家,创始人,看板任务,效率,流程混乱,任务编号 P1895。请扮演电商运营专家。围绕“电商场景095-流程混乱”中的商品、详情页、促销任务，面向创始人，建立评估打分表。请用看板任务输出，并从“效率”角度做重点判断。要求：用中文输出；保持中立客观；最后给出3条可立即执行的下一步。
1896,电商,电商运营专家,新手用户,实验计划,风险,数据不足,任务编号 P1896。请扮演电商运营专家。围绕“电商场景096-数据不足”中的商品、详情页、促销任务，面向新手用户，提出自动化改造思路。请用实验计划输出，并从“风险”角度做重点判断。要求：标注假设和不确定性；适合在一天内开始执行；最后给出3条可立即执行的下一步。
1897,电商,电商运营专家,一线执行团队,检查清单,增长,公开发布,任务编号 P1897。请扮演电商运营专家。围绕“电商场景097-公开发布”中的商品、详情页、促销任务，面向一线执行团队，设计用户调研问题。请用检查清单输出，并从“增长”角度做重点判断。要求：按影响力排序；必要时提出澄清问题；最后给出3条可立即执行的下一步。
1898,电商,电商运营专家,开发团队,SOP步骤,短期落地,多方协作,任务编号 P1898。请扮演电商运营专家。围绕“电商场景098-多方协作”中的商品、详情页、促销任务，面向开发团队，模拟用户反馈并归纳模式。请用SOP步骤输出，并从“短期落地”角度做重点判断。要求：必要时提出澄清问题；输出可直接复制使用；最后给出3条可立即执行的下一步。
1899,电商,电商运营专家,客服团队,看板任务,成本,预算有限,任务编号 P1899。请扮演电商运营专家。围绕“电商场景099-预算有限”中的商品、详情页、促销任务，面向客服团队，生成故障排查路径。请用看板任务输出，并从“成本”角度做重点判断。要求：给出至少一个反例；提供简短版本和完整版本；最后给出3条可立即执行的下一步。
1900,电商,电商运营专家,家长,实验计划,可维护性,初创团队,任务编号 P1900。请扮演电商运营专家。围绕“电商场景100-初创团队”中的商品、详情页、促销任务，面向家长，把目标拆成里程碑。请用实验计划输出，并从“可维护性”角度做重点判断。要求：按难易度排序；按影响力排序；最后给出3条可立即执行的下一步。
1901,SEO,SEO顾问,专家评审,对比分析,短期落地,需要降本,任务编号 P1901。请扮演SEO顾问。围绕“SEO场景001-需要降本”中的关键词、内容集群、内链任务，面向专家评审，生成会议讨论提纲。请用对比分析输出，并从“短期落地”角度做重点判断。要求：提供简短版本和完整版本；先给结论再解释；最后给出3条可立即执行的下一步。
1902,SEO,SEO顾问,大学生,一页纸简报,成本,流程混乱,任务编号 P1902。请扮演SEO顾问。围绕“SEO场景002-流程混乱”中的关键词、内容集群、内链任务，面向大学生，写一份面向管理层的简报。请用一页纸简报输出，并从“成本”角度做重点判断。要求：适合在一天内开始执行；给出示例输入输出；最后给出3条可立即执行的下一步。
1903,SEO,SEO顾问,管理层,评分矩阵,可维护性,数据不足,任务编号 P1903。请扮演SEO顾问。围绕“SEO场景003-数据不足”中的关键词、内容集群、内链任务，面向管理层，写一份面向执行者的操作手册。请用评分矩阵输出，并从“可维护性”角度做重点判断。要求：给出示例输入输出；给出至少一个反例；最后给出3条可立即执行的下一步。
1904,SEO,SEO顾问,内容创作者,用户故事,长期价值,公开发布,任务编号 P1904。请扮演SEO顾问。围绕“SEO场景004-公开发布”中的关键词、内容集群、内链任务，面向内容创作者，建立评估打分表。请用用户故事输出，并从“长期价值”角度做重点判断。要求：语言简洁，不说空话；保持中立客观；最后给出3条可立即执行的下一步。
1905,SEO,SEO顾问,销售团队,对比分析,质量,多方协作,任务编号 P1905。请扮演SEO顾问。围绕“SEO场景005-多方协作”中的关键词、内容集群、内链任务，面向销售团队，提出自动化改造思路。请用对比分析输出，并从“质量”角度做重点判断。要求：兼顾成本和效果；适合在一天内开始执行；最后给出3条可立即执行的下一步。
1906,SEO,SEO顾问,教师,一页纸简报,用户体验,预算有限,任务编号 P1906。请扮演SEO顾问。围绕“SEO场景006-预算有限”中的关键词、内容集群、内链任务，面向教师，设计用户调研问题。请用一页纸简报输出，并从“用户体验”角度做重点判断。要求：指出最容易忽略的细节；必要时提出澄清问题；最后给出3条可立即执行的下一步。
1907,SEO,SEO顾问,本地用户,评分矩阵,学习曲线,初创团队,任务编号 P1907。请扮演SEO顾问。围绕“SEO场景007-初创团队”中的关键词、内容集群、内链任务，面向本地用户，模拟用户反馈并归纳模式。请用评分矩阵输出，并从“学习曲线”角度做重点判断。要求：包含可执行下一步；输出可直接复制使用；最后给出3条可立即执行的下一步。
1908,SEO,SEO顾问,创始人,用户故事,效率,需要扩张,任务编号 P1908。请扮演SEO顾问。围绕“SEO场景008-需要扩张”中的关键词、内容集群、内链任务，面向创始人，生成故障排查路径。请用用户故事输出，并从“效率”角度做重点判断。要求：输出可直接复制使用；提供简短版本和完整版本；最后给出3条可立即执行的下一步。
1909,SEO,SEO顾问,新手用户,对比分析,风险,新市场验证,任务编号 P1909。请扮演SEO顾问。围绕“SEO场景009-新市场验证”中的关键词、内容集群、内链任务，面向新手用户，把目标拆成里程碑。请用对比分析输出，并从“风险”角度做重点判断。要求：保持中立客观；按影响力排序；最后给出3条可立即执行的下一步。
1910,SEO,SEO顾问,一线执行团队,一页纸简报,增长,竞品压力,任务编号 P1910。请扮演SEO顾问。围绕“SEO场景010-竞品压力”中的关键词、内容集群、内链任务，面向一线执行团队，提出可复用命名规范。请用一页纸简报输出，并从“增长”角度做重点判断。要求：先给结论再解释；包含可执行下一步；最后给出3条可立即执行的下一步。
1911,SEO,SEO顾问,开发团队,评分矩阵,短期落地,准备上线,任务编号 P1911。请扮演SEO顾问。围绕“SEO场景011-准备上线”中的关键词、内容集群、内链任务，面向开发团队，创建风险登记册。请用评分矩阵输出，并从“短期落地”角度做重点判断。要求：包含失败预案；包含衡量标准；最后给出3条可立即执行的下一步。
1912,SEO,SEO顾问,客服团队,用户故事,成本,高不确定性,任务编号 P1912。请扮演SEO顾问。围绕“SEO场景012-高不确定性”中的关键词、内容集群、内链任务，面向客服团队，制定一份可执行方案。请用用户故事输出，并从“成本”角度做重点判断。要求：用中文输出；标注假设和不确定性；最后给出3条可立即执行的下一步。
1913,SEO,SEO顾问,家长,对比分析,可维护性,远程协作,任务编号 P1913。请扮演SEO顾问。围绕“SEO场景013-远程协作”中的关键词、内容集群、内链任务，面向家长，列出关键问题并给出优先级。请用对比分析输出，并从“可维护性”角度做重点判断。要求：标注假设和不确定性；指出最容易忽略的细节；最后给出3条可立即执行的下一步。
1914,SEO,SEO顾问,非技术读者,一页纸简报,长期价值,个人项目,任务编号 P1914。请扮演SEO顾问。围绕“SEO场景014-个人项目”中的关键词、内容集群、内链任务，面向非技术读者，生成三种风格完全不同的版本。请用一页纸简报输出，并从“长期价值”角度做重点判断。要求：按影响力排序；避免专业黑话；最后给出3条可立即执行的下一步。
1915,SEO,SEO顾问,中小企业主,评分矩阵,质量,质量波动,任务编号 P1915。请扮演SEO顾问。围绕“SEO场景015-质量波动”中的关键词、内容集群、内链任务，面向中小企业主，把复杂内容改写成新手也能懂的说明。请用评分矩阵输出，并从“质量”角度做重点判断。要求：必要时提出澄清问题；用中文输出；最后给出3条可立即执行的下一步。
1916,SEO,SEO顾问,资深从业者,用户故事,用户体验,用户流失,任务编号 P1916。请扮演SEO顾问。围绕“SEO场景016-用户流失”中的关键词、内容集群、内链任务，面向资深从业者，设计一个从零到一的工作流。请用用户故事输出，并从“用户体验”角度做重点判断。要求：给出至少一个反例；兼顾成本和效果；最后给出3条可立即执行的下一步。
1917,SEO,SEO顾问,自由职业者,对比分析,学习曲线,内部培训,任务编号 P1917。请扮演SEO顾问。围绕“SEO场景017-内部培训”中的关键词、内容集群、内链任务，面向自由职业者，创建检查清单并标注常见坑。请用对比分析输出，并从“学习曲线”角度做重点判断。要求：按难易度排序；避免虚构事实；最后给出3条可立即执行的下一步。
1918,SEO,SEO顾问,设计团队,一页纸简报,效率,需要复盘,任务编号 P1918。请扮演SEO顾问。围绕“SEO场景018-需要复盘”中的关键词、内容集群、内链任务，面向设计团队，模拟专家评审并指出改进点。请用一页纸简报输出，并从“效率”角度做重点判断。要求：避免虚构事实；包含失败预案；最后给出3条可立即执行的下一步。
1919,SEO,SEO顾问,投资人,评分矩阵,风险,时间紧迫,任务编号 P1919。请扮演SEO顾问。围绕“SEO场景019-时间紧迫”中的关键词、内容集群、内链任务，面向投资人，根据目标用户重写表达。请用评分矩阵输出，并从“风险”角度做重点判断。要求：避免专业黑话；语言简洁，不说空话；最后给出3条可立即执行的下一步。
1920,SEO,SEO顾问,海外用户,用户故事,增长,成熟企业,任务编号 P1920。请扮演SEO顾问。围绕“SEO场景020-成熟企业”中的关键词、内容集群、内链任务，面向海外用户，提炼核心洞察并给出行动建议。请用用户故事输出，并从“增长”角度做重点判断。要求：包含衡量标准；按难易度排序；最后给出3条可立即执行的下一步。
1921,SEO,SEO顾问,专家评审,对比分析,短期落地,需要降本,任务编号 P1921。请扮演SEO顾问。围绕“SEO场景021-需要降本”中的关键词、内容集群、内链任务，面向专家评审，设计一套可量化指标。请用对比分析输出，并从“短期落地”角度做重点判断。要求：提供简短版本和完整版本；先给结论再解释；最后给出3条可立即执行的下一步。
1922,SEO,SEO顾问,大学生,一页纸简报,成本,流程混乱,任务编号 P1922。请扮演SEO顾问。围绕“SEO场景022-流程混乱”中的关键词、内容集群、内链任务，面向大学生，把零散想法整理成结构化大纲。请用一页纸简报输出，并从“成本”角度做重点判断。要求：适合在一天内开始执行；给出示例输入输出；最后给出3条可立即执行的下一步。
1923,SEO,SEO顾问,管理层,评分矩阵,可维护性,数据不足,任务编号 P1923。请扮演SEO顾问。围绕“SEO场景023-数据不足”中的关键词、内容集群、内链任务，面向管理层，生成可直接使用的模板。请用评分矩阵输出，并从“可维护性”角度做重点判断。要求：给出示例输入输出；给出至少一个反例；最后给出3条可立即执行的下一步。
1924,SEO,SEO顾问,内容创作者,用户故事,长期价值,公开发布,任务编号 P1924。请扮演SEO顾问。围绕“SEO场景024-公开发布”中的关键词、内容集群、内链任务，面向内容创作者，做一次反向推理找出隐藏风险。请用用户故事输出，并从“长期价值”角度做重点判断。要求：语言简洁，不说空话；保持中立客观；最后给出3条可立即执行的下一步。
1925,SEO,SEO顾问,销售团队,对比分析,质量,多方协作,任务编号 P1925。请扮演SEO顾问。围绕“SEO场景025-多方协作”中的关键词、内容集群、内链任务，面向销售团队，给出低成本试验方案。请用对比分析输出，并从“质量”角度做重点判断。要求：兼顾成本和效果；适合在一天内开始执行；最后给出3条可立即执行的下一步。
1926,SEO,SEO顾问,教师,一页纸简报,用户体验,预算有限,任务编号 P1926。请扮演SEO顾问。围绕“SEO场景026-预算有限”中的关键词、内容集群、内链任务，面向教师，创建对比表并推荐选择。请用一页纸简报输出，并从“用户体验”角度做重点判断。要求：指出最容易忽略的细节；必要时提出澄清问题；最后给出3条可立即执行的下一步。
1927,SEO,SEO顾问,本地用户,评分矩阵,学习曲线,初创团队,任务编号 P1927。请扮演SEO顾问。围绕“SEO场景027-初创团队”中的关键词、内容集群、内链任务，面向本地用户，把长内容压缩成高密度摘要。请用评分矩阵输出，并从“学习曲线”角度做重点判断。要求：包含可执行下一步；输出可直接复制使用；最后给出3条可立即执行的下一步。
1928,SEO,SEO顾问,创始人,用户故事,效率,需要扩张,任务编号 P1928。请扮演SEO顾问。围绕“SEO场景028-需要扩张”中的关键词、内容集群、内链任务，面向创始人，提出10个创新方向并排序。请用用户故事输出，并从“效率”角度做重点判断。要求：输出可直接复制使用；提供简短版本和完整版本；最后给出3条可立即执行的下一步。
1929,SEO,SEO顾问,新手用户,对比分析,风险,新市场验证,任务编号 P1929。请扮演SEO顾问。围绕“SEO场景029-新市场验证”中的关键词、内容集群、内链任务，面向新手用户，设计30天训练计划。请用对比分析输出，并从“风险”角度做重点判断。要求：保持中立客观；按影响力排序；最后给出3条可立即执行的下一步。
1930,SEO,SEO顾问,一线执行团队,一页纸简报,增长,竞品压力,任务编号 P1930。请扮演SEO顾问。围绕“SEO场景030-竞品压力”中的关键词、内容集群、内链任务，面向一线执行团队，构建决策树帮助判断下一步。请用一页纸简报输出，并从“增长”角度做重点判断。要求：先给结论再解释；包含可执行下一步；最后给出3条可立即执行的下一步。
1931,SEO,SEO顾问,开发团队,评分矩阵,短期落地,准备上线,任务编号 P1931。请扮演SEO顾问。围绕“SEO场景031-准备上线”中的关键词、内容集群、内链任务，面向开发团队，生成会议讨论提纲。请用评分矩阵输出，并从“短期落地”角度做重点判断。要求：包含失败预案；包含衡量标准；最后给出3条可立即执行的下一步。
1932,SEO,SEO顾问,客服团队,用户故事,成本,高不确定性,任务编号 P1932。请扮演SEO顾问。围绕“SEO场景032-高不确定性”中的关键词、内容集群、内链任务，面向客服团队，写一份面向管理层的简报。请用用户故事输出，并从“成本”角度做重点判断。要求：用中文输出；标注假设和不确定性；最后给出3条可立即执行的下一步。
1933,SEO,SEO顾问,家长,对比分析,可维护性,远程协作,任务编号 P1933。请扮演SEO顾问。围绕“SEO场景033-远程协作”中的关键词、内容集群、内链任务，面向家长，写一份面向执行者的操作手册。请用对比分析输出，并从“可维护性”角度做重点判断。要求：标注假设和不确定性；指出最容易忽略的细节；最后给出3条可立即执行的下一步。
1934,SEO,SEO顾问,非技术读者,一页纸简报,长期价值,个人项目,任务编号 P1934。请扮演SEO顾问。围绕“SEO场景034-个人项目”中的关键词、内容集群、内链任务，面向非技术读者，建立评估打分表。请用一页纸简报输出，并从“长期价值”角度做重点判断。要求：按影响力排序；避免专业黑话；最后给出3条可立即执行的下一步。
1935,SEO,SEO顾问,中小企业主,评分矩阵,质量,质量波动,任务编号 P1935。请扮演SEO顾问。围绕“SEO场景035-质量波动”中的关键词、内容集群、内链任务，面向中小企业主，提出自动化改造思路。请用评分矩阵输出，并从“质量”角度做重点判断。要求：必要时提出澄清问题；用中文输出；最后给出3条可立即执行的下一步。
1936,SEO,SEO顾问,资深从业者,用户故事,用户体验,用户流失,任务编号 P1936。请扮演SEO顾问。围绕“SEO场景036-用户流失”中的关键词、内容集群、内链任务，面向资深从业者，设计用户调研问题。请用用户故事输出，并从“用户体验”角度做重点判断。要求：给出至少一个反例；兼顾成本和效果；最后给出3条可立即执行的下一步。
1937,SEO,SEO顾问,自由职业者,对比分析,学习曲线,内部培训,任务编号 P1937。请扮演SEO顾问。围绕“SEO场景037-内部培训”中的关键词、内容集群、内链任务，面向自由职业者，模拟用户反馈并归纳模式。请用对比分析输出，并从“学习曲线”角度做重点判断。要求：按难易度排序；避免虚构事实；最后给出3条可立即执行的下一步。
1938,SEO,SEO顾问,设计团队,一页纸简报,效率,需要复盘,任务编号 P1938。请扮演SEO顾问。围绕“SEO场景038-需要复盘”中的关键词、内容集群、内链任务，面向设计团队，生成故障排查路径。请用一页纸简报输出，并从“效率”角度做重点判断。要求：避免虚构事实；包含失败预案；最后给出3条可立即执行的下一步。
1939,SEO,SEO顾问,投资人,评分矩阵,风险,时间紧迫,任务编号 P1939。请扮演SEO顾问。围绕“SEO场景039-时间紧迫”中的关键词、内容集群、内链任务，面向投资人，把目标拆成里程碑。请用评分矩阵输出，并从“风险”角度做重点判断。要求：避免专业黑话；语言简洁，不说空话；最后给出3条可立即执行的下一步。
1940,SEO,SEO顾问,海外用户,用户故事,增长,成熟企业,任务编号 P1940。请扮演SEO顾问。围绕“SEO场景040-成熟企业”中的关键词、内容集群、内链任务，面向海外用户，提出可复用命名规范。请用用户故事输出，并从“增长”角度做重点判断。要求：包含衡量标准；按难易度排序；最后给出3条可立即执行的下一步。
1941,SEO,SEO顾问,专家评审,对比分析,短期落地,需要降本,任务编号 P1941。请扮演SEO顾问。围绕“SEO场景041-需要降本”中的关键词、内容集群、内链任务，面向专家评审，创建风险登记册。请用对比分析输出，并从“短期落地”角度做重点判断。要求：提供简短版本和完整版本；先给结论再解释；最后给出3条可立即执行的下一步。
1942,SEO,SEO顾问,大学生,一页纸简报,成本,流程混乱,任务编号 P1942。请扮演SEO顾问。围绕“SEO场景042-流程混乱”中的关键词、内容集群、内链任务，面向大学生，制定一份可执行方案。请用一页纸简报输出，并从“成本”角度做重点判断。要求：适合在一天内开始执行；给出示例输入输出；最后给出3条可立即执行的下一步。
1943,SEO,SEO顾问,管理层,评分矩阵,可维护性,数据不足,任务编号 P1943。请扮演SEO顾问。围绕“SEO场景043-数据不足”中的关键词、内容集群、内链任务，面向管理层，列出关键问题并给出优先级。请用评分矩阵输出，并从“可维护性”角度做重点判断。要求：给出示例输入输出；给出至少一个反例；最后给出3条可立即执行的下一步。
1944,SEO,SEO顾问,内容创作者,用户故事,长期价值,公开发布,任务编号 P1944。请扮演SEO顾问。围绕“SEO场景044-公开发布”中的关键词、内容集群、内链任务，面向内容创作者，生成三种风格完全不同的版本。请用用户故事输出，并从“长期价值”角度做重点判断。要求：语言简洁，不说空话；保持中立客观；最后给出3条可立即执行的下一步。
1945,SEO,SEO顾问,销售团队,对比分析,质量,多方协作,任务编号 P1945。请扮演SEO顾问。围绕“SEO场景045-多方协作”中的关键词、内容集群、内链任务，面向销售团队，把复杂内容改写成新手也能懂的说明。请用对比分析输出，并从“质量”角度做重点判断。要求：兼顾成本和效果；适合在一天内开始执行；最后给出3条可立即执行的下一步。
1946,SEO,SEO顾问,教师,一页纸简报,用户体验,预算有限,任务编号 P1946。请扮演SEO顾问。围绕“SEO场景046-预算有限”中的关键词、内容集群、内链任务，面向教师，设计一个从零到一的工作流。请用一页纸简报输出，并从“用户体验”角度做重点判断。要求：指出最容易忽略的细节；必要时提出澄清问题；最后给出3条可立即执行的下一步。
1947,SEO,SEO顾问,本地用户,评分矩阵,学习曲线,初创团队,任务编号 P1947。请扮演SEO顾问。围绕“SEO场景047-初创团队”中的关键词、内容集群、内链任务，面向本地用户，创建检查清单并标注常见坑。请用评分矩阵输出，并从“学习曲线”角度做重点判断。要求：包含可执行下一步；输出可直接复制使用；最后给出3条可立即执行的下一步。
1948,SEO,SEO顾问,创始人,用户故事,效率,需要扩张,任务编号 P1948。请扮演SEO顾问。围绕“SEO场景048-需要扩张”中的关键词、内容集群、内链任务，面向创始人，模拟专家评审并指出改进点。请用用户故事输出，并从“效率”角度做重点判断。要求：输出可直接复制使用；提供简短版本和完整版本；最后给出3条可立即执行的下一步。
1949,SEO,SEO顾问,新手用户,对比分析,风险,新市场验证,任务编号 P1949。请扮演SEO顾问。围绕“SEO场景049-新市场验证”中的关键词、内容集群、内链任务，面向新手用户，根据目标用户重写表达。请用对比分析输出，并从“风险”角度做重点判断。要求：保持中立客观；按影响力排序；最后给出3条可立即执行的下一步。
1950,SEO,SEO顾问,一线执行团队,一页纸简报,增长,竞品压力,任务编号 P1950。请扮演SEO顾问。围绕“SEO场景050-竞品压力”中的关键词、内容集群、内链任务，面向一线执行团队，提炼核心洞察并给出行动建议。请用一页纸简报输出，并从“增长”角度做重点判断。要求：先给结论再解释；包含可执行下一步；最后给出3条可立即执行的下一步。
1951,SEO,SEO顾问,开发团队,评分矩阵,短期落地,准备上线,任务编号 P1951。请扮演SEO顾问。围绕“SEO场景051-准备上线”中的关键词、内容集群、内链任务，面向开发团队，设计一套可量化指标。请用评分矩阵输出，并从“短期落地”角度做重点判断。要求：包含失败预案；包含衡量标准；最后给出3条可立即执行的下一步。
1952,SEO,SEO顾问,客服团队,用户故事,成本,高不确定性,任务编号 P1952。请扮演SEO顾问。围绕“SEO场景052-高不确定性”中的关键词、内容集群、内链任务，面向客服团队，把零散想法整理成结构化大纲。请用用户故事输出，并从“成本”角度做重点判断。要求：用中文输出；标注假设和不确定性；最后给出3条可立即执行的下一步。
1953,SEO,SEO顾问,家长,对比分析,可维护性,远程协作,任务编号 P1953。请扮演SEO顾问。围绕“SEO场景053-远程协作”中的关键词、内容集群、内链任务，面向家长，生成可直接使用的模板。请用对比分析输出，并从“可维护性”角度做重点判断。要求：标注假设和不确定性；指出最容易忽略的细节；最后给出3条可立即执行的下一步。
1954,SEO,SEO顾问,非技术读者,一页纸简报,长期价值,个人项目,任务编号 P1954。请扮演SEO顾问。围绕“SEO场景054-个人项目”中的关键词、内容集群、内链任务，面向非技术读者，做一次反向推理找出隐藏风险。请用一页纸简报输出，并从“长期价值”角度做重点判断。要求：按影响力排序；避免专业黑话；最后给出3条可立即执行的下一步。
1955,SEO,SEO顾问,中小企业主,评分矩阵,质量,质量波动,任务编号 P1955。请扮演SEO顾问。围绕“SEO场景055-质量波动”中的关键词、内容集群、内链任务，面向中小企业主，给出低成本试验方案。请用评分矩阵输出，并从“质量”角度做重点判断。要求：必要时提出澄清问题；用中文输出；最后给出3条可立即执行的下一步。
1956,SEO,SEO顾问,资深从业者,用户故事,用户体验,用户流失,任务编号 P1956。请扮演SEO顾问。围绕“SEO场景056-用户流失”中的关键词、内容集群、内链任务，面向资深从业者，创建对比表并推荐选择。请用用户故事输出，并从“用户体验”角度做重点判断。要求：给出至少一个反例；兼顾成本和效果；最后给出3条可立即执行的下一步。
1957,SEO,SEO顾问,自由职业者,对比分析,学习曲线,内部培训,任务编号 P1957。请扮演SEO顾问。围绕“SEO场景057-内部培训”中的关键词、内容集群、内链任务，面向自由职业者，把长内容压缩成高密度摘要。请用对比分析输出，并从“学习曲线”角度做重点判断。要求：按难易度排序；避免虚构事实；最后给出3条可立即执行的下一步。
1958,SEO,SEO顾问,设计团队,一页纸简报,效率,需要复盘,任务编号 P1958。请扮演SEO顾问。围绕“SEO场景058-需要复盘”中的关键词、内容集群、内链任务，面向设计团队，提出10个创新方向并排序。请用一页纸简报输出，并从“效率”角度做重点判断。要求：避免虚构事实；包含失败预案；最后给出3条可立即执行的下一步。
1959,SEO,SEO顾问,投资人,评分矩阵,风险,时间紧迫,任务编号 P1959。请扮演SEO顾问。围绕“SEO场景059-时间紧迫”中的关键词、内容集群、内链任务，面向投资人，设计30天训练计划。请用评分矩阵输出，并从“风险”角度做重点判断。要求：避免专业黑话；语言简洁，不说空话；最后给出3条可立即执行的下一步。
1960,SEO,SEO顾问,海外用户,用户故事,增长,成熟企业,任务编号 P1960。请扮演SEO顾问。围绕“SEO场景060-成熟企业”中的关键词、内容集群、内链任务，面向海外用户，构建决策树帮助判断下一步。请用用户故事输出，并从“增长”角度做重点判断。要求：包含衡量标准；按难易度排序；最后给出3条可立即执行的下一步。
1961,SEO,SEO顾问,专家评审,对比分析,短期落地,需要降本,任务编号 P1961。请扮演SEO顾问。围绕“SEO场景061-需要降本”中的关键词、内容集群、内链任务，面向专家评审，生成会议讨论提纲。请用对比分析输出，并从“短期落地”角度做重点判断。要求：提供简短版本和完整版本；先给结论再解释；最后给出3条可立即执行的下一步。
1962,SEO,SEO顾问,大学生,一页纸简报,成本,流程混乱,任务编号 P1962。请扮演SEO顾问。围绕“SEO场景062-流程混乱”中的关键词、内容集群、内链任务，面向大学生，写一份面向管理层的简报。请用一页纸简报输出，并从“成本”角度做重点判断。要求：适合在一天内开始执行；给出示例输入输出；最后给出3条可立即执行的下一步。
1963,SEO,SEO顾问,管理层,评分矩阵,可维护性,数据不足,任务编号 P1963。请扮演SEO顾问。围绕“SEO场景063-数据不足”中的关键词、内容集群、内链任务，面向管理层，写一份面向执行者的操作手册。请用评分矩阵输出，并从“可维护性”角度做重点判断。要求：给出示例输入输出；给出至少一个反例；最后给出3条可立即执行的下一步。
1964,SEO,SEO顾问,内容创作者,用户故事,长期价值,公开发布,任务编号 P1964。请扮演SEO顾问。围绕“SEO场景064-公开发布”中的关键词、内容集群、内链任务，面向内容创作者，建立评估打分表。请用用户故事输出，并从“长期价值”角度做重点判断。要求：语言简洁，不说空话；保持中立客观；最后给出3条可立即执行的下一步。
1965,SEO,SEO顾问,销售团队,对比分析,质量,多方协作,任务编号 P1965。请扮演SEO顾问。围绕“SEO场景065-多方协作”中的关键词、内容集群、内链任务，面向销售团队，提出自动化改造思路。请用对比分析输出，并从“质量”角度做重点判断。要求：兼顾成本和效果；适合在一天内开始执行；最后给出3条可立即执行的下一步。
1966,SEO,SEO顾问,教师,一页纸简报,用户体验,预算有限,任务编号 P1966。请扮演SEO顾问。围绕“SEO场景066-预算有限”中的关键词、内容集群、内链任务，面向教师，设计用户调研问题。请用一页纸简报输出，并从“用户体验”角度做重点判断。要求：指出最容易忽略的细节；必要时提出澄清问题；最后给出3条可立即执行的下一步。
1967,SEO,SEO顾问,本地用户,评分矩阵,学习曲线,初创团队,任务编号 P1967。请扮演SEO顾问。围绕“SEO场景067-初创团队”中的关键词、内容集群、内链任务，面向本地用户，模拟用户反馈并归纳模式。请用评分矩阵输出，并从“学习曲线”角度做重点判断。要求：包含可执行下一步；输出可直接复制使用；最后给出3条可立即执行的下一步。
1968,SEO,SEO顾问,创始人,用户故事,效率,需要扩张,任务编号 P1968。请扮演SEO顾问。围绕“SEO场景068-需要扩张”中的关键词、内容集群、内链任务，面向创始人，生成故障排查路径。请用用户故事输出，并从“效率”角度做重点判断。要求：输出可直接复制使用；提供简短版本和完整版本；最后给出3条可立即执行的下一步。
1969,SEO,SEO顾问,新手用户,对比分析,风险,新市场验证,任务编号 P1969。请扮演SEO顾问。围绕“SEO场景069-新市场验证”中的关键词、内容集群、内链任务，面向新手用户，把目标拆成里程碑。请用对比分析输出，并从“风险”角度做重点判断。要求：保持中立客观；按影响力排序；最后给出3条可立即执行的下一步。
1970,SEO,SEO顾问,一线执行团队,一页纸简报,增长,竞品压力,任务编号 P1970。请扮演SEO顾问。围绕“SEO场景070-竞品压力”中的关键词、内容集群、内链任务，面向一线执行团队，提出可复用命名规范。请用一页纸简报输出，并从“增长”角度做重点判断。要求：先给结论再解释；包含可执行下一步；最后给出3条可立即执行的下一步。
1971,SEO,SEO顾问,开发团队,评分矩阵,短期落地,准备上线,任务编号 P1971。请扮演SEO顾问。围绕“SEO场景071-准备上线”中的关键词、内容集群、内链任务，面向开发团队，创建风险登记册。请用评分矩阵输出，并从“短期落地”角度做重点判断。要求：包含失败预案；包含衡量标准；最后给出3条可立即执行的下一步。
1972,SEO,SEO顾问,客服团队,用户故事,成本,高不确定性,任务编号 P1972。请扮演SEO顾问。围绕“SEO场景072-高不确定性”中的关键词、内容集群、内链任务，面向客服团队，制定一份可执行方案。请用用户故事输出，并从“成本”角度做重点判断。要求：用中文输出；标注假设和不确定性；最后给出3条可立即执行的下一步。
1973,SEO,SEO顾问,家长,对比分析,可维护性,远程协作,任务编号 P1973。请扮演SEO顾问。围绕“SEO场景073-远程协作”中的关键词、内容集群、内链任务，面向家长，列出关键问题并给出优先级。请用对比分析输出，并从“可维护性”角度做重点判断。要求：标注假设和不确定性；指出最容易忽略的细节；最后给出3条可立即执行的下一步。
1974,SEO,SEO顾问,非技术读者,一页纸简报,长期价值,个人项目,任务编号 P1974。请扮演SEO顾问。围绕“SEO场景074-个人项目”中的关键词、内容集群、内链任务，面向非技术读者，生成三种风格完全不同的版本。请用一页纸简报输出，并从“长期价值”角度做重点判断。要求：按影响力排序；避免专业黑话；最后给出3条可立即执行的下一步。
1975,SEO,SEO顾问,中小企业主,评分矩阵,质量,质量波动,任务编号 P1975。请扮演SEO顾问。围绕“SEO场景075-质量波动”中的关键词、内容集群、内链任务，面向中小企业主，把复杂内容改写成新手也能懂的说明。请用评分矩阵输出，并从“质量”角度做重点判断。要求：必要时提出澄清问题；用中文输出；最后给出3条可立即执行的下一步。
1976,SEO,SEO顾问,资深从业者,用户故事,用户体验,用户流失,任务编号 P1976。请扮演SEO顾问。围绕“SEO场景076-用户流失”中的关键词、内容集群、内链任务，面向资深从业者，设计一个从零到一的工作流。请用用户故事输出，并从“用户体验”角度做重点判断。要求：给出至少一个反例；兼顾成本和效果；最后给出3条可立即执行的下一步。
1977,SEO,SEO顾问,自由职业者,对比分析,学习曲线,内部培训,任务编号 P1977。请扮演SEO顾问。围绕“SEO场景077-内部培训”中的关键词、内容集群、内链任务，面向自由职业者，创建检查清单并标注常见坑。请用对比分析输出，并从“学习曲线”角度做重点判断。要求：按难易度排序；避免虚构事实；最后给出3条可立即执行的下一步。
1978,SEO,SEO顾问,设计团队,一页纸简报,效率,需要复盘,任务编号 P1978。请扮演SEO顾问。围绕“SEO场景078-需要复盘”中的关键词、内容集群、内链任务，面向设计团队，模拟专家评审并指出改进点。请用一页纸简报输出，并从“效率”角度做重点判断。要求：避免虚构事实；包含失败预案；最后给出3条可立即执行的下一步。
1979,SEO,SEO顾问,投资人,评分矩阵,风险,时间紧迫,任务编号 P1979。请扮演SEO顾问。围绕“SEO场景079-时间紧迫”中的关键词、内容集群、内链任务，面向投资人，根据目标用户重写表达。请用评分矩阵输出，并从“风险”角度做重点判断。要求：避免专业黑话；语言简洁，不说空话；最后给出3条可立即执行的下一步。
1980,SEO,SEO顾问,海外用户,用户故事,增长,成熟企业,任务编号 P1980。请扮演SEO顾问。围绕“SEO场景080-成熟企业”中的关键词、内容集群、内链任务，面向海外用户，提炼核心洞察并给出行动建议。请用用户故事输出，并从“增长”角度做重点判断。要求：包含衡量标准；按难易度排序；最后给出3条可立即执行的下一步。
1981,SEO,SEO顾问,专家评审,对比分析,短期落地,需要降本,任务编号 P1981。请扮演SEO顾问。围绕“SEO场景081-需要降本”中的关键词、内容集群、内链任务，面向专家评审，设计一套可量化指标。请用对比分析输出，并从“短期落地”角度做重点判断。要求：提供简短版本和完整版本；先给结论再解释；最后给出3条可立即执行的下一步。
1982,SEO,SEO顾问,大学生,一页纸简报,成本,流程混乱,任务编号 P1982。请扮演SEO顾问。围绕“SEO场景082-流程混乱”中的关键词、内容集群、内链任务，面向大学生，把零散想法整理成结构化大纲。请用一页纸简报输出，并从“成本”角度做重点判断。要求：适合在一天内开始执行；给出示例输入输出；最后给出3条可立即执行的下一步。
1983,SEO,SEO顾问,管理层,评分矩阵,可维护性,数据不足,任务编号 P1983。请扮演SEO顾问。围绕“SEO场景083-数据不足”中的关键词、内容集群、内链任务，面向管理层，生成可直接使用的模板。请用评分矩阵输出，并从“可维护性”角度做重点判断。要求：给出示例输入输出；给出至少一个反例；最后给出3条可立即执行的下一步。
1984,SEO,SEO顾问,内容创作者,用户故事,长期价值,公开发布,任务编号 P1984。请扮演SEO顾问。围绕“SEO场景084-公开发布”中的关键词、内容集群、内链任务，面向内容创作者，做一次反向推理找出隐藏风险。请用用户故事输出，并从“长期价值”角度做重点判断。要求：语言简洁，不说空话；保持中立客观；最后给出3条可立即执行的下一步。
1985,SEO,SEO顾问,销售团队,对比分析,质量,多方协作,任务编号 P1985。请扮演SEO顾问。围绕“SEO场景085-多方协作”中的关键词、内容集群、内链任务，面向销售团队，给出低成本试验方案。请用对比分析输出，并从“质量”角度做重点判断。要求：兼顾成本和效果；适合在一天内开始执行；最后给出3条可立即执行的下一步。
1986,SEO,SEO顾问,教师,一页纸简报,用户体验,预算有限,任务编号 P1986。请扮演SEO顾问。围绕“SEO场景086-预算有限”中的关键词、内容集群、内链任务，面向教师，创建对比表并推荐选择。请用一页纸简报输出，并从“用户体验”角度做重点判断。要求：指出最容易忽略的细节；必要时提出澄清问题；最后给出3条可立即执行的下一步。
1987,SEO,SEO顾问,本地用户,评分矩阵,学习曲线,初创团队,任务编号 P1987。请扮演SEO顾问。围绕“SEO场景087-初创团队”中的关键词、内容集群、内链任务，面向本地用户，把长内容压缩成高密度摘要。请用评分矩阵输出，并从“学习曲线”角度做重点判断。要求：包含可执行下一步；输出可直接复制使用；最后给出3条可立即执行的下一步。
1988,SEO,SEO顾问,创始人,用户故事,效率,需要扩张,任务编号 P1988。请扮演SEO顾问。围绕“SEO场景088-需要扩张”中的关键词、内容集群、内链任务，面向创始人，提出10个创新方向并排序。请用用户故事输出，并从“效率”角度做重点判断。要求：输出可直接复制使用；提供简短版本和完整版本；最后给出3条可立即执行的下一步。
1989,SEO,SEO顾问,新手用户,对比分析,风险,新市场验证,任务编号 P1989。请扮演SEO顾问。围绕“SEO场景089-新市场验证”中的关键词、内容集群、内链任务，面向新手用户，设计30天训练计划。请用对比分析输出，并从“风险”角度做重点判断。要求：保持中立客观；按影响力排序；最后给出3条可立即执行的下一步。
1990,SEO,SEO顾问,一线执行团队,一页纸简报,增长,竞品压力,任务编号 P1990。请扮演SEO顾问。围绕“SEO场景090-竞品压力”中的关键词、内容集群、内链任务，面向一线执行团队，构建决策树帮助判断下一步。请用一页纸简报输出，并从“增长”角度做重点判断。要求：先给结论再解释；包含可执行下一步；最后给出3条可立即执行的下一步。
1991,SEO,SEO顾问,开发团队,评分矩阵,短期落地,准备上线,任务编号 P1991。请扮演SEO顾问。围绕“SEO场景091-准备上线”中的关键词、内容集群、内链任务，面向开发团队，生成会议讨论提纲。请用评分矩阵输出，并从“短期落地”角度做重点判断。要求：包含失败预案；包含衡量标准；最后给出3条可立即执行的下一步。
1992,SEO,SEO顾问,客服团队,用户故事,成本,高不确定性,任务编号 P1992。请扮演SEO顾问。围绕“SEO场景092-高不确定性”中的关键词、内容集群、内链任务，面向客服团队，写一份面向管理层的简报。请用用户故事输出，并从“成本”角度做重点判断。要求：用中文输出；标注假设和不确定性；最后给出3条可立即执行的下一步。
1993,SEO,SEO顾问,家长,对比分析,可维护性,远程协作,任务编号 P1993。请扮演SEO顾问。围绕“SEO场景093-远程协作”中的关键词、内容集群、内链任务，面向家长，写一份面向执行者的操作手册。请用对比分析输出，并从“可维护性”角度做重点判断。要求：标注假设和不确定性；指出最容易忽略的细节；最后给出3条可立即执行的下一步。
1994,SEO,SEO顾问,非技术读者,一页纸简报,长期价值,个人项目,任务编号 P1994。请扮演SEO顾问。围绕“SEO场景094-个人项目”中的关键词、内容集群、内链任务，面向非技术读者，建立评估打分表。请用一页纸简报输出，并从“长期价值”角度做重点判断。要求：按影响力排序；避免专业黑话；最后给出3条可立即执行的下一步。
1995,SEO,SEO顾问,中小企业主,评分矩阵,质量,质量波动,任务编号 P1995。请扮演SEO顾问。围绕“SEO场景095-质量波动”中的关键词、内容集群、内链任务，面向中小企业主，提出自动化改造思路。请用评分矩阵输出，并从“质量”角度做重点判断。要求：必要时提出澄清问题；用中文输出；最后给出3条可立即执行的下一步。
1996,SEO,SEO顾问,资深从业者,用户故事,用户体验,用户流失,任务编号 P1996。请扮演SEO顾问。围绕“SEO场景096-用户流失”中的关键词、内容集群、内链任务，面向资深从业者，设计用户调研问题。请用用户故事输出，并从“用户体验”角度做重点判断。要求：给出至少一个反例；兼顾成本和效果；最后给出3条可立即执行的下一步。
1997,SEO,SEO顾问,自由职业者,对比分析,学习曲线,内部培训,任务编号 P1997。请扮演SEO顾问。围绕“SEO场景097-内部培训”中的关键词、内容集群、内链任务，面向自由职业者，模拟用户反馈并归纳模式。请用对比分析输出，并从“学习曲线”角度做重点判断。要求：按难易度排序；避免虚构事实；最后给出3条可立即执行的下一步。
1998,SEO,SEO顾问,设计团队,一页纸简报,效率,需要复盘,任务编号 P1998。请扮演SEO顾问。围绕“SEO场景098-需要复盘”中的关键词、内容集群、内链任务，面向设计团队，生成故障排查路径。请用一页纸简报输出，并从“效率”角度做重点判断。要求：避免虚构事实；包含失败预案；最后给出3条可立即执行的下一步。
1999,SEO,SEO顾问,投资人,评分矩阵,风险,时间紧迫,任务编号 P1999。请扮演SEO顾问。围绕“SEO场景099-时间紧迫”中的关键词、内容集群、内链任务，面向投资人，把目标拆成里程碑。请用评分矩阵输出，并从“风险”角度做重点判断。要求：避免专业黑话；语言简洁，不说空话；最后给出3条可立即执行的下一步。
2000,SEO,SEO顾问,海外用户,用户故事,增长,成熟企业,任务编号 P2000。请扮演SEO顾问。围绕“SEO场景100-成熟企业”中的关键词、内容集群、内链任务，面向海外用户，提出可复用命名规范。请用用户故事输出，并从“增长”角度做重点判断。要求：包含衡量标准；按难易度排序；最后给出3条可立即执行的下一步。
2001,社媒,社交媒体策划,创始人,表格,效率,个人项目,任务编号 P2001。请扮演社交媒体策划。围绕“社媒场景001-个人项目”中的短视频、帖子、评论任务，面向创始人，写一份面向管理层的简报。请用表格输出，并从“效率”角度做重点判断。要求：语言简洁，不说空话；标注假设和不确定性；最后给出3条可立即执行的下一步。
2002,社媒,社交媒体策划,新手用户,邮件草稿,风险,质量波动,任务编号 P2002。请扮演社交媒体策划。围绕“社媒场景002-质量波动”中的短视频、帖子、评论任务，面向新手用户，写一份面向执行者的操作手册。请用邮件草稿输出，并从“风险”角度做重点判断。要求：兼顾成本和效果；指出最容易忽略的细节；最后给出3条可立即执行的下一步。
2003,社媒,社交媒体策划,一线执行团队,路线图,增长,用户流失,任务编号 P2003。请扮演社交媒体策划。围绕“社媒场景003-用户流失”中的短视频、帖子、评论任务，面向一线执行团队，建立评估打分表。请用路线图输出，并从“增长”角度做重点判断。要求：指出最容易忽略的细节；避免专业黑话；最后给出3条可立即执行的下一步。
2004,社媒,社交媒体策划,开发团队,PRD片段,短期落地,内部培训,任务编号 P2004。请扮演社交媒体策划。围绕“社媒场景004-内部培训”中的短视频、帖子、评论任务，面向开发团队，提出自动化改造思路。请用PRD片段输出，并从“短期落地”角度做重点判断。要求：包含可执行下一步；用中文输出；最后给出3条可立即执行的下一步。
2005,社媒,社交媒体策划,客服团队,表格,成本,需要复盘,任务编号 P2005。请扮演社交媒体策划。围绕“社媒场景005-需要复盘”中的短视频、帖子、评论任务，面向客服团队，设计用户调研问题。请用表格输出，并从“成本”角度做重点判断。要求：输出可直接复制使用；兼顾成本和效果；最后给出3条可立即执行的下一步。
2006,社媒,社交媒体策划,家长,邮件草稿,可维护性,时间紧迫,任务编号 P2006。请扮演社交媒体策划。围绕“社媒场景006-时间紧迫”中的短视频、帖子、评论任务，面向家长，模拟用户反馈并归纳模式。请用邮件草稿输出，并从“可维护性”角度做重点判断。要求：保持中立客观；避免虚构事实；最后给出3条可立即执行的下一步。
2007,社媒,社交媒体策划,非技术读者,路线图,长期价值,成熟企业,任务编号 P2007。请扮演社交媒体策划。围绕“社媒场景007-成熟企业”中的短视频、帖子、评论任务，面向非技术读者，生成故障排查路径。请用路线图输出，并从“长期价值”角度做重点判断。要求：先给结论再解释；包含失败预案；最后给出3条可立即执行的下一步。
2008,社媒,社交媒体策划,中小企业主,PRD片段,质量,需要降本,任务编号 P2008。请扮演社交媒体策划。围绕“社媒场景008-需要降本”中的短视频、帖子、评论任务，面向中小企业主，把目标拆成里程碑。请用PRD片段输出，并从“质量”角度做重点判断。要求：包含失败预案；语言简洁，不说空话；最后给出3条可立即执行的下一步。
2009,社媒,社交媒体策划,资深从业者,表格,用户体验,流程混乱,任务编号 P2009。请扮演社交媒体策划。围绕“社媒场景009-流程混乱”中的短视频、帖子、评论任务，面向资深从业者，提出可复用命名规范。请用表格输出，并从“用户体验”角度做重点判断。要求：用中文输出；按难易度排序；最后给出3条可立即执行的下一步。
2010,社媒,社交媒体策划,自由职业者,邮件草稿,学习曲线,数据不足,任务编号 P2010。请扮演社交媒体策划。围绕“社媒场景010-数据不足”中的短视频、帖子、评论任务，面向自由职业者，创建风险登记册。请用邮件草稿输出，并从“学习曲线”角度做重点判断。要求：标注假设和不确定性；先给结论再解释；最后给出3条可立即执行的下一步。
2011,社媒,社交媒体策划,设计团队,路线图,效率,公开发布,任务编号 P2011。请扮演社交媒体策划。围绕“社媒场景011-公开发布”中的短视频、帖子、评论任务，面向设计团队，制定一份可执行方案。请用路线图输出，并从“效率”角度做重点判断。要求：按影响力排序；给出示例输入输出；最后给出3条可立即执行的下一步。
2012,社媒,社交媒体策划,投资人,PRD片段,风险,多方协作,任务编号 P2012。请扮演社交媒体策划。围绕“社媒场景012-多方协作”中的短视频、帖子、评论任务，面向投资人，列出关键问题并给出优先级。请用PRD片段输出，并从“风险”角度做重点判断。要求：必要时提出澄清问题；给出至少一个反例；最后给出3条可立即执行的下一步。
2013,社媒,社交媒体策划,海外用户,表格,增长,预算有限,任务编号 P2013。请扮演社交媒体策划。围绕“社媒场景013-预算有限”中的短视频、帖子、评论任务，面向海外用户，生成三种风格完全不同的版本。请用表格输出，并从“增长”角度做重点判断。要求：给出至少一个反例；保持中立客观；最后给出3条可立即执行的下一步。
2014,社媒,社交媒体策划,专家评审,邮件草稿,短期落地,初创团队,任务编号 P2014。请扮演社交媒体策划。围绕“社媒场景014-初创团队”中的短视频、帖子、评论任务，面向专家评审，把复杂内容改写成新手也能懂的说明。请用邮件草稿输出，并从“短期落地”角度做重点判断。要求：按难易度排序；适合在一天内开始执行；最后给出3条可立即执行的下一步。
2015,社媒,社交媒体策划,大学生,路线图,成本,需要扩张,任务编号 P2015。请扮演社交媒体策划。围绕“社媒场景015-需要扩张”中的短视频、帖子、评论任务，面向大学生，设计一个从零到一的工作流。请用路线图输出，并从“成本”角度做重点判断。要求：避免虚构事实；必要时提出澄清问题；最后给出3条可立即执行的下一步。
2016,社媒,社交媒体策划,管理层,PRD片段,可维护性,新市场验证,任务编号 P2016。请扮演社交媒体策划。围绕“社媒场景016-新市场验证”中的短视频、帖子、评论任务，面向管理层，创建检查清单并标注常见坑。请用PRD片段输出，并从“可维护性”角度做重点判断。要求：避免专业黑话；输出可直接复制使用；最后给出3条可立即执行的下一步。
2017,社媒,社交媒体策划,内容创作者,表格,长期价值,竞品压力,任务编号 P2017。请扮演社交媒体策划。围绕“社媒场景017-竞品压力”中的短视频、帖子、评论任务，面向内容创作者，模拟专家评审并指出改进点。请用表格输出，并从“长期价值”角度做重点判断。要求：包含衡量标准；提供简短版本和完整版本；最后给出3条可立即执行的下一步。
2018,社媒,社交媒体策划,销售团队,邮件草稿,质量,准备上线,任务编号 P2018。请扮演社交媒体策划。围绕“社媒场景018-准备上线”中的短视频、帖子、评论任务，面向销售团队，根据目标用户重写表达。请用邮件草稿输出，并从“质量”角度做重点判断。要求：提供简短版本和完整版本；按影响力排序；最后给出3条可立即执行的下一步。
2019,社媒,社交媒体策划,教师,路线图,用户体验,高不确定性,任务编号 P2019。请扮演社交媒体策划。围绕“社媒场景019-高不确定性”中的短视频、帖子、评论任务，面向教师，提炼核心洞察并给出行动建议。请用路线图输出，并从“用户体验”角度做重点判断。要求：适合在一天内开始执行；包含可执行下一步；最后给出3条可立即执行的下一步。
2020,社媒,社交媒体策划,本地用户,PRD片段,学习曲线,远程协作,任务编号 P2020。请扮演社交媒体策划。围绕“社媒场景020-远程协作”中的短视频、帖子、评论任务，面向本地用户，设计一套可量化指标。请用PRD片段输出，并从“学习曲线”角度做重点判断。要求：给出示例输入输出；包含衡量标准；最后给出3条可立即执行的下一步。
2021,社媒,社交媒体策划,创始人,表格,效率,个人项目,任务编号 P2021。请扮演社交媒体策划。围绕“社媒场景021-个人项目”中的短视频、帖子、评论任务，面向创始人，把零散想法整理成结构化大纲。请用表格输出，并从“效率”角度做重点判断。要求：语言简洁，不说空话；标注假设和不确定性；最后给出3条可立即执行的下一步。
2022,社媒,社交媒体策划,新手用户,邮件草稿,风险,质量波动,任务编号 P2022。请扮演社交媒体策划。围绕“社媒场景022-质量波动”中的短视频、帖子、评论任务，面向新手用户，生成可直接使用的模板。请用邮件草稿输出，并从“风险”角度做重点判断。要求：兼顾成本和效果；指出最容易忽略的细节；最后给出3条可立即执行的下一步。
2023,社媒,社交媒体策划,一线执行团队,路线图,增长,用户流失,任务编号 P2023。请扮演社交媒体策划。围绕“社媒场景023-用户流失”中的短视频、帖子、评论任务，面向一线执行团队，做一次反向推理找出隐藏风险。请用路线图输出，并从“增长”角度做重点判断。要求：指出最容易忽略的细节；避免专业黑话；最后给出3条可立即执行的下一步。
2024,社媒,社交媒体策划,开发团队,PRD片段,短期落地,内部培训,任务编号 P2024。请扮演社交媒体策划。围绕“社媒场景024-内部培训”中的短视频、帖子、评论任务，面向开发团队，给出低成本试验方案。请用PRD片段输出，并从“短期落地”角度做重点判断。要求：包含可执行下一步；用中文输出；最后给出3条可立即执行的下一步。
2025,社媒,社交媒体策划,客服团队,表格,成本,需要复盘,任务编号 P2025。请扮演社交媒体策划。围绕“社媒场景025-需要复盘”中的短视频、帖子、评论任务，面向客服团队，创建对比表并推荐选择。请用表格输出，并从“成本”角度做重点判断。要求：输出可直接复制使用；兼顾成本和效果；最后给出3条可立即执行的下一步。
2026,社媒,社交媒体策划,家长,邮件草稿,可维护性,时间紧迫,任务编号 P2026。请扮演社交媒体策划。围绕“社媒场景026-时间紧迫”中的短视频、帖子、评论任务，面向家长，把长内容压缩成高密度摘要。请用邮件草稿输出，并从“可维护性”角度做重点判断。要求：保持中立客观；避免虚构事实；最后给出3条可立即执行的下一步。
2027,社媒,社交媒体策划,非技术读者,路线图,长期价值,成熟企业,任务编号 P2027。请扮演社交媒体策划。围绕“社媒场景027-成熟企业”中的短视频、帖子、评论任务，面向非技术读者，提出10个创新方向并排序。请用路线图输出，并从“长期价值”角度做重点判断。要求：先给结论再解释；包含失败预案；最后给出3条可立即执行的下一步。
2028,社媒,社交媒体策划,中小企业主,PRD片段,质量,需要降本,任务编号 P2028。请扮演社交媒体策划。围绕“社媒场景028-需要降本”中的短视频、帖子、评论任务，面向中小企业主，设计30天训练计划。请用PRD片段输出，并从“质量”角度做重点判断。要求：包含失败预案；语言简洁，不说空话；最后给出3条可立即执行的下一步。
2029,社媒,社交媒体策划,资深从业者,表格,用户体验,流程混乱,任务编号 P2029。请扮演社交媒体策划。围绕“社媒场景029-流程混乱”中的短视频、帖子、评论任务，面向资深从业者，构建决策树帮助判断下一步。请用表格输出，并从“用户体验”角度做重点判断。要求：用中文输出；按难易度排序；最后给出3条可立即执行的下一步。
2030,社媒,社交媒体策划,自由职业者,邮件草稿,学习曲线,数据不足,任务编号 P2030。请扮演社交媒体策划。围绕“社媒场景030-数据不足”中的短视频、帖子、评论任务，面向自由职业者，生成会议讨论提纲。请用邮件草稿输出，并从“学习曲线”角度做重点判断。要求：标注假设和不确定性；先给结论再解释；最后给出3条可立即执行的下一步。
2031,社媒,社交媒体策划,设计团队,路线图,效率,公开发布,任务编号 P2031。请扮演社交媒体策划。围绕“社媒场景031-公开发布”中的短视频、帖子、评论任务，面向设计团队，写一份面向管理层的简报。请用路线图输出，并从“效率”角度做重点判断。要求：按影响力排序；给出示例输入输出；最后给出3条可立即执行的下一步。
2032,社媒,社交媒体策划,投资人,PRD片段,风险,多方协作,任务编号 P2032。请扮演社交媒体策划。围绕“社媒场景032-多方协作”中的短视频、帖子、评论任务，面向投资人，写一份面向执行者的操作手册。请用PRD片段输出，并从“风险”角度做重点判断。要求：必要时提出澄清问题；给出至少一个反例；最后给出3条可立即执行的下一步。
2033,社媒,社交媒体策划,海外用户,表格,增长,预算有限,任务编号 P2033。请扮演社交媒体策划。围绕“社媒场景033-预算有限”中的短视频、帖子、评论任务，面向海外用户，建立评估打分表。请用表格输出，并从“增长”角度做重点判断。要求：给出至少一个反例；保持中立客观；最后给出3条可立即执行的下一步。
2034,社媒,社交媒体策划,专家评审,邮件草稿,短期落地,初创团队,任务编号 P2034。请扮演社交媒体策划。围绕“社媒场景034-初创团队”中的短视频、帖子、评论任务，面向专家评审，提出自动化改造思路。请用邮件草稿输出，并从“短期落地”角度做重点判断。要求：按难易度排序；适合在一天内开始执行；最后给出3条可立即执行的下一步。
2035,社媒,社交媒体策划,大学生,路线图,成本,需要扩张,任务编号 P2035。请扮演社交媒体策划。围绕“社媒场景035-需要扩张”中的短视频、帖子、评论任务，面向大学生，设计用户调研问题。请用路线图输出，并从“成本”角度做重点判断。要求：避免虚构事实；必要时提出澄清问题；最后给出3条可立即执行的下一步。
2036,社媒,社交媒体策划,管理层,PRD片段,可维护性,新市场验证,任务编号 P2036。请扮演社交媒体策划。围绕“社媒场景036-新市场验证”中的短视频、帖子、评论任务，面向管理层，模拟用户反馈并归纳模式。请用PRD片段输出，并从“可维护性”角度做重点判断。要求：避免专业黑话；输出可直接复制使用；最后给出3条可立即执行的下一步。
2037,社媒,社交媒体策划,内容创作者,表格,长期价值,竞品压力,任务编号 P2037。请扮演社交媒体策划。围绕“社媒场景037-竞品压力”中的短视频、帖子、评论任务，面向内容创作者，生成故障排查路径。请用表格输出，并从“长期价值”角度做重点判断。要求：包含衡量标准；提供简短版本和完整版本；最后给出3条可立即执行的下一步。
2038,社媒,社交媒体策划,销售团队,邮件草稿,质量,准备上线,任务编号 P2038。请扮演社交媒体策划。围绕“社媒场景038-准备上线”中的短视频、帖子、评论任务，面向销售团队，把目标拆成里程碑。请用邮件草稿输出，并从“质量”角度做重点判断。要求：提供简短版本和完整版本；按影响力排序；最后给出3条可立即执行的下一步。
2039,社媒,社交媒体策划,教师,路线图,用户体验,高不确定性,任务编号 P2039。请扮演社交媒体策划。围绕“社媒场景039-高不确定性”中的短视频、帖子、评论任务，面向教师，提出可复用命名规范。请用路线图输出，并从“用户体验”角度做重点判断。要求：适合在一天内开始执行；包含可执行下一步；最后给出3条可立即执行的下一步。
2040,社媒,社交媒体策划,本地用户,PRD片段,学习曲线,远程协作,任务编号 P2040。请扮演社交媒体策划。围绕“社媒场景040-远程协作”中的短视频、帖子、评论任务，面向本地用户，创建风险登记册。请用PRD片段输出，并从“学习曲线”角度做重点判断。要求：给出示例输入输出；包含衡量标准；最后给出3条可立即执行的下一步。
2041,社媒,社交媒体策划,创始人,表格,效率,个人项目,任务编号 P2041。请扮演社交媒体策划。围绕“社媒场景041-个人项目”中的短视频、帖子、评论任务，面向创始人，制定一份可执行方案。请用表格输出，并从“效率”角度做重点判断。要求：语言简洁，不说空话；标注假设和不确定性；最后给出3条可立即执行的下一步。
2042,社媒,社交媒体策划,新手用户,邮件草稿,风险,质量波动,任务编号 P2042。请扮演社交媒体策划。围绕“社媒场景042-质量波动”中的短视频、帖子、评论任务，面向新手用户，列出关键问题并给出优先级。请用邮件草稿输出，并从“风险”角度做重点判断。要求：兼顾成本和效果；指出最容易忽略的细节；最后给出3条可立即执行的下一步。
2043,社媒,社交媒体策划,一线执行团队,路线图,增长,用户流失,任务编号 P2043。请扮演社交媒体策划。围绕“社媒场景043-用户流失”中的短视频、帖子、评论任务，面向一线执行团队，生成三种风格完全不同的版本。请用路线图输出，并从“增长”角度做重点判断。要求：指出最容易忽略的细节；避免专业黑话；最后给出3条可立即执行的下一步。
2044,社媒,社交媒体策划,开发团队,PRD片段,短期落地,内部培训,任务编号 P2044。请扮演社交媒体策划。围绕“社媒场景044-内部培训”中的短视频、帖子、评论任务，面向开发团队，把复杂内容改写成新手也能懂的说明。请用PRD片段输出，并从“短期落地”角度做重点判断。要求：包含可执行下一步；用中文输出；最后给出3条可立即执行的下一步。
2045,社媒,社交媒体策划,客服团队,表格,成本,需要复盘,任务编号 P2045。请扮演社交媒体策划。围绕“社媒场景045-需要复盘”中的短视频、帖子、评论任务，面向客服团队，设计一个从零到一的工作流。请用表格输出，并从“成本”角度做重点判断。要求：输出可直接复制使用；兼顾成本和效果；最后给出3条可立即执行的下一步。
2046,社媒,社交媒体策划,家长,邮件草稿,可维护性,时间紧迫,任务编号 P2046。请扮演社交媒体策划。围绕“社媒场景046-时间紧迫”中的短视频、帖子、评论任务，面向家长，创建检查清单并标注常见坑。请用邮件草稿输出，并从“可维护性”角度做重点判断。要求：保持中立客观；避免虚构事实；最后给出3条可立即执行的下一步。
2047,社媒,社交媒体策划,非技术读者,路线图,长期价值,成熟企业,任务编号 P2047。请扮演社交媒体策划。围绕“社媒场景047-成熟企业”中的短视频、帖子、评论任务，面向非技术读者，模拟专家评审并指出改进点。请用路线图输出，并从“长期价值”角度做重点判断。要求：先给结论再解释；包含失败预案；最后给出3条可立即执行的下一步。
2048,社媒,社交媒体策划,中小企业主,PRD片段,质量,需要降本,任务编号 P2048。请扮演社交媒体策划。围绕“社媒场景048-需要降本”中的短视频、帖子、评论任务，面向中小企业主，根据目标用户重写表达。请用PRD片段输出，并从“质量”角度做重点判断。要求：包含失败预案；语言简洁，不说空话；最后给出3条可立即执行的下一步。
2049,社媒,社交媒体策划,资深从业者,表格,用户体验,流程混乱,任务编号 P2049。请扮演社交媒体策划。围绕“社媒场景049-流程混乱”中的短视频、帖子、评论任务，面向资深从业者，提炼核心洞察并给出行动建议。请用表格输出，并从“用户体验”角度做重点判断。要求：用中文输出；按难易度排序；最后给出3条可立即执行的下一步。
2050,社媒,社交媒体策划,自由职业者,邮件草稿,学习曲线,数据不足,任务编号 P2050。请扮演社交媒体策划。围绕“社媒场景050-数据不足”中的短视频、帖子、评论任务，面向自由职业者，设计一套可量化指标。请用邮件草稿输出，并从“学习曲线”角度做重点判断。要求：标注假设和不确定性；先给结论再解释；最后给出3条可立即执行的下一步。
2051,社媒,社交媒体策划,设计团队,路线图,效率,公开发布,任务编号 P2051。请扮演社交媒体策划。围绕“社媒场景051-公开发布”中的短视频、帖子、评论任务，面向设计团队，把零散想法整理成结构化大纲。请用路线图输出，并从“效率”角度做重点判断。要求：按影响力排序；给出示例输入输出；最后给出3条可立即执行的下一步。
2052,社媒,社交媒体策划,投资人,PRD片段,风险,多方协作,任务编号 P2052。请扮演社交媒体策划。围绕“社媒场景052-多方协作”中的短视频、帖子、评论任务，面向投资人，生成可直接使用的模板。请用PRD片段输出，并从“风险”角度做重点判断。要求：必要时提出澄清问题；给出至少一个反例；最后给出3条可立即执行的下一步。
2053,社媒,社交媒体策划,海外用户,表格,增长,预算有限,任务编号 P2053。请扮演社交媒体策划。围绕“社媒场景053-预算有限”中的短视频、帖子、评论任务，面向海外用户，做一次反向推理找出隐藏风险。请用表格输出，并从“增长”角度做重点判断。要求：给出至少一个反例；保持中立客观；最后给出3条可立即执行的下一步。
2054,社媒,社交媒体策划,专家评审,邮件草稿,短期落地,初创团队,任务编号 P2054。请扮演社交媒体策划。围绕“社媒场景054-初创团队”中的短视频、帖子、评论任务，面向专家评审，给出低成本试验方案。请用邮件草稿输出，并从“短期落地”角度做重点判断。要求：按难易度排序；适合在一天内开始执行；最后给出3条可立即执行的下一步。
2055,社媒,社交媒体策划,大学生,路线图,成本,需要扩张,任务编号 P2055。请扮演社交媒体策划。围绕“社媒场景055-需要扩张”中的短视频、帖子、评论任务，面向大学生，创建对比表并推荐选择。请用路线图输出，并从“成本”角度做重点判断。要求：避免虚构事实；必要时提出澄清问题；最后给出3条可立即执行的下一步。
2056,社媒,社交媒体策划,管理层,PRD片段,可维护性,新市场验证,任务编号 P2056。请扮演社交媒体策划。围绕“社媒场景056-新市场验证”中的短视频、帖子、评论任务，面向管理层，把长内容压缩成高密度摘要。请用PRD片段输出，并从“可维护性”角度做重点判断。要求：避免专业黑话；输出可直接复制使用；最后给出3条可立即执行的下一步。
2057,社媒,社交媒体策划,内容创作者,表格,长期价值,竞品压力,任务编号 P2057。请扮演社交媒体策划。围绕“社媒场景057-竞品压力”中的短视频、帖子、评论任务，面向内容创作者，提出10个创新方向并排序。请用表格输出，并从“长期价值”角度做重点判断。要求：包含衡量标准；提供简短版本和完整版本；最后给出3条可立即执行的下一步。
2058,社媒,社交媒体策划,销售团队,邮件草稿,质量,准备上线,任务编号 P2058。请扮演社交媒体策划。围绕“社媒场景058-准备上线”中的短视频、帖子、评论任务，面向销售团队，设计30天训练计划。请用邮件草稿输出，并从“质量”角度做重点判断。要求：提供简短版本和完整版本；按影响力排序；最后给出3条可立即执行的下一步。
2059,社媒,社交媒体策划,教师,路线图,用户体验,高不确定性,任务编号 P2059。请扮演社交媒体策划。围绕“社媒场景059-高不确定性”中的短视频、帖子、评论任务，面向教师，构建决策树帮助判断下一步。请用路线图输出，并从“用户体验”角度做重点判断。要求：适合在一天内开始执行；包含可执行下一步；最后给出3条可立即执行的下一步。
2060,社媒,社交媒体策划,本地用户,PRD片段,学习曲线,远程协作,任务编号 P2060。请扮演社交媒体策划。围绕“社媒场景060-远程协作”中的短视频、帖子、评论任务，面向本地用户，生成会议讨论提纲。请用PRD片段输出，并从“学习曲线”角度做重点判断。要求：给出示例输入输出；包含衡量标准；最后给出3条可立即执行的下一步。
2061,社媒,社交媒体策划,创始人,表格,效率,个人项目,任务编号 P2061。请扮演社交媒体策划。围绕“社媒场景061-个人项目”中的短视频、帖子、评论任务，面向创始人，写一份面向管理层的简报。请用表格输出，并从“效率”角度做重点判断。要求：语言简洁，不说空话；标注假设和不确定性；最后给出3条可立即执行的下一步。
2062,社媒,社交媒体策划,新手用户,邮件草稿,风险,质量波动,任务编号 P2062。请扮演社交媒体策划。围绕“社媒场景062-质量波动”中的短视频、帖子、评论任务，面向新手用户，写一份面向执行者的操作手册。请用邮件草稿输出，并从“风险”角度做重点判断。要求：兼顾成本和效果；指出最容易忽略的细节；最后给出3条可立即执行的下一步。
2063,社媒,社交媒体策划,一线执行团队,路线图,增长,用户流失,任务编号 P2063。请扮演社交媒体策划。围绕“社媒场景063-用户流失”中的短视频、帖子、评论任务，面向一线执行团队，建立评估打分表。请用路线图输出，并从“增长”角度做重点判断。要求：指出最容易忽略的细节；避免专业黑话；最后给出3条可立即执行的下一步。
2064,社媒,社交媒体策划,开发团队,PRD片段,短期落地,内部培训,任务编号 P2064。请扮演社交媒体策划。围绕“社媒场景064-内部培训”中的短视频、帖子、评论任务，面向开发团队，提出自动化改造思路。请用PRD片段输出，并从“短期落地”角度做重点判断。要求：包含可执行下一步；用中文输出；最后给出3条可立即执行的下一步。
2065,社媒,社交媒体策划,客服团队,表格,成本,需要复盘,任务编号 P2065。请扮演社交媒体策划。围绕“社媒场景065-需要复盘”中的短视频、帖子、评论任务，面向客服团队，设计用户调研问题。请用表格输出，并从“成本”角度做重点判断。要求：输出可直接复制使用；兼顾成本和效果；最后给出3条可立即执行的下一步。
2066,社媒,社交媒体策划,家长,邮件草稿,可维护性,时间紧迫,任务编号 P2066。请扮演社交媒体策划。围绕“社媒场景066-时间紧迫”中的短视频、帖子、评论任务，面向家长，模拟用户反馈并归纳模式。请用邮件草稿输出，并从“可维护性”角度做重点判断。要求：保持中立客观；避免虚构事实；最后给出3条可立即执行的下一步。
2067,社媒,社交媒体策划,非技术读者,路线图,长期价值,成熟企业,任务编号 P2067。请扮演社交媒体策划。围绕“社媒场景067-成熟企业”中的短视频、帖子、评论任务，面向非技术读者，生成故障排查路径。请用路线图输出，并从“长期价值”角度做重点判断。要求：先给结论再解释；包含失败预案；最后给出3条可立即执行的下一步。
2068,社媒,社交媒体策划,中小企业主,PRD片段,质量,需要降本,任务编号 P2068。请扮演社交媒体策划。围绕“社媒场景068-需要降本”中的短视频、帖子、评论任务，面向中小企业主，把目标拆成里程碑。请用PRD片段输出，并从“质量”角度做重点判断。要求：包含失败预案；语言简洁，不说空话；最后给出3条可立即执行的下一步。
2069,社媒,社交媒体策划,资深从业者,表格,用户体验,流程混乱,任务编号 P2069。请扮演社交媒体策划。围绕“社媒场景069-流程混乱”中的短视频、帖子、评论任务，面向资深从业者，提出可复用命名规范。请用表格输出，并从“用户体验”角度做重点判断。要求：用中文输出；按难易度排序；最后给出3条可立即执行的下一步。
2070,社媒,社交媒体策划,自由职业者,邮件草稿,学习曲线,数据不足,任务编号 P2070。请扮演社交媒体策划。围绕“社媒场景070-数据不足”中的短视频、帖子、评论任务，面向自由职业者，创建风险登记册。请用邮件草稿输出，并从“学习曲线”角度做重点判断。要求：标注假设和不确定性；先给结论再解释；最后给出3条可立即执行的下一步。
2071,社媒,社交媒体策划,设计团队,路线图,效率,公开发布,任务编号 P2071。请扮演社交媒体策划。围绕“社媒场景071-公开发布”中的短视频、帖子、评论任务，面向设计团队，制定一份可执行方案。请用路线图输出，并从“效率”角度做重点判断。要求：按影响力排序；给出示例输入输出；最后给出3条可立即执行的下一步。
2072,社媒,社交媒体策划,投资人,PRD片段,风险,多方协作,任务编号 P2072。请扮演社交媒体策划。围绕“社媒场景072-多方协作”中的短视频、帖子、评论任务，面向投资人，列出关键问题并给出优先级。请用PRD片段输出，并从“风险”角度做重点判断。要求：必要时提出澄清问题；给出至少一个反例；最后给出3条可立即执行的下一步。
2073,社媒,社交媒体策划,海外用户,表格,增长,预算有限,任务编号 P2073。请扮演社交媒体策划。围绕“社媒场景073-预算有限”中的短视频、帖子、评论任务，面向海外用户，生成三种风格完全不同的版本。请用表格输出，并从“增长”角度做重点判断。要求：给出至少一个反例；保持中立客观；最后给出3条可立即执行的下一步。
2074,社媒,社交媒体策划,专家评审,邮件草稿,短期落地,初创团队,任务编号 P2074。请扮演社交媒体策划。围绕“社媒场景074-初创团队”中的短视频、帖子、评论任务，面向专家评审，把复杂内容改写成新手也能懂的说明。请用邮件草稿输出，并从“短期落地”角度做重点判断。要求：按难易度排序；适合在一天内开始执行；最后给出3条可立即执行的下一步。
2075,社媒,社交媒体策划,大学生,路线图,成本,需要扩张,任务编号 P2075。请扮演社交媒体策划。围绕“社媒场景075-需要扩张”中的短视频、帖子、评论任务，面向大学生，设计一个从零到一的工作流。请用路线图输出，并从“成本”角度做重点判断。要求：避免虚构事实；必要时提出澄清问题；最后给出3条可立即执行的下一步。
2076,社媒,社交媒体策划,管理层,PRD片段,可维护性,新市场验证,任务编号 P2076。请扮演社交媒体策划。围绕“社媒场景076-新市场验证”中的短视频、帖子、评论任务，面向管理层，创建检查清单并标注常见坑。请用PRD片段输出，并从“可维护性”角度做重点判断。要求：避免专业黑话；输出可直接复制使用；最后给出3条可立即执行的下一步。
2077,社媒,社交媒体策划,内容创作者,表格,长期价值,竞品压力,任务编号 P2077。请扮演社交媒体策划。围绕“社媒场景077-竞品压力”中的短视频、帖子、评论任务，面向内容创作者，模拟专家评审并指出改进点。请用表格输出，并从“长期价值”角度做重点判断。要求：包含衡量标准；提供简短版本和完整版本；最后给出3条可立即执行的下一步。
2078,社媒,社交媒体策划,销售团队,邮件草稿,质量,准备上线,任务编号 P2078。请扮演社交媒体策划。围绕“社媒场景078-准备上线”中的短视频、帖子、评论任务，面向销售团队，根据目标用户重写表达。请用邮件草稿输出，并从“质量”角度做重点判断。要求：提供简短版本和完整版本；按影响力排序；最后给出3条可立即执行的下一步。
2079,社媒,社交媒体策划,教师,路线图,用户体验,高不确定性,任务编号 P2079。请扮演社交媒体策划。围绕“社媒场景079-高不确定性”中的短视频、帖子、评论任务，面向教师，提炼核心洞察并给出行动建议。请用路线图输出，并从“用户体验”角度做重点判断。要求：适合在一天内开始执行；包含可执行下一步；最后给出3条可立即执行的下一步。
2080,社媒,社交媒体策划,本地用户,PRD片段,学习曲线,远程协作,任务编号 P2080。请扮演社交媒体策划。围绕“社媒场景080-远程协作”中的短视频、帖子、评论任务，面向本地用户，设计一套可量化指标。请用PRD片段输出，并从“学习曲线”角度做重点判断。要求：给出示例输入输出；包含衡量标准；最后给出3条可立即执行的下一步。
2081,社媒,社交媒体策划,创始人,表格,效率,个人项目,任务编号 P2081。请扮演社交媒体策划。围绕“社媒场景081-个人项目”中的短视频、帖子、评论任务，面向创始人，把零散想法整理成结构化大纲。请用表格输出，并从“效率”角度做重点判断。要求：语言简洁，不说空话；标注假设和不确定性；最后给出3条可立即执行的下一步。
2082,社媒,社交媒体策划,新手用户,邮件草稿,风险,质量波动,任务编号 P2082。请扮演社交媒体策划。围绕“社媒场景082-质量波动”中的短视频、帖子、评论任务，面向新手用户，生成可直接使用的模板。请用邮件草稿输出，并从“风险”角度做重点判断。要求：兼顾成本和效果；指出最容易忽略的细节；最后给出3条可立即执行的下一步。
2083,社媒,社交媒体策划,一线执行团队,路线图,增长,用户流失,任务编号 P2083。请扮演社交媒体策划。围绕“社媒场景083-用户流失”中的短视频、帖子、评论任务，面向一线执行团队，做一次反向推理找出隐藏风险。请用路线图输出，并从“增长”角度做重点判断。要求：指出最容易忽略的细节；避免专业黑话；最后给出3条可立即执行的下一步。
2084,社媒,社交媒体策划,开发团队,PRD片段,短期落地,内部培训,任务编号 P2084。请扮演社交媒体策划。围绕“社媒场景084-内部培训”中的短视频、帖子、评论任务，面向开发团队，给出低成本试验方案。请用PRD片段输出，并从“短期落地”角度做重点判断。要求：包含可执行下一步；用中文输出；最后给出3条可立即执行的下一步。
2085,社媒,社交媒体策划,客服团队,表格,成本,需要复盘,任务编号 P2085。请扮演社交媒体策划。围绕“社媒场景085-需要复盘”中的短视频、帖子、评论任务，面向客服团队，创建对比表并推荐选择。请用表格输出，并从“成本”角度做重点判断。要求：输出可直接复制使用；兼顾成本和效果；最后给出3条可立即执行的下一步。
2086,社媒,社交媒体策划,家长,邮件草稿,可维护性,时间紧迫,任务编号 P2086。请扮演社交媒体策划。围绕“社媒场景086-时间紧迫”中的短视频、帖子、评论任务，面向家长，把长内容压缩成高密度摘要。请用邮件草稿输出，并从“可维护性”角度做重点判断。要求：保持中立客观；避免虚构事实；最后给出3条可立即执行的下一步。
2087,社媒,社交媒体策划,非技术读者,路线图,长期价值,成熟企业,任务编号 P2087。请扮演社交媒体策划。围绕“社媒场景087-成熟企业”中的短视频、帖子、评论任务，面向非技术读者，提出10个创新方向并排序。请用路线图输出，并从“长期价值”角度做重点判断。要求：先给结论再解释；包含失败预案；最后给出3条可立即执行的下一步。
2088,社媒,社交媒体策划,中小企业主,PRD片段,质量,需要降本,任务编号 P2088。请扮演社交媒体策划。围绕“社媒场景088-需要降本”中的短视频、帖子、评论任务，面向中小企业主，设计30天训练计划。请用PRD片段输出，并从“质量”角度做重点判断。要求：包含失败预案；语言简洁，不说空话；最后给出3条可立即执行的下一步。
2089,社媒,社交媒体策划,资深从业者,表格,用户体验,流程混乱,任务编号 P2089。请扮演社交媒体策划。围绕“社媒场景089-流程混乱”中的短视频、帖子、评论任务，面向资深从业者，构建决策树帮助判断下一步。请用表格输出，并从“用户体验”角度做重点判断。要求：用中文输出；按难易度排序；最后给出3条可立即执行的下一步。
2090,社媒,社交媒体策划,自由职业者,邮件草稿,学习曲线,数据不足,任务编号 P2090。请扮演社交媒体策划。围绕“社媒场景090-数据不足”中的短视频、帖子、评论任务，面向自由职业者，生成会议讨论提纲。请用邮件草稿输出，并从“学习曲线”角度做重点判断。要求：标注假设和不确定性；先给结论再解释；最后给出3条可立即执行的下一步。
2091,社媒,社交媒体策划,设计团队,路线图,效率,公开发布,任务编号 P2091。请扮演社交媒体策划。围绕“社媒场景091-公开发布”中的短视频、帖子、评论任务，面向设计团队，写一份面向管理层的简报。请用路线图输出，并从“效率”角度做重点判断。要求：按影响力排序；给出示例输入输出；最后给出3条可立即执行的下一步。
2092,社媒,社交媒体策划,投资人,PRD片段,风险,多方协作,任务编号 P2092。请扮演社交媒体策划。围绕“社媒场景092-多方协作”中的短视频、帖子、评论任务，面向投资人，写一份面向执行者的操作手册。请用PRD片段输出，并从“风险”角度做重点判断。要求：必要时提出澄清问题；给出至少一个反例；最后给出3条可立即执行的下一步。
2093,社媒,社交媒体策划,海外用户,表格,增长,预算有限,任务编号 P2093。请扮演社交媒体策划。围绕“社媒场景093-预算有限”中的短视频、帖子、评论任务，面向海外用户，建立评估打分表。请用表格输出，并从“增长”角度做重点判断。要求：给出至少一个反例；保持中立客观；最后给出3条可立即执行的下一步。
2094,社媒,社交媒体策划,专家评审,邮件草稿,短期落地,初创团队,任务编号 P2094。请扮演社交媒体策划。围绕“社媒场景094-初创团队”中的短视频、帖子、评论任务，面向专家评审，提出自动化改造思路。请用邮件草稿输出，并从“短期落地”角度做重点判断。要求：按难易度排序；适合在一天内开始执行；最后给出3条可立即执行的下一步。
2095,社媒,社交媒体策划,大学生,路线图,成本,需要扩张,任务编号 P2095。请扮演社交媒体策划。围绕“社媒场景095-需要扩张”中的短视频、帖子、评论任务，面向大学生，设计用户调研问题。请用路线图输出，并从“成本”角度做重点判断。要求：避免虚构事实；必要时提出澄清问题；最后给出3条可立即执行的下一步。
2096,社媒,社交媒体策划,管理层,PRD片段,可维护性,新市场验证,任务编号 P2096。请扮演社交媒体策划。围绕“社媒场景096-新市场验证”中的短视频、帖子、评论任务，面向管理层，模拟用户反馈并归纳模式。请用PRD片段输出，并从“可维护性”角度做重点判断。要求：避免专业黑话；输出可直接复制使用；最后给出3条可立即执行的下一步。
2097,社媒,社交媒体策划,内容创作者,表格,长期价值,竞品压力,任务编号 P2097。请扮演社交媒体策划。围绕“社媒场景097-竞品压力”中的短视频、帖子、评论任务，面向内容创作者，生成故障排查路径。请用表格输出，并从“长期价值”角度做重点判断。要求：包含衡量标准；提供简短版本和完整版本；最后给出3条可立即执行的下一步。
2098,社媒,社交媒体策划,销售团队,邮件草稿,质量,准备上线,任务编号 P2098。请扮演社交媒体策划。围绕“社媒场景098-准备上线”中的短视频、帖子、评论任务，面向销售团队，把目标拆成里程碑。请用邮件草稿输出，并从“质量”角度做重点判断。要求：提供简短版本和完整版本；按影响力排序；最后给出3条可立即执行的下一步。
2099,社媒,社交媒体策划,教师,路线图,用户体验,高不确定性,任务编号 P2099。请扮演社交媒体策划。围绕“社媒场景099-高不确定性”中的短视频、帖子、评论任务，面向教师，提出可复用命名规范。请用路线图输出，并从“用户体验”角度做重点判断。要求：适合在一天内开始执行；包含可执行下一步；最后给出3条可立即执行的下一步。
2100,社媒,社交媒体策划,本地用户,PRD片段,学习曲线,远程协作,任务编号 P2100。请扮演社交媒体策划。围绕“社媒场景100-远程协作”中的短视频、帖子、评论任务，面向本地用户，创建风险登记册。请用PRD片段输出，并从“学习曲线”角度做重点判断。要求：给出示例输入输出；包含衡量标准；最后给出3条可立即执行的下一步。
2101,视频,视频编导,中小企业主,编号清单,质量,初创团队,任务编号 P2101。请扮演视频编导。围绕“视频场景001-初创团队”中的分镜、脚本、剪辑任务，面向中小企业主，写一份面向执行者的操作手册。请用编号清单输出，并从“质量”角度做重点判断。要求：包含可执行下一步；给出至少一个反例；最后给出3条可立即执行的下一步。
2102,视频,视频编导,资深从业者,对话脚本,用户体验,需要扩张,任务编号 P2102。请扮演视频编导。围绕“视频场景002-需要扩张”中的分镜、脚本、剪辑任务，面向资深从业者，建立评估打分表。请用对话脚本输出，并从“用户体验”角度做重点判断。要求：输出可直接复制使用；保持中立客观；最后给出3条可立即执行的下一步。
2103,视频,视频编导,自由职业者,FAQ,学习曲线,新市场验证,任务编号 P2103。请扮演视频编导。围绕“视频场景003-新市场验证”中的分镜、脚本、剪辑任务，面向自由职业者，提出自动化改造思路。请用FAQ输出，并从“学习曲线”角度做重点判断。要求：保持中立客观；适合在一天内开始执行；最后给出3条可立即执行的下一步。
2104,视频,视频编导,设计团队,演讲稿,效率,竞品压力,任务编号 P2104。请扮演视频编导。围绕“视频场景004-竞品压力”中的分镜、脚本、剪辑任务，面向设计团队，设计用户调研问题。请用演讲稿输出，并从“效率”角度做重点判断。要求：先给结论再解释；必要时提出澄清问题；最后给出3条可立即执行的下一步。
2105,视频,视频编导,投资人,编号清单,风险,准备上线,任务编号 P2105。请扮演视频编导。围绕“视频场景005-准备上线”中的分镜、脚本、剪辑任务，面向投资人，模拟用户反馈并归纳模式。请用编号清单输出，并从“风险”角度做重点判断。要求：包含失败预案；输出可直接复制使用；最后给出3条可立即执行的下一步。
2106,视频,视频编导,海外用户,对话脚本,增长,高不确定性,任务编号 P2106。请扮演视频编导。围绕“视频场景006-高不确定性”中的分镜、脚本、剪辑任务，面向海外用户，生成故障排查路径。请用对话脚本输出，并从“增长”角度做重点判断。要求：用中文输出；提供简短版本和完整版本；最后给出3条可立即执行的下一步。
2107,视频,视频编导,专家评审,FAQ,短期落地,远程协作,任务编号 P2107。请扮演视频编导。围绕“视频场景007-远程协作”中的分镜、脚本、剪辑任务，面向专家评审，把目标拆成里程碑。请用FAQ输出，并从“短期落地”角度做重点判断。要求：标注假设和不确定性；按影响力排序；最后给出3条可立即执行的下一步。
2108,视频,视频编导,大学生,演讲稿,成本,个人项目,任务编号 P2108。请扮演视频编导。围绕“视频场景008-个人项目”中的分镜、脚本、剪辑任务，面向大学生，提出可复用命名规范。请用演讲稿输出，并从“成本”角度做重点判断。要求：按影响力排序；包含可执行下一步；最后给出3条可立即执行的下一步。
2109,视频,视频编导,管理层,编号清单,可维护性,质量波动,任务编号 P2109。请扮演视频编导。围绕“视频场景009-质量波动”中的分镜、脚本、剪辑任务，面向管理层，创建风险登记册。请用编号清单输出，并从“可维护性”角度做重点判断。要求：必要时提出澄清问题；包含衡量标准；最后给出3条可立即执行的下一步。
2110,视频,视频编导,内容创作者,对话脚本,长期价值,用户流失,任务编号 P2110。请扮演视频编导。围绕“视频场景010-用户流失”中的分镜、脚本、剪辑任务，面向内容创作者，制定一份可执行方案。请用对话脚本输出，并从“长期价值”角度做重点判断。要求：给出至少一个反例；标注假设和不确定性；最后给出3条可立即执行的下一步。
2111,视频,视频编导,销售团队,FAQ,质量,内部培训,任务编号 P2111。请扮演视频编导。围绕“视频场景011-内部培训”中的分镜、脚本、剪辑任务，面向销售团队，列出关键问题并给出优先级。请用FAQ输出，并从“质量”角度做重点判断。要求：按难易度排序；指出最容易忽略的细节；最后给出3条可立即执行的下一步。
2112,视频,视频编导,教师,演讲稿,用户体验,需要复盘,任务编号 P2112。请扮演视频编导。围绕“视频场景012-需要复盘”中的分镜、脚本、剪辑任务，面向教师，生成三种风格完全不同的版本。请用演讲稿输出，并从“用户体验”角度做重点判断。要求：避免虚构事实；避免专业黑话；最后给出3条可立即执行的下一步。
2113,视频,视频编导,本地用户,编号清单,学习曲线,时间紧迫,任务编号 P2113。请扮演视频编导。围绕“视频场景013-时间紧迫”中的分镜、脚本、剪辑任务，面向本地用户，把复杂内容改写成新手也能懂的说明。请用编号清单输出，并从“学习曲线”角度做重点判断。要求：避免专业黑话；用中文输出；最后给出3条可立即执行的下一步。
2114,视频,视频编导,创始人,对话脚本,效率,成熟企业,任务编号 P2114。请扮演视频编导。围绕“视频场景014-成熟企业”中的分镜、脚本、剪辑任务，面向创始人，设计一个从零到一的工作流。请用对话脚本输出，并从“效率”角度做重点判断。要求：包含衡量标准；兼顾成本和效果；最后给出3条可立即执行的下一步。
2115,视频,视频编导,新手用户,FAQ,风险,需要降本,任务编号 P2115。请扮演视频编导。围绕“视频场景015-需要降本”中的分镜、脚本、剪辑任务，面向新手用户，创建检查清单并标注常见坑。请用FAQ输出，并从“风险”角度做重点判断。要求：提供简短版本和完整版本；避免虚构事实；最后给出3条可立即执行的下一步。
2116,视频,视频编导,一线执行团队,演讲稿,增长,流程混乱,任务编号 P2116。请扮演视频编导。围绕“视频场景016-流程混乱”中的分镜、脚本、剪辑任务，面向一线执行团队，模拟专家评审并指出改进点。请用演讲稿输出，并从“增长”角度做重点判断。要求：适合在一天内开始执行；包含失败预案；最后给出3条可立即执行的下一步。
2117,视频,视频编导,开发团队,编号清单,短期落地,数据不足,任务编号 P2117。请扮演视频编导。围绕“视频场景017-数据不足”中的分镜、脚本、剪辑任务，面向开发团队，根据目标用户重写表达。请用编号清单输出，并从“短期落地”角度做重点判断。要求：给出示例输入输出；语言简洁，不说空话；最后给出3条可立即执行的下一步。
2118,视频,视频编导,客服团队,对话脚本,成本,公开发布,任务编号 P2118。请扮演视频编导。围绕“视频场景018-公开发布”中的分镜、脚本、剪辑任务，面向客服团队，提炼核心洞察并给出行动建议。请用对话脚本输出，并从“成本”角度做重点判断。要求：语言简洁，不说空话；按难易度排序；最后给出3条可立即执行的下一步。
2119,视频,视频编导,家长,FAQ,可维护性,多方协作,任务编号 P2119。请扮演视频编导。围绕“视频场景019-多方协作”中的分镜、脚本、剪辑任务，面向家长，设计一套可量化指标。请用FAQ输出，并从“可维护性”角度做重点判断。要求：兼顾成本和效果；先给结论再解释；最后给出3条可立即执行的下一步。
2120,视频,视频编导,非技术读者,演讲稿,长期价值,预算有限,任务编号 P2120。请扮演视频编导。围绕“视频场景020-预算有限”中的分镜、脚本、剪辑任务，面向非技术读者，把零散想法整理成结构化大纲。请用演讲稿输出，并从“长期价值”角度做重点判断。要求：指出最容易忽略的细节；给出示例输入输出；最后给出3条可立即执行的下一步。
2121,视频,视频编导,中小企业主,编号清单,质量,初创团队,任务编号 P2121。请扮演视频编导。围绕“视频场景021-初创团队”中的分镜、脚本、剪辑任务，面向中小企业主，生成可直接使用的模板。请用编号清单输出，并从“质量”角度做重点判断。要求：包含可执行下一步；给出至少一个反例；最后给出3条可立即执行的下一步。
2122,视频,视频编导,资深从业者,对话脚本,用户体验,需要扩张,任务编号 P2122。请扮演视频编导。围绕“视频场景022-需要扩张”中的分镜、脚本、剪辑任务，面向资深从业者，做一次反向推理找出隐藏风险。请用对话脚本输出，并从“用户体验”角度做重点判断。要求：输出可直接复制使用；保持中立客观；最后给出3条可立即执行的下一步。
2123,视频,视频编导,自由职业者,FAQ,学习曲线,新市场验证,任务编号 P2123。请扮演视频编导。围绕“视频场景023-新市场验证”中的分镜、脚本、剪辑任务，面向自由职业者，给出低成本试验方案。请用FAQ输出，并从“学习曲线”角度做重点判断。要求：保持中立客观；适合在一天内开始执行；最后给出3条可立即执行的下一步。
2124,视频,视频编导,设计团队,演讲稿,效率,竞品压力,任务编号 P2124。请扮演视频编导。围绕“视频场景024-竞品压力”中的分镜、脚本、剪辑任务，面向设计团队，创建对比表并推荐选择。请用演讲稿输出，并从“效率”角度做重点判断。要求：先给结论再解释；必要时提出澄清问题；最后给出3条可立即执行的下一步。
2125,视频,视频编导,投资人,编号清单,风险,准备上线,任务编号 P2125。请扮演视频编导。围绕“视频场景025-准备上线”中的分镜、脚本、剪辑任务，面向投资人，把长内容压缩成高密度摘要。请用编号清单输出，并从“风险”角度做重点判断。要求：包含失败预案；输出可直接复制使用；最后给出3条可立即执行的下一步。
2126,视频,视频编导,海外用户,对话脚本,增长,高不确定性,任务编号 P2126。请扮演视频编导。围绕“视频场景026-高不确定性”中的分镜、脚本、剪辑任务，面向海外用户，提出10个创新方向并排序。请用对话脚本输出，并从“增长”角度做重点判断。要求：用中文输出；提供简短版本和完整版本；最后给出3条可立即执行的下一步。
2127,视频,视频编导,专家评审,FAQ,短期落地,远程协作,任务编号 P2127。请扮演视频编导。围绕“视频场景027-远程协作”中的分镜、脚本、剪辑任务，面向专家评审，设计30天训练计划。请用FAQ输出，并从“短期落地”角度做重点判断。要求：标注假设和不确定性；按影响力排序；最后给出3条可立即执行的下一步。
2128,视频,视频编导,大学生,演讲稿,成本,个人项目,任务编号 P2128。请扮演视频编导。围绕“视频场景028-个人项目”中的分镜、脚本、剪辑任务，面向大学生，构建决策树帮助判断下一步。请用演讲稿输出，并从“成本”角度做重点判断。要求：按影响力排序；包含可执行下一步；最后给出3条可立即执行的下一步。
2129,视频,视频编导,管理层,编号清单,可维护性,质量波动,任务编号 P2129。请扮演视频编导。围绕“视频场景029-质量波动”中的分镜、脚本、剪辑任务，面向管理层，生成会议讨论提纲。请用编号清单输出，并从“可维护性”角度做重点判断。要求：必要时提出澄清问题；包含衡量标准；最后给出3条可立即执行的下一步。
2130,视频,视频编导,内容创作者,对话脚本,长期价值,用户流失,任务编号 P2130。请扮演视频编导。围绕“视频场景030-用户流失”中的分镜、脚本、剪辑任务，面向内容创作者，写一份面向管理层的简报。请用对话脚本输出，并从“长期价值”角度做重点判断。要求：给出至少一个反例；标注假设和不确定性；最后给出3条可立即执行的下一步。
2131,视频,视频编导,销售团队,FAQ,质量,内部培训,任务编号 P2131。请扮演视频编导。围绕“视频场景031-内部培训”中的分镜、脚本、剪辑任务，面向销售团队，写一份面向执行者的操作手册。请用FAQ输出，并从“质量”角度做重点判断。要求：按难易度排序；指出最容易忽略的细节；最后给出3条可立即执行的下一步。
2132,视频,视频编导,教师,演讲稿,用户体验,需要复盘,任务编号 P2132。请扮演视频编导。围绕“视频场景032-需要复盘”中的分镜、脚本、剪辑任务，面向教师，建立评估打分表。请用演讲稿输出，并从“用户体验”角度做重点判断。要求：避免虚构事实；避免专业黑话；最后给出3条可立即执行的下一步。
2133,视频,视频编导,本地用户,编号清单,学习曲线,时间紧迫,任务编号 P2133。请扮演视频编导。围绕“视频场景033-时间紧迫”中的分镜、脚本、剪辑任务，面向本地用户，提出自动化改造思路。请用编号清单输出，并从“学习曲线”角度做重点判断。要求：避免专业黑话；用中文输出；最后给出3条可立即执行的下一步。
2134,视频,视频编导,创始人,对话脚本,效率,成熟企业,任务编号 P2134。请扮演视频编导。围绕“视频场景034-成熟企业”中的分镜、脚本、剪辑任务，面向创始人，设计用户调研问题。请用对话脚本输出，并从“效率”角度做重点判断。要求：包含衡量标准；兼顾成本和效果；最后给出3条可立即执行的下一步。
2135,视频,视频编导,新手用户,FAQ,风险,需要降本,任务编号 P2135。请扮演视频编导。围绕“视频场景035-需要降本”中的分镜、脚本、剪辑任务，面向新手用户，模拟用户反馈并归纳模式。请用FAQ输出，并从“风险”角度做重点判断。要求：提供简短版本和完整版本；避免虚构事实；最后给出3条可立即执行的下一步。
2136,视频,视频编导,一线执行团队,演讲稿,增长,流程混乱,任务编号 P2136。请扮演视频编导。围绕“视频场景036-流程混乱”中的分镜、脚本、剪辑任务，面向一线执行团队，生成故障排查路径。请用演讲稿输出，并从“增长”角度做重点判断。要求：适合在一天内开始执行；包含失败预案；最后给出3条可立即执行的下一步。
2137,视频,视频编导,开发团队,编号清单,短期落地,数据不足,任务编号 P2137。请扮演视频编导。围绕“视频场景037-数据不足”中的分镜、脚本、剪辑任务，面向开发团队，把目标拆成里程碑。请用编号清单输出，并从“短期落地”角度做重点判断。要求：给出示例输入输出；语言简洁，不说空话；最后给出3条可立即执行的下一步。
2138,视频,视频编导,客服团队,对话脚本,成本,公开发布,任务编号 P2138。请扮演视频编导。围绕“视频场景038-公开发布”中的分镜、脚本、剪辑任务，面向客服团队，提出可复用命名规范。请用对话脚本输出，并从“成本”角度做重点判断。要求：语言简洁，不说空话；按难易度排序；最后给出3条可立即执行的下一步。
2139,视频,视频编导,家长,FAQ,可维护性,多方协作,任务编号 P2139。请扮演视频编导。围绕“视频场景039-多方协作”中的分镜、脚本、剪辑任务，面向家长，创建风险登记册。请用FAQ输出，并从“可维护性”角度做重点判断。要求：兼顾成本和效果；先给结论再解释；最后给出3条可立即执行的下一步。
2140,视频,视频编导,非技术读者,演讲稿,长期价值,预算有限,任务编号 P2140。请扮演视频编导。围绕“视频场景040-预算有限”中的分镜、脚本、剪辑任务，面向非技术读者，制定一份可执行方案。请用演讲稿输出，并从“长期价值”角度做重点判断。要求：指出最容易忽略的细节；给出示例输入输出；最后给出3条可立即执行的下一步。
2141,视频,视频编导,中小企业主,编号清单,质量,初创团队,任务编号 P2141。请扮演视频编导。围绕“视频场景041-初创团队”中的分镜、脚本、剪辑任务，面向中小企业主，列出关键问题并给出优先级。请用编号清单输出，并从“质量”角度做重点判断。要求：包含可执行下一步；给出至少一个反例；最后给出3条可立即执行的下一步。
2142,视频,视频编导,资深从业者,对话脚本,用户体验,需要扩张,任务编号 P2142。请扮演视频编导。围绕“视频场景042-需要扩张”中的分镜、脚本、剪辑任务，面向资深从业者，生成三种风格完全不同的版本。请用对话脚本输出，并从“用户体验”角度做重点判断。要求：输出可直接复制使用；保持中立客观；最后给出3条可立即执行的下一步。
2143,视频,视频编导,自由职业者,FAQ,学习曲线,新市场验证,任务编号 P2143。请扮演视频编导。围绕“视频场景043-新市场验证”中的分镜、脚本、剪辑任务，面向自由职业者，把复杂内容改写成新手也能懂的说明。请用FAQ输出，并从“学习曲线”角度做重点判断。要求：保持中立客观；适合在一天内开始执行；最后给出3条可立即执行的下一步。
2144,视频,视频编导,设计团队,演讲稿,效率,竞品压力,任务编号 P2144。请扮演视频编导。围绕“视频场景044-竞品压力”中的分镜、脚本、剪辑任务，面向设计团队，设计一个从零到一的工作流。请用演讲稿输出，并从“效率”角度做重点判断。要求：先给结论再解释；必要时提出澄清问题；最后给出3条可立即执行的下一步。
2145,视频,视频编导,投资人,编号清单,风险,准备上线,任务编号 P2145。请扮演视频编导。围绕“视频场景045-准备上线”中的分镜、脚本、剪辑任务，面向投资人，创建检查清单并标注常见坑。请用编号清单输出，并从“风险”角度做重点判断。要求：包含失败预案；输出可直接复制使用；最后给出3条可立即执行的下一步。
2146,视频,视频编导,海外用户,对话脚本,增长,高不确定性,任务编号 P2146。请扮演视频编导。围绕“视频场景046-高不确定性”中的分镜、脚本、剪辑任务，面向海外用户，模拟专家评审并指出改进点。请用对话脚本输出，并从“增长”角度做重点判断。要求：用中文输出；提供简短版本和完整版本；最后给出3条可立即执行的下一步。
2147,视频,视频编导,专家评审,FAQ,短期落地,远程协作,任务编号 P2147。请扮演视频编导。围绕“视频场景047-远程协作”中的分镜、脚本、剪辑任务，面向专家评审，根据目标用户重写表达。请用FAQ输出，并从“短期落地”角度做重点判断。要求：标注假设和不确定性；按影响力排序；最后给出3条可立即执行的下一步。
2148,视频,视频编导,大学生,演讲稿,成本,个人项目,任务编号 P2148。请扮演视频编导。围绕“视频场景048-个人项目”中的分镜、脚本、剪辑任务，面向大学生，提炼核心洞察并给出行动建议。请用演讲稿输出，并从“成本”角度做重点判断。要求：按影响力排序；包含可执行下一步；最后给出3条可立即执行的下一步。
2149,视频,视频编导,管理层,编号清单,可维护性,质量波动,任务编号 P2149。请扮演视频编导。围绕“视频场景049-质量波动”中的分镜、脚本、剪辑任务，面向管理层，设计一套可量化指标。请用编号清单输出，并从“可维护性”角度做重点判断。要求：必要时提出澄清问题；包含衡量标准；最后给出3条可立即执行的下一步。
2150,视频,视频编导,内容创作者,对话脚本,长期价值,用户流失,任务编号 P2150。请扮演视频编导。围绕“视频场景050-用户流失”中的分镜、脚本、剪辑任务，面向内容创作者，把零散想法整理成结构化大纲。请用对话脚本输出，并从“长期价值”角度做重点判断。要求：给出至少一个反例；标注假设和不确定性；最后给出3条可立即执行的下一步。
2151,视频,视频编导,销售团队,FAQ,质量,内部培训,任务编号 P2151。请扮演视频编导。围绕“视频场景051-内部培训”中的分镜、脚本、剪辑任务，面向销售团队，生成可直接使用的模板。请用FAQ输出，并从“质量”角度做重点判断。要求：按难易度排序；指出最容易忽略的细节；最后给出3条可立即执行的下一步。
2152,视频,视频编导,教师,演讲稿,用户体验,需要复盘,任务编号 P2152。请扮演视频编导。围绕“视频场景052-需要复盘”中的分镜、脚本、剪辑任务，面向教师，做一次反向推理找出隐藏风险。请用演讲稿输出，并从“用户体验”角度做重点判断。要求：避免虚构事实；避免专业黑话；最后给出3条可立即执行的下一步。
2153,视频,视频编导,本地用户,编号清单,学习曲线,时间紧迫,任务编号 P2153。请扮演视频编导。围绕“视频场景053-时间紧迫”中的分镜、脚本、剪辑任务，面向本地用户，给出低成本试验方案。请用编号清单输出，并从“学习曲线”角度做重点判断。要求：避免专业黑话；用中文输出；最后给出3条可立即执行的下一步。
2154,视频,视频编导,创始人,对话脚本,效率,成熟企业,任务编号 P2154。请扮演视频编导。围绕“视频场景054-成熟企业”中的分镜、脚本、剪辑任务，面向创始人，创建对比表并推荐选择。请用对话脚本输出，并从“效率”角度做重点判断。要求：包含衡量标准；兼顾成本和效果；最后给出3条可立即执行的下一步。
2155,视频,视频编导,新手用户,FAQ,风险,需要降本,任务编号 P2155。请扮演视频编导。围绕“视频场景055-需要降本”中的分镜、脚本、剪辑任务，面向新手用户，把长内容压缩成高密度摘要。请用FAQ输出，并从“风险”角度做重点判断。要求：提供简短版本和完整版本；避免虚构事实；最后给出3条可立即执行的下一步。
2156,视频,视频编导,一线执行团队,演讲稿,增长,流程混乱,任务编号 P2156。请扮演视频编导。围绕“视频场景056-流程混乱”中的分镜、脚本、剪辑任务，面向一线执行团队，提出10个创新方向并排序。请用演讲稿输出，并从“增长”角度做重点判断。要求：适合在一天内开始执行；包含失败预案；最后给出3条可立即执行的下一步。
2157,视频,视频编导,开发团队,编号清单,短期落地,数据不足,任务编号 P2157。请扮演视频编导。围绕“视频场景057-数据不足”中的分镜、脚本、剪辑任务，面向开发团队，设计30天训练计划。请用编号清单输出，并从“短期落地”角度做重点判断。要求：给出示例输入输出；语言简洁，不说空话；最后给出3条可立即执行的下一步。
2158,视频,视频编导,客服团队,对话脚本,成本,公开发布,任务编号 P2158。请扮演视频编导。围绕“视频场景058-公开发布”中的分镜、脚本、剪辑任务，面向客服团队，构建决策树帮助判断下一步。请用对话脚本输出，并从“成本”角度做重点判断。要求：语言简洁，不说空话；按难易度排序；最后给出3条可立即执行的下一步。
2159,视频,视频编导,家长,FAQ,可维护性,多方协作,任务编号 P2159。请扮演视频编导。围绕“视频场景059-多方协作”中的分镜、脚本、剪辑任务，面向家长，生成会议讨论提纲。请用FAQ输出，并从“可维护性”角度做重点判断。要求：兼顾成本和效果；先给结论再解释；最后给出3条可立即执行的下一步。
2160,视频,视频编导,非技术读者,演讲稿,长期价值,预算有限,任务编号 P2160。请扮演视频编导。围绕“视频场景060-预算有限”中的分镜、脚本、剪辑任务，面向非技术读者，写一份面向管理层的简报。请用演讲稿输出，并从“长期价值”角度做重点判断。要求：指出最容易忽略的细节；给出示例输入输出；最后给出3条可立即执行的下一步。
2161,视频,视频编导,中小企业主,编号清单,质量,初创团队,任务编号 P2161。请扮演视频编导。围绕“视频场景061-初创团队”中的分镜、脚本、剪辑任务，面向中小企业主，写一份面向执行者的操作手册。请用编号清单输出，并从“质量”角度做重点判断。要求：包含可执行下一步；给出至少一个反例；最后给出3条可立即执行的下一步。
2162,视频,视频编导,资深从业者,对话脚本,用户体验,需要扩张,任务编号 P2162。请扮演视频编导。围绕“视频场景062-需要扩张”中的分镜、脚本、剪辑任务，面向资深从业者，建立评估打分表。请用对话脚本输出，并从“用户体验”角度做重点判断。要求：输出可直接复制使用；保持中立客观；最后给出3条可立即执行的下一步。
2163,视频,视频编导,自由职业者,FAQ,学习曲线,新市场验证,任务编号 P2163。请扮演视频编导。围绕“视频场景063-新市场验证”中的分镜、脚本、剪辑任务，面向自由职业者，提出自动化改造思路。请用FAQ输出，并从“学习曲线”角度做重点判断。要求：保持中立客观；适合在一天内开始执行；最后给出3条可立即执行的下一步。
2164,视频,视频编导,设计团队,演讲稿,效率,竞品压力,任务编号 P2164。请扮演视频编导。围绕“视频场景064-竞品压力”中的分镜、脚本、剪辑任务，面向设计团队，设计用户调研问题。请用演讲稿输出，并从“效率”角度做重点判断。要求：先给结论再解释；必要时提出澄清问题；最后给出3条可立即执行的下一步。
2165,视频,视频编导,投资人,编号清单,风险,准备上线,任务编号 P2165。请扮演视频编导。围绕“视频场景065-准备上线”中的分镜、脚本、剪辑任务，面向投资人，模拟用户反馈并归纳模式。请用编号清单输出，并从“风险”角度做重点判断。要求：包含失败预案；输出可直接复制使用；最后给出3条可立即执行的下一步。
2166,视频,视频编导,海外用户,对话脚本,增长,高不确定性,任务编号 P2166。请扮演视频编导。围绕“视频场景066-高不确定性”中的分镜、脚本、剪辑任务，面向海外用户，生成故障排查路径。请用对话脚本输出，并从“增长”角度做重点判断。要求：用中文输出；提供简短版本和完整版本；最后给出3条可立即执行的下一步。
2167,视频,视频编导,专家评审,FAQ,短期落地,远程协作,任务编号 P2167。请扮演视频编导。围绕“视频场景067-远程协作”中的分镜、脚本、剪辑任务，面向专家评审，把目标拆成里程碑。请用FAQ输出，并从“短期落地”角度做重点判断。要求：标注假设和不确定性；按影响力排序；最后给出3条可立即执行的下一步。
2168,视频,视频编导,大学生,演讲稿,成本,个人项目,任务编号 P2168。请扮演视频编导。围绕“视频场景068-个人项目”中的分镜、脚本、剪辑任务，面向大学生，提出可复用命名规范。请用演讲稿输出，并从“成本”角度做重点判断。要求：按影响力排序；包含可执行下一步；最后给出3条可立即执行的下一步。
2169,视频,视频编导,管理层,编号清单,可维护性,质量波动,任务编号 P2169。请扮演视频编导。围绕“视频场景069-质量波动”中的分镜、脚本、剪辑任务，面向管理层，创建风险登记册。请用编号清单输出，并从“可维护性”角度做重点判断。要求：必要时提出澄清问题；包含衡量标准；最后给出3条可立即执行的下一步。
2170,视频,视频编导,内容创作者,对话脚本,长期价值,用户流失,任务编号 P2170。请扮演视频编导。围绕“视频场景070-用户流失”中的分镜、脚本、剪辑任务，面向内容创作者，制定一份可执行方案。请用对话脚本输出，并从“长期价值”角度做重点判断。要求：给出至少一个反例；标注假设和不确定性；最后给出3条可立即执行的下一步。
2171,视频,视频编导,销售团队,FAQ,质量,内部培训,任务编号 P2171。请扮演视频编导。围绕“视频场景071-内部培训”中的分镜、脚本、剪辑任务，面向销售团队，列出关键问题并给出优先级。请用FAQ输出，并从“质量”角度做重点判断。要求：按难易度排序；指出最容易忽略的细节；最后给出3条可立即执行的下一步。
2172,视频,视频编导,教师,演讲稿,用户体验,需要复盘,任务编号 P2172。请扮演视频编导。围绕“视频场景072-需要复盘”中的分镜、脚本、剪辑任务，面向教师，生成三种风格完全不同的版本。请用演讲稿输出，并从“用户体验”角度做重点判断。要求：避免虚构事实；避免专业黑话；最后给出3条可立即执行的下一步。
2173,视频,视频编导,本地用户,编号清单,学习曲线,时间紧迫,任务编号 P2173。请扮演视频编导。围绕“视频场景073-时间紧迫”中的分镜、脚本、剪辑任务，面向本地用户，把复杂内容改写成新手也能懂的说明。请用编号清单输出，并从“学习曲线”角度做重点判断。要求：避免专业黑话；用中文输出；最后给出3条可立即执行的下一步。
2174,视频,视频编导,创始人,对话脚本,效率,成熟企业,任务编号 P2174。请扮演视频编导。围绕“视频场景074-成熟企业”中的分镜、脚本、剪辑任务，面向创始人，设计一个从零到一的工作流。请用对话脚本输出，并从“效率”角度做重点判断。要求：包含衡量标准；兼顾成本和效果；最后给出3条可立即执行的下一步。
2175,视频,视频编导,新手用户,FAQ,风险,需要降本,任务编号 P2175。请扮演视频编导。围绕“视频场景075-需要降本”中的分镜、脚本、剪辑任务，面向新手用户，创建检查清单并标注常见坑。请用FAQ输出，并从“风险”角度做重点判断。要求：提供简短版本和完整版本；避免虚构事实；最后给出3条可立即执行的下一步。
2176,视频,视频编导,一线执行团队,演讲稿,增长,流程混乱,任务编号 P2176。请扮演视频编导。围绕“视频场景076-流程混乱”中的分镜、脚本、剪辑任务，面向一线执行团队，模拟专家评审并指出改进点。请用演讲稿输出，并从“增长”角度做重点判断。要求：适合在一天内开始执行；包含失败预案；最后给出3条可立即执行的下一步。
2177,视频,视频编导,开发团队,编号清单,短期落地,数据不足,任务编号 P2177。请扮演视频编导。围绕“视频场景077-数据不足”中的分镜、脚本、剪辑任务，面向开发团队，根据目标用户重写表达。请用编号清单输出，并从“短期落地”角度做重点判断。要求：给出示例输入输出；语言简洁，不说空话；最后给出3条可立即执行的下一步。
2178,视频,视频编导,客服团队,对话脚本,成本,公开发布,任务编号 P2178。请扮演视频编导。围绕“视频场景078-公开发布”中的分镜、脚本、剪辑任务，面向客服团队，提炼核心洞察并给出行动建议。请用对话脚本输出，并从“成本”角度做重点判断。要求：语言简洁，不说空话；按难易度排序；最后给出3条可立即执行的下一步。
2179,视频,视频编导,家长,FAQ,可维护性,多方协作,任务编号 P2179。请扮演视频编导。围绕“视频场景079-多方协作”中的分镜、脚本、剪辑任务，面向家长，设计一套可量化指标。请用FAQ输出，并从“可维护性”角度做重点判断。要求：兼顾成本和效果；先给结论再解释；最后给出3条可立即执行的下一步。
2180,视频,视频编导,非技术读者,演讲稿,长期价值,预算有限,任务编号 P2180。请扮演视频编导。围绕“视频场景080-预算有限”中的分镜、脚本、剪辑任务，面向非技术读者，把零散想法整理成结构化大纲。请用演讲稿输出，并从“长期价值”角度做重点判断。要求：指出最容易忽略的细节；给出示例输入输出；最后给出3条可立即执行的下一步。
2181,视频,视频编导,中小企业主,编号清单,质量,初创团队,任务编号 P2181。请扮演视频编导。围绕“视频场景081-初创团队”中的分镜、脚本、剪辑任务，面向中小企业主，生成可直接使用的模板。请用编号清单输出，并从“质量”角度做重点判断。要求：包含可执行下一步；给出至少一个反例；最后给出3条可立即执行的下一步。
2182,视频,视频编导,资深从业者,对话脚本,用户体验,需要扩张,任务编号 P2182。请扮演视频编导。围绕“视频场景082-需要扩张”中的分镜、脚本、剪辑任务，面向资深从业者，做一次反向推理找出隐藏风险。请用对话脚本输出，并从“用户体验”角度做重点判断。要求：输出可直接复制使用；保持中立客观；最后给出3条可立即执行的下一步。
2183,视频,视频编导,自由职业者,FAQ,学习曲线,新市场验证,任务编号 P2183。请扮演视频编导。围绕“视频场景083-新市场验证”中的分镜、脚本、剪辑任务，面向自由职业者，给出低成本试验方案。请用FAQ输出，并从“学习曲线”角度做重点判断。要求：保持中立客观；适合在一天内开始执行；最后给出3条可立即执行的下一步。
2184,视频,视频编导,设计团队,演讲稿,效率,竞品压力,任务编号 P2184。请扮演视频编导。围绕“视频场景084-竞品压力”中的分镜、脚本、剪辑任务，面向设计团队，创建对比表并推荐选择。请用演讲稿输出，并从“效率”角度做重点判断。要求：先给结论再解释；必要时提出澄清问题；最后给出3条可立即执行的下一步。
2185,视频,视频编导,投资人,编号清单,风险,准备上线,任务编号 P2185。请扮演视频编导。围绕“视频场景085-准备上线”中的分镜、脚本、剪辑任务，面向投资人，把长内容压缩成高密度摘要。请用编号清单输出，并从“风险”角度做重点判断。要求：包含失败预案；输出可直接复制使用；最后给出3条可立即执行的下一步。
2186,视频,视频编导,海外用户,对话脚本,增长,高不确定性,任务编号 P2186。请扮演视频编导。围绕“视频场景086-高不确定性”中的分镜、脚本、剪辑任务，面向海外用户，提出10个创新方向并排序。请用对话脚本输出，并从“增长”角度做重点判断。要求：用中文输出；提供简短版本和完整版本；最后给出3条可立即执行的下一步。
2187,视频,视频编导,专家评审,FAQ,短期落地,远程协作,任务编号 P2187。请扮演视频编导。围绕“视频场景087-远程协作”中的分镜、脚本、剪辑任务，面向专家评审，设计30天训练计划。请用FAQ输出，并从“短期落地”角度做重点判断。要求：标注假设和不确定性；按影响力排序；最后给出3条可立即执行的下一步。
2188,视频,视频编导,大学生,演讲稿,成本,个人项目,任务编号 P2188。请扮演视频编导。围绕“视频场景088-个人项目”中的分镜、脚本、剪辑任务，面向大学生，构建决策树帮助判断下一步。请用演讲稿输出，并从“成本”角度做重点判断。要求：按影响力排序；包含可执行下一步；最后给出3条可立即执行的下一步。
2189,视频,视频编导,管理层,编号清单,可维护性,质量波动,任务编号 P2189。请扮演视频编导。围绕“视频场景089-质量波动”中的分镜、脚本、剪辑任务，面向管理层，生成会议讨论提纲。请用编号清单输出，并从“可维护性”角度做重点判断。要求：必要时提出澄清问题；包含衡量标准；最后给出3条可立即执行的下一步。
2190,视频,视频编导,内容创作者,对话脚本,长期价值,用户流失,任务编号 P2190。请扮演视频编导。围绕“视频场景090-用户流失”中的分镜、脚本、剪辑任务，面向内容创作者，写一份面向管理层的简报。请用对话脚本输出，并从“长期价值”角度做重点判断。要求：给出至少一个反例；标注假设和不确定性；最后给出3条可立即执行的下一步。
2191,视频,视频编导,销售团队,FAQ,质量,内部培训,任务编号 P2191。请扮演视频编导。围绕“视频场景091-内部培训”中的分镜、脚本、剪辑任务，面向销售团队，写一份面向执行者的操作手册。请用FAQ输出，并从“质量”角度做重点判断。要求：按难易度排序；指出最容易忽略的细节；最后给出3条可立即执行的下一步。
2192,视频,视频编导,教师,演讲稿,用户体验,需要复盘,任务编号 P2192。请扮演视频编导。围绕“视频场景092-需要复盘”中的分镜、脚本、剪辑任务，面向教师，建立评估打分表。请用演讲稿输出，并从“用户体验”角度做重点判断。要求：避免虚构事实；避免专业黑话；最后给出3条可立即执行的下一步。
2193,视频,视频编导,本地用户,编号清单,学习曲线,时间紧迫,任务编号 P2193。请扮演视频编导。围绕“视频场景093-时间紧迫”中的分镜、脚本、剪辑任务，面向本地用户，提出自动化改造思路。请用编号清单输出，并从“学习曲线”角度做重点判断。要求：避免专业黑话；用中文输出；最后给出3条可立即执行的下一步。
2194,视频,视频编导,创始人,对话脚本,效率,成熟企业,任务编号 P2194。请扮演视频编导。围绕“视频场景094-成熟企业”中的分镜、脚本、剪辑任务，面向创始人，设计用户调研问题。请用对话脚本输出，并从“效率”角度做重点判断。要求：包含衡量标准；兼顾成本和效果；最后给出3条可立即执行的下一步。
2195,视频,视频编导,新手用户,FAQ,风险,需要降本,任务编号 P2195。请扮演视频编导。围绕“视频场景095-需要降本”中的分镜、脚本、剪辑任务，面向新手用户，模拟用户反馈并归纳模式。请用FAQ输出，并从“风险”角度做重点判断。要求：提供简短版本和完整版本；避免虚构事实；最后给出3条可立即执行的下一步。
2196,视频,视频编导,一线执行团队,演讲稿,增长,流程混乱,任务编号 P2196。请扮演视频编导。围绕“视频场景096-流程混乱”中的分镜、脚本、剪辑任务，面向一线执行团队，生成故障排查路径。请用演讲稿输出，并从“增长”角度做重点判断。要求：适合在一天内开始执行；包含失败预案；最后给出3条可立即执行的下一步。
2197,视频,视频编导,开发团队,编号清单,短期落地,数据不足,任务编号 P2197。请扮演视频编导。围绕“视频场景097-数据不足”中的分镜、脚本、剪辑任务，面向开发团队，把目标拆成里程碑。请用编号清单输出，并从“短期落地”角度做重点判断。要求：给出示例输入输出；语言简洁，不说空话；最后给出3条可立即执行的下一步。
2198,视频,视频编导,客服团队,对话脚本,成本,公开发布,任务编号 P2198。请扮演视频编导。围绕“视频场景098-公开发布”中的分镜、脚本、剪辑任务，面向客服团队，提出可复用命名规范。请用对话脚本输出，并从“成本”角度做重点判断。要求：语言简洁，不说空话；按难易度排序；最后给出3条可立即执行的下一步。
2199,视频,视频编导,家长,FAQ,可维护性,多方协作,任务编号 P2199。请扮演视频编导。围绕“视频场景099-多方协作”中的分镜、脚本、剪辑任务，面向家长，创建风险登记册。请用FAQ输出，并从“可维护性”角度做重点判断。要求：兼顾成本和效果；先给结论再解释；最后给出3条可立即执行的下一步。
2200,视频,视频编导,非技术读者,演讲稿,长期价值,预算有限,任务编号 P2200。请扮演视频编导。围绕“视频场景100-预算有限”中的分镜、脚本、剪辑任务，面向非技术读者，制定一份可执行方案。请用演讲稿输出，并从“长期价值”角度做重点判断。要求：指出最容易忽略的细节；给出示例输入输出；最后给出3条可立即执行的下一步。
2201,播客,播客制作人,大学生,Markdown大纲,成本,成熟企业,任务编号 P2201。请扮演播客制作人。围绕“播客场景001-成熟企业”中的选题、访谈、shownotes任务，面向大学生，建立评估打分表。请用Markdown大纲输出，并从“成本”角度做重点判断。要求：先给结论再解释；避免专业黑话；最后给出3条可立即执行的下一步。
2202,播客,播客制作人,管理层,JSON结构,可维护性,需要降本,任务编号 P2202。请扮演播客制作人。围绕“播客场景002-需要降本”中的选题、访谈、shownotes任务，面向管理层，提出自动化改造思路。请用JSON结构输出，并从“可维护性”角度做重点判断。要求：包含失败预案；用中文输出；最后给出3条可立即执行的下一步。
2203,播客,播客制作人,内容创作者,复盘报告,长期价值,流程混乱,任务编号 P2203。请扮演播客制作人。围绕“播客场景003-流程混乱”中的选题、访谈、shownotes任务，面向内容创作者，设计用户调研问题。请用复盘报告输出，并从“长期价值”角度做重点判断。要求：用中文输出；兼顾成本和效果；最后给出3条可立即执行的下一步。
2204,播客,播客制作人,销售团队,短视频脚本,质量,数据不足,任务编号 P2204。请扮演播客制作人。围绕“播客场景004-数据不足”中的选题、访谈、shownotes任务，面向销售团队，模拟用户反馈并归纳模式。请用短视频脚本输出，并从“质量”角度做重点判断。要求：标注假设和不确定性；避免虚构事实；最后给出3条可立即执行的下一步。
2205,播客,播客制作人,教师,Markdown大纲,用户体验,公开发布,任务编号 P2205。请扮演播客制作人。围绕“播客场景005-公开发布”中的选题、访谈、shownotes任务，面向教师，生成故障排查路径。请用Markdown大纲输出，并从“用户体验”角度做重点判断。要求：按影响力排序；包含失败预案；最后给出3条可立即执行的下一步。
2206,播客,播客制作人,本地用户,JSON结构,学习曲线,多方协作,任务编号 P2206。请扮演播客制作人。围绕“播客场景006-多方协作”中的选题、访谈、shownotes任务，面向本地用户，把目标拆成里程碑。请用JSON结构输出，并从“学习曲线”角度做重点判断。要求：必要时提出澄清问题；语言简洁，不说空话；最后给出3条可立即执行的下一步。
2207,播客,播客制作人,创始人,复盘报告,效率,预算有限,任务编号 P2207。请扮演播客制作人。围绕“播客场景007-预算有限”中的选题、访谈、shownotes任务，面向创始人，提出可复用命名规范。请用复盘报告输出，并从“效率”角度做重点判断。要求：给出至少一个反例；按难易度排序；最后给出3条可立即执行的下一步。
2208,播客,播客制作人,新手用户,短视频脚本,风险,初创团队,任务编号 P2208。请扮演播客制作人。围绕“播客场景008-初创团队”中的选题、访谈、shownotes任务，面向新手用户，创建风险登记册。请用短视频脚本输出，并从“风险”角度做重点判断。要求：按难易度排序；先给结论再解释；最后给出3条可立即执行的下一步。
2209,播客,播客制作人,一线执行团队,Markdown大纲,增长,需要扩张,任务编号 P2209。请扮演播客制作人。围绕“播客场景009-需要扩张”中的选题、访谈、shownotes任务，面向一线执行团队，制定一份可执行方案。请用Markdown大纲输出，并从“增长”角度做重点判断。要求：避免虚构事实；给出示例输入输出；最后给出3条可立即执行的下一步。
2210,播客,播客制作人,开发团队,JSON结构,短期落地,新市场验证,任务编号 P2210。请扮演播客制作人。围绕“播客场景010-新市场验证”中的选题、访谈、shownotes任务，面向开发团队，列出关键问题并给出优先级。请用JSON结构输出，并从“短期落地”角度做重点判断。要求：避免专业黑话；给出至少一个反例；最后给出3条可立即执行的下一步。
2211,播客,播客制作人,客服团队,复盘报告,成本,竞品压力,任务编号 P2211。请扮演播客制作人。围绕“播客场景011-竞品压力”中的选题、访谈、shownotes任务，面向客服团队，生成三种风格完全不同的版本。请用复盘报告输出，并从“成本”角度做重点判断。要求：包含衡量标准；保持中立客观；最后给出3条可立即执行的下一步。
2212,播客,播客制作人,家长,短视频脚本,可维护性,准备上线,任务编号 P2212。请扮演播客制作人。围绕“播客场景012-准备上线”中的选题、访谈、shownotes任务，面向家长，把复杂内容改写成新手也能懂的说明。请用短视频脚本输出，并从“可维护性”角度做重点判断。要求：提供简短版本和完整版本；适合在一天内开始执行；最后给出3条可立即执行的下一步。
2213,播客,播客制作人,非技术读者,Markdown大纲,长期价值,高不确定性,任务编号 P2213。请扮演播客制作人。围绕“播客场景013-高不确定性”中的选题、访谈、shownotes任务，面向非技术读者，设计一个从零到一的工作流。请用Markdown大纲输出，并从“长期价值”角度做重点判断。要求：适合在一天内开始执行；必要时提出澄清问题；最后给出3条可立即执行的下一步。
2214,播客,播客制作人,中小企业主,JSON结构,质量,远程协作,任务编号 P2214。请扮演播客制作人。围绕“播客场景014-远程协作”中的选题、访谈、shownotes任务，面向中小企业主，创建检查清单并标注常见坑。请用JSON结构输出，并从“质量”角度做重点判断。要求：给出示例输入输出；输出可直接复制使用；最后给出3条可立即执行的下一步。
2215,播客,播客制作人,资深从业者,复盘报告,用户体验,个人项目,任务编号 P2215。请扮演播客制作人。围绕“播客场景015-个人项目”中的选题、访谈、shownotes任务，面向资深从业者，模拟专家评审并指出改进点。请用复盘报告输出，并从“用户体验”角度做重点判断。要求：语言简洁，不说空话；提供简短版本和完整版本；最后给出3条可立即执行的下一步。
2216,播客,播客制作人,自由职业者,短视频脚本,学习曲线,质量波动,任务编号 P2216。请扮演播客制作人。围绕“播客场景016-质量波动”中的选题、访谈、shownotes任务，面向自由职业者，根据目标用户重写表达。请用短视频脚本输出，并从“学习曲线”角度做重点判断。要求：兼顾成本和效果；按影响力排序；最后给出3条可立即执行的下一步。
2217,播客,播客制作人,设计团队,Markdown大纲,效率,用户流失,任务编号 P2217。请扮演播客制作人。围绕“播客场景017-用户流失”中的选题、访谈、shownotes任务，面向设计团队，提炼核心洞察并给出行动建议。请用Markdown大纲输出，并从“效率”角度做重点判断。要求：指出最容易忽略的细节；包含可执行下一步；最后给出3条可立即执行的下一步。
2218,播客,播客制作人,投资人,JSON结构,风险,内部培训,任务编号 P2218。请扮演播客制作人。围绕“播客场景018-内部培训”中的选题、访谈、shownotes任务，面向投资人，设计一套可量化指标。请用JSON结构输出，并从“风险”角度做重点判断。要求：包含可执行下一步；包含衡量标准；最后给出3条可立即执行的下一步。
2219,播客,播客制作人,海外用户,复盘报告,增长,需要复盘,任务编号 P2219。请扮演播客制作人。围绕“播客场景019-需要复盘”中的选题、访谈、shownotes任务，面向海外用户，把零散想法整理成结构化大纲。请用复盘报告输出，并从“增长”角度做重点判断。要求：输出可直接复制使用；标注假设和不确定性；最后给出3条可立即执行的下一步。
2220,播客,播客制作人,专家评审,短视频脚本,短期落地,时间紧迫,任务编号 P2220。请扮演播客制作人。围绕“播客场景020-时间紧迫”中的选题、访谈、shownotes任务，面向专家评审，生成可直接使用的模板。请用短视频脚本输出，并从“短期落地”角度做重点判断。要求：保持中立客观；指出最容易忽略的细节；最后给出3条可立即执行的下一步。
2221,播客,播客制作人,大学生,Markdown大纲,成本,成熟企业,任务编号 P2221。请扮演播客制作人。围绕“播客场景021-成熟企业”中的选题、访谈、shownotes任务，面向大学生，做一次反向推理找出隐藏风险。请用Markdown大纲输出，并从“成本”角度做重点判断。要求：先给结论再解释；避免专业黑话；最后给出3条可立即执行的下一步。
2222,播客,播客制作人,管理层,JSON结构,可维护性,需要降本,任务编号 P2222。请扮演播客制作人。围绕“播客场景022-需要降本”中的选题、访谈、shownotes任务，面向管理层，给出低成本试验方案。请用JSON结构输出，并从“可维护性”角度做重点判断。要求：包含失败预案；用中文输出；最后给出3条可立即执行的下一步。
2223,播客,播客制作人,内容创作者,复盘报告,长期价值,流程混乱,任务编号 P2223。请扮演播客制作人。围绕“播客场景023-流程混乱”中的选题、访谈、shownotes任务，面向内容创作者，创建对比表并推荐选择。请用复盘报告输出，并从“长期价值”角度做重点判断。要求：用中文输出；兼顾成本和效果；最后给出3条可立即执行的下一步。
2224,播客,播客制作人,销售团队,短视频脚本,质量,数据不足,任务编号 P2224。请扮演播客制作人。围绕“播客场景024-数据不足”中的选题、访谈、shownotes任务，面向销售团队，把长内容压缩成高密度摘要。请用短视频脚本输出，并从“质量”角度做重点判断。要求：标注假设和不确定性；避免虚构事实；最后给出3条可立即执行的下一步。
2225,播客,播客制作人,教师,Markdown大纲,用户体验,公开发布,任务编号 P2225。请扮演播客制作人。围绕“播客场景025-公开发布”中的选题、访谈、shownotes任务，面向教师，提出10个创新方向并排序。请用Markdown大纲输出，并从“用户体验”角度做重点判断。要求：按影响力排序；包含失败预案；最后给出3条可立即执行的下一步。
2226,播客,播客制作人,本地用户,JSON结构,学习曲线,多方协作,任务编号 P2226。请扮演播客制作人。围绕“播客场景026-多方协作”中的选题、访谈、shownotes任务，面向本地用户，设计30天训练计划。请用JSON结构输出，并从“学习曲线”角度做重点判断。要求：必要时提出澄清问题；语言简洁，不说空话；最后给出3条可立即执行的下一步。
2227,播客,播客制作人,创始人,复盘报告,效率,预算有限,任务编号 P2227。请扮演播客制作人。围绕“播客场景027-预算有限”中的选题、访谈、shownotes任务，面向创始人，构建决策树帮助判断下一步。请用复盘报告输出，并从“效率”角度做重点判断。要求：给出至少一个反例；按难易度排序；最后给出3条可立即执行的下一步。
2228,播客,播客制作人,新手用户,短视频脚本,风险,初创团队,任务编号 P2228。请扮演播客制作人。围绕“播客场景028-初创团队”中的选题、访谈、shownotes任务，面向新手用户，生成会议讨论提纲。请用短视频脚本输出，并从“风险”角度做重点判断。要求：按难易度排序；先给结论再解释；最后给出3条可立即执行的下一步。
2229,播客,播客制作人,一线执行团队,Markdown大纲,增长,需要扩张,任务编号 P2229。请扮演播客制作人。围绕“播客场景029-需要扩张”中的选题、访谈、shownotes任务，面向一线执行团队，写一份面向管理层的简报。请用Markdown大纲输出，并从“增长”角度做重点判断。要求：避免虚构事实；给出示例输入输出；最后给出3条可立即执行的下一步。
2230,播客,播客制作人,开发团队,JSON结构,短期落地,新市场验证,任务编号 P2230。请扮演播客制作人。围绕“播客场景030-新市场验证”中的选题、访谈、shownotes任务，面向开发团队，写一份面向执行者的操作手册。请用JSON结构输出，并从“短期落地”角度做重点判断。要求：避免专业黑话；给出至少一个反例；最后给出3条可立即执行的下一步。
2231,播客,播客制作人,客服团队,复盘报告,成本,竞品压力,任务编号 P2231。请扮演播客制作人。围绕“播客场景031-竞品压力”中的选题、访谈、shownotes任务，面向客服团队，建立评估打分表。请用复盘报告输出，并从“成本”角度做重点判断。要求：包含衡量标准；保持中立客观；最后给出3条可立即执行的下一步。
2232,播客,播客制作人,家长,短视频脚本,可维护性,准备上线,任务编号 P2232。请扮演播客制作人。围绕“播客场景032-准备上线”中的选题、访谈、shownotes任务，面向家长，提出自动化改造思路。请用短视频脚本输出，并从“可维护性”角度做重点判断。要求：提供简短版本和完整版本；适合在一天内开始执行；最后给出3条可立即执行的下一步。
2233,播客,播客制作人,非技术读者,Markdown大纲,长期价值,高不确定性,任务编号 P2233。请扮演播客制作人。围绕“播客场景033-高不确定性”中的选题、访谈、shownotes任务，面向非技术读者，设计用户调研问题。请用Markdown大纲输出，并从“长期价值”角度做重点判断。要求：适合在一天内开始执行；必要时提出澄清问题；最后给出3条可立即执行的下一步。
2234,播客,播客制作人,中小企业主,JSON结构,质量,远程协作,任务编号 P2234。请扮演播客制作人。围绕“播客场景034-远程协作”中的选题、访谈、shownotes任务，面向中小企业主，模拟用户反馈并归纳模式。请用JSON结构输出，并从“质量”角度做重点判断。要求：给出示例输入输出；输出可直接复制使用；最后给出3条可立即执行的下一步。
2235,播客,播客制作人,资深从业者,复盘报告,用户体验,个人项目,任务编号 P2235。请扮演播客制作人。围绕“播客场景035-个人项目”中的选题、访谈、shownotes任务，面向资深从业者，生成故障排查路径。请用复盘报告输出，并从“用户体验”角度做重点判断。要求：语言简洁，不说空话；提供简短版本和完整版本；最后给出3条可立即执行的下一步。
2236,播客,播客制作人,自由职业者,短视频脚本,学习曲线,质量波动,任务编号 P2236。请扮演播客制作人。围绕“播客场景036-质量波动”中的选题、访谈、shownotes任务，面向自由职业者，把目标拆成里程碑。请用短视频脚本输出，并从“学习曲线”角度做重点判断。要求：兼顾成本和效果；按影响力排序；最后给出3条可立即执行的下一步。
2237,播客,播客制作人,设计团队,Markdown大纲,效率,用户流失,任务编号 P2237。请扮演播客制作人。围绕“播客场景037-用户流失”中的选题、访谈、shownotes任务，面向设计团队，提出可复用命名规范。请用Markdown大纲输出，并从“效率”角度做重点判断。要求：指出最容易忽略的细节；包含可执行下一步；最后给出3条可立即执行的下一步。
2238,播客,播客制作人,投资人,JSON结构,风险,内部培训,任务编号 P2238。请扮演播客制作人。围绕“播客场景038-内部培训”中的选题、访谈、shownotes任务，面向投资人，创建风险登记册。请用JSON结构输出，并从“风险”角度做重点判断。要求：包含可执行下一步；包含衡量标准；最后给出3条可立即执行的下一步。
2239,播客,播客制作人,海外用户,复盘报告,增长,需要复盘,任务编号 P2239。请扮演播客制作人。围绕“播客场景039-需要复盘”中的选题、访谈、shownotes任务，面向海外用户，制定一份可执行方案。请用复盘报告输出，并从“增长”角度做重点判断。要求：输出可直接复制使用；标注假设和不确定性；最后给出3条可立即执行的下一步。
2240,播客,播客制作人,专家评审,短视频脚本,短期落地,时间紧迫,任务编号 P2240。请扮演播客制作人。围绕“播客场景040-时间紧迫”中的选题、访谈、shownotes任务，面向专家评审，列出关键问题并给出优先级。请用短视频脚本输出，并从“短期落地”角度做重点判断。要求：保持中立客观；指出最容易忽略的细节；最后给出3条可立即执行的下一步。
2241,播客,播客制作人,大学生,Markdown大纲,成本,成熟企业,任务编号 P2241。请扮演播客制作人。围绕“播客场景041-成熟企业”中的选题、访谈、shownotes任务，面向大学生，生成三种风格完全不同的版本。请用Markdown大纲输出，并从“成本”角度做重点判断。要求：先给结论再解释；避免专业黑话；最后给出3条可立即执行的下一步。
2242,播客,播客制作人,管理层,JSON结构,可维护性,需要降本,任务编号 P2242。请扮演播客制作人。围绕“播客场景042-需要降本”中的选题、访谈、shownotes任务，面向管理层，把复杂内容改写成新手也能懂的说明。请用JSON结构输出，并从“可维护性”角度做重点判断。要求：包含失败预案；用中文输出；最后给出3条可立即执行的下一步。
2243,播客,播客制作人,内容创作者,复盘报告,长期价值,流程混乱,任务编号 P2243。请扮演播客制作人。围绕“播客场景043-流程混乱”中的选题、访谈、shownotes任务，面向内容创作者，设计一个从零到一的工作流。请用复盘报告输出，并从“长期价值”角度做重点判断。要求：用中文输出；兼顾成本和效果；最后给出3条可立即执行的下一步。
2244,播客,播客制作人,销售团队,短视频脚本,质量,数据不足,任务编号 P2244。请扮演播客制作人。围绕“播客场景044-数据不足”中的选题、访谈、shownotes任务，面向销售团队，创建检查清单并标注常见坑。请用短视频脚本输出，并从“质量”角度做重点判断。要求：标注假设和不确定性；避免虚构事实；最后给出3条可立即执行的下一步。
2245,播客,播客制作人,教师,Markdown大纲,用户体验,公开发布,任务编号 P2245。请扮演播客制作人。围绕“播客场景045-公开发布”中的选题、访谈、shownotes任务，面向教师，模拟专家评审并指出改进点。请用Markdown大纲输出，并从“用户体验”角度做重点判断。要求：按影响力排序；包含失败预案；最后给出3条可立即执行的下一步。
2246,播客,播客制作人,本地用户,JSON结构,学习曲线,多方协作,任务编号 P2246。请扮演播客制作人。围绕“播客场景046-多方协作”中的选题、访谈、shownotes任务，面向本地用户，根据目标用户重写表达。请用JSON结构输出，并从“学习曲线”角度做重点判断。要求：必要时提出澄清问题；语言简洁，不说空话；最后给出3条可立即执行的下一步。
2247,播客,播客制作人,创始人,复盘报告,效率,预算有限,任务编号 P2247。请扮演播客制作人。围绕“播客场景047-预算有限”中的选题、访谈、shownotes任务，面向创始人，提炼核心洞察并给出行动建议。请用复盘报告输出，并从“效率”角度做重点判断。要求：给出至少一个反例；按难易度排序；最后给出3条可立即执行的下一步。
2248,播客,播客制作人,新手用户,短视频脚本,风险,初创团队,任务编号 P2248。请扮演播客制作人。围绕“播客场景048-初创团队”中的选题、访谈、shownotes任务，面向新手用户，设计一套可量化指标。请用短视频脚本输出，并从“风险”角度做重点判断。要求：按难易度排序；先给结论再解释；最后给出3条可立即执行的下一步。
2249,播客,播客制作人,一线执行团队,Markdown大纲,增长,需要扩张,任务编号 P2249。请扮演播客制作人。围绕“播客场景049-需要扩张”中的选题、访谈、shownotes任务，面向一线执行团队，把零散想法整理成结构化大纲。请用Markdown大纲输出，并从“增长”角度做重点判断。要求：避免虚构事实；给出示例输入输出；最后给出3条可立即执行的下一步。
2250,播客,播客制作人,开发团队,JSON结构,短期落地,新市场验证,任务编号 P2250。请扮演播客制作人。围绕“播客场景050-新市场验证”中的选题、访谈、shownotes任务，面向开发团队，生成可直接使用的模板。请用JSON结构输出，并从“短期落地”角度做重点判断。要求：避免专业黑话；给出至少一个反例；最后给出3条可立即执行的下一步。
2251,播客,播客制作人,客服团队,复盘报告,成本,竞品压力,任务编号 P2251。请扮演播客制作人。围绕“播客场景051-竞品压力”中的选题、访谈、shownotes任务，面向客服团队，做一次反向推理找出隐藏风险。请用复盘报告输出，并从“成本”角度做重点判断。要求：包含衡量标准；保持中立客观；最后给出3条可立即执行的下一步。
2252,播客,播客制作人,家长,短视频脚本,可维护性,准备上线,任务编号 P2252。请扮演播客制作人。围绕“播客场景052-准备上线”中的选题、访谈、shownotes任务，面向家长，给出低成本试验方案。请用短视频脚本输出，并从“可维护性”角度做重点判断。要求：提供简短版本和完整版本；适合在一天内开始执行；最后给出3条可立即执行的下一步。
2253,播客,播客制作人,非技术读者,Markdown大纲,长期价值,高不确定性,任务编号 P2253。请扮演播客制作人。围绕“播客场景053-高不确定性”中的选题、访谈、shownotes任务，面向非技术读者，创建对比表并推荐选择。请用Markdown大纲输出，并从“长期价值”角度做重点判断。要求：适合在一天内开始执行；必要时提出澄清问题；最后给出3条可立即执行的下一步。
2254,播客,播客制作人,中小企业主,JSON结构,质量,远程协作,任务编号 P2254。请扮演播客制作人。围绕“播客场景054-远程协作”中的选题、访谈、shownotes任务，面向中小企业主，把长内容压缩成高密度摘要。请用JSON结构输出，并从“质量”角度做重点判断。要求：给出示例输入输出；输出可直接复制使用；最后给出3条可立即执行的下一步。
2255,播客,播客制作人,资深从业者,复盘报告,用户体验,个人项目,任务编号 P2255。请扮演播客制作人。围绕“播客场景055-个人项目”中的选题、访谈、shownotes任务，面向资深从业者，提出10个创新方向并排序。请用复盘报告输出，并从“用户体验”角度做重点判断。要求：语言简洁，不说空话；提供简短版本和完整版本；最后给出3条可立即执行的下一步。
2256,播客,播客制作人,自由职业者,短视频脚本,学习曲线,质量波动,任务编号 P2256。请扮演播客制作人。围绕“播客场景056-质量波动”中的选题、访谈、shownotes任务，面向自由职业者，设计30天训练计划。请用短视频脚本输出，并从“学习曲线”角度做重点判断。要求：兼顾成本和效果；按影响力排序；最后给出3条可立即执行的下一步。
2257,播客,播客制作人,设计团队,Markdown大纲,效率,用户流失,任务编号 P2257。请扮演播客制作人。围绕“播客场景057-用户流失”中的选题、访谈、shownotes任务，面向设计团队，构建决策树帮助判断下一步。请用Markdown大纲输出，并从“效率”角度做重点判断。要求：指出最容易忽略的细节；包含可执行下一步；最后给出3条可立即执行的下一步。
2258,播客,播客制作人,投资人,JSON结构,风险,内部培训,任务编号 P2258。请扮演播客制作人。围绕“播客场景058-内部培训”中的选题、访谈、shownotes任务，面向投资人，生成会议讨论提纲。请用JSON结构输出，并从“风险”角度做重点判断。要求：包含可执行下一步；包含衡量标准；最后给出3条可立即执行的下一步。
2259,播客,播客制作人,海外用户,复盘报告,增长,需要复盘,任务编号 P2259。请扮演播客制作人。围绕“播客场景059-需要复盘”中的选题、访谈、shownotes任务，面向海外用户，写一份面向管理层的简报。请用复盘报告输出，并从“增长”角度做重点判断。要求：输出可直接复制使用；标注假设和不确定性；最后给出3条可立即执行的下一步。
2260,播客,播客制作人,专家评审,短视频脚本,短期落地,时间紧迫,任务编号 P2260。请扮演播客制作人。围绕“播客场景060-时间紧迫”中的选题、访谈、shownotes任务，面向专家评审，写一份面向执行者的操作手册。请用短视频脚本输出，并从“短期落地”角度做重点判断。要求：保持中立客观；指出最容易忽略的细节；最后给出3条可立即执行的下一步。
2261,播客,播客制作人,大学生,Markdown大纲,成本,成熟企业,任务编号 P2261。请扮演播客制作人。围绕“播客场景061-成熟企业”中的选题、访谈、shownotes任务，面向大学生，建立评估打分表。请用Markdown大纲输出，并从“成本”角度做重点判断。要求：先给结论再解释；避免专业黑话；最后给出3条可立即执行的下一步。
2262,播客,播客制作人,管理层,JSON结构,可维护性,需要降本,任务编号 P2262。请扮演播客制作人。围绕“播客场景062-需要降本”中的选题、访谈、shownotes任务，面向管理层，提出自动化改造思路。请用JSON结构输出，并从“可维护性”角度做重点判断。要求：包含失败预案；用中文输出；最后给出3条可立即执行的下一步。
2263,播客,播客制作人,内容创作者,复盘报告,长期价值,流程混乱,任务编号 P2263。请扮演播客制作人。围绕“播客场景063-流程混乱”中的选题、访谈、shownotes任务，面向内容创作者，设计用户调研问题。请用复盘报告输出，并从“长期价值”角度做重点判断。要求：用中文输出；兼顾成本和效果；最后给出3条可立即执行的下一步。
2264,播客,播客制作人,销售团队,短视频脚本,质量,数据不足,任务编号 P2264。请扮演播客制作人。围绕“播客场景064-数据不足”中的选题、访谈、shownotes任务，面向销售团队，模拟用户反馈并归纳模式。请用短视频脚本输出，并从“质量”角度做重点判断。要求：标注假设和不确定性；避免虚构事实；最后给出3条可立即执行的下一步。
2265,播客,播客制作人,教师,Markdown大纲,用户体验,公开发布,任务编号 P2265。请扮演播客制作人。围绕“播客场景065-公开发布”中的选题、访谈、shownotes任务，面向教师，生成故障排查路径。请用Markdown大纲输出，并从“用户体验”角度做重点判断。要求：按影响力排序；包含失败预案；最后给出3条可立即执行的下一步。
2266,播客,播客制作人,本地用户,JSON结构,学习曲线,多方协作,任务编号 P2266。请扮演播客制作人。围绕“播客场景066-多方协作”中的选题、访谈、shownotes任务，面向本地用户，把目标拆成里程碑。请用JSON结构输出，并从“学习曲线”角度做重点判断。要求：必要时提出澄清问题；语言简洁，不说空话；最后给出3条可立即执行的下一步。
2267,播客,播客制作人,创始人,复盘报告,效率,预算有限,任务编号 P2267。请扮演播客制作人。围绕“播客场景067-预算有限”中的选题、访谈、shownotes任务，面向创始人，提出可复用命名规范。请用复盘报告输出，并从“效率”角度做重点判断。要求：给出至少一个反例；按难易度排序；最后给出3条可立即执行的下一步。
2268,播客,播客制作人,新手用户,短视频脚本,风险,初创团队,任务编号 P2268。请扮演播客制作人。围绕“播客场景068-初创团队”中的选题、访谈、shownotes任务，面向新手用户，创建风险登记册。请用短视频脚本输出，并从“风险”角度做重点判断。要求：按难易度排序；先给结论再解释；最后给出3条可立即执行的下一步。
2269,播客,播客制作人,一线执行团队,Markdown大纲,增长,需要扩张,任务编号 P2269。请扮演播客制作人。围绕“播客场景069-需要扩张”中的选题、访谈、shownotes任务，面向一线执行团队，制定一份可执行方案。请用Markdown大纲输出，并从“增长”角度做重点判断。要求：避免虚构事实；给出示例输入输出；最后给出3条可立即执行的下一步。
2270,播客,播客制作人,开发团队,JSON结构,短期落地,新市场验证,任务编号 P2270。请扮演播客制作人。围绕“播客场景070-新市场验证”中的选题、访谈、shownotes任务，面向开发团队，列出关键问题并给出优先级。请用JSON结构输出，并从“短期落地”角度做重点判断。要求：避免专业黑话；给出至少一个反例；最后给出3条可立即执行的下一步。
2271,播客,播客制作人,客服团队,复盘报告,成本,竞品压力,任务编号 P2271。请扮演播客制作人。围绕“播客场景071-竞品压力”中的选题、访谈、shownotes任务，面向客服团队，生成三种风格完全不同的版本。请用复盘报告输出，并从“成本”角度做重点判断。要求：包含衡量标准；保持中立客观；最后给出3条可立即执行的下一步。
2272,播客,播客制作人,家长,短视频脚本,可维护性,准备上线,任务编号 P2272。请扮演播客制作人。围绕“播客场景072-准备上线”中的选题、访谈、shownotes任务，面向家长，把复杂内容改写成新手也能懂的说明。请用短视频脚本输出，并从“可维护性”角度做重点判断。要求：提供简短版本和完整版本；适合在一天内开始执行；最后给出3条可立即执行的下一步。
2273,播客,播客制作人,非技术读者,Markdown大纲,长期价值,高不确定性,任务编号 P2273。请扮演播客制作人。围绕“播客场景073-高不确定性”中的选题、访谈、shownotes任务，面向非技术读者，设计一个从零到一的工作流。请用Markdown大纲输出，并从“长期价值”角度做重点判断。要求：适合在一天内开始执行；必要时提出澄清问题；最后给出3条可立即执行的下一步。
2274,播客,播客制作人,中小企业主,JSON结构,质量,远程协作,任务编号 P2274。请扮演播客制作人。围绕“播客场景074-远程协作”中的选题、访谈、shownotes任务，面向中小企业主，创建检查清单并标注常见坑。请用JSON结构输出，并从“质量”角度做重点判断。要求：给出示例输入输出；输出可直接复制使用；最后给出3条可立即执行的下一步。
2275,播客,播客制作人,资深从业者,复盘报告,用户体验,个人项目,任务编号 P2275。请扮演播客制作人。围绕“播客场景075-个人项目”中的选题、访谈、shownotes任务，面向资深从业者，模拟专家评审并指出改进点。请用复盘报告输出，并从“用户体验”角度做重点判断。要求：语言简洁，不说空话；提供简短版本和完整版本；最后给出3条可立即执行的下一步。
2276,播客,播客制作人,自由职业者,短视频脚本,学习曲线,质量波动,任务编号 P2276。请扮演播客制作人。围绕“播客场景076-质量波动”中的选题、访谈、shownotes任务，面向自由职业者，根据目标用户重写表达。请用短视频脚本输出，并从“学习曲线”角度做重点判断。要求：兼顾成本和效果；按影响力排序；最后给出3条可立即执行的下一步。
2277,播客,播客制作人,设计团队,Markdown大纲,效率,用户流失,任务编号 P2277。请扮演播客制作人。围绕“播客场景077-用户流失”中的选题、访谈、shownotes任务，面向设计团队，提炼核心洞察并给出行动建议。请用Markdown大纲输出，并从“效率”角度做重点判断。要求：指出最容易忽略的细节；包含可执行下一步；最后给出3条可立即执行的下一步。
2278,播客,播客制作人,投资人,JSON结构,风险,内部培训,任务编号 P2278。请扮演播客制作人。围绕“播客场景078-内部培训”中的选题、访谈、shownotes任务，面向投资人，设计一套可量化指标。请用JSON结构输出，并从“风险”角度做重点判断。要求：包含可执行下一步；包含衡量标准；最后给出3条可立即执行的下一步。
2279,播客,播客制作人,海外用户,复盘报告,增长,需要复盘,任务编号 P2279。请扮演播客制作人。围绕“播客场景079-需要复盘”中的选题、访谈、shownotes任务，面向海外用户，把零散想法整理成结构化大纲。请用复盘报告输出，并从“增长”角度做重点判断。要求：输出可直接复制使用；标注假设和不确定性；最后给出3条可立即执行的下一步。
2280,播客,播客制作人,专家评审,短视频脚本,短期落地,时间紧迫,任务编号 P2280。请扮演播客制作人。围绕“播客场景080-时间紧迫”中的选题、访谈、shownotes任务，面向专家评审，生成可直接使用的模板。请用短视频脚本输出，并从“短期落地”角度做重点判断。要求：保持中立客观；指出最容易忽略的细节；最后给出3条可立即执行的下一步。
2281,播客,播客制作人,大学生,Markdown大纲,成本,成熟企业,任务编号 P2281。请扮演播客制作人。围绕“播客场景081-成熟企业”中的选题、访谈、shownotes任务，面向大学生，做一次反向推理找出隐藏风险。请用Markdown大纲输出，并从“成本”角度做重点判断。要求：先给结论再解释；避免专业黑话；最后给出3条可立即执行的下一步。
2282,播客,播客制作人,管理层,JSON结构,可维护性,需要降本,任务编号 P2282。请扮演播客制作人。围绕“播客场景082-需要降本”中的选题、访谈、shownotes任务，面向管理层，给出低成本试验方案。请用JSON结构输出，并从“可维护性”角度做重点判断。要求：包含失败预案；用中文输出；最后给出3条可立即执行的下一步。
2283,播客,播客制作人,内容创作者,复盘报告,长期价值,流程混乱,任务编号 P2283。请扮演播客制作人。围绕“播客场景083-流程混乱”中的选题、访谈、shownotes任务，面向内容创作者，创建对比表并推荐选择。请用复盘报告输出，并从“长期价值”角度做重点判断。要求：用中文输出；兼顾成本和效果；最后给出3条可立即执行的下一步。
2284,播客,播客制作人,销售团队,短视频脚本,质量,数据不足,任务编号 P2284。请扮演播客制作人。围绕“播客场景084-数据不足”中的选题、访谈、shownotes任务，面向销售团队，把长内容压缩成高密度摘要。请用短视频脚本输出，并从“质量”角度做重点判断。要求：标注假设和不确定性；避免虚构事实；最后给出3条可立即执行的下一步。
2285,播客,播客制作人,教师,Markdown大纲,用户体验,公开发布,任务编号 P2285。请扮演播客制作人。围绕“播客场景085-公开发布”中的选题、访谈、shownotes任务，面向教师，提出10个创新方向并排序。请用Markdown大纲输出，并从“用户体验”角度做重点判断。要求：按影响力排序；包含失败预案；最后给出3条可立即执行的下一步。
2286,播客,播客制作人,本地用户,JSON结构,学习曲线,多方协作,任务编号 P2286。请扮演播客制作人。围绕“播客场景086-多方协作”中的选题、访谈、shownotes任务，面向本地用户，设计30天训练计划。请用JSON结构输出，并从“学习曲线”角度做重点判断。要求：必要时提出澄清问题；语言简洁，不说空话；最后给出3条可立即执行的下一步。
2287,播客,播客制作人,创始人,复盘报告,效率,预算有限,任务编号 P2287。请扮演播客制作人。围绕“播客场景087-预算有限”中的选题、访谈、shownotes任务，面向创始人，构建决策树帮助判断下一步。请用复盘报告输出，并从“效率”角度做重点判断。要求：给出至少一个反例；按难易度排序；最后给出3条可立即执行的下一步。
2288,播客,播客制作人,新手用户,短视频脚本,风险,初创团队,任务编号 P2288。请扮演播客制作人。围绕“播客场景088-初创团队”中的选题、访谈、shownotes任务，面向新手用户，生成会议讨论提纲。请用短视频脚本输出，并从“风险”角度做重点判断。要求：按难易度排序；先给结论再解释；最后给出3条可立即执行的下一步。
2289,播客,播客制作人,一线执行团队,Markdown大纲,增长,需要扩张,任务编号 P2289。请扮演播客制作人。围绕“播客场景089-需要扩张”中的选题、访谈、shownotes任务，面向一线执行团队，写一份面向管理层的简报。请用Markdown大纲输出，并从“增长”角度做重点判断。要求：避免虚构事实；给出示例输入输出；最后给出3条可立即执行的下一步。
2290,播客,播客制作人,开发团队,JSON结构,短期落地,新市场验证,任务编号 P2290。请扮演播客制作人。围绕“播客场景090-新市场验证”中的选题、访谈、shownotes任务，面向开发团队，写一份面向执行者的操作手册。请用JSON结构输出，并从“短期落地”角度做重点判断。要求：避免专业黑话；给出至少一个反例；最后给出3条可立即执行的下一步。
2291,播客,播客制作人,客服团队,复盘报告,成本,竞品压力,任务编号 P2291。请扮演播客制作人。围绕“播客场景091-竞品压力”中的选题、访谈、shownotes任务，面向客服团队，建立评估打分表。请用复盘报告输出，并从“成本”角度做重点判断。要求：包含衡量标准；保持中立客观；最后给出3条可立即执行的下一步。
2292,播客,播客制作人,家长,短视频脚本,可维护性,准备上线,任务编号 P2292。请扮演播客制作人。围绕“播客场景092-准备上线”中的选题、访谈、shownotes任务，面向家长，提出自动化改造思路。请用短视频脚本输出，并从“可维护性”角度做重点判断。要求：提供简短版本和完整版本；适合在一天内开始执行；最后给出3条可立即执行的下一步。
2293,播客,播客制作人,非技术读者,Markdown大纲,长期价值,高不确定性,任务编号 P2293。请扮演播客制作人。围绕“播客场景093-高不确定性”中的选题、访谈、shownotes任务，面向非技术读者，设计用户调研问题。请用Markdown大纲输出，并从“长期价值”角度做重点判断。要求：适合在一天内开始执行；必要时提出澄清问题；最后给出3条可立即执行的下一步。
2294,播客,播客制作人,中小企业主,JSON结构,质量,远程协作,任务编号 P2294。请扮演播客制作人。围绕“播客场景094-远程协作”中的选题、访谈、shownotes任务，面向中小企业主，模拟用户反馈并归纳模式。请用JSON结构输出，并从“质量”角度做重点判断。要求：给出示例输入输出；输出可直接复制使用；最后给出3条可立即执行的下一步。
2295,播客,播客制作人,资深从业者,复盘报告,用户体验,个人项目,任务编号 P2295。请扮演播客制作人。围绕“播客场景095-个人项目”中的选题、访谈、shownotes任务，面向资深从业者，生成故障排查路径。请用复盘报告输出，并从“用户体验”角度做重点判断。要求：语言简洁，不说空话；提供简短版本和完整版本；最后给出3条可立即执行的下一步。
2296,播客,播客制作人,自由职业者,短视频脚本,学习曲线,质量波动,任务编号 P2296。请扮演播客制作人。围绕“播客场景096-质量波动”中的选题、访谈、shownotes任务，面向自由职业者，把目标拆成里程碑。请用短视频脚本输出，并从“学习曲线”角度做重点判断。要求：兼顾成本和效果；按影响力排序；最后给出3条可立即执行的下一步。
2297,播客,播客制作人,设计团队,Markdown大纲,效率,用户流失,任务编号 P2297。请扮演播客制作人。围绕“播客场景097-用户流失”中的选题、访谈、shownotes任务，面向设计团队，提出可复用命名规范。请用Markdown大纲输出，并从“效率”角度做重点判断。要求：指出最容易忽略的细节；包含可执行下一步；最后给出3条可立即执行的下一步。
2298,播客,播客制作人,投资人,JSON结构,风险,内部培训,任务编号 P2298。请扮演播客制作人。围绕“播客场景098-内部培训”中的选题、访谈、shownotes任务，面向投资人，创建风险登记册。请用JSON结构输出，并从“风险”角度做重点判断。要求：包含可执行下一步；包含衡量标准；最后给出3条可立即执行的下一步。
2299,播客,播客制作人,海外用户,复盘报告,增长,需要复盘,任务编号 P2299。请扮演播客制作人。围绕“播客场景099-需要复盘”中的选题、访谈、shownotes任务，面向海外用户，制定一份可执行方案。请用复盘报告输出，并从“增长”角度做重点判断。要求：输出可直接复制使用；标注假设和不确定性；最后给出3条可立即执行的下一步。
2300,播客,播客制作人,专家评审,短视频脚本,短期落地,时间紧迫,任务编号 P2300。请扮演播客制作人。围绕“播客场景100-时间紧迫”中的选题、访谈、shownotes任务，面向专家评审，列出关键问题并给出优先级。请用短视频脚本输出，并从“短期落地”角度做重点判断。要求：保持中立客观；指出最容易忽略的细节；最后给出3条可立即执行的下一步。
2301,游戏,游戏策划,新手用户,SOP步骤,风险,远程协作,任务编号 P2301。请扮演游戏策划。围绕“游戏场景001-远程协作”中的机制、关卡、叙事任务，面向新手用户，提出自动化改造思路。请用SOP步骤输出，并从“风险”角度做重点判断。要求：标注假设和不确定性；适合在一天内开始执行；最后给出3条可立即执行的下一步。
2302,游戏,游戏策划,一线执行团队,看板任务,增长,个人项目,任务编号 P2302。请扮演游戏策划。围绕“游戏场景002-个人项目”中的机制、关卡、叙事任务，面向一线执行团队，设计用户调研问题。请用看板任务输出，并从“增长”角度做重点判断。要求：按影响力排序；必要时提出澄清问题；最后给出3条可立即执行的下一步。
2303,游戏,游戏策划,开发团队,实验计划,短期落地,质量波动,任务编号 P2303。请扮演游戏策划。围绕“游戏场景003-质量波动”中的机制、关卡、叙事任务，面向开发团队，模拟用户反馈并归纳模式。请用实验计划输出，并从“短期落地”角度做重点判断。要求：必要时提出澄清问题；输出可直接复制使用；最后给出3条可立即执行的下一步。
2304,游戏,游戏策划,客服团队,检查清单,成本,用户流失,任务编号 P2304。请扮演游戏策划。围绕“游戏场景004-用户流失”中的机制、关卡、叙事任务，面向客服团队，生成故障排查路径。请用检查清单输出，并从“成本”角度做重点判断。要求：给出至少一个反例；提供简短版本和完整版本；最后给出3条可立即执行的下一步。
2305,游戏,游戏策划,家长,SOP步骤,可维护性,内部培训,任务编号 P2305。请扮演游戏策划。围绕“游戏场景005-内部培训”中的机制、关卡、叙事任务，面向家长，把目标拆成里程碑。请用SOP步骤输出，并从“可维护性”角度做重点判断。要求：按难易度排序；按影响力排序；最后给出3条可立即执行的下一步。
2306,游戏,游戏策划,非技术读者,看板任务,长期价值,需要复盘,任务编号 P2306。请扮演游戏策划。围绕“游戏场景006-需要复盘”中的机制、关卡、叙事任务，面向非技术读者，提出可复用命名规范。请用看板任务输出，并从“长期价值”角度做重点判断。要求：避免虚构事实；包含可执行下一步；最后给出3条可立即执行的下一步。
2307,游戏,游戏策划,中小企业主,实验计划,质量,时间紧迫,任务编号 P2307。请扮演游戏策划。围绕“游戏场景007-时间紧迫”中的机制、关卡、叙事任务，面向中小企业主，创建风险登记册。请用实验计划输出，并从“质量”角度做重点判断。要求：避免专业黑话；包含衡量标准；最后给出3条可立即执行的下一步。
2308,游戏,游戏策划,资深从业者,检查清单,用户体验,成熟企业,任务编号 P2308。请扮演游戏策划。围绕“游戏场景008-成熟企业”中的机制、关卡、叙事任务，面向资深从业者，制定一份可执行方案。请用检查清单输出，并从“用户体验”角度做重点判断。要求：包含衡量标准；标注假设和不确定性；最后给出3条可立即执行的下一步。
2309,游戏,游戏策划,自由职业者,SOP步骤,学习曲线,需要降本,任务编号 P2309。请扮演游戏策划。围绕“游戏场景009-需要降本”中的机制、关卡、叙事任务，面向自由职业者，列出关键问题并给出优先级。请用SOP步骤输出，并从“学习曲线”角度做重点判断。要求：提供简短版本和完整版本；指出最容易忽略的细节；最后给出3条可立即执行的下一步。
2310,游戏,游戏策划,设计团队,看板任务,效率,流程混乱,任务编号 P2310。请扮演游戏策划。围绕“游戏场景010-流程混乱”中的机制、关卡、叙事任务，面向设计团队，生成三种风格完全不同的版本。请用看板任务输出，并从“效率”角度做重点判断。要求：适合在一天内开始执行；避免专业黑话；最后给出3条可立即执行的下一步。
2311,游戏,游戏策划,投资人,实验计划,风险,数据不足,任务编号 P2311。请扮演游戏策划。围绕“游戏场景011-数据不足”中的机制、关卡、叙事任务，面向投资人，把复杂内容改写成新手也能懂的说明。请用实验计划输出，并从“风险”角度做重点判断。要求：给出示例输入输出；用中文输出；最后给出3条可立即执行的下一步。
2312,游戏,游戏策划,海外用户,检查清单,增长,公开发布,任务编号 P2312。请扮演游戏策划。围绕“游戏场景012-公开发布”中的机制、关卡、叙事任务，面向海外用户，设计一个从零到一的工作流。请用检查清单输出，并从“增长”角度做重点判断。要求：语言简洁，不说空话；兼顾成本和效果；最后给出3条可立即执行的下一步。
2313,游戏,游戏策划,专家评审,SOP步骤,短期落地,多方协作,任务编号 P2313。请扮演游戏策划。围绕“游戏场景013-多方协作”中的机制、关卡、叙事任务，面向专家评审，创建检查清单并标注常见坑。请用SOP步骤输出，并从“短期落地”角度做重点判断。要求：兼顾成本和效果；避免虚构事实；最后给出3条可立即执行的下一步。
2314,游戏,游戏策划,大学生,看板任务,成本,预算有限,任务编号 P2314。请扮演游戏策划。围绕“游戏场景014-预算有限”中的机制、关卡、叙事任务，面向大学生，模拟专家评审并指出改进点。请用看板任务输出，并从“成本”角度做重点判断。要求：指出最容易忽略的细节；包含失败预案；最后给出3条可立即执行的下一步。
2315,游戏,游戏策划,管理层,实验计划,可维护性,初创团队,任务编号 P2315。请扮演游戏策划。围绕“游戏场景015-初创团队”中的机制、关卡、叙事任务，面向管理层，根据目标用户重写表达。请用实验计划输出，并从“可维护性”角度做重点判断。要求：包含可执行下一步；语言简洁，不说空话；最后给出3条可立即执行的下一步。
2316,游戏,游戏策划,内容创作者,检查清单,长期价值,需要扩张,任务编号 P2316。请扮演游戏策划。围绕“游戏场景016-需要扩张”中的机制、关卡、叙事任务，面向内容创作者，提炼核心洞察并给出行动建议。请用检查清单输出，并从“长期价值”角度做重点判断。要求：输出可直接复制使用；按难易度排序；最后给出3条可立即执行的下一步。
2317,游戏,游戏策划,销售团队,SOP步骤,质量,新市场验证,任务编号 P2317。请扮演游戏策划。围绕“游戏场景017-新市场验证”中的机制、关卡、叙事任务，面向销售团队，设计一套可量化指标。请用SOP步骤输出，并从“质量”角度做重点判断。要求：保持中立客观；先给结论再解释；最后给出3条可立即执行的下一步。
2318,游戏,游戏策划,教师,看板任务,用户体验,竞品压力,任务编号 P2318。请扮演游戏策划。围绕“游戏场景018-竞品压力”中的机制、关卡、叙事任务，面向教师，把零散想法整理成结构化大纲。请用看板任务输出，并从“用户体验”角度做重点判断。要求：先给结论再解释；给出示例输入输出；最后给出3条可立即执行的下一步。
2319,游戏,游戏策划,本地用户,实验计划,学习曲线,准备上线,任务编号 P2319。请扮演游戏策划。围绕“游戏场景019-准备上线”中的机制、关卡、叙事任务，面向本地用户，生成可直接使用的模板。请用实验计划输出，并从“学习曲线”角度做重点判断。要求：包含失败预案；给出至少一个反例；最后给出3条可立即执行的下一步。
2320,游戏,游戏策划,创始人,检查清单,效率,高不确定性,任务编号 P2320。请扮演游戏策划。围绕“游戏场景020-高不确定性”中的机制、关卡、叙事任务，面向创始人，做一次反向推理找出隐藏风险。请用检查清单输出，并从“效率”角度做重点判断。要求：用中文输出；保持中立客观；最后给出3条可立即执行的下一步。
2321,游戏,游戏策划,新手用户,SOP步骤,风险,远程协作,任务编号 P2321。请扮演游戏策划。围绕“游戏场景021-远程协作”中的机制、关卡、叙事任务，面向新手用户，给出低成本试验方案。请用SOP步骤输出，并从“风险”角度做重点判断。要求：标注假设和不确定性；适合在一天内开始执行；最后给出3条可立即执行的下一步。
2322,游戏,游戏策划,一线执行团队,看板任务,增长,个人项目,任务编号 P2322。请扮演游戏策划。围绕“游戏场景022-个人项目”中的机制、关卡、叙事任务，面向一线执行团队，创建对比表并推荐选择。请用看板任务输出，并从“增长”角度做重点判断。要求：按影响力排序；必要时提出澄清问题；最后给出3条可立即执行的下一步。
2323,游戏,游戏策划,开发团队,实验计划,短期落地,质量波动,任务编号 P2323。请扮演游戏策划。围绕“游戏场景023-质量波动”中的机制、关卡、叙事任务，面向开发团队，把长内容压缩成高密度摘要。请用实验计划输出，并从“短期落地”角度做重点判断。要求：必要时提出澄清问题；输出可直接复制使用；最后给出3条可立即执行的下一步。
2324,游戏,游戏策划,客服团队,检查清单,成本,用户流失,任务编号 P2324。请扮演游戏策划。围绕“游戏场景024-用户流失”中的机制、关卡、叙事任务，面向客服团队，提出10个创新方向并排序。请用检查清单输出，并从“成本”角度做重点判断。要求：给出至少一个反例；提供简短版本和完整版本；最后给出3条可立即执行的下一步。
2325,游戏,游戏策划,家长,SOP步骤,可维护性,内部培训,任务编号 P2325。请扮演游戏策划。围绕“游戏场景025-内部培训”中的机制、关卡、叙事任务，面向家长，设计30天训练计划。请用SOP步骤输出，并从“可维护性”角度做重点判断。要求：按难易度排序；按影响力排序；最后给出3条可立即执行的下一步。
2326,游戏,游戏策划,非技术读者,看板任务,长期价值,需要复盘,任务编号 P2326。请扮演游戏策划。围绕“游戏场景026-需要复盘”中的机制、关卡、叙事任务，面向非技术读者，构建决策树帮助判断下一步。请用看板任务输出，并从“长期价值”角度做重点判断。要求：避免虚构事实；包含可执行下一步；最后给出3条可立即执行的下一步。
2327,游戏,游戏策划,中小企业主,实验计划,质量,时间紧迫,任务编号 P2327。请扮演游戏策划。围绕“游戏场景027-时间紧迫”中的机制、关卡、叙事任务，面向中小企业主，生成会议讨论提纲。请用实验计划输出，并从“质量”角度做重点判断。要求：避免专业黑话；包含衡量标准；最后给出3条可立即执行的下一步。
2328,游戏,游戏策划,资深从业者,检查清单,用户体验,成熟企业,任务编号 P2328。请扮演游戏策划。围绕“游戏场景028-成熟企业”中的机制、关卡、叙事任务，面向资深从业者，写一份面向管理层的简报。请用检查清单输出，并从“用户体验”角度做重点判断。要求：包含衡量标准；标注假设和不确定性；最后给出3条可立即执行的下一步。
2329,游戏,游戏策划,自由职业者,SOP步骤,学习曲线,需要降本,任务编号 P2329。请扮演游戏策划。围绕“游戏场景029-需要降本”中的机制、关卡、叙事任务，面向自由职业者，写一份面向执行者的操作手册。请用SOP步骤输出，并从“学习曲线”角度做重点判断。要求：提供简短版本和完整版本；指出最容易忽略的细节；最后给出3条可立即执行的下一步。
2330,游戏,游戏策划,设计团队,看板任务,效率,流程混乱,任务编号 P2330。请扮演游戏策划。围绕“游戏场景030-流程混乱”中的机制、关卡、叙事任务，面向设计团队，建立评估打分表。请用看板任务输出，并从“效率”角度做重点判断。要求：适合在一天内开始执行；避免专业黑话；最后给出3条可立即执行的下一步。
2331,游戏,游戏策划,投资人,实验计划,风险,数据不足,任务编号 P2331。请扮演游戏策划。围绕“游戏场景031-数据不足”中的机制、关卡、叙事任务，面向投资人，提出自动化改造思路。请用实验计划输出，并从“风险”角度做重点判断。要求：给出示例输入输出；用中文输出；最后给出3条可立即执行的下一步。
2332,游戏,游戏策划,海外用户,检查清单,增长,公开发布,任务编号 P2332。请扮演游戏策划。围绕“游戏场景032-公开发布”中的机制、关卡、叙事任务，面向海外用户，设计用户调研问题。请用检查清单输出，并从“增长”角度做重点判断。要求：语言简洁，不说空话；兼顾成本和效果；最后给出3条可立即执行的下一步。
2333,游戏,游戏策划,专家评审,SOP步骤,短期落地,多方协作,任务编号 P2333。请扮演游戏策划。围绕“游戏场景033-多方协作”中的机制、关卡、叙事任务，面向专家评审，模拟用户反馈并归纳模式。请用SOP步骤输出，并从“短期落地”角度做重点判断。要求：兼顾成本和效果；避免虚构事实；最后给出3条可立即执行的下一步。
2334,游戏,游戏策划,大学生,看板任务,成本,预算有限,任务编号 P2334。请扮演游戏策划。围绕“游戏场景034-预算有限”中的机制、关卡、叙事任务，面向大学生，生成故障排查路径。请用看板任务输出，并从“成本”角度做重点判断。要求：指出最容易忽略的细节；包含失败预案；最后给出3条可立即执行的下一步。
2335,游戏,游戏策划,管理层,实验计划,可维护性,初创团队,任务编号 P2335。请扮演游戏策划。围绕“游戏场景035-初创团队”中的机制、关卡、叙事任务，面向管理层，把目标拆成里程碑。请用实验计划输出，并从“可维护性”角度做重点判断。要求：包含可执行下一步；语言简洁，不说空话；最后给出3条可立即执行的下一步。
2336,游戏,游戏策划,内容创作者,检查清单,长期价值,需要扩张,任务编号 P2336。请扮演游戏策划。围绕“游戏场景036-需要扩张”中的机制、关卡、叙事任务，面向内容创作者，提出可复用命名规范。请用检查清单输出，并从“长期价值”角度做重点判断。要求：输出可直接复制使用；按难易度排序；最后给出3条可立即执行的下一步。
2337,游戏,游戏策划,销售团队,SOP步骤,质量,新市场验证,任务编号 P2337。请扮演游戏策划。围绕“游戏场景037-新市场验证”中的机制、关卡、叙事任务，面向销售团队，创建风险登记册。请用SOP步骤输出，并从“质量”角度做重点判断。要求：保持中立客观；先给结论再解释；最后给出3条可立即执行的下一步。
2338,游戏,游戏策划,教师,看板任务,用户体验,竞品压力,任务编号 P2338。请扮演游戏策划。围绕“游戏场景038-竞品压力”中的机制、关卡、叙事任务，面向教师，制定一份可执行方案。请用看板任务输出，并从“用户体验”角度做重点判断。要求：先给结论再解释；给出示例输入输出；最后给出3条可立即执行的下一步。
2339,游戏,游戏策划,本地用户,实验计划,学习曲线,准备上线,任务编号 P2339。请扮演游戏策划。围绕“游戏场景039-准备上线”中的机制、关卡、叙事任务，面向本地用户，列出关键问题并给出优先级。请用实验计划输出，并从“学习曲线”角度做重点判断。要求：包含失败预案；给出至少一个反例；最后给出3条可立即执行的下一步。
2340,游戏,游戏策划,创始人,检查清单,效率,高不确定性,任务编号 P2340。请扮演游戏策划。围绕“游戏场景040-高不确定性”中的机制、关卡、叙事任务，面向创始人，生成三种风格完全不同的版本。请用检查清单输出，并从“效率”角度做重点判断。要求：用中文输出；保持中立客观；最后给出3条可立即执行的下一步。
2341,游戏,游戏策划,新手用户,SOP步骤,风险,远程协作,任务编号 P2341。请扮演游戏策划。围绕“游戏场景041-远程协作”中的机制、关卡、叙事任务，面向新手用户，把复杂内容改写成新手也能懂的说明。请用SOP步骤输出，并从“风险”角度做重点判断。要求：标注假设和不确定性；适合在一天内开始执行；最后给出3条可立即执行的下一步。
2342,游戏,游戏策划,一线执行团队,看板任务,增长,个人项目,任务编号 P2342。请扮演游戏策划。围绕“游戏场景042-个人项目”中的机制、关卡、叙事任务，面向一线执行团队，设计一个从零到一的工作流。请用看板任务输出，并从“增长”角度做重点判断。要求：按影响力排序；必要时提出澄清问题；最后给出3条可立即执行的下一步。
2343,游戏,游戏策划,开发团队,实验计划,短期落地,质量波动,任务编号 P2343。请扮演游戏策划。围绕“游戏场景043-质量波动”中的机制、关卡、叙事任务，面向开发团队，创建检查清单并标注常见坑。请用实验计划输出，并从“短期落地”角度做重点判断。要求：必要时提出澄清问题；输出可直接复制使用；最后给出3条可立即执行的下一步。
2344,游戏,游戏策划,客服团队,检查清单,成本,用户流失,任务编号 P2344。请扮演游戏策划。围绕“游戏场景044-用户流失”中的机制、关卡、叙事任务，面向客服团队，模拟专家评审并指出改进点。请用检查清单输出，并从“成本”角度做重点判断。要求：给出至少一个反例；提供简短版本和完整版本；最后给出3条可立即执行的下一步。
2345,游戏,游戏策划,家长,SOP步骤,可维护性,内部培训,任务编号 P2345。请扮演游戏策划。围绕“游戏场景045-内部培训”中的机制、关卡、叙事任务，面向家长，根据目标用户重写表达。请用SOP步骤输出，并从“可维护性”角度做重点判断。要求：按难易度排序；按影响力排序；最后给出3条可立即执行的下一步。
2346,游戏,游戏策划,非技术读者,看板任务,长期价值,需要复盘,任务编号 P2346。请扮演游戏策划。围绕“游戏场景046-需要复盘”中的机制、关卡、叙事任务，面向非技术读者，提炼核心洞察并给出行动建议。请用看板任务输出，并从“长期价值”角度做重点判断。要求：避免虚构事实；包含可执行下一步；最后给出3条可立即执行的下一步。
2347,游戏,游戏策划,中小企业主,实验计划,质量,时间紧迫,任务编号 P2347。请扮演游戏策划。围绕“游戏场景047-时间紧迫”中的机制、关卡、叙事任务，面向中小企业主，设计一套可量化指标。请用实验计划输出，并从“质量”角度做重点判断。要求：避免专业黑话；包含衡量标准；最后给出3条可立即执行的下一步。
2348,游戏,游戏策划,资深从业者,检查清单,用户体验,成熟企业,任务编号 P2348。请扮演游戏策划。围绕“游戏场景048-成熟企业”中的机制、关卡、叙事任务，面向资深从业者，把零散想法整理成结构化大纲。请用检查清单输出，并从“用户体验”角度做重点判断。要求：包含衡量标准；标注假设和不确定性；最后给出3条可立即执行的下一步。
2349,游戏,游戏策划,自由职业者,SOP步骤,学习曲线,需要降本,任务编号 P2349。请扮演游戏策划。围绕“游戏场景049-需要降本”中的机制、关卡、叙事任务，面向自由职业者，生成可直接使用的模板。请用SOP步骤输出，并从“学习曲线”角度做重点判断。要求：提供简短版本和完整版本；指出最容易忽略的细节；最后给出3条可立即执行的下一步。
2350,游戏,游戏策划,设计团队,看板任务,效率,流程混乱,任务编号 P2350。请扮演游戏策划。围绕“游戏场景050-流程混乱”中的机制、关卡、叙事任务，面向设计团队，做一次反向推理找出隐藏风险。请用看板任务输出，并从“效率”角度做重点判断。要求：适合在一天内开始执行；避免专业黑话；最后给出3条可立即执行的下一步。
2351,游戏,游戏策划,投资人,实验计划,风险,数据不足,任务编号 P2351。请扮演游戏策划。围绕“游戏场景051-数据不足”中的机制、关卡、叙事任务，面向投资人，给出低成本试验方案。请用实验计划输出，并从“风险”角度做重点判断。要求：给出示例输入输出；用中文输出；最后给出3条可立即执行的下一步。
2352,游戏,游戏策划,海外用户,检查清单,增长,公开发布,任务编号 P2352。请扮演游戏策划。围绕“游戏场景052-公开发布”中的机制、关卡、叙事任务，面向海外用户，创建对比表并推荐选择。请用检查清单输出，并从“增长”角度做重点判断。要求：语言简洁，不说空话；兼顾成本和效果；最后给出3条可立即执行的下一步。
2353,游戏,游戏策划,专家评审,SOP步骤,短期落地,多方协作,任务编号 P2353。请扮演游戏策划。围绕“游戏场景053-多方协作”中的机制、关卡、叙事任务，面向专家评审，把长内容压缩成高密度摘要。请用SOP步骤输出，并从“短期落地”角度做重点判断。要求：兼顾成本和效果；避免虚构事实；最后给出3条可立即执行的下一步。
2354,游戏,游戏策划,大学生,看板任务,成本,预算有限,任务编号 P2354。请扮演游戏策划。围绕“游戏场景054-预算有限”中的机制、关卡、叙事任务，面向大学生，提出10个创新方向并排序。请用看板任务输出，并从“成本”角度做重点判断。要求：指出最容易忽略的细节；包含失败预案；最后给出3条可立即执行的下一步。
2355,游戏,游戏策划,管理层,实验计划,可维护性,初创团队,任务编号 P2355。请扮演游戏策划。围绕“游戏场景055-初创团队”中的机制、关卡、叙事任务，面向管理层，设计30天训练计划。请用实验计划输出，并从“可维护性”角度做重点判断。要求：包含可执行下一步；语言简洁，不说空话；最后给出3条可立即执行的下一步。
2356,游戏,游戏策划,内容创作者,检查清单,长期价值,需要扩张,任务编号 P2356。请扮演游戏策划。围绕“游戏场景056-需要扩张”中的机制、关卡、叙事任务，面向内容创作者，构建决策树帮助判断下一步。请用检查清单输出，并从“长期价值”角度做重点判断。要求：输出可直接复制使用；按难易度排序；最后给出3条可立即执行的下一步。
2357,游戏,游戏策划,销售团队,SOP步骤,质量,新市场验证,任务编号 P2357。请扮演游戏策划。围绕“游戏场景057-新市场验证”中的机制、关卡、叙事任务，面向销售团队，生成会议讨论提纲。请用SOP步骤输出，并从“质量”角度做重点判断。要求：保持中立客观；先给结论再解释；最后给出3条可立即执行的下一步。
2358,游戏,游戏策划,教师,看板任务,用户体验,竞品压力,任务编号 P2358。请扮演游戏策划。围绕“游戏场景058-竞品压力”中的机制、关卡、叙事任务，面向教师，写一份面向管理层的简报。请用看板任务输出，并从“用户体验”角度做重点判断。要求：先给结论再解释；给出示例输入输出；最后给出3条可立即执行的下一步。
2359,游戏,游戏策划,本地用户,实验计划,学习曲线,准备上线,任务编号 P2359。请扮演游戏策划。围绕“游戏场景059-准备上线”中的机制、关卡、叙事任务，面向本地用户，写一份面向执行者的操作手册。请用实验计划输出，并从“学习曲线”角度做重点判断。要求：包含失败预案；给出至少一个反例；最后给出3条可立即执行的下一步。
2360,游戏,游戏策划,创始人,检查清单,效率,高不确定性,任务编号 P2360。请扮演游戏策划。围绕“游戏场景060-高不确定性”中的机制、关卡、叙事任务，面向创始人，建立评估打分表。请用检查清单输出，并从“效率”角度做重点判断。要求：用中文输出；保持中立客观；最后给出3条可立即执行的下一步。
2361,游戏,游戏策划,新手用户,SOP步骤,风险,远程协作,任务编号 P2361。请扮演游戏策划。围绕“游戏场景061-远程协作”中的机制、关卡、叙事任务，面向新手用户，提出自动化改造思路。请用SOP步骤输出，并从“风险”角度做重点判断。要求：标注假设和不确定性；适合在一天内开始执行；最后给出3条可立即执行的下一步。
2362,游戏,游戏策划,一线执行团队,看板任务,增长,个人项目,任务编号 P2362。请扮演游戏策划。围绕“游戏场景062-个人项目”中的机制、关卡、叙事任务，面向一线执行团队，设计用户调研问题。请用看板任务输出，并从“增长”角度做重点判断。要求：按影响力排序；必要时提出澄清问题；最后给出3条可立即执行的下一步。
2363,游戏,游戏策划,开发团队,实验计划,短期落地,质量波动,任务编号 P2363。请扮演游戏策划。围绕“游戏场景063-质量波动”中的机制、关卡、叙事任务，面向开发团队，模拟用户反馈并归纳模式。请用实验计划输出，并从“短期落地”角度做重点判断。要求：必要时提出澄清问题；输出可直接复制使用；最后给出3条可立即执行的下一步。
2364,游戏,游戏策划,客服团队,检查清单,成本,用户流失,任务编号 P2364。请扮演游戏策划。围绕“游戏场景064-用户流失”中的机制、关卡、叙事任务，面向客服团队，生成故障排查路径。请用检查清单输出，并从“成本”角度做重点判断。要求：给出至少一个反例；提供简短版本和完整版本；最后给出3条可立即执行的下一步。
2365,游戏,游戏策划,家长,SOP步骤,可维护性,内部培训,任务编号 P2365。请扮演游戏策划。围绕“游戏场景065-内部培训”中的机制、关卡、叙事任务，面向家长，把目标拆成里程碑。请用SOP步骤输出，并从“可维护性”角度做重点判断。要求：按难易度排序；按影响力排序；最后给出3条可立即执行的下一步。
2366,游戏,游戏策划,非技术读者,看板任务,长期价值,需要复盘,任务编号 P2366。请扮演游戏策划。围绕“游戏场景066-需要复盘”中的机制、关卡、叙事任务，面向非技术读者，提出可复用命名规范。请用看板任务输出，并从“长期价值”角度做重点判断。要求：避免虚构事实；包含可执行下一步；最后给出3条可立即执行的下一步。
2367,游戏,游戏策划,中小企业主,实验计划,质量,时间紧迫,任务编号 P2367。请扮演游戏策划。围绕“游戏场景067-时间紧迫”中的机制、关卡、叙事任务，面向中小企业主，创建风险登记册。请用实验计划输出，并从“质量”角度做重点判断。要求：避免专业黑话；包含衡量标准；最后给出3条可立即执行的下一步。
2368,游戏,游戏策划,资深从业者,检查清单,用户体验,成熟企业,任务编号 P2368。请扮演游戏策划。围绕“游戏场景068-成熟企业”中的机制、关卡、叙事任务，面向资深从业者，制定一份可执行方案。请用检查清单输出，并从“用户体验”角度做重点判断。要求：包含衡量标准；标注假设和不确定性；最后给出3条可立即执行的下一步。
2369,游戏,游戏策划,自由职业者,SOP步骤,学习曲线,需要降本,任务编号 P2369。请扮演游戏策划。围绕“游戏场景069-需要降本”中的机制、关卡、叙事任务，面向自由职业者，列出关键问题并给出优先级。请用SOP步骤输出，并从“学习曲线”角度做重点判断。要求：提供简短版本和完整版本；指出最容易忽略的细节；最后给出3条可立即执行的下一步。
2370,游戏,游戏策划,设计团队,看板任务,效率,流程混乱,任务编号 P2370。请扮演游戏策划。围绕“游戏场景070-流程混乱”中的机制、关卡、叙事任务，面向设计团队，生成三种风格完全不同的版本。请用看板任务输出，并从“效率”角度做重点判断。要求：适合在一天内开始执行；避免专业黑话；最后给出3条可立即执行的下一步。
2371,游戏,游戏策划,投资人,实验计划,风险,数据不足,任务编号 P2371。请扮演游戏策划。围绕“游戏场景071-数据不足”中的机制、关卡、叙事任务，面向投资人，把复杂内容改写成新手也能懂的说明。请用实验计划输出，并从“风险”角度做重点判断。要求：给出示例输入输出；用中文输出；最后给出3条可立即执行的下一步。
2372,游戏,游戏策划,海外用户,检查清单,增长,公开发布,任务编号 P2372。请扮演游戏策划。围绕“游戏场景072-公开发布”中的机制、关卡、叙事任务，面向海外用户，设计一个从零到一的工作流。请用检查清单输出，并从“增长”角度做重点判断。要求：语言简洁，不说空话；兼顾成本和效果；最后给出3条可立即执行的下一步。
2373,游戏,游戏策划,专家评审,SOP步骤,短期落地,多方协作,任务编号 P2373。请扮演游戏策划。围绕“游戏场景073-多方协作”中的机制、关卡、叙事任务，面向专家评审，创建检查清单并标注常见坑。请用SOP步骤输出，并从“短期落地”角度做重点判断。要求：兼顾成本和效果；避免虚构事实；最后给出3条可立即执行的下一步。
2374,游戏,游戏策划,大学生,看板任务,成本,预算有限,任务编号 P2374。请扮演游戏策划。围绕“游戏场景074-预算有限”中的机制、关卡、叙事任务，面向大学生，模拟专家评审并指出改进点。请用看板任务输出，并从“成本”角度做重点判断。要求：指出最容易忽略的细节；包含失败预案；最后给出3条可立即执行的下一步。
2375,游戏,游戏策划,管理层,实验计划,可维护性,初创团队,任务编号 P2375。请扮演游戏策划。围绕“游戏场景075-初创团队”中的机制、关卡、叙事任务，面向管理层，根据目标用户重写表达。请用实验计划输出，并从“可维护性”角度做重点判断。要求：包含可执行下一步；语言简洁，不说空话；最后给出3条可立即执行的下一步。
2376,游戏,游戏策划,内容创作者,检查清单,长期价值,需要扩张,任务编号 P2376。请扮演游戏策划。围绕“游戏场景076-需要扩张”中的机制、关卡、叙事任务，面向内容创作者，提炼核心洞察并给出行动建议。请用检查清单输出，并从“长期价值”角度做重点判断。要求：输出可直接复制使用；按难易度排序；最后给出3条可立即执行的下一步。
2377,游戏,游戏策划,销售团队,SOP步骤,质量,新市场验证,任务编号 P2377。请扮演游戏策划。围绕“游戏场景077-新市场验证”中的机制、关卡、叙事任务，面向销售团队，设计一套可量化指标。请用SOP步骤输出，并从“质量”角度做重点判断。要求：保持中立客观；先给结论再解释；最后给出3条可立即执行的下一步。
2378,游戏,游戏策划,教师,看板任务,用户体验,竞品压力,任务编号 P2378。请扮演游戏策划。围绕“游戏场景078-竞品压力”中的机制、关卡、叙事任务，面向教师，把零散想法整理成结构化大纲。请用看板任务输出，并从“用户体验”角度做重点判断。要求：先给结论再解释；给出示例输入输出；最后给出3条可立即执行的下一步。
2379,游戏,游戏策划,本地用户,实验计划,学习曲线,准备上线,任务编号 P2379。请扮演游戏策划。围绕“游戏场景079-准备上线”中的机制、关卡、叙事任务，面向本地用户，生成可直接使用的模板。请用实验计划输出，并从“学习曲线”角度做重点判断。要求：包含失败预案；给出至少一个反例；最后给出3条可立即执行的下一步。
2380,游戏,游戏策划,创始人,检查清单,效率,高不确定性,任务编号 P2380。请扮演游戏策划。围绕“游戏场景080-高不确定性”中的机制、关卡、叙事任务，面向创始人，做一次反向推理找出隐藏风险。请用检查清单输出，并从“效率”角度做重点判断。要求：用中文输出；保持中立客观；最后给出3条可立即执行的下一步。
2381,游戏,游戏策划,新手用户,SOP步骤,风险,远程协作,任务编号 P2381。请扮演游戏策划。围绕“游戏场景081-远程协作”中的机制、关卡、叙事任务，面向新手用户，给出低成本试验方案。请用SOP步骤输出，并从“风险”角度做重点判断。要求：标注假设和不确定性；适合在一天内开始执行；最后给出3条可立即执行的下一步。
2382,游戏,游戏策划,一线执行团队,看板任务,增长,个人项目,任务编号 P2382。请扮演游戏策划。围绕“游戏场景082-个人项目”中的机制、关卡、叙事任务，面向一线执行团队，创建对比表并推荐选择。请用看板任务输出，并从“增长”角度做重点判断。要求：按影响力排序；必要时提出澄清问题；最后给出3条可立即执行的下一步。
2383,游戏,游戏策划,开发团队,实验计划,短期落地,质量波动,任务编号 P2383。请扮演游戏策划。围绕“游戏场景083-质量波动”中的机制、关卡、叙事任务，面向开发团队，把长内容压缩成高密度摘要。请用实验计划输出，并从“短期落地”角度做重点判断。要求：必要时提出澄清问题；输出可直接复制使用；最后给出3条可立即执行的下一步。
2384,游戏,游戏策划,客服团队,检查清单,成本,用户流失,任务编号 P2384。请扮演游戏策划。围绕“游戏场景084-用户流失”中的机制、关卡、叙事任务，面向客服团队，提出10个创新方向并排序。请用检查清单输出，并从“成本”角度做重点判断。要求：给出至少一个反例；提供简短版本和完整版本；最后给出3条可立即执行的下一步。
2385,游戏,游戏策划,家长,SOP步骤,可维护性,内部培训,任务编号 P2385。请扮演游戏策划。围绕“游戏场景085-内部培训”中的机制、关卡、叙事任务，面向家长，设计30天训练计划。请用SOP步骤输出，并从“可维护性”角度做重点判断。要求：按难易度排序；按影响力排序；最后给出3条可立即执行的下一步。
2386,游戏,游戏策划,非技术读者,看板任务,长期价值,需要复盘,任务编号 P2386。请扮演游戏策划。围绕“游戏场景086-需要复盘”中的机制、关卡、叙事任务，面向非技术读者，构建决策树帮助判断下一步。请用看板任务输出，并从“长期价值”角度做重点判断。要求：避免虚构事实；包含可执行下一步；最后给出3条可立即执行的下一步。
2387,游戏,游戏策划,中小企业主,实验计划,质量,时间紧迫,任务编号 P2387。请扮演游戏策划。围绕“游戏场景087-时间紧迫”中的机制、关卡、叙事任务，面向中小企业主，生成会议讨论提纲。请用实验计划输出，并从“质量”角度做重点判断。要求：避免专业黑话；包含衡量标准；最后给出3条可立即执行的下一步。
2388,游戏,游戏策划,资深从业者,检查清单,用户体验,成熟企业,任务编号 P2388。请扮演游戏策划。围绕“游戏场景088-成熟企业”中的机制、关卡、叙事任务，面向资深从业者，写一份面向管理层的简报。请用检查清单输出，并从“用户体验”角度做重点判断。要求：包含衡量标准；标注假设和不确定性；最后给出3条可立即执行的下一步。
2389,游戏,游戏策划,自由职业者,SOP步骤,学习曲线,需要降本,任务编号 P2389。请扮演游戏策划。围绕“游戏场景089-需要降本”中的机制、关卡、叙事任务，面向自由职业者，写一份面向执行者的操作手册。请用SOP步骤输出，并从“学习曲线”角度做重点判断。要求：提供简短版本和完整版本；指出最容易忽略的细节；最后给出3条可立即执行的下一步。
2390,游戏,游戏策划,设计团队,看板任务,效率,流程混乱,任务编号 P2390。请扮演游戏策划。围绕“游戏场景090-流程混乱”中的机制、关卡、叙事任务，面向设计团队，建立评估打分表。请用看板任务输出，并从“效率”角度做重点判断。要求：适合在一天内开始执行；避免专业黑话；最后给出3条可立即执行的下一步。
2391,游戏,游戏策划,投资人,实验计划,风险,数据不足,任务编号 P2391。请扮演游戏策划。围绕“游戏场景091-数据不足”中的机制、关卡、叙事任务，面向投资人，提出自动化改造思路。请用实验计划输出，并从“风险”角度做重点判断。要求：给出示例输入输出；用中文输出；最后给出3条可立即执行的下一步。
2392,游戏,游戏策划,海外用户,检查清单,增长,公开发布,任务编号 P2392。请扮演游戏策划。围绕“游戏场景092-公开发布”中的机制、关卡、叙事任务，面向海外用户，设计用户调研问题。请用检查清单输出，并从“增长”角度做重点判断。要求：语言简洁，不说空话；兼顾成本和效果；最后给出3条可立即执行的下一步。
2393,游戏,游戏策划,专家评审,SOP步骤,短期落地,多方协作,任务编号 P2393。请扮演游戏策划。围绕“游戏场景093-多方协作”中的机制、关卡、叙事任务，面向专家评审，模拟用户反馈并归纳模式。请用SOP步骤输出，并从“短期落地”角度做重点判断。要求：兼顾成本和效果；避免虚构事实；最后给出3条可立即执行的下一步。
2394,游戏,游戏策划,大学生,看板任务,成本,预算有限,任务编号 P2394。请扮演游戏策划。围绕“游戏场景094-预算有限”中的机制、关卡、叙事任务，面向大学生，生成故障排查路径。请用看板任务输出，并从“成本”角度做重点判断。要求：指出最容易忽略的细节；包含失败预案；最后给出3条可立即执行的下一步。
2395,游戏,游戏策划,管理层,实验计划,可维护性,初创团队,任务编号 P2395。请扮演游戏策划。围绕“游戏场景095-初创团队”中的机制、关卡、叙事任务，面向管理层，把目标拆成里程碑。请用实验计划输出，并从“可维护性”角度做重点判断。要求：包含可执行下一步；语言简洁，不说空话；最后给出3条可立即执行的下一步。
2396,游戏,游戏策划,内容创作者,检查清单,长期价值,需要扩张,任务编号 P2396。请扮演游戏策划。围绕“游戏场景096-需要扩张”中的机制、关卡、叙事任务，面向内容创作者，提出可复用命名规范。请用检查清单输出，并从“长期价值”角度做重点判断。要求：输出可直接复制使用；按难易度排序；最后给出3条可立即执行的下一步。
2397,游戏,游戏策划,销售团队,SOP步骤,质量,新市场验证,任务编号 P2397。请扮演游戏策划。围绕“游戏场景097-新市场验证”中的机制、关卡、叙事任务，面向销售团队，创建风险登记册。请用SOP步骤输出，并从“质量”角度做重点判断。要求：保持中立客观；先给结论再解释；最后给出3条可立即执行的下一步。
2398,游戏,游戏策划,教师,看板任务,用户体验,竞品压力,任务编号 P2398。请扮演游戏策划。围绕“游戏场景098-竞品压力”中的机制、关卡、叙事任务，面向教师，制定一份可执行方案。请用看板任务输出，并从“用户体验”角度做重点判断。要求：先给结论再解释；给出示例输入输出；最后给出3条可立即执行的下一步。
2399,游戏,游戏策划,本地用户,实验计划,学习曲线,准备上线,任务编号 P2399。请扮演游戏策划。围绕“游戏场景099-准备上线”中的机制、关卡、叙事任务，面向本地用户，列出关键问题并给出优先级。请用实验计划输出，并从“学习曲线”角度做重点判断。要求：包含失败预案；给出至少一个反例；最后给出3条可立即执行的下一步。
2400,游戏,游戏策划,创始人,检查清单,效率,高不确定性,任务编号 P2400。请扮演游戏策划。围绕“游戏场景100-高不确定性”中的机制、关卡、叙事任务，面向创始人，生成三种风格完全不同的版本。请用检查清单输出，并从“效率”角度做重点判断。要求：用中文输出；保持中立客观；最后给出3条可立即执行的下一步。
2401,心理,沟通教练,资深从业者,一页纸简报,用户体验,预算有限,任务编号 P2401。请扮演沟通教练。围绕“心理场景001-预算有限”中的情绪、关系、表达任务，面向资深从业者，设计用户调研问题。请用一页纸简报输出，并从“用户体验”角度做重点判断。要求：给出至少一个反例；兼顾成本和效果；最后给出3条可立即执行的下一步。
2402,心理,沟通教练,自由职业者,评分矩阵,学习曲线,初创团队,任务编号 P2402。请扮演沟通教练。围绕“心理场景002-初创团队”中的情绪、关系、表达任务，面向自由职业者，模拟用户反馈并归纳模式。请用评分矩阵输出，并从“学习曲线”角度做重点判断。要求：按难易度排序；避免虚构事实；最后给出3条可立即执行的下一步。
2403,心理,沟通教练,设计团队,用户故事,效率,需要扩张,任务编号 P2403。请扮演沟通教练。围绕“心理场景003-需要扩张”中的情绪、关系、表达任务，面向设计团队，生成故障排查路径。请用用户故事输出，并从“效率”角度做重点判断。要求：避免虚构事实；包含失败预案；最后给出3条可立即执行的下一步。
2404,心理,沟通教练,投资人,对比分析,风险,新市场验证,任务编号 P2404。请扮演沟通教练。围绕“心理场景004-新市场验证”中的情绪、关系、表达任务，面向投资人，把目标拆成里程碑。请用对比分析输出，并从“风险”角度做重点判断。要求：避免专业黑话；语言简洁，不说空话；最后给出3条可立即执行的下一步。
2405,心理,沟通教练,海外用户,一页纸简报,增长,竞品压力,任务编号 P2405。请扮演沟通教练。围绕“心理场景005-竞品压力”中的情绪、关系、表达任务，面向海外用户，提出可复用命名规范。请用一页纸简报输出，并从“增长”角度做重点判断。要求：包含衡量标准；按难易度排序；最后给出3条可立即执行的下一步。
2406,心理,沟通教练,专家评审,评分矩阵,短期落地,准备上线,任务编号 P2406。请扮演沟通教练。围绕“心理场景006-准备上线”中的情绪、关系、表达任务，面向专家评审，创建风险登记册。请用评分矩阵输出，并从“短期落地”角度做重点判断。要求：提供简短版本和完整版本；先给结论再解释；最后给出3条可立即执行的下一步。
2407,心理,沟通教练,大学生,用户故事,成本,高不确定性,任务编号 P2407。请扮演沟通教练。围绕“心理场景007-高不确定性”中的情绪、关系、表达任务，面向大学生，制定一份可执行方案。请用用户故事输出，并从“成本”角度做重点判断。要求：适合在一天内开始执行；给出示例输入输出；最后给出3条可立即执行的下一步。
2408,心理,沟通教练,管理层,对比分析,可维护性,远程协作,任务编号 P2408。请扮演沟通教练。围绕“心理场景008-远程协作”中的情绪、关系、表达任务，面向管理层，列出关键问题并给出优先级。请用对比分析输出，并从“可维护性”角度做重点判断。要求：给出示例输入输出；给出至少一个反例；最后给出3条可立即执行的下一步。
2409,心理,沟通教练,内容创作者,一页纸简报,长期价值,个人项目,任务编号 P2409。请扮演沟通教练。围绕“心理场景009-个人项目”中的情绪、关系、表达任务，面向内容创作者，生成三种风格完全不同的版本。请用一页纸简报输出，并从“长期价值”角度做重点判断。要求：语言简洁，不说空话；保持中立客观；最后给出3条可立即执行的下一步。
2410,心理,沟通教练,销售团队,评分矩阵,质量,质量波动,任务编号 P2410。请扮演沟通教练。围绕“心理场景010-质量波动”中的情绪、关系、表达任务，面向销售团队，把复杂内容改写成新手也能懂的说明。请用评分矩阵输出，并从“质量”角度做重点判断。要求：兼顾成本和效果；适合在一天内开始执行；最后给出3条可立即执行的下一步。
2411,心理,沟通教练,教师,用户故事,用户体验,用户流失,任务编号 P2411。请扮演沟通教练。围绕“心理场景011-用户流失”中的情绪、关系、表达任务，面向教师，设计一个从零到一的工作流。请用用户故事输出，并从“用户体验”角度做重点判断。要求：指出最容易忽略的细节；必要时提出澄清问题；最后给出3条可立即执行的下一步。
2412,心理,沟通教练,本地用户,对比分析,学习曲线,内部培训,任务编号 P2412。请扮演沟通教练。围绕“心理场景012-内部培训”中的情绪、关系、表达任务，面向本地用户，创建检查清单并标注常见坑。请用对比分析输出，并从“学习曲线”角度做重点判断。要求：包含可执行下一步；输出可直接复制使用；最后给出3条可立即执行的下一步。
2413,心理,沟通教练,创始人,一页纸简报,效率,需要复盘,任务编号 P2413。请扮演沟通教练。围绕“心理场景013-需要复盘”中的情绪、关系、表达任务，面向创始人，模拟专家评审并指出改进点。请用一页纸简报输出，并从“效率”角度做重点判断。要求：输出可直接复制使用；提供简短版本和完整版本；最后给出3条可立即执行的下一步。
2414,心理,沟通教练,新手用户,评分矩阵,风险,时间紧迫,任务编号 P2414。请扮演沟通教练。围绕“心理场景014-时间紧迫”中的情绪、关系、表达任务，面向新手用户，根据目标用户重写表达。请用评分矩阵输出，并从“风险”角度做重点判断。要求：保持中立客观；按影响力排序；最后给出3条可立即执行的下一步。
2415,心理,沟通教练,一线执行团队,用户故事,增长,成熟企业,任务编号 P2415。请扮演沟通教练。围绕“心理场景015-成熟企业”中的情绪、关系、表达任务，面向一线执行团队，提炼核心洞察并给出行动建议。请用用户故事输出，并从“增长”角度做重点判断。要求：先给结论再解释；包含可执行下一步；最后给出3条可立即执行的下一步。
2416,心理,沟通教练,开发团队,对比分析,短期落地,需要降本,任务编号 P2416。请扮演沟通教练。围绕“心理场景016-需要降本”中的情绪、关系、表达任务，面向开发团队，设计一套可量化指标。请用对比分析输出，并从“短期落地”角度做重点判断。要求：包含失败预案；包含衡量标准；最后给出3条可立即执行的下一步。
2417,心理,沟通教练,客服团队,一页纸简报,成本,流程混乱,任务编号 P2417。请扮演沟通教练。围绕“心理场景017-流程混乱”中的情绪、关系、表达任务，面向客服团队，把零散想法整理成结构化大纲。请用一页纸简报输出，并从“成本”角度做重点判断。要求：用中文输出；标注假设和不确定性；最后给出3条可立即执行的下一步。
2418,心理,沟通教练,家长,评分矩阵,可维护性,数据不足,任务编号 P2418。请扮演沟通教练。围绕“心理场景018-数据不足”中的情绪、关系、表达任务，面向家长，生成可直接使用的模板。请用评分矩阵输出，并从“可维护性”角度做重点判断。要求：标注假设和不确定性；指出最容易忽略的细节；最后给出3条可立即执行的下一步。
2419,心理,沟通教练,非技术读者,用户故事,长期价值,公开发布,任务编号 P2419。请扮演沟通教练。围绕“心理场景019-公开发布”中的情绪、关系、表达任务，面向非技术读者，做一次反向推理找出隐藏风险。请用用户故事输出，并从“长期价值”角度做重点判断。要求：按影响力排序；避免专业黑话；最后给出3条可立即执行的下一步。
2420,心理,沟通教练,中小企业主,对比分析,质量,多方协作,任务编号 P2420。请扮演沟通教练。围绕“心理场景020-多方协作”中的情绪、关系、表达任务，面向中小企业主，给出低成本试验方案。请用对比分析输出，并从“质量”角度做重点判断。要求：必要时提出澄清问题；用中文输出；最后给出3条可立即执行的下一步。
2421,心理,沟通教练,资深从业者,一页纸简报,用户体验,预算有限,任务编号 P2421。请扮演沟通教练。围绕“心理场景021-预算有限”中的情绪、关系、表达任务，面向资深从业者，创建对比表并推荐选择。请用一页纸简报输出，并从“用户体验”角度做重点判断。要求：给出至少一个反例；兼顾成本和效果；最后给出3条可立即执行的下一步。
2422,心理,沟通教练,自由职业者,评分矩阵,学习曲线,初创团队,任务编号 P2422。请扮演沟通教练。围绕“心理场景022-初创团队”中的情绪、关系、表达任务，面向自由职业者，把长内容压缩成高密度摘要。请用评分矩阵输出，并从“学习曲线”角度做重点判断。要求：按难易度排序；避免虚构事实；最后给出3条可立即执行的下一步。
2423,心理,沟通教练,设计团队,用户故事,效率,需要扩张,任务编号 P2423。请扮演沟通教练。围绕“心理场景023-需要扩张”中的情绪、关系、表达任务，面向设计团队，提出10个创新方向并排序。请用用户故事输出，并从“效率”角度做重点判断。要求：避免虚构事实；包含失败预案；最后给出3条可立即执行的下一步。
2424,心理,沟通教练,投资人,对比分析,风险,新市场验证,任务编号 P2424。请扮演沟通教练。围绕“心理场景024-新市场验证”中的情绪、关系、表达任务，面向投资人，设计30天训练计划。请用对比分析输出，并从“风险”角度做重点判断。要求：避免专业黑话；语言简洁，不说空话；最后给出3条可立即执行的下一步。
2425,心理,沟通教练,海外用户,一页纸简报,增长,竞品压力,任务编号 P2425。请扮演沟通教练。围绕“心理场景025-竞品压力”中的情绪、关系、表达任务，面向海外用户，构建决策树帮助判断下一步。请用一页纸简报输出，并从“增长”角度做重点判断。要求：包含衡量标准；按难易度排序；最后给出3条可立即执行的下一步。
2426,心理,沟通教练,专家评审,评分矩阵,短期落地,准备上线,任务编号 P2426。请扮演沟通教练。围绕“心理场景026-准备上线”中的情绪、关系、表达任务，面向专家评审，生成会议讨论提纲。请用评分矩阵输出，并从“短期落地”角度做重点判断。要求：提供简短版本和完整版本；先给结论再解释；最后给出3条可立即执行的下一步。
2427,心理,沟通教练,大学生,用户故事,成本,高不确定性,任务编号 P2427。请扮演沟通教练。围绕“心理场景027-高不确定性”中的情绪、关系、表达任务，面向大学生，写一份面向管理层的简报。请用用户故事输出，并从“成本”角度做重点判断。要求：适合在一天内开始执行；给出示例输入输出；最后给出3条可立即执行的下一步。
2428,心理,沟通教练,管理层,对比分析,可维护性,远程协作,任务编号 P2428。请扮演沟通教练。围绕“心理场景028-远程协作”中的情绪、关系、表达任务，面向管理层，写一份面向执行者的操作手册。请用对比分析输出，并从“可维护性”角度做重点判断。要求：给出示例输入输出；给出至少一个反例；最后给出3条可立即执行的下一步。
2429,心理,沟通教练,内容创作者,一页纸简报,长期价值,个人项目,任务编号 P2429。请扮演沟通教练。围绕“心理场景029-个人项目”中的情绪、关系、表达任务，面向内容创作者，建立评估打分表。请用一页纸简报输出，并从“长期价值”角度做重点判断。要求：语言简洁，不说空话；保持中立客观；最后给出3条可立即执行的下一步。
2430,心理,沟通教练,销售团队,评分矩阵,质量,质量波动,任务编号 P2430。请扮演沟通教练。围绕“心理场景030-质量波动”中的情绪、关系、表达任务，面向销售团队，提出自动化改造思路。请用评分矩阵输出，并从“质量”角度做重点判断。要求：兼顾成本和效果；适合在一天内开始执行；最后给出3条可立即执行的下一步。
2431,心理,沟通教练,教师,用户故事,用户体验,用户流失,任务编号 P2431。请扮演沟通教练。围绕“心理场景031-用户流失”中的情绪、关系、表达任务，面向教师，设计用户调研问题。请用用户故事输出，并从“用户体验”角度做重点判断。要求：指出最容易忽略的细节；必要时提出澄清问题；最后给出3条可立即执行的下一步。
2432,心理,沟通教练,本地用户,对比分析,学习曲线,内部培训,任务编号 P2432。请扮演沟通教练。围绕“心理场景032-内部培训”中的情绪、关系、表达任务，面向本地用户，模拟用户反馈并归纳模式。请用对比分析输出，并从“学习曲线”角度做重点判断。要求：包含可执行下一步；输出可直接复制使用；最后给出3条可立即执行的下一步。
2433,心理,沟通教练,创始人,一页纸简报,效率,需要复盘,任务编号 P2433。请扮演沟通教练。围绕“心理场景033-需要复盘”中的情绪、关系、表达任务，面向创始人，生成故障排查路径。请用一页纸简报输出，并从“效率”角度做重点判断。要求：输出可直接复制使用；提供简短版本和完整版本；最后给出3条可立即执行的下一步。
2434,心理,沟通教练,新手用户,评分矩阵,风险,时间紧迫,任务编号 P2434。请扮演沟通教练。围绕“心理场景034-时间紧迫”中的情绪、关系、表达任务，面向新手用户，把目标拆成里程碑。请用评分矩阵输出，并从“风险”角度做重点判断。要求：保持中立客观；按影响力排序；最后给出3条可立即执行的下一步。
2435,心理,沟通教练,一线执行团队,用户故事,增长,成熟企业,任务编号 P2435。请扮演沟通教练。围绕“心理场景035-成熟企业”中的情绪、关系、表达任务，面向一线执行团队，提出可复用命名规范。请用用户故事输出，并从“增长”角度做重点判断。要求：先给结论再解释；包含可执行下一步；最后给出3条可立即执行的下一步。
2436,心理,沟通教练,开发团队,对比分析,短期落地,需要降本,任务编号 P2436。请扮演沟通教练。围绕“心理场景036-需要降本”中的情绪、关系、表达任务，面向开发团队，创建风险登记册。请用对比分析输出，并从“短期落地”角度做重点判断。要求：包含失败预案；包含衡量标准；最后给出3条可立即执行的下一步。
2437,心理,沟通教练,客服团队,一页纸简报,成本,流程混乱,任务编号 P2437。请扮演沟通教练。围绕“心理场景037-流程混乱”中的情绪、关系、表达任务，面向客服团队，制定一份可执行方案。请用一页纸简报输出，并从“成本”角度做重点判断。要求：用中文输出；标注假设和不确定性；最后给出3条可立即执行的下一步。
2438,心理,沟通教练,家长,评分矩阵,可维护性,数据不足,任务编号 P2438。请扮演沟通教练。围绕“心理场景038-数据不足”中的情绪、关系、表达任务，面向家长，列出关键问题并给出优先级。请用评分矩阵输出，并从“可维护性”角度做重点判断。要求：标注假设和不确定性；指出最容易忽略的细节；最后给出3条可立即执行的下一步。
2439,心理,沟通教练,非技术读者,用户故事,长期价值,公开发布,任务编号 P2439。请扮演沟通教练。围绕“心理场景039-公开发布”中的情绪、关系、表达任务，面向非技术读者，生成三种风格完全不同的版本。请用用户故事输出，并从“长期价值”角度做重点判断。要求：按影响力排序；避免专业黑话；最后给出3条可立即执行的下一步。
2440,心理,沟通教练,中小企业主,对比分析,质量,多方协作,任务编号 P2440。请扮演沟通教练。围绕“心理场景040-多方协作”中的情绪、关系、表达任务，面向中小企业主，把复杂内容改写成新手也能懂的说明。请用对比分析输出，并从“质量”角度做重点判断。要求：必要时提出澄清问题；用中文输出；最后给出3条可立即执行的下一步。
2441,心理,沟通教练,资深从业者,一页纸简报,用户体验,预算有限,任务编号 P2441。请扮演沟通教练。围绕“心理场景041-预算有限”中的情绪、关系、表达任务，面向资深从业者，设计一个从零到一的工作流。请用一页纸简报输出，并从“用户体验”角度做重点判断。要求：给出至少一个反例；兼顾成本和效果；最后给出3条可立即执行的下一步。
2442,心理,沟通教练,自由职业者,评分矩阵,学习曲线,初创团队,任务编号 P2442。请扮演沟通教练。围绕“心理场景042-初创团队”中的情绪、关系、表达任务，面向自由职业者，创建检查清单并标注常见坑。请用评分矩阵输出，并从“学习曲线”角度做重点判断。要求：按难易度排序；避免虚构事实；最后给出3条可立即执行的下一步。
2443,心理,沟通教练,设计团队,用户故事,效率,需要扩张,任务编号 P2443。请扮演沟通教练。围绕“心理场景043-需要扩张”中的情绪、关系、表达任务，面向设计团队，模拟专家评审并指出改进点。请用用户故事输出，并从“效率”角度做重点判断。要求：避免虚构事实；包含失败预案；最后给出3条可立即执行的下一步。
2444,心理,沟通教练,投资人,对比分析,风险,新市场验证,任务编号 P2444。请扮演沟通教练。围绕“心理场景044-新市场验证”中的情绪、关系、表达任务，面向投资人，根据目标用户重写表达。请用对比分析输出，并从“风险”角度做重点判断。要求：避免专业黑话；语言简洁，不说空话；最后给出3条可立即执行的下一步。
2445,心理,沟通教练,海外用户,一页纸简报,增长,竞品压力,任务编号 P2445。请扮演沟通教练。围绕“心理场景045-竞品压力”中的情绪、关系、表达任务，面向海外用户，提炼核心洞察并给出行动建议。请用一页纸简报输出，并从“增长”角度做重点判断。要求：包含衡量标准；按难易度排序；最后给出3条可立即执行的下一步。
2446,心理,沟通教练,专家评审,评分矩阵,短期落地,准备上线,任务编号 P2446。请扮演沟通教练。围绕“心理场景046-准备上线”中的情绪、关系、表达任务，面向专家评审，设计一套可量化指标。请用评分矩阵输出，并从“短期落地”角度做重点判断。要求：提供简短版本和完整版本；先给结论再解释；最后给出3条可立即执行的下一步。
2447,心理,沟通教练,大学生,用户故事,成本,高不确定性,任务编号 P2447。请扮演沟通教练。围绕“心理场景047-高不确定性”中的情绪、关系、表达任务，面向大学生，把零散想法整理成结构化大纲。请用用户故事输出，并从“成本”角度做重点判断。要求：适合在一天内开始执行；给出示例输入输出；最后给出3条可立即执行的下一步。
2448,心理,沟通教练,管理层,对比分析,可维护性,远程协作,任务编号 P2448。请扮演沟通教练。围绕“心理场景048-远程协作”中的情绪、关系、表达任务，面向管理层，生成可直接使用的模板。请用对比分析输出，并从“可维护性”角度做重点判断。要求：给出示例输入输出；给出至少一个反例；最后给出3条可立即执行的下一步。
2449,心理,沟通教练,内容创作者,一页纸简报,长期价值,个人项目,任务编号 P2449。请扮演沟通教练。围绕“心理场景049-个人项目”中的情绪、关系、表达任务，面向内容创作者，做一次反向推理找出隐藏风险。请用一页纸简报输出，并从“长期价值”角度做重点判断。要求：语言简洁，不说空话；保持中立客观；最后给出3条可立即执行的下一步。
2450,心理,沟通教练,销售团队,评分矩阵,质量,质量波动,任务编号 P2450。请扮演沟通教练。围绕“心理场景050-质量波动”中的情绪、关系、表达任务，面向销售团队，给出低成本试验方案。请用评分矩阵输出，并从“质量”角度做重点判断。要求：兼顾成本和效果；适合在一天内开始执行；最后给出3条可立即执行的下一步。
2451,心理,沟通教练,教师,用户故事,用户体验,用户流失,任务编号 P2451。请扮演沟通教练。围绕“心理场景051-用户流失”中的情绪、关系、表达任务，面向教师，创建对比表并推荐选择。请用用户故事输出，并从“用户体验”角度做重点判断。要求：指出最容易忽略的细节；必要时提出澄清问题；最后给出3条可立即执行的下一步。
2452,心理,沟通教练,本地用户,对比分析,学习曲线,内部培训,任务编号 P2452。请扮演沟通教练。围绕“心理场景052-内部培训”中的情绪、关系、表达任务，面向本地用户，把长内容压缩成高密度摘要。请用对比分析输出，并从“学习曲线”角度做重点判断。要求：包含可执行下一步；输出可直接复制使用；最后给出3条可立即执行的下一步。
2453,心理,沟通教练,创始人,一页纸简报,效率,需要复盘,任务编号 P2453。请扮演沟通教练。围绕“心理场景053-需要复盘”中的情绪、关系、表达任务，面向创始人，提出10个创新方向并排序。请用一页纸简报输出，并从“效率”角度做重点判断。要求：输出可直接复制使用；提供简短版本和完整版本；最后给出3条可立即执行的下一步。
2454,心理,沟通教练,新手用户,评分矩阵,风险,时间紧迫,任务编号 P2454。请扮演沟通教练。围绕“心理场景054-时间紧迫”中的情绪、关系、表达任务，面向新手用户，设计30天训练计划。请用评分矩阵输出，并从“风险”角度做重点判断。要求：保持中立客观；按影响力排序；最后给出3条可立即执行的下一步。
2455,心理,沟通教练,一线执行团队,用户故事,增长,成熟企业,任务编号 P2455。请扮演沟通教练。围绕“心理场景055-成熟企业”中的情绪、关系、表达任务，面向一线执行团队，构建决策树帮助判断下一步。请用用户故事输出，并从“增长”角度做重点判断。要求：先给结论再解释；包含可执行下一步；最后给出3条可立即执行的下一步。
2456,心理,沟通教练,开发团队,对比分析,短期落地,需要降本,任务编号 P2456。请扮演沟通教练。围绕“心理场景056-需要降本”中的情绪、关系、表达任务，面向开发团队，生成会议讨论提纲。请用对比分析输出，并从“短期落地”角度做重点判断。要求：包含失败预案；包含衡量标准；最后给出3条可立即执行的下一步。
2457,心理,沟通教练,客服团队,一页纸简报,成本,流程混乱,任务编号 P2457。请扮演沟通教练。围绕“心理场景057-流程混乱”中的情绪、关系、表达任务，面向客服团队，写一份面向管理层的简报。请用一页纸简报输出，并从“成本”角度做重点判断。要求：用中文输出；标注假设和不确定性；最后给出3条可立即执行的下一步。
2458,心理,沟通教练,家长,评分矩阵,可维护性,数据不足,任务编号 P2458。请扮演沟通教练。围绕“心理场景058-数据不足”中的情绪、关系、表达任务，面向家长，写一份面向执行者的操作手册。请用评分矩阵输出，并从“可维护性”角度做重点判断。要求：标注假设和不确定性；指出最容易忽略的细节；最后给出3条可立即执行的下一步。
2459,心理,沟通教练,非技术读者,用户故事,长期价值,公开发布,任务编号 P2459。请扮演沟通教练。围绕“心理场景059-公开发布”中的情绪、关系、表达任务，面向非技术读者，建立评估打分表。请用用户故事输出，并从“长期价值”角度做重点判断。要求：按影响力排序；避免专业黑话；最后给出3条可立即执行的下一步。
2460,心理,沟通教练,中小企业主,对比分析,质量,多方协作,任务编号 P2460。请扮演沟通教练。围绕“心理场景060-多方协作”中的情绪、关系、表达任务，面向中小企业主，提出自动化改造思路。请用对比分析输出，并从“质量”角度做重点判断。要求：必要时提出澄清问题；用中文输出；最后给出3条可立即执行的下一步。
2461,心理,沟通教练,资深从业者,一页纸简报,用户体验,预算有限,任务编号 P2461。请扮演沟通教练。围绕“心理场景061-预算有限”中的情绪、关系、表达任务，面向资深从业者，设计用户调研问题。请用一页纸简报输出，并从“用户体验”角度做重点判断。要求：给出至少一个反例；兼顾成本和效果；最后给出3条可立即执行的下一步。
2462,心理,沟通教练,自由职业者,评分矩阵,学习曲线,初创团队,任务编号 P2462。请扮演沟通教练。围绕“心理场景062-初创团队”中的情绪、关系、表达任务，面向自由职业者，模拟用户反馈并归纳模式。请用评分矩阵输出，并从“学习曲线”角度做重点判断。要求：按难易度排序；避免虚构事实；最后给出3条可立即执行的下一步。
2463,心理,沟通教练,设计团队,用户故事,效率,需要扩张,任务编号 P2463。请扮演沟通教练。围绕“心理场景063-需要扩张”中的情绪、关系、表达任务，面向设计团队，生成故障排查路径。请用用户故事输出，并从“效率”角度做重点判断。要求：避免虚构事实；包含失败预案；最后给出3条可立即执行的下一步。
2464,心理,沟通教练,投资人,对比分析,风险,新市场验证,任务编号 P2464。请扮演沟通教练。围绕“心理场景064-新市场验证”中的情绪、关系、表达任务，面向投资人，把目标拆成里程碑。请用对比分析输出，并从“风险”角度做重点判断。要求：避免专业黑话；语言简洁，不说空话；最后给出3条可立即执行的下一步。
2465,心理,沟通教练,海外用户,一页纸简报,增长,竞品压力,任务编号 P2465。请扮演沟通教练。围绕“心理场景065-竞品压力”中的情绪、关系、表达任务，面向海外用户，提出可复用命名规范。请用一页纸简报输出，并从“增长”角度做重点判断。要求：包含衡量标准；按难易度排序；最后给出3条可立即执行的下一步。
2466,心理,沟通教练,专家评审,评分矩阵,短期落地,准备上线,任务编号 P2466。请扮演沟通教练。围绕“心理场景066-准备上线”中的情绪、关系、表达任务，面向专家评审，创建风险登记册。请用评分矩阵输出，并从“短期落地”角度做重点判断。要求：提供简短版本和完整版本；先给结论再解释；最后给出3条可立即执行的下一步。
2467,心理,沟通教练,大学生,用户故事,成本,高不确定性,任务编号 P2467。请扮演沟通教练。围绕“心理场景067-高不确定性”中的情绪、关系、表达任务，面向大学生，制定一份可执行方案。请用用户故事输出，并从“成本”角度做重点判断。要求：适合在一天内开始执行；给出示例输入输出；最后给出3条可立即执行的下一步。
2468,心理,沟通教练,管理层,对比分析,可维护性,远程协作,任务编号 P2468。请扮演沟通教练。围绕“心理场景068-远程协作”中的情绪、关系、表达任务，面向管理层，列出关键问题并给出优先级。请用对比分析输出，并从“可维护性”角度做重点判断。要求：给出示例输入输出；给出至少一个反例；最后给出3条可立即执行的下一步。
2469,心理,沟通教练,内容创作者,一页纸简报,长期价值,个人项目,任务编号 P2469。请扮演沟通教练。围绕“心理场景069-个人项目”中的情绪、关系、表达任务，面向内容创作者，生成三种风格完全不同的版本。请用一页纸简报输出，并从“长期价值”角度做重点判断。要求：语言简洁，不说空话；保持中立客观；最后给出3条可立即执行的下一步。
2470,心理,沟通教练,销售团队,评分矩阵,质量,质量波动,任务编号 P2470。请扮演沟通教练。围绕“心理场景070-质量波动”中的情绪、关系、表达任务，面向销售团队，把复杂内容改写成新手也能懂的说明。请用评分矩阵输出，并从“质量”角度做重点判断。要求：兼顾成本和效果；适合在一天内开始执行；最后给出3条可立即执行的下一步。
2471,心理,沟通教练,教师,用户故事,用户体验,用户流失,任务编号 P2471。请扮演沟通教练。围绕“心理场景071-用户流失”中的情绪、关系、表达任务，面向教师，设计一个从零到一的工作流。请用用户故事输出，并从“用户体验”角度做重点判断。要求：指出最容易忽略的细节；必要时提出澄清问题；最后给出3条可立即执行的下一步。
2472,心理,沟通教练,本地用户,对比分析,学习曲线,内部培训,任务编号 P2472。请扮演沟通教练。围绕“心理场景072-内部培训”中的情绪、关系、表达任务，面向本地用户，创建检查清单并标注常见坑。请用对比分析输出，并从“学习曲线”角度做重点判断。要求：包含可执行下一步；输出可直接复制使用；最后给出3条可立即执行的下一步。
2473,心理,沟通教练,创始人,一页纸简报,效率,需要复盘,任务编号 P2473。请扮演沟通教练。围绕“心理场景073-需要复盘”中的情绪、关系、表达任务，面向创始人，模拟专家评审并指出改进点。请用一页纸简报输出，并从“效率”角度做重点判断。要求：输出可直接复制使用；提供简短版本和完整版本；最后给出3条可立即执行的下一步。
2474,心理,沟通教练,新手用户,评分矩阵,风险,时间紧迫,任务编号 P2474。请扮演沟通教练。围绕“心理场景074-时间紧迫”中的情绪、关系、表达任务，面向新手用户，根据目标用户重写表达。请用评分矩阵输出，并从“风险”角度做重点判断。要求：保持中立客观；按影响力排序；最后给出3条可立即执行的下一步。
2475,心理,沟通教练,一线执行团队,用户故事,增长,成熟企业,任务编号 P2475。请扮演沟通教练。围绕“心理场景075-成熟企业”中的情绪、关系、表达任务，面向一线执行团队，提炼核心洞察并给出行动建议。请用用户故事输出，并从“增长”角度做重点判断。要求：先给结论再解释；包含可执行下一步；最后给出3条可立即执行的下一步。
2476,心理,沟通教练,开发团队,对比分析,短期落地,需要降本,任务编号 P2476。请扮演沟通教练。围绕“心理场景076-需要降本”中的情绪、关系、表达任务，面向开发团队，设计一套可量化指标。请用对比分析输出，并从“短期落地”角度做重点判断。要求：包含失败预案；包含衡量标准；最后给出3条可立即执行的下一步。
2477,心理,沟通教练,客服团队,一页纸简报,成本,流程混乱,任务编号 P2477。请扮演沟通教练。围绕“心理场景077-流程混乱”中的情绪、关系、表达任务，面向客服团队，把零散想法整理成结构化大纲。请用一页纸简报输出，并从“成本”角度做重点判断。要求：用中文输出；标注假设和不确定性；最后给出3条可立即执行的下一步。
2478,心理,沟通教练,家长,评分矩阵,可维护性,数据不足,任务编号 P2478。请扮演沟通教练。围绕“心理场景078-数据不足”中的情绪、关系、表达任务，面向家长，生成可直接使用的模板。请用评分矩阵输出，并从“可维护性”角度做重点判断。要求：标注假设和不确定性；指出最容易忽略的细节；最后给出3条可立即执行的下一步。
2479,心理,沟通教练,非技术读者,用户故事,长期价值,公开发布,任务编号 P2479。请扮演沟通教练。围绕“心理场景079-公开发布”中的情绪、关系、表达任务，面向非技术读者，做一次反向推理找出隐藏风险。请用用户故事输出，并从“长期价值”角度做重点判断。要求：按影响力排序；避免专业黑话；最后给出3条可立即执行的下一步。
2480,心理,沟通教练,中小企业主,对比分析,质量,多方协作,任务编号 P2480。请扮演沟通教练。围绕“心理场景080-多方协作”中的情绪、关系、表达任务，面向中小企业主，给出低成本试验方案。请用对比分析输出，并从“质量”角度做重点判断。要求：必要时提出澄清问题；用中文输出；最后给出3条可立即执行的下一步。
2481,心理,沟通教练,资深从业者,一页纸简报,用户体验,预算有限,任务编号 P2481。请扮演沟通教练。围绕“心理场景081-预算有限”中的情绪、关系、表达任务，面向资深从业者，创建对比表并推荐选择。请用一页纸简报输出，并从“用户体验”角度做重点判断。要求：给出至少一个反例；兼顾成本和效果；最后给出3条可立即执行的下一步。
2482,心理,沟通教练,自由职业者,评分矩阵,学习曲线,初创团队,任务编号 P2482。请扮演沟通教练。围绕“心理场景082-初创团队”中的情绪、关系、表达任务，面向自由职业者，把长内容压缩成高密度摘要。请用评分矩阵输出，并从“学习曲线”角度做重点判断。要求：按难易度排序；避免虚构事实；最后给出3条可立即执行的下一步。
2483,心理,沟通教练,设计团队,用户故事,效率,需要扩张,任务编号 P2483。请扮演沟通教练。围绕“心理场景083-需要扩张”中的情绪、关系、表达任务，面向设计团队，提出10个创新方向并排序。请用用户故事输出，并从“效率”角度做重点判断。要求：避免虚构事实；包含失败预案；最后给出3条可立即执行的下一步。
2484,心理,沟通教练,投资人,对比分析,风险,新市场验证,任务编号 P2484。请扮演沟通教练。围绕“心理场景084-新市场验证”中的情绪、关系、表达任务，面向投资人，设计30天训练计划。请用对比分析输出，并从“风险”角度做重点判断。要求：避免专业黑话；语言简洁，不说空话；最后给出3条可立即执行的下一步。
2485,心理,沟通教练,海外用户,一页纸简报,增长,竞品压力,任务编号 P2485。请扮演沟通教练。围绕“心理场景085-竞品压力”中的情绪、关系、表达任务，面向海外用户，构建决策树帮助判断下一步。请用一页纸简报输出，并从“增长”角度做重点判断。要求：包含衡量标准；按难易度排序；最后给出3条可立即执行的下一步。
2486,心理,沟通教练,专家评审,评分矩阵,短期落地,准备上线,任务编号 P2486。请扮演沟通教练。围绕“心理场景086-准备上线”中的情绪、关系、表达任务，面向专家评审，生成会议讨论提纲。请用评分矩阵输出，并从“短期落地”角度做重点判断。要求：提供简短版本和完整版本；先给结论再解释；最后给出3条可立即执行的下一步。
2487,心理,沟通教练,大学生,用户故事,成本,高不确定性,任务编号 P2487。请扮演沟通教练。围绕“心理场景087-高不确定性”中的情绪、关系、表达任务，面向大学生，写一份面向管理层的简报。请用用户故事输出，并从“成本”角度做重点判断。要求：适合在一天内开始执行；给出示例输入输出；最后给出3条可立即执行的下一步。
2488,心理,沟通教练,管理层,对比分析,可维护性,远程协作,任务编号 P2488。请扮演沟通教练。围绕“心理场景088-远程协作”中的情绪、关系、表达任务，面向管理层，写一份面向执行者的操作手册。请用对比分析输出，并从“可维护性”角度做重点判断。要求：给出示例输入输出；给出至少一个反例；最后给出3条可立即执行的下一步。
2489,心理,沟通教练,内容创作者,一页纸简报,长期价值,个人项目,任务编号 P2489。请扮演沟通教练。围绕“心理场景089-个人项目”中的情绪、关系、表达任务，面向内容创作者，建立评估打分表。请用一页纸简报输出，并从“长期价值”角度做重点判断。要求：语言简洁，不说空话；保持中立客观；最后给出3条可立即执行的下一步。
2490,心理,沟通教练,销售团队,评分矩阵,质量,质量波动,任务编号 P2490。请扮演沟通教练。围绕“心理场景090-质量波动”中的情绪、关系、表达任务，面向销售团队，提出自动化改造思路。请用评分矩阵输出，并从“质量”角度做重点判断。要求：兼顾成本和效果；适合在一天内开始执行；最后给出3条可立即执行的下一步。
2491,心理,沟通教练,教师,用户故事,用户体验,用户流失,任务编号 P2491。请扮演沟通教练。围绕“心理场景091-用户流失”中的情绪、关系、表达任务，面向教师，设计用户调研问题。请用用户故事输出，并从“用户体验”角度做重点判断。要求：指出最容易忽略的细节；必要时提出澄清问题；最后给出3条可立即执行的下一步。
2492,心理,沟通教练,本地用户,对比分析,学习曲线,内部培训,任务编号 P2492。请扮演沟通教练。围绕“心理场景092-内部培训”中的情绪、关系、表达任务，面向本地用户，模拟用户反馈并归纳模式。请用对比分析输出，并从“学习曲线”角度做重点判断。要求：包含可执行下一步；输出可直接复制使用；最后给出3条可立即执行的下一步。
2493,心理,沟通教练,创始人,一页纸简报,效率,需要复盘,任务编号 P2493。请扮演沟通教练。围绕“心理场景093-需要复盘”中的情绪、关系、表达任务，面向创始人，生成故障排查路径。请用一页纸简报输出，并从“效率”角度做重点判断。要求：输出可直接复制使用；提供简短版本和完整版本；最后给出3条可立即执行的下一步。
2494,心理,沟通教练,新手用户,评分矩阵,风险,时间紧迫,任务编号 P2494。请扮演沟通教练。围绕“心理场景094-时间紧迫”中的情绪、关系、表达任务，面向新手用户，把目标拆成里程碑。请用评分矩阵输出，并从“风险”角度做重点判断。要求：保持中立客观；按影响力排序；最后给出3条可立即执行的下一步。
2495,心理,沟通教练,一线执行团队,用户故事,增长,成熟企业,任务编号 P2495。请扮演沟通教练。围绕“心理场景095-成熟企业”中的情绪、关系、表达任务，面向一线执行团队，提出可复用命名规范。请用用户故事输出，并从“增长”角度做重点判断。要求：先给结论再解释；包含可执行下一步；最后给出3条可立即执行的下一步。
2496,心理,沟通教练,开发团队,对比分析,短期落地,需要降本,任务编号 P2496。请扮演沟通教练。围绕“心理场景096-需要降本”中的情绪、关系、表达任务，面向开发团队，创建风险登记册。请用对比分析输出，并从“短期落地”角度做重点判断。要求：包含失败预案；包含衡量标准；最后给出3条可立即执行的下一步。
2497,心理,沟通教练,客服团队,一页纸简报,成本,流程混乱,任务编号 P2497。请扮演沟通教练。围绕“心理场景097-流程混乱”中的情绪、关系、表达任务，面向客服团队，制定一份可执行方案。请用一页纸简报输出，并从“成本”角度做重点判断。要求：用中文输出；标注假设和不确定性；最后给出3条可立即执行的下一步。
2498,心理,沟通教练,家长,评分矩阵,可维护性,数据不足,任务编号 P2498。请扮演沟通教练。围绕“心理场景098-数据不足”中的情绪、关系、表达任务，面向家长，列出关键问题并给出优先级。请用评分矩阵输出，并从“可维护性”角度做重点判断。要求：标注假设和不确定性；指出最容易忽略的细节；最后给出3条可立即执行的下一步。
2499,心理,沟通教练,非技术读者,用户故事,长期价值,公开发布,任务编号 P2499。请扮演沟通教练。围绕“心理场景099-公开发布”中的情绪、关系、表达任务，面向非技术读者，生成三种风格完全不同的版本。请用用户故事输出，并从“长期价值”角度做重点判断。要求：按影响力排序；避免专业黑话；最后给出3条可立即执行的下一步。
2500,心理,沟通教练,中小企业主,对比分析,质量,多方协作,任务编号 P2500。请扮演沟通教练。围绕“心理场景100-多方协作”中的情绪、关系、表达任务，面向中小企业主，把复杂内容改写成新手也能懂的说明。请用对比分析输出，并从“质量”角度做重点判断。要求：必要时提出澄清问题；用中文输出；最后给出3条可立即执行的下一步。
2501,健康,健康信息整理员,管理层,邮件草稿,可维护性,时间紧迫,任务编号 P2501。请扮演健康信息整理员。围绕“健康场景001-时间紧迫”中的习惯、计划、科普任务，面向管理层，模拟用户反馈并归纳模式。请用邮件草稿输出，并从“可维护性”角度做重点判断。要求：避免专业黑话；输出可直接复制使用；最后给出3条可立即执行的下一步。
2502,健康,健康信息整理员,内容创作者,路线图,长期价值,成熟企业,任务编号 P2502。请扮演健康信息整理员。围绕“健康场景002-成熟企业”中的习惯、计划、科普任务，面向内容创作者，生成故障排查路径。请用路线图输出，并从“长期价值”角度做重点判断。要求：包含衡量标准；提供简短版本和完整版本；最后给出3条可立即执行的下一步。
2503,健康,健康信息整理员,销售团队,PRD片段,质量,需要降本,任务编号 P2503。请扮演健康信息整理员。围绕“健康场景003-需要降本”中的习惯、计划、科普任务，面向销售团队，把目标拆成里程碑。请用PRD片段输出，并从“质量”角度做重点判断。要求：提供简短版本和完整版本；按影响力排序；最后给出3条可立即执行的下一步。
2504,健康,健康信息整理员,教师,表格,用户体验,流程混乱,任务编号 P2504。请扮演健康信息整理员。围绕“健康场景004-流程混乱”中的习惯、计划、科普任务，面向教师，提出可复用命名规范。请用表格输出，并从“用户体验”角度做重点判断。要求：适合在一天内开始执行；包含可执行下一步；最后给出3条可立即执行的下一步。
2505,健康,健康信息整理员,本地用户,邮件草稿,学习曲线,数据不足,任务编号 P2505。请扮演健康信息整理员。围绕“健康场景005-数据不足”中的习惯、计划、科普任务，面向本地用户，创建风险登记册。请用邮件草稿输出，并从“学习曲线”角度做重点判断。要求：给出示例输入输出；包含衡量标准；最后给出3条可立即执行的下一步。
2506,健康,健康信息整理员,创始人,路线图,效率,公开发布,任务编号 P2506。请扮演健康信息整理员。围绕“健康场景006-公开发布”中的习惯、计划、科普任务，面向创始人，制定一份可执行方案。请用路线图输出，并从“效率”角度做重点判断。要求：语言简洁，不说空话；标注假设和不确定性；最后给出3条可立即执行的下一步。
2507,健康,健康信息整理员,新手用户,PRD片段,风险,多方协作,任务编号 P2507。请扮演健康信息整理员。围绕“健康场景007-多方协作”中的习惯、计划、科普任务，面向新手用户，列出关键问题并给出优先级。请用PRD片段输出，并从“风险”角度做重点判断。要求：兼顾成本和效果；指出最容易忽略的细节；最后给出3条可立即执行的下一步。
2508,健康,健康信息整理员,一线执行团队,表格,增长,预算有限,任务编号 P2508。请扮演健康信息整理员。围绕“健康场景008-预算有限”中的习惯、计划、科普任务，面向一线执行团队，生成三种风格完全不同的版本。请用表格输出，并从“增长”角度做重点判断。要求：指出最容易忽略的细节；避免专业黑话；最后给出3条可立即执行的下一步。
2509,健康,健康信息整理员,开发团队,邮件草稿,短期落地,初创团队,任务编号 P2509。请扮演健康信息整理员。围绕“健康场景009-初创团队”中的习惯、计划、科普任务，面向开发团队，把复杂内容改写成新手也能懂的说明。请用邮件草稿输出，并从“短期落地”角度做重点判断。要求：包含可执行下一步；用中文输出；最后给出3条可立即执行的下一步。
2510,健康,健康信息整理员,客服团队,路线图,成本,需要扩张,任务编号 P2510。请扮演健康信息整理员。围绕“健康场景010-需要扩张”中的习惯、计划、科普任务，面向客服团队，设计一个从零到一的工作流。请用路线图输出，并从“成本”角度做重点判断。要求：输出可直接复制使用；兼顾成本和效果；最后给出3条可立即执行的下一步。
2511,健康,健康信息整理员,家长,PRD片段,可维护性,新市场验证,任务编号 P2511。请扮演健康信息整理员。围绕“健康场景011-新市场验证”中的习惯、计划、科普任务，面向家长，创建检查清单并标注常见坑。请用PRD片段输出，并从“可维护性”角度做重点判断。要求：保持中立客观；避免虚构事实；最后给出3条可立即执行的下一步。
2512,健康,健康信息整理员,非技术读者,表格,长期价值,竞品压力,任务编号 P2512。请扮演健康信息整理员。围绕“健康场景012-竞品压力”中的习惯、计划、科普任务，面向非技术读者，模拟专家评审并指出改进点。请用表格输出，并从“长期价值”角度做重点判断。要求：先给结论再解释；包含失败预案；最后给出3条可立即执行的下一步。
2513,健康,健康信息整理员,中小企业主,邮件草稿,质量,准备上线,任务编号 P2513。请扮演健康信息整理员。围绕“健康场景013-准备上线”中的习惯、计划、科普任务，面向中小企业主，根据目标用户重写表达。请用邮件草稿输出，并从“质量”角度做重点判断。要求：包含失败预案；语言简洁，不说空话；最后给出3条可立即执行的下一步。
2514,健康,健康信息整理员,资深从业者,路线图,用户体验,高不确定性,任务编号 P2514。请扮演健康信息整理员。围绕“健康场景014-高不确定性”中的习惯、计划、科普任务，面向资深从业者，提炼核心洞察并给出行动建议。请用路线图输出，并从“用户体验”角度做重点判断。要求：用中文输出；按难易度排序；最后给出3条可立即执行的下一步。
2515,健康,健康信息整理员,自由职业者,PRD片段,学习曲线,远程协作,任务编号 P2515。请扮演健康信息整理员。围绕“健康场景015-远程协作”中的习惯、计划、科普任务，面向自由职业者，设计一套可量化指标。请用PRD片段输出，并从“学习曲线”角度做重点判断。要求：标注假设和不确定性；先给结论再解释；最后给出3条可立即执行的下一步。
2516,健康,健康信息整理员,设计团队,表格,效率,个人项目,任务编号 P2516。请扮演健康信息整理员。围绕“健康场景016-个人项目”中的习惯、计划、科普任务，面向设计团队，把零散想法整理成结构化大纲。请用表格输出，并从“效率”角度做重点判断。要求：按影响力排序；给出示例输入输出；最后给出3条可立即执行的下一步。
2517,健康,健康信息整理员,投资人,邮件草稿,风险,质量波动,任务编号 P2517。请扮演健康信息整理员。围绕“健康场景017-质量波动”中的习惯、计划、科普任务，面向投资人，生成可直接使用的模板。请用邮件草稿输出，并从“风险”角度做重点判断。要求：必要时提出澄清问题；给出至少一个反例；最后给出3条可立即执行的下一步。
2518,健康,健康信息整理员,海外用户,路线图,增长,用户流失,任务编号 P2518。请扮演健康信息整理员。围绕“健康场景018-用户流失”中的习惯、计划、科普任务，面向海外用户，做一次反向推理找出隐藏风险。请用路线图输出，并从“增长”角度做重点判断。要求：给出至少一个反例；保持中立客观；最后给出3条可立即执行的下一步。
2519,健康,健康信息整理员,专家评审,PRD片段,短期落地,内部培训,任务编号 P2519。请扮演健康信息整理员。围绕“健康场景019-内部培训”中的习惯、计划、科普任务，面向专家评审，给出低成本试验方案。请用PRD片段输出，并从“短期落地”角度做重点判断。要求：按难易度排序；适合在一天内开始执行；最后给出3条可立即执行的下一步。
2520,健康,健康信息整理员,大学生,表格,成本,需要复盘,任务编号 P2520。请扮演健康信息整理员。围绕“健康场景020-需要复盘”中的习惯、计划、科普任务，面向大学生，创建对比表并推荐选择。请用表格输出，并从“成本”角度做重点判断。要求：避免虚构事实；必要时提出澄清问题；最后给出3条可立即执行的下一步。
2521,健康,健康信息整理员,管理层,邮件草稿,可维护性,时间紧迫,任务编号 P2521。请扮演健康信息整理员。围绕“健康场景021-时间紧迫”中的习惯、计划、科普任务，面向管理层，把长内容压缩成高密度摘要。请用邮件草稿输出，并从“可维护性”角度做重点判断。要求：避免专业黑话；输出可直接复制使用；最后给出3条可立即执行的下一步。
2522,健康,健康信息整理员,内容创作者,路线图,长期价值,成熟企业,任务编号 P2522。请扮演健康信息整理员。围绕“健康场景022-成熟企业”中的习惯、计划、科普任务，面向内容创作者，提出10个创新方向并排序。请用路线图输出，并从“长期价值”角度做重点判断。要求：包含衡量标准；提供简短版本和完整版本；最后给出3条可立即执行的下一步。
2523,健康,健康信息整理员,销售团队,PRD片段,质量,需要降本,任务编号 P2523。请扮演健康信息整理员。围绕“健康场景023-需要降本”中的习惯、计划、科普任务，面向销售团队，设计30天训练计划。请用PRD片段输出，并从“质量”角度做重点判断。要求：提供简短版本和完整版本；按影响力排序；最后给出3条可立即执行的下一步。
2524,健康,健康信息整理员,教师,表格,用户体验,流程混乱,任务编号 P2524。请扮演健康信息整理员。围绕“健康场景024-流程混乱”中的习惯、计划、科普任务，面向教师，构建决策树帮助判断下一步。请用表格输出，并从“用户体验”角度做重点判断。要求：适合在一天内开始执行；包含可执行下一步；最后给出3条可立即执行的下一步。
2525,健康,健康信息整理员,本地用户,邮件草稿,学习曲线,数据不足,任务编号 P2525。请扮演健康信息整理员。围绕“健康场景025-数据不足”中的习惯、计划、科普任务，面向本地用户，生成会议讨论提纲。请用邮件草稿输出，并从“学习曲线”角度做重点判断。要求：给出示例输入输出；包含衡量标准；最后给出3条可立即执行的下一步。
2526,健康,健康信息整理员,创始人,路线图,效率,公开发布,任务编号 P2526。请扮演健康信息整理员。围绕“健康场景026-公开发布”中的习惯、计划、科普任务，面向创始人，写一份面向管理层的简报。请用路线图输出，并从“效率”角度做重点判断。要求：语言简洁，不说空话；标注假设和不确定性；最后给出3条可立即执行的下一步。
2527,健康,健康信息整理员,新手用户,PRD片段,风险,多方协作,任务编号 P2527。请扮演健康信息整理员。围绕“健康场景027-多方协作”中的习惯、计划、科普任务，面向新手用户，写一份面向执行者的操作手册。请用PRD片段输出，并从“风险”角度做重点判断。要求：兼顾成本和效果；指出最容易忽略的细节；最后给出3条可立即执行的下一步。
2528,健康,健康信息整理员,一线执行团队,表格,增长,预算有限,任务编号 P2528。请扮演健康信息整理员。围绕“健康场景028-预算有限”中的习惯、计划、科普任务，面向一线执行团队，建立评估打分表。请用表格输出，并从“增长”角度做重点判断。要求：指出最容易忽略的细节；避免专业黑话；最后给出3条可立即执行的下一步。
2529,健康,健康信息整理员,开发团队,邮件草稿,短期落地,初创团队,任务编号 P2529。请扮演健康信息整理员。围绕“健康场景029-初创团队”中的习惯、计划、科普任务，面向开发团队，提出自动化改造思路。请用邮件草稿输出，并从“短期落地”角度做重点判断。要求：包含可执行下一步；用中文输出；最后给出3条可立即执行的下一步。
2530,健康,健康信息整理员,客服团队,路线图,成本,需要扩张,任务编号 P2530。请扮演健康信息整理员。围绕“健康场景030-需要扩张”中的习惯、计划、科普任务，面向客服团队，设计用户调研问题。请用路线图输出，并从“成本”角度做重点判断。要求：输出可直接复制使用；兼顾成本和效果；最后给出3条可立即执行的下一步。
2531,健康,健康信息整理员,家长,PRD片段,可维护性,新市场验证,任务编号 P2531。请扮演健康信息整理员。围绕“健康场景031-新市场验证”中的习惯、计划、科普任务，面向家长，模拟用户反馈并归纳模式。请用PRD片段输出，并从“可维护性”角度做重点判断。要求：保持中立客观；避免虚构事实；最后给出3条可立即执行的下一步。
2532,健康,健康信息整理员,非技术读者,表格,长期价值,竞品压力,任务编号 P2532。请扮演健康信息整理员。围绕“健康场景032-竞品压力”中的习惯、计划、科普任务，面向非技术读者，生成故障排查路径。请用表格输出，并从“长期价值”角度做重点判断。要求：先给结论再解释；包含失败预案；最后给出3条可立即执行的下一步。
2533,健康,健康信息整理员,中小企业主,邮件草稿,质量,准备上线,任务编号 P2533。请扮演健康信息整理员。围绕“健康场景033-准备上线”中的习惯、计划、科普任务，面向中小企业主，把目标拆成里程碑。请用邮件草稿输出，并从“质量”角度做重点判断。要求：包含失败预案；语言简洁，不说空话；最后给出3条可立即执行的下一步。
2534,健康,健康信息整理员,资深从业者,路线图,用户体验,高不确定性,任务编号 P2534。请扮演健康信息整理员。围绕“健康场景034-高不确定性”中的习惯、计划、科普任务，面向资深从业者，提出可复用命名规范。请用路线图输出，并从“用户体验”角度做重点判断。要求：用中文输出；按难易度排序；最后给出3条可立即执行的下一步。
2535,健康,健康信息整理员,自由职业者,PRD片段,学习曲线,远程协作,任务编号 P2535。请扮演健康信息整理员。围绕“健康场景035-远程协作”中的习惯、计划、科普任务，面向自由职业者，创建风险登记册。请用PRD片段输出，并从“学习曲线”角度做重点判断。要求：标注假设和不确定性；先给结论再解释；最后给出3条可立即执行的下一步。
2536,健康,健康信息整理员,设计团队,表格,效率,个人项目,任务编号 P2536。请扮演健康信息整理员。围绕“健康场景036-个人项目”中的习惯、计划、科普任务，面向设计团队，制定一份可执行方案。请用表格输出，并从“效率”角度做重点判断。要求：按影响力排序；给出示例输入输出；最后给出3条可立即执行的下一步。
2537,健康,健康信息整理员,投资人,邮件草稿,风险,质量波动,任务编号 P2537。请扮演健康信息整理员。围绕“健康场景037-质量波动”中的习惯、计划、科普任务，面向投资人，列出关键问题并给出优先级。请用邮件草稿输出，并从“风险”角度做重点判断。要求：必要时提出澄清问题；给出至少一个反例；最后给出3条可立即执行的下一步。
2538,健康,健康信息整理员,海外用户,路线图,增长,用户流失,任务编号 P2538。请扮演健康信息整理员。围绕“健康场景038-用户流失”中的习惯、计划、科普任务，面向海外用户，生成三种风格完全不同的版本。请用路线图输出，并从“增长”角度做重点判断。要求：给出至少一个反例；保持中立客观；最后给出3条可立即执行的下一步。
2539,健康,健康信息整理员,专家评审,PRD片段,短期落地,内部培训,任务编号 P2539。请扮演健康信息整理员。围绕“健康场景039-内部培训”中的习惯、计划、科普任务，面向专家评审，把复杂内容改写成新手也能懂的说明。请用PRD片段输出，并从“短期落地”角度做重点判断。要求：按难易度排序；适合在一天内开始执行；最后给出3条可立即执行的下一步。
2540,健康,健康信息整理员,大学生,表格,成本,需要复盘,任务编号 P2540。请扮演健康信息整理员。围绕“健康场景040-需要复盘”中的习惯、计划、科普任务，面向大学生，设计一个从零到一的工作流。请用表格输出，并从“成本”角度做重点判断。要求：避免虚构事实；必要时提出澄清问题；最后给出3条可立即执行的下一步。
2541,健康,健康信息整理员,管理层,邮件草稿,可维护性,时间紧迫,任务编号 P2541。请扮演健康信息整理员。围绕“健康场景041-时间紧迫”中的习惯、计划、科普任务，面向管理层，创建检查清单并标注常见坑。请用邮件草稿输出，并从“可维护性”角度做重点判断。要求：避免专业黑话；输出可直接复制使用；最后给出3条可立即执行的下一步。
2542,健康,健康信息整理员,内容创作者,路线图,长期价值,成熟企业,任务编号 P2542。请扮演健康信息整理员。围绕“健康场景042-成熟企业”中的习惯、计划、科普任务，面向内容创作者，模拟专家评审并指出改进点。请用路线图输出，并从“长期价值”角度做重点判断。要求：包含衡量标准；提供简短版本和完整版本；最后给出3条可立即执行的下一步。
2543,健康,健康信息整理员,销售团队,PRD片段,质量,需要降本,任务编号 P2543。请扮演健康信息整理员。围绕“健康场景043-需要降本”中的习惯、计划、科普任务，面向销售团队，根据目标用户重写表达。请用PRD片段输出，并从“质量”角度做重点判断。要求：提供简短版本和完整版本；按影响力排序；最后给出3条可立即执行的下一步。
2544,健康,健康信息整理员,教师,表格,用户体验,流程混乱,任务编号 P2544。请扮演健康信息整理员。围绕“健康场景044-流程混乱”中的习惯、计划、科普任务，面向教师，提炼核心洞察并给出行动建议。请用表格输出，并从“用户体验”角度做重点判断。要求：适合在一天内开始执行；包含可执行下一步；最后给出3条可立即执行的下一步。
2545,健康,健康信息整理员,本地用户,邮件草稿,学习曲线,数据不足,任务编号 P2545。请扮演健康信息整理员。围绕“健康场景045-数据不足”中的习惯、计划、科普任务，面向本地用户，设计一套可量化指标。请用邮件草稿输出，并从“学习曲线”角度做重点判断。要求：给出示例输入输出；包含衡量标准；最后给出3条可立即执行的下一步。
2546,健康,健康信息整理员,创始人,路线图,效率,公开发布,任务编号 P2546。请扮演健康信息整理员。围绕“健康场景046-公开发布”中的习惯、计划、科普任务，面向创始人，把零散想法整理成结构化大纲。请用路线图输出，并从“效率”角度做重点判断。要求：语言简洁，不说空话；标注假设和不确定性；最后给出3条可立即执行的下一步。
2547,健康,健康信息整理员,新手用户,PRD片段,风险,多方协作,任务编号 P2547。请扮演健康信息整理员。围绕“健康场景047-多方协作”中的习惯、计划、科普任务，面向新手用户，生成可直接使用的模板。请用PRD片段输出，并从“风险”角度做重点判断。要求：兼顾成本和效果；指出最容易忽略的细节；最后给出3条可立即执行的下一步。
2548,健康,健康信息整理员,一线执行团队,表格,增长,预算有限,任务编号 P2548。请扮演健康信息整理员。围绕“健康场景048-预算有限”中的习惯、计划、科普任务，面向一线执行团队，做一次反向推理找出隐藏风险。请用表格输出，并从“增长”角度做重点判断。要求：指出最容易忽略的细节；避免专业黑话；最后给出3条可立即执行的下一步。
2549,健康,健康信息整理员,开发团队,邮件草稿,短期落地,初创团队,任务编号 P2549。请扮演健康信息整理员。围绕“健康场景049-初创团队”中的习惯、计划、科普任务，面向开发团队，给出低成本试验方案。请用邮件草稿输出，并从“短期落地”角度做重点判断。要求：包含可执行下一步；用中文输出；最后给出3条可立即执行的下一步。
2550,健康,健康信息整理员,客服团队,路线图,成本,需要扩张,任务编号 P2550。请扮演健康信息整理员。围绕“健康场景050-需要扩张”中的习惯、计划、科普任务，面向客服团队，创建对比表并推荐选择。请用路线图输出，并从“成本”角度做重点判断。要求：输出可直接复制使用；兼顾成本和效果；最后给出3条可立即执行的下一步。
2551,健康,健康信息整理员,家长,PRD片段,可维护性,新市场验证,任务编号 P2551。请扮演健康信息整理员。围绕“健康场景051-新市场验证”中的习惯、计划、科普任务，面向家长，把长内容压缩成高密度摘要。请用PRD片段输出，并从“可维护性”角度做重点判断。要求：保持中立客观；避免虚构事实；最后给出3条可立即执行的下一步。
2552,健康,健康信息整理员,非技术读者,表格,长期价值,竞品压力,任务编号 P2552。请扮演健康信息整理员。围绕“健康场景052-竞品压力”中的习惯、计划、科普任务，面向非技术读者，提出10个创新方向并排序。请用表格输出，并从“长期价值”角度做重点判断。要求：先给结论再解释；包含失败预案；最后给出3条可立即执行的下一步。
2553,健康,健康信息整理员,中小企业主,邮件草稿,质量,准备上线,任务编号 P2553。请扮演健康信息整理员。围绕“健康场景053-准备上线”中的习惯、计划、科普任务，面向中小企业主，设计30天训练计划。请用邮件草稿输出，并从“质量”角度做重点判断。要求：包含失败预案；语言简洁，不说空话；最后给出3条可立即执行的下一步。
2554,健康,健康信息整理员,资深从业者,路线图,用户体验,高不确定性,任务编号 P2554。请扮演健康信息整理员。围绕“健康场景054-高不确定性”中的习惯、计划、科普任务，面向资深从业者，构建决策树帮助判断下一步。请用路线图输出，并从“用户体验”角度做重点判断。要求：用中文输出；按难易度排序；最后给出3条可立即执行的下一步。
2555,健康,健康信息整理员,自由职业者,PRD片段,学习曲线,远程协作,任务编号 P2555。请扮演健康信息整理员。围绕“健康场景055-远程协作”中的习惯、计划、科普任务，面向自由职业者，生成会议讨论提纲。请用PRD片段输出，并从“学习曲线”角度做重点判断。要求：标注假设和不确定性；先给结论再解释；最后给出3条可立即执行的下一步。
2556,健康,健康信息整理员,设计团队,表格,效率,个人项目,任务编号 P2556。请扮演健康信息整理员。围绕“健康场景056-个人项目”中的习惯、计划、科普任务，面向设计团队，写一份面向管理层的简报。请用表格输出，并从“效率”角度做重点判断。要求：按影响力排序；给出示例输入输出；最后给出3条可立即执行的下一步。
2557,健康,健康信息整理员,投资人,邮件草稿,风险,质量波动,任务编号 P2557。请扮演健康信息整理员。围绕“健康场景057-质量波动”中的习惯、计划、科普任务，面向投资人，写一份面向执行者的操作手册。请用邮件草稿输出，并从“风险”角度做重点判断。要求：必要时提出澄清问题；给出至少一个反例；最后给出3条可立即执行的下一步。
2558,健康,健康信息整理员,海外用户,路线图,增长,用户流失,任务编号 P2558。请扮演健康信息整理员。围绕“健康场景058-用户流失”中的习惯、计划、科普任务，面向海外用户，建立评估打分表。请用路线图输出，并从“增长”角度做重点判断。要求：给出至少一个反例；保持中立客观；最后给出3条可立即执行的下一步。
2559,健康,健康信息整理员,专家评审,PRD片段,短期落地,内部培训,任务编号 P2559。请扮演健康信息整理员。围绕“健康场景059-内部培训”中的习惯、计划、科普任务，面向专家评审，提出自动化改造思路。请用PRD片段输出，并从“短期落地”角度做重点判断。要求：按难易度排序；适合在一天内开始执行；最后给出3条可立即执行的下一步。
2560,健康,健康信息整理员,大学生,表格,成本,需要复盘,任务编号 P2560。请扮演健康信息整理员。围绕“健康场景060-需要复盘”中的习惯、计划、科普任务，面向大学生，设计用户调研问题。请用表格输出，并从“成本”角度做重点判断。要求：避免虚构事实；必要时提出澄清问题；最后给出3条可立即执行的下一步。
2561,健康,健康信息整理员,管理层,邮件草稿,可维护性,时间紧迫,任务编号 P2561。请扮演健康信息整理员。围绕“健康场景061-时间紧迫”中的习惯、计划、科普任务，面向管理层，模拟用户反馈并归纳模式。请用邮件草稿输出，并从“可维护性”角度做重点判断。要求：避免专业黑话；输出可直接复制使用；最后给出3条可立即执行的下一步。
2562,健康,健康信息整理员,内容创作者,路线图,长期价值,成熟企业,任务编号 P2562。请扮演健康信息整理员。围绕“健康场景062-成熟企业”中的习惯、计划、科普任务，面向内容创作者，生成故障排查路径。请用路线图输出，并从“长期价值”角度做重点判断。要求：包含衡量标准；提供简短版本和完整版本；最后给出3条可立即执行的下一步。
2563,健康,健康信息整理员,销售团队,PRD片段,质量,需要降本,任务编号 P2563。请扮演健康信息整理员。围绕“健康场景063-需要降本”中的习惯、计划、科普任务，面向销售团队，把目标拆成里程碑。请用PRD片段输出，并从“质量”角度做重点判断。要求：提供简短版本和完整版本；按影响力排序；最后给出3条可立即执行的下一步。
2564,健康,健康信息整理员,教师,表格,用户体验,流程混乱,任务编号 P2564。请扮演健康信息整理员。围绕“健康场景064-流程混乱”中的习惯、计划、科普任务，面向教师，提出可复用命名规范。请用表格输出，并从“用户体验”角度做重点判断。要求：适合在一天内开始执行；包含可执行下一步；最后给出3条可立即执行的下一步。
2565,健康,健康信息整理员,本地用户,邮件草稿,学习曲线,数据不足,任务编号 P2565。请扮演健康信息整理员。围绕“健康场景065-数据不足”中的习惯、计划、科普任务，面向本地用户，创建风险登记册。请用邮件草稿输出，并从“学习曲线”角度做重点判断。要求：给出示例输入输出；包含衡量标准；最后给出3条可立即执行的下一步。
2566,健康,健康信息整理员,创始人,路线图,效率,公开发布,任务编号 P2566。请扮演健康信息整理员。围绕“健康场景066-公开发布”中的习惯、计划、科普任务，面向创始人，制定一份可执行方案。请用路线图输出，并从“效率”角度做重点判断。要求：语言简洁，不说空话；标注假设和不确定性；最后给出3条可立即执行的下一步。
2567,健康,健康信息整理员,新手用户,PRD片段,风险,多方协作,任务编号 P2567。请扮演健康信息整理员。围绕“健康场景067-多方协作”中的习惯、计划、科普任务，面向新手用户，列出关键问题并给出优先级。请用PRD片段输出，并从“风险”角度做重点判断。要求：兼顾成本和效果；指出最容易忽略的细节；最后给出3条可立即执行的下一步。
2568,健康,健康信息整理员,一线执行团队,表格,增长,预算有限,任务编号 P2568。请扮演健康信息整理员。围绕“健康场景068-预算有限”中的习惯、计划、科普任务，面向一线执行团队，生成三种风格完全不同的版本。请用表格输出，并从“增长”角度做重点判断。要求：指出最容易忽略的细节；避免专业黑话；最后给出3条可立即执行的下一步。
2569,健康,健康信息整理员,开发团队,邮件草稿,短期落地,初创团队,任务编号 P2569。请扮演健康信息整理员。围绕“健康场景069-初创团队”中的习惯、计划、科普任务，面向开发团队，把复杂内容改写成新手也能懂的说明。请用邮件草稿输出，并从“短期落地”角度做重点判断。要求：包含可执行下一步；用中文输出；最后给出3条可立即执行的下一步。
2570,健康,健康信息整理员,客服团队,路线图,成本,需要扩张,任务编号 P2570。请扮演健康信息整理员。围绕“健康场景070-需要扩张”中的习惯、计划、科普任务，面向客服团队，设计一个从零到一的工作流。请用路线图输出，并从“成本”角度做重点判断。要求：输出可直接复制使用；兼顾成本和效果；最后给出3条可立即执行的下一步。
2571,健康,健康信息整理员,家长,PRD片段,可维护性,新市场验证,任务编号 P2571。请扮演健康信息整理员。围绕“健康场景071-新市场验证”中的习惯、计划、科普任务，面向家长，创建检查清单并标注常见坑。请用PRD片段输出，并从“可维护性”角度做重点判断。要求：保持中立客观；避免虚构事实；最后给出3条可立即执行的下一步。
2572,健康,健康信息整理员,非技术读者,表格,长期价值,竞品压力,任务编号 P2572。请扮演健康信息整理员。围绕“健康场景072-竞品压力”中的习惯、计划、科普任务，面向非技术读者，模拟专家评审并指出改进点。请用表格输出，并从“长期价值”角度做重点判断。要求：先给结论再解释；包含失败预案；最后给出3条可立即执行的下一步。
2573,健康,健康信息整理员,中小企业主,邮件草稿,质量,准备上线,任务编号 P2573。请扮演健康信息整理员。围绕“健康场景073-准备上线”中的习惯、计划、科普任务，面向中小企业主，根据目标用户重写表达。请用邮件草稿输出，并从“质量”角度做重点判断。要求：包含失败预案；语言简洁，不说空话；最后给出3条可立即执行的下一步。
2574,健康,健康信息整理员,资深从业者,路线图,用户体验,高不确定性,任务编号 P2574。请扮演健康信息整理员。围绕“健康场景074-高不确定性”中的习惯、计划、科普任务，面向资深从业者，提炼核心洞察并给出行动建议。请用路线图输出，并从“用户体验”角度做重点判断。要求：用中文输出；按难易度排序；最后给出3条可立即执行的下一步。
2575,健康,健康信息整理员,自由职业者,PRD片段,学习曲线,远程协作,任务编号 P2575。请扮演健康信息整理员。围绕“健康场景075-远程协作”中的习惯、计划、科普任务，面向自由职业者，设计一套可量化指标。请用PRD片段输出，并从“学习曲线”角度做重点判断。要求：标注假设和不确定性；先给结论再解释；最后给出3条可立即执行的下一步。
2576,健康,健康信息整理员,设计团队,表格,效率,个人项目,任务编号 P2576。请扮演健康信息整理员。围绕“健康场景076-个人项目”中的习惯、计划、科普任务，面向设计团队，把零散想法整理成结构化大纲。请用表格输出，并从“效率”角度做重点判断。要求：按影响力排序；给出示例输入输出；最后给出3条可立即执行的下一步。
2577,健康,健康信息整理员,投资人,邮件草稿,风险,质量波动,任务编号 P2577。请扮演健康信息整理员。围绕“健康场景077-质量波动”中的习惯、计划、科普任务，面向投资人，生成可直接使用的模板。请用邮件草稿输出，并从“风险”角度做重点判断。要求：必要时提出澄清问题；给出至少一个反例；最后给出3条可立即执行的下一步。
2578,健康,健康信息整理员,海外用户,路线图,增长,用户流失,任务编号 P2578。请扮演健康信息整理员。围绕“健康场景078-用户流失”中的习惯、计划、科普任务，面向海外用户，做一次反向推理找出隐藏风险。请用路线图输出，并从“增长”角度做重点判断。要求：给出至少一个反例；保持中立客观；最后给出3条可立即执行的下一步。
2579,健康,健康信息整理员,专家评审,PRD片段,短期落地,内部培训,任务编号 P2579。请扮演健康信息整理员。围绕“健康场景079-内部培训”中的习惯、计划、科普任务，面向专家评审，给出低成本试验方案。请用PRD片段输出，并从“短期落地”角度做重点判断。要求：按难易度排序；适合在一天内开始执行；最后给出3条可立即执行的下一步。
2580,健康,健康信息整理员,大学生,表格,成本,需要复盘,任务编号 P2580。请扮演健康信息整理员。围绕“健康场景080-需要复盘”中的习惯、计划、科普任务，面向大学生，创建对比表并推荐选择。请用表格输出，并从“成本”角度做重点判断。要求：避免虚构事实；必要时提出澄清问题；最后给出3条可立即执行的下一步。
2581,健康,健康信息整理员,管理层,邮件草稿,可维护性,时间紧迫,任务编号 P2581。请扮演健康信息整理员。围绕“健康场景081-时间紧迫”中的习惯、计划、科普任务，面向管理层，把长内容压缩成高密度摘要。请用邮件草稿输出，并从“可维护性”角度做重点判断。要求：避免专业黑话；输出可直接复制使用；最后给出3条可立即执行的下一步。
2582,健康,健康信息整理员,内容创作者,路线图,长期价值,成熟企业,任务编号 P2582。请扮演健康信息整理员。围绕“健康场景082-成熟企业”中的习惯、计划、科普任务，面向内容创作者，提出10个创新方向并排序。请用路线图输出，并从“长期价值”角度做重点判断。要求：包含衡量标准；提供简短版本和完整版本；最后给出3条可立即执行的下一步。
2583,健康,健康信息整理员,销售团队,PRD片段,质量,需要降本,任务编号 P2583。请扮演健康信息整理员。围绕“健康场景083-需要降本”中的习惯、计划、科普任务，面向销售团队，设计30天训练计划。请用PRD片段输出，并从“质量”角度做重点判断。要求：提供简短版本和完整版本；按影响力排序；最后给出3条可立即执行的下一步。
2584,健康,健康信息整理员,教师,表格,用户体验,流程混乱,任务编号 P2584。请扮演健康信息整理员。围绕“健康场景084-流程混乱”中的习惯、计划、科普任务，面向教师，构建决策树帮助判断下一步。请用表格输出，并从“用户体验”角度做重点判断。要求：适合在一天内开始执行；包含可执行下一步；最后给出3条可立即执行的下一步。
2585,健康,健康信息整理员,本地用户,邮件草稿,学习曲线,数据不足,任务编号 P2585。请扮演健康信息整理员。围绕“健康场景085-数据不足”中的习惯、计划、科普任务，面向本地用户，生成会议讨论提纲。请用邮件草稿输出，并从“学习曲线”角度做重点判断。要求：给出示例输入输出；包含衡量标准；最后给出3条可立即执行的下一步。
2586,健康,健康信息整理员,创始人,路线图,效率,公开发布,任务编号 P2586。请扮演健康信息整理员。围绕“健康场景086-公开发布”中的习惯、计划、科普任务，面向创始人，写一份面向管理层的简报。请用路线图输出，并从“效率”角度做重点判断。要求：语言简洁，不说空话；标注假设和不确定性；最后给出3条可立即执行的下一步。
2587,健康,健康信息整理员,新手用户,PRD片段,风险,多方协作,任务编号 P2587。请扮演健康信息整理员。围绕“健康场景087-多方协作”中的习惯、计划、科普任务，面向新手用户，写一份面向执行者的操作手册。请用PRD片段输出，并从“风险”角度做重点判断。要求：兼顾成本和效果；指出最容易忽略的细节；最后给出3条可立即执行的下一步。
2588,健康,健康信息整理员,一线执行团队,表格,增长,预算有限,任务编号 P2588。请扮演健康信息整理员。围绕“健康场景088-预算有限”中的习惯、计划、科普任务，面向一线执行团队，建立评估打分表。请用表格输出，并从“增长”角度做重点判断。要求：指出最容易忽略的细节；避免专业黑话；最后给出3条可立即执行的下一步。
2589,健康,健康信息整理员,开发团队,邮件草稿,短期落地,初创团队,任务编号 P2589。请扮演健康信息整理员。围绕“健康场景089-初创团队”中的习惯、计划、科普任务，面向开发团队，提出自动化改造思路。请用邮件草稿输出，并从“短期落地”角度做重点判断。要求：包含可执行下一步；用中文输出；最后给出3条可立即执行的下一步。
2590,健康,健康信息整理员,客服团队,路线图,成本,需要扩张,任务编号 P2590。请扮演健康信息整理员。围绕“健康场景090-需要扩张”中的习惯、计划、科普任务，面向客服团队，设计用户调研问题。请用路线图输出，并从“成本”角度做重点判断。要求：输出可直接复制使用；兼顾成本和效果；最后给出3条可立即执行的下一步。
2591,健康,健康信息整理员,家长,PRD片段,可维护性,新市场验证,任务编号 P2591。请扮演健康信息整理员。围绕“健康场景091-新市场验证”中的习惯、计划、科普任务，面向家长，模拟用户反馈并归纳模式。请用PRD片段输出，并从“可维护性”角度做重点判断。要求：保持中立客观；避免虚构事实；最后给出3条可立即执行的下一步。
2592,健康,健康信息整理员,非技术读者,表格,长期价值,竞品压力,任务编号 P2592。请扮演健康信息整理员。围绕“健康场景092-竞品压力”中的习惯、计划、科普任务，面向非技术读者，生成故障排查路径。请用表格输出，并从“长期价值”角度做重点判断。要求：先给结论再解释；包含失败预案；最后给出3条可立即执行的下一步。
2593,健康,健康信息整理员,中小企业主,邮件草稿,质量,准备上线,任务编号 P2593。请扮演健康信息整理员。围绕“健康场景093-准备上线”中的习惯、计划、科普任务，面向中小企业主，把目标拆成里程碑。请用邮件草稿输出，并从“质量”角度做重点判断。要求：包含失败预案；语言简洁，不说空话；最后给出3条可立即执行的下一步。
2594,健康,健康信息整理员,资深从业者,路线图,用户体验,高不确定性,任务编号 P2594。请扮演健康信息整理员。围绕“健康场景094-高不确定性”中的习惯、计划、科普任务，面向资深从业者，提出可复用命名规范。请用路线图输出，并从“用户体验”角度做重点判断。要求：用中文输出；按难易度排序；最后给出3条可立即执行的下一步。
2595,健康,健康信息整理员,自由职业者,PRD片段,学习曲线,远程协作,任务编号 P2595。请扮演健康信息整理员。围绕“健康场景095-远程协作”中的习惯、计划、科普任务，面向自由职业者，创建风险登记册。请用PRD片段输出，并从“学习曲线”角度做重点判断。要求：标注假设和不确定性；先给结论再解释；最后给出3条可立即执行的下一步。
2596,健康,健康信息整理员,设计团队,表格,效率,个人项目,任务编号 P2596。请扮演健康信息整理员。围绕“健康场景096-个人项目”中的习惯、计划、科普任务，面向设计团队，制定一份可执行方案。请用表格输出，并从“效率”角度做重点判断。要求：按影响力排序；给出示例输入输出；最后给出3条可立即执行的下一步。
2597,健康,健康信息整理员,投资人,邮件草稿,风险,质量波动,任务编号 P2597。请扮演健康信息整理员。围绕“健康场景097-质量波动”中的习惯、计划、科普任务，面向投资人，列出关键问题并给出优先级。请用邮件草稿输出，并从“风险”角度做重点判断。要求：必要时提出澄清问题；给出至少一个反例；最后给出3条可立即执行的下一步。
2598,健康,健康信息整理员,海外用户,路线图,增长,用户流失,任务编号 P2598。请扮演健康信息整理员。围绕“健康场景098-用户流失”中的习惯、计划、科普任务，面向海外用户，生成三种风格完全不同的版本。请用路线图输出，并从“增长”角度做重点判断。要求：给出至少一个反例；保持中立客观；最后给出3条可立即执行的下一步。
2599,健康,健康信息整理员,专家评审,PRD片段,短期落地,内部培训,任务编号 P2599。请扮演健康信息整理员。围绕“健康场景099-内部培训”中的习惯、计划、科普任务，面向专家评审，把复杂内容改写成新手也能懂的说明。请用PRD片段输出，并从“短期落地”角度做重点判断。要求：按难易度排序；适合在一天内开始执行；最后给出3条可立即执行的下一步。
2600,健康,健康信息整理员,大学生,表格,成本,需要复盘,任务编号 P2600。请扮演健康信息整理员。围绕“健康场景100-需要复盘”中的习惯、计划、科普任务，面向大学生，设计一个从零到一的工作流。请用表格输出，并从“成本”角度做重点判断。要求：避免虚构事实；必要时提出澄清问题；最后给出3条可立即执行的下一步。
2601,旅行,旅行规划师,一线执行团队,对话脚本,增长,高不确定性,任务编号 P2601。请扮演旅行规划师。围绕“旅行场景001-高不确定性”中的路线、预算、攻略任务，面向一线执行团队，生成故障排查路径。请用对话脚本输出，并从“增长”角度做重点判断。要求：适合在一天内开始执行；包含失败预案；最后给出3条可立即执行的下一步。
2602,旅行,旅行规划师,开发团队,FAQ,短期落地,远程协作,任务编号 P2602。请扮演旅行规划师。围绕“旅行场景002-远程协作”中的路线、预算、攻略任务，面向开发团队，把目标拆成里程碑。请用FAQ输出，并从“短期落地”角度做重点判断。要求：给出示例输入输出；语言简洁，不说空话；最后给出3条可立即执行的下一步。
2603,旅行,旅行规划师,客服团队,演讲稿,成本,个人项目,任务编号 P2603。请扮演旅行规划师。围绕“旅行场景003-个人项目”中的路线、预算、攻略任务，面向客服团队，提出可复用命名规范。请用演讲稿输出，并从“成本”角度做重点判断。要求：语言简洁，不说空话；按难易度排序；最后给出3条可立即执行的下一步。
2604,旅行,旅行规划师,家长,编号清单,可维护性,质量波动,任务编号 P2604。请扮演旅行规划师。围绕“旅行场景004-质量波动”中的路线、预算、攻略任务，面向家长，创建风险登记册。请用编号清单输出，并从“可维护性”角度做重点判断。要求：兼顾成本和效果；先给结论再解释；最后给出3条可立即执行的下一步。
2605,旅行,旅行规划师,非技术读者,对话脚本,长期价值,用户流失,任务编号 P2605。请扮演旅行规划师。围绕“旅行场景005-用户流失”中的路线、预算、攻略任务，面向非技术读者，制定一份可执行方案。请用对话脚本输出，并从“长期价值”角度做重点判断。要求：指出最容易忽略的细节；给出示例输入输出；最后给出3条可立即执行的下一步。
2606,旅行,旅行规划师,中小企业主,FAQ,质量,内部培训,任务编号 P2606。请扮演旅行规划师。围绕“旅行场景006-内部培训”中的路线、预算、攻略任务，面向中小企业主，列出关键问题并给出优先级。请用FAQ输出，并从“质量”角度做重点判断。要求：包含可执行下一步；给出至少一个反例；最后给出3条可立即执行的下一步。
2607,旅行,旅行规划师,资深从业者,演讲稿,用户体验,需要复盘,任务编号 P2607。请扮演旅行规划师。围绕“旅行场景007-需要复盘”中的路线、预算、攻略任务，面向资深从业者，生成三种风格完全不同的版本。请用演讲稿输出，并从“用户体验”角度做重点判断。要求：输出可直接复制使用；保持中立客观；最后给出3条可立即执行的下一步。
2608,旅行,旅行规划师,自由职业者,编号清单,学习曲线,时间紧迫,任务编号 P2608。请扮演旅行规划师。围绕“旅行场景008-时间紧迫”中的路线、预算、攻略任务，面向自由职业者，把复杂内容改写成新手也能懂的说明。请用编号清单输出，并从“学习曲线”角度做重点判断。要求：保持中立客观；适合在一天内开始执行；最后给出3条可立即执行的下一步。
2609,旅行,旅行规划师,设计团队,对话脚本,效率,成熟企业,任务编号 P2609。请扮演旅行规划师。围绕“旅行场景009-成熟企业”中的路线、预算、攻略任务，面向设计团队，设计一个从零到一的工作流。请用对话脚本输出，并从“效率”角度做重点判断。要求：先给结论再解释；必要时提出澄清问题；最后给出3条可立即执行的下一步。
2610,旅行,旅行规划师,投资人,FAQ,风险,需要降本,任务编号 P2610。请扮演旅行规划师。围绕“旅行场景010-需要降本”中的路线、预算、攻略任务，面向投资人，创建检查清单并标注常见坑。请用FAQ输出，并从“风险”角度做重点判断。要求：包含失败预案；输出可直接复制使用；最后给出3条可立即执行的下一步。
2611,旅行,旅行规划师,海外用户,演讲稿,增长,流程混乱,任务编号 P2611。请扮演旅行规划师。围绕“旅行场景011-流程混乱”中的路线、预算、攻略任务，面向海外用户，模拟专家评审并指出改进点。请用演讲稿输出，并从“增长”角度做重点判断。要求：用中文输出；提供简短版本和完整版本；最后给出3条可立即执行的下一步。
2612,旅行,旅行规划师,专家评审,编号清单,短期落地,数据不足,任务编号 P2612。请扮演旅行规划师。围绕“旅行场景012-数据不足”中的路线、预算、攻略任务，面向专家评审，根据目标用户重写表达。请用编号清单输出，并从“短期落地”角度做重点判断。要求：标注假设和不确定性；按影响力排序；最后给出3条可立即执行的下一步。
2613,旅行,旅行规划师,大学生,对话脚本,成本,公开发布,任务编号 P2613。请扮演旅行规划师。围绕“旅行场景013-公开发布”中的路线、预算、攻略任务，面向大学生，提炼核心洞察并给出行动建议。请用对话脚本输出，并从“成本”角度做重点判断。要求：按影响力排序；包含可执行下一步；最后给出3条可立即执行的下一步。
2614,旅行,旅行规划师,管理层,FAQ,可维护性,多方协作,任务编号 P2614。请扮演旅行规划师。围绕“旅行场景014-多方协作”中的路线、预算、攻略任务，面向管理层，设计一套可量化指标。请用FAQ输出，并从“可维护性”角度做重点判断。要求：必要时提出澄清问题；包含衡量标准；最后给出3条可立即执行的下一步。
2615,旅行,旅行规划师,内容创作者,演讲稿,长期价值,预算有限,任务编号 P2615。请扮演旅行规划师。围绕“旅行场景015-预算有限”中的路线、预算、攻略任务，面向内容创作者，把零散想法整理成结构化大纲。请用演讲稿输出，并从“长期价值”角度做重点判断。要求：给出至少一个反例；标注假设和不确定性；最后给出3条可立即执行的下一步。
2616,旅行,旅行规划师,销售团队,编号清单,质量,初创团队,任务编号 P2616。请扮演旅行规划师。围绕“旅行场景016-初创团队”中的路线、预算、攻略任务，面向销售团队，生成可直接使用的模板。请用编号清单输出，并从“质量”角度做重点判断。要求：按难易度排序；指出最容易忽略的细节；最后给出3条可立即执行的下一步。
2617,旅行,旅行规划师,教师,对话脚本,用户体验,需要扩张,任务编号 P2617。请扮演旅行规划师。围绕“旅行场景017-需要扩张”中的路线、预算、攻略任务，面向教师，做一次反向推理找出隐藏风险。请用对话脚本输出，并从“用户体验”角度做重点判断。要求：避免虚构事实；避免专业黑话；最后给出3条可立即执行的下一步。
2618,旅行,旅行规划师,本地用户,FAQ,学习曲线,新市场验证,任务编号 P2618。请扮演旅行规划师。围绕“旅行场景018-新市场验证”中的路线、预算、攻略任务，面向本地用户，给出低成本试验方案。请用FAQ输出，并从“学习曲线”角度做重点判断。要求：避免专业黑话；用中文输出；最后给出3条可立即执行的下一步。
2619,旅行,旅行规划师,创始人,演讲稿,效率,竞品压力,任务编号 P2619。请扮演旅行规划师。围绕“旅行场景019-竞品压力”中的路线、预算、攻略任务，面向创始人，创建对比表并推荐选择。请用演讲稿输出，并从“效率”角度做重点判断。要求：包含衡量标准；兼顾成本和效果；最后给出3条可立即执行的下一步。
2620,旅行,旅行规划师,新手用户,编号清单,风险,准备上线,任务编号 P2620。请扮演旅行规划师。围绕“旅行场景020-准备上线”中的路线、预算、攻略任务，面向新手用户，把长内容压缩成高密度摘要。请用编号清单输出，并从“风险”角度做重点判断。要求：提供简短版本和完整版本；避免虚构事实；最后给出3条可立即执行的下一步。
2621,旅行,旅行规划师,一线执行团队,对话脚本,增长,高不确定性,任务编号 P2621。请扮演旅行规划师。围绕“旅行场景021-高不确定性”中的路线、预算、攻略任务，面向一线执行团队，提出10个创新方向并排序。请用对话脚本输出，并从“增长”角度做重点判断。要求：适合在一天内开始执行；包含失败预案；最后给出3条可立即执行的下一步。
2622,旅行,旅行规划师,开发团队,FAQ,短期落地,远程协作,任务编号 P2622。请扮演旅行规划师。围绕“旅行场景022-远程协作”中的路线、预算、攻略任务，面向开发团队，设计30天训练计划。请用FAQ输出，并从“短期落地”角度做重点判断。要求：给出示例输入输出；语言简洁，不说空话；最后给出3条可立即执行的下一步。
2623,旅行,旅行规划师,客服团队,演讲稿,成本,个人项目,任务编号 P2623。请扮演旅行规划师。围绕“旅行场景023-个人项目”中的路线、预算、攻略任务，面向客服团队，构建决策树帮助判断下一步。请用演讲稿输出，并从“成本”角度做重点判断。要求：语言简洁，不说空话；按难易度排序；最后给出3条可立即执行的下一步。
2624,旅行,旅行规划师,家长,编号清单,可维护性,质量波动,任务编号 P2624。请扮演旅行规划师。围绕“旅行场景024-质量波动”中的路线、预算、攻略任务，面向家长，生成会议讨论提纲。请用编号清单输出，并从“可维护性”角度做重点判断。要求：兼顾成本和效果；先给结论再解释；最后给出3条可立即执行的下一步。
2625,旅行,旅行规划师,非技术读者,对话脚本,长期价值,用户流失,任务编号 P2625。请扮演旅行规划师。围绕“旅行场景025-用户流失”中的路线、预算、攻略任务，面向非技术读者，写一份面向管理层的简报。请用对话脚本输出，并从“长期价值”角度做重点判断。要求：指出最容易忽略的细节；给出示例输入输出；最后给出3条可立即执行的下一步。
2626,旅行,旅行规划师,中小企业主,FAQ,质量,内部培训,任务编号 P2626。请扮演旅行规划师。围绕“旅行场景026-内部培训”中的路线、预算、攻略任务，面向中小企业主，写一份面向执行者的操作手册。请用FAQ输出，并从“质量”角度做重点判断。要求：包含可执行下一步；给出至少一个反例；最后给出3条可立即执行的下一步。
2627,旅行,旅行规划师,资深从业者,演讲稿,用户体验,需要复盘,任务编号 P2627。请扮演旅行规划师。围绕“旅行场景027-需要复盘”中的路线、预算、攻略任务，面向资深从业者，建立评估打分表。请用演讲稿输出，并从“用户体验”角度做重点判断。要求：输出可直接复制使用；保持中立客观；最后给出3条可立即执行的下一步。
2628,旅行,旅行规划师,自由职业者,编号清单,学习曲线,时间紧迫,任务编号 P2628。请扮演旅行规划师。围绕“旅行场景028-时间紧迫”中的路线、预算、攻略任务，面向自由职业者，提出自动化改造思路。请用编号清单输出，并从“学习曲线”角度做重点判断。要求：保持中立客观；适合在一天内开始执行；最后给出3条可立即执行的下一步。
2629,旅行,旅行规划师,设计团队,对话脚本,效率,成熟企业,任务编号 P2629。请扮演旅行规划师。围绕“旅行场景029-成熟企业”中的路线、预算、攻略任务，面向设计团队，设计用户调研问题。请用对话脚本输出，并从“效率”角度做重点判断。要求：先给结论再解释；必要时提出澄清问题；最后给出3条可立即执行的下一步。
2630,旅行,旅行规划师,投资人,FAQ,风险,需要降本,任务编号 P2630。请扮演旅行规划师。围绕“旅行场景030-需要降本”中的路线、预算、攻略任务，面向投资人，模拟用户反馈并归纳模式。请用FAQ输出，并从“风险”角度做重点判断。要求：包含失败预案；输出可直接复制使用；最后给出3条可立即执行的下一步。
2631,旅行,旅行规划师,海外用户,演讲稿,增长,流程混乱,任务编号 P2631。请扮演旅行规划师。围绕“旅行场景031-流程混乱”中的路线、预算、攻略任务，面向海外用户，生成故障排查路径。请用演讲稿输出，并从“增长”角度做重点判断。要求：用中文输出；提供简短版本和完整版本；最后给出3条可立即执行的下一步。
2632,旅行,旅行规划师,专家评审,编号清单,短期落地,数据不足,任务编号 P2632。请扮演旅行规划师。围绕“旅行场景032-数据不足”中的路线、预算、攻略任务，面向专家评审，把目标拆成里程碑。请用编号清单输出，并从“短期落地”角度做重点判断。要求：标注假设和不确定性；按影响力排序；最后给出3条可立即执行的下一步。
2633,旅行,旅行规划师,大学生,对话脚本,成本,公开发布,任务编号 P2633。请扮演旅行规划师。围绕“旅行场景033-公开发布”中的路线、预算、攻略任务，面向大学生，提出可复用命名规范。请用对话脚本输出，并从“成本”角度做重点判断。要求：按影响力排序；包含可执行下一步；最后给出3条可立即执行的下一步。
2634,旅行,旅行规划师,管理层,FAQ,可维护性,多方协作,任务编号 P2634。请扮演旅行规划师。围绕“旅行场景034-多方协作”中的路线、预算、攻略任务，面向管理层，创建风险登记册。请用FAQ输出，并从“可维护性”角度做重点判断。要求：必要时提出澄清问题；包含衡量标准；最后给出3条可立即执行的下一步。
2635,旅行,旅行规划师,内容创作者,演讲稿,长期价值,预算有限,任务编号 P2635。请扮演旅行规划师。围绕“旅行场景035-预算有限”中的路线、预算、攻略任务，面向内容创作者，制定一份可执行方案。请用演讲稿输出，并从“长期价值”角度做重点判断。要求：给出至少一个反例；标注假设和不确定性；最后给出3条可立即执行的下一步。
2636,旅行,旅行规划师,销售团队,编号清单,质量,初创团队,任务编号 P2636。请扮演旅行规划师。围绕“旅行场景036-初创团队”中的路线、预算、攻略任务，面向销售团队，列出关键问题并给出优先级。请用编号清单输出，并从“质量”角度做重点判断。要求：按难易度排序；指出最容易忽略的细节；最后给出3条可立即执行的下一步。
2637,旅行,旅行规划师,教师,对话脚本,用户体验,需要扩张,任务编号 P2637。请扮演旅行规划师。围绕“旅行场景037-需要扩张”中的路线、预算、攻略任务，面向教师，生成三种风格完全不同的版本。请用对话脚本输出，并从“用户体验”角度做重点判断。要求：避免虚构事实；避免专业黑话；最后给出3条可立即执行的下一步。
2638,旅行,旅行规划师,本地用户,FAQ,学习曲线,新市场验证,任务编号 P2638。请扮演旅行规划师。围绕“旅行场景038-新市场验证”中的路线、预算、攻略任务，面向本地用户，把复杂内容改写成新手也能懂的说明。请用FAQ输出，并从“学习曲线”角度做重点判断。要求：避免专业黑话；用中文输出；最后给出3条可立即执行的下一步。
2639,旅行,旅行规划师,创始人,演讲稿,效率,竞品压力,任务编号 P2639。请扮演旅行规划师。围绕“旅行场景039-竞品压力”中的路线、预算、攻略任务，面向创始人，设计一个从零到一的工作流。请用演讲稿输出，并从“效率”角度做重点判断。要求：包含衡量标准；兼顾成本和效果；最后给出3条可立即执行的下一步。
2640,旅行,旅行规划师,新手用户,编号清单,风险,准备上线,任务编号 P2640。请扮演旅行规划师。围绕“旅行场景040-准备上线”中的路线、预算、攻略任务，面向新手用户，创建检查清单并标注常见坑。请用编号清单输出，并从“风险”角度做重点判断。要求：提供简短版本和完整版本；避免虚构事实；最后给出3条可立即执行的下一步。
2641,旅行,旅行规划师,一线执行团队,对话脚本,增长,高不确定性,任务编号 P2641。请扮演旅行规划师。围绕“旅行场景041-高不确定性”中的路线、预算、攻略任务，面向一线执行团队，模拟专家评审并指出改进点。请用对话脚本输出，并从“增长”角度做重点判断。要求：适合在一天内开始执行；包含失败预案；最后给出3条可立即执行的下一步。
2642,旅行,旅行规划师,开发团队,FAQ,短期落地,远程协作,任务编号 P2642。请扮演旅行规划师。围绕“旅行场景042-远程协作”中的路线、预算、攻略任务，面向开发团队，根据目标用户重写表达。请用FAQ输出，并从“短期落地”角度做重点判断。要求：给出示例输入输出；语言简洁，不说空话；最后给出3条可立即执行的下一步。
2643,旅行,旅行规划师,客服团队,演讲稿,成本,个人项目,任务编号 P2643。请扮演旅行规划师。围绕“旅行场景043-个人项目”中的路线、预算、攻略任务，面向客服团队，提炼核心洞察并给出行动建议。请用演讲稿输出，并从“成本”角度做重点判断。要求：语言简洁，不说空话；按难易度排序；最后给出3条可立即执行的下一步。
2644,旅行,旅行规划师,家长,编号清单,可维护性,质量波动,任务编号 P2644。请扮演旅行规划师。围绕“旅行场景044-质量波动”中的路线、预算、攻略任务，面向家长，设计一套可量化指标。请用编号清单输出，并从“可维护性”角度做重点判断。要求：兼顾成本和效果；先给结论再解释；最后给出3条可立即执行的下一步。
2645,旅行,旅行规划师,非技术读者,对话脚本,长期价值,用户流失,任务编号 P2645。请扮演旅行规划师。围绕“旅行场景045-用户流失”中的路线、预算、攻略任务，面向非技术读者，把零散想法整理成结构化大纲。请用对话脚本输出，并从“长期价值”角度做重点判断。要求：指出最容易忽略的细节；给出示例输入输出；最后给出3条可立即执行的下一步。
2646,旅行,旅行规划师,中小企业主,FAQ,质量,内部培训,任务编号 P2646。请扮演旅行规划师。围绕“旅行场景046-内部培训”中的路线、预算、攻略任务，面向中小企业主，生成可直接使用的模板。请用FAQ输出，并从“质量”角度做重点判断。要求：包含可执行下一步；给出至少一个反例；最后给出3条可立即执行的下一步。
2647,旅行,旅行规划师,资深从业者,演讲稿,用户体验,需要复盘,任务编号 P2647。请扮演旅行规划师。围绕“旅行场景047-需要复盘”中的路线、预算、攻略任务，面向资深从业者，做一次反向推理找出隐藏风险。请用演讲稿输出，并从“用户体验”角度做重点判断。要求：输出可直接复制使用；保持中立客观；最后给出3条可立即执行的下一步。
2648,旅行,旅行规划师,自由职业者,编号清单,学习曲线,时间紧迫,任务编号 P2648。请扮演旅行规划师。围绕“旅行场景048-时间紧迫”中的路线、预算、攻略任务，面向自由职业者，给出低成本试验方案。请用编号清单输出，并从“学习曲线”角度做重点判断。要求：保持中立客观；适合在一天内开始执行；最后给出3条可立即执行的下一步。
2649,旅行,旅行规划师,设计团队,对话脚本,效率,成熟企业,任务编号 P2649。请扮演旅行规划师。围绕“旅行场景049-成熟企业”中的路线、预算、攻略任务，面向设计团队，创建对比表并推荐选择。请用对话脚本输出，并从“效率”角度做重点判断。要求：先给结论再解释；必要时提出澄清问题；最后给出3条可立即执行的下一步。
2650,旅行,旅行规划师,投资人,FAQ,风险,需要降本,任务编号 P2650。请扮演旅行规划师。围绕“旅行场景050-需要降本”中的路线、预算、攻略任务，面向投资人，把长内容压缩成高密度摘要。请用FAQ输出，并从“风险”角度做重点判断。要求：包含失败预案；输出可直接复制使用；最后给出3条可立即执行的下一步。
2651,旅行,旅行规划师,海外用户,演讲稿,增长,流程混乱,任务编号 P2651。请扮演旅行规划师。围绕“旅行场景051-流程混乱”中的路线、预算、攻略任务，面向海外用户，提出10个创新方向并排序。请用演讲稿输出，并从“增长”角度做重点判断。要求：用中文输出；提供简短版本和完整版本；最后给出3条可立即执行的下一步。
2652,旅行,旅行规划师,专家评审,编号清单,短期落地,数据不足,任务编号 P2652。请扮演旅行规划师。围绕“旅行场景052-数据不足”中的路线、预算、攻略任务，面向专家评审，设计30天训练计划。请用编号清单输出，并从“短期落地”角度做重点判断。要求：标注假设和不确定性；按影响力排序；最后给出3条可立即执行的下一步。
2653,旅行,旅行规划师,大学生,对话脚本,成本,公开发布,任务编号 P2653。请扮演旅行规划师。围绕“旅行场景053-公开发布”中的路线、预算、攻略任务，面向大学生，构建决策树帮助判断下一步。请用对话脚本输出，并从“成本”角度做重点判断。要求：按影响力排序；包含可执行下一步；最后给出3条可立即执行的下一步。
2654,旅行,旅行规划师,管理层,FAQ,可维护性,多方协作,任务编号 P2654。请扮演旅行规划师。围绕“旅行场景054-多方协作”中的路线、预算、攻略任务，面向管理层，生成会议讨论提纲。请用FAQ输出，并从“可维护性”角度做重点判断。要求：必要时提出澄清问题；包含衡量标准；最后给出3条可立即执行的下一步。
2655,旅行,旅行规划师,内容创作者,演讲稿,长期价值,预算有限,任务编号 P2655。请扮演旅行规划师。围绕“旅行场景055-预算有限”中的路线、预算、攻略任务，面向内容创作者，写一份面向管理层的简报。请用演讲稿输出，并从“长期价值”角度做重点判断。要求：给出至少一个反例；标注假设和不确定性；最后给出3条可立即执行的下一步。
2656,旅行,旅行规划师,销售团队,编号清单,质量,初创团队,任务编号 P2656。请扮演旅行规划师。围绕“旅行场景056-初创团队”中的路线、预算、攻略任务，面向销售团队，写一份面向执行者的操作手册。请用编号清单输出，并从“质量”角度做重点判断。要求：按难易度排序；指出最容易忽略的细节；最后给出3条可立即执行的下一步。
2657,旅行,旅行规划师,教师,对话脚本,用户体验,需要扩张,任务编号 P2657。请扮演旅行规划师。围绕“旅行场景057-需要扩张”中的路线、预算、攻略任务，面向教师，建立评估打分表。请用对话脚本输出，并从“用户体验”角度做重点判断。要求：避免虚构事实；避免专业黑话；最后给出3条可立即执行的下一步。
2658,旅行,旅行规划师,本地用户,FAQ,学习曲线,新市场验证,任务编号 P2658。请扮演旅行规划师。围绕“旅行场景058-新市场验证”中的路线、预算、攻略任务，面向本地用户，提出自动化改造思路。请用FAQ输出，并从“学习曲线”角度做重点判断。要求：避免专业黑话；用中文输出；最后给出3条可立即执行的下一步。
2659,旅行,旅行规划师,创始人,演讲稿,效率,竞品压力,任务编号 P2659。请扮演旅行规划师。围绕“旅行场景059-竞品压力”中的路线、预算、攻略任务，面向创始人，设计用户调研问题。请用演讲稿输出，并从“效率”角度做重点判断。要求：包含衡量标准；兼顾成本和效果；最后给出3条可立即执行的下一步。
2660,旅行,旅行规划师,新手用户,编号清单,风险,准备上线,任务编号 P2660。请扮演旅行规划师。围绕“旅行场景060-准备上线”中的路线、预算、攻略任务，面向新手用户，模拟用户反馈并归纳模式。请用编号清单输出，并从“风险”角度做重点判断。要求：提供简短版本和完整版本；避免虚构事实；最后给出3条可立即执行的下一步。
2661,旅行,旅行规划师,一线执行团队,对话脚本,增长,高不确定性,任务编号 P2661。请扮演旅行规划师。围绕“旅行场景061-高不确定性”中的路线、预算、攻略任务，面向一线执行团队，生成故障排查路径。请用对话脚本输出，并从“增长”角度做重点判断。要求：适合在一天内开始执行；包含失败预案；最后给出3条可立即执行的下一步。
2662,旅行,旅行规划师,开发团队,FAQ,短期落地,远程协作,任务编号 P2662。请扮演旅行规划师。围绕“旅行场景062-远程协作”中的路线、预算、攻略任务，面向开发团队，把目标拆成里程碑。请用FAQ输出，并从“短期落地”角度做重点判断。要求：给出示例输入输出；语言简洁，不说空话；最后给出3条可立即执行的下一步。
2663,旅行,旅行规划师,客服团队,演讲稿,成本,个人项目,任务编号 P2663。请扮演旅行规划师。围绕“旅行场景063-个人项目”中的路线、预算、攻略任务，面向客服团队，提出可复用命名规范。请用演讲稿输出，并从“成本”角度做重点判断。要求：语言简洁，不说空话；按难易度排序；最后给出3条可立即执行的下一步。
2664,旅行,旅行规划师,家长,编号清单,可维护性,质量波动,任务编号 P2664。请扮演旅行规划师。围绕“旅行场景064-质量波动”中的路线、预算、攻略任务，面向家长，创建风险登记册。请用编号清单输出，并从“可维护性”角度做重点判断。要求：兼顾成本和效果；先给结论再解释；最后给出3条可立即执行的下一步。
2665,旅行,旅行规划师,非技术读者,对话脚本,长期价值,用户流失,任务编号 P2665。请扮演旅行规划师。围绕“旅行场景065-用户流失”中的路线、预算、攻略任务，面向非技术读者，制定一份可执行方案。请用对话脚本输出，并从“长期价值”角度做重点判断。要求：指出最容易忽略的细节；给出示例输入输出；最后给出3条可立即执行的下一步。
2666,旅行,旅行规划师,中小企业主,FAQ,质量,内部培训,任务编号 P2666。请扮演旅行规划师。围绕“旅行场景066-内部培训”中的路线、预算、攻略任务，面向中小企业主，列出关键问题并给出优先级。请用FAQ输出，并从“质量”角度做重点判断。要求：包含可执行下一步；给出至少一个反例；最后给出3条可立即执行的下一步。
2667,旅行,旅行规划师,资深从业者,演讲稿,用户体验,需要复盘,任务编号 P2667。请扮演旅行规划师。围绕“旅行场景067-需要复盘”中的路线、预算、攻略任务，面向资深从业者，生成三种风格完全不同的版本。请用演讲稿输出，并从“用户体验”角度做重点判断。要求：输出可直接复制使用；保持中立客观；最后给出3条可立即执行的下一步。
2668,旅行,旅行规划师,自由职业者,编号清单,学习曲线,时间紧迫,任务编号 P2668。请扮演旅行规划师。围绕“旅行场景068-时间紧迫”中的路线、预算、攻略任务，面向自由职业者，把复杂内容改写成新手也能懂的说明。请用编号清单输出，并从“学习曲线”角度做重点判断。要求：保持中立客观；适合在一天内开始执行；最后给出3条可立即执行的下一步。
2669,旅行,旅行规划师,设计团队,对话脚本,效率,成熟企业,任务编号 P2669。请扮演旅行规划师。围绕“旅行场景069-成熟企业”中的路线、预算、攻略任务，面向设计团队，设计一个从零到一的工作流。请用对话脚本输出，并从“效率”角度做重点判断。要求：先给结论再解释；必要时提出澄清问题；最后给出3条可立即执行的下一步。
2670,旅行,旅行规划师,投资人,FAQ,风险,需要降本,任务编号 P2670。请扮演旅行规划师。围绕“旅行场景070-需要降本”中的路线、预算、攻略任务，面向投资人，创建检查清单并标注常见坑。请用FAQ输出，并从“风险”角度做重点判断。要求：包含失败预案；输出可直接复制使用；最后给出3条可立即执行的下一步。
2671,旅行,旅行规划师,海外用户,演讲稿,增长,流程混乱,任务编号 P2671。请扮演旅行规划师。围绕“旅行场景071-流程混乱”中的路线、预算、攻略任务，面向海外用户，模拟专家评审并指出改进点。请用演讲稿输出，并从“增长”角度做重点判断。要求：用中文输出；提供简短版本和完整版本；最后给出3条可立即执行的下一步。
2672,旅行,旅行规划师,专家评审,编号清单,短期落地,数据不足,任务编号 P2672。请扮演旅行规划师。围绕“旅行场景072-数据不足”中的路线、预算、攻略任务，面向专家评审，根据目标用户重写表达。请用编号清单输出，并从“短期落地”角度做重点判断。要求：标注假设和不确定性；按影响力排序；最后给出3条可立即执行的下一步。
2673,旅行,旅行规划师,大学生,对话脚本,成本,公开发布,任务编号 P2673。请扮演旅行规划师。围绕“旅行场景073-公开发布”中的路线、预算、攻略任务，面向大学生，提炼核心洞察并给出行动建议。请用对话脚本输出，并从“成本”角度做重点判断。要求：按影响力排序；包含可执行下一步；最后给出3条可立即执行的下一步。
2674,旅行,旅行规划师,管理层,FAQ,可维护性,多方协作,任务编号 P2674。请扮演旅行规划师。围绕“旅行场景074-多方协作”中的路线、预算、攻略任务，面向管理层，设计一套可量化指标。请用FAQ输出，并从“可维护性”角度做重点判断。要求：必要时提出澄清问题；包含衡量标准；最后给出3条可立即执行的下一步。
2675,旅行,旅行规划师,内容创作者,演讲稿,长期价值,预算有限,任务编号 P2675。请扮演旅行规划师。围绕“旅行场景075-预算有限”中的路线、预算、攻略任务，面向内容创作者，把零散想法整理成结构化大纲。请用演讲稿输出，并从“长期价值”角度做重点判断。要求：给出至少一个反例；标注假设和不确定性；最后给出3条可立即执行的下一步。
2676,旅行,旅行规划师,销售团队,编号清单,质量,初创团队,任务编号 P2676。请扮演旅行规划师。围绕“旅行场景076-初创团队”中的路线、预算、攻略任务，面向销售团队，生成可直接使用的模板。请用编号清单输出，并从“质量”角度做重点判断。要求：按难易度排序；指出最容易忽略的细节；最后给出3条可立即执行的下一步。
2677,旅行,旅行规划师,教师,对话脚本,用户体验,需要扩张,任务编号 P2677。请扮演旅行规划师。围绕“旅行场景077-需要扩张”中的路线、预算、攻略任务，面向教师，做一次反向推理找出隐藏风险。请用对话脚本输出，并从“用户体验”角度做重点判断。要求：避免虚构事实；避免专业黑话；最后给出3条可立即执行的下一步。
2678,旅行,旅行规划师,本地用户,FAQ,学习曲线,新市场验证,任务编号 P2678。请扮演旅行规划师。围绕“旅行场景078-新市场验证”中的路线、预算、攻略任务，面向本地用户，给出低成本试验方案。请用FAQ输出，并从“学习曲线”角度做重点判断。要求：避免专业黑话；用中文输出；最后给出3条可立即执行的下一步。
2679,旅行,旅行规划师,创始人,演讲稿,效率,竞品压力,任务编号 P2679。请扮演旅行规划师。围绕“旅行场景079-竞品压力”中的路线、预算、攻略任务，面向创始人，创建对比表并推荐选择。请用演讲稿输出，并从“效率”角度做重点判断。要求：包含衡量标准；兼顾成本和效果；最后给出3条可立即执行的下一步。
2680,旅行,旅行规划师,新手用户,编号清单,风险,准备上线,任务编号 P2680。请扮演旅行规划师。围绕“旅行场景080-准备上线”中的路线、预算、攻略任务，面向新手用户，把长内容压缩成高密度摘要。请用编号清单输出，并从“风险”角度做重点判断。要求：提供简短版本和完整版本；避免虚构事实；最后给出3条可立即执行的下一步。
2681,旅行,旅行规划师,一线执行团队,对话脚本,增长,高不确定性,任务编号 P2681。请扮演旅行规划师。围绕“旅行场景081-高不确定性”中的路线、预算、攻略任务，面向一线执行团队，提出10个创新方向并排序。请用对话脚本输出，并从“增长”角度做重点判断。要求：适合在一天内开始执行；包含失败预案；最后给出3条可立即执行的下一步。
2682,旅行,旅行规划师,开发团队,FAQ,短期落地,远程协作,任务编号 P2682。请扮演旅行规划师。围绕“旅行场景082-远程协作”中的路线、预算、攻略任务，面向开发团队，设计30天训练计划。请用FAQ输出，并从“短期落地”角度做重点判断。要求：给出示例输入输出；语言简洁，不说空话；最后给出3条可立即执行的下一步。
2683,旅行,旅行规划师,客服团队,演讲稿,成本,个人项目,任务编号 P2683。请扮演旅行规划师。围绕“旅行场景083-个人项目”中的路线、预算、攻略任务，面向客服团队，构建决策树帮助判断下一步。请用演讲稿输出，并从“成本”角度做重点判断。要求：语言简洁，不说空话；按难易度排序；最后给出3条可立即执行的下一步。
2684,旅行,旅行规划师,家长,编号清单,可维护性,质量波动,任务编号 P2684。请扮演旅行规划师。围绕“旅行场景084-质量波动”中的路线、预算、攻略任务，面向家长，生成会议讨论提纲。请用编号清单输出，并从“可维护性”角度做重点判断。要求：兼顾成本和效果；先给结论再解释；最后给出3条可立即执行的下一步。
2685,旅行,旅行规划师,非技术读者,对话脚本,长期价值,用户流失,任务编号 P2685。请扮演旅行规划师。围绕“旅行场景085-用户流失”中的路线、预算、攻略任务，面向非技术读者，写一份面向管理层的简报。请用对话脚本输出，并从“长期价值”角度做重点判断。要求：指出最容易忽略的细节；给出示例输入输出；最后给出3条可立即执行的下一步。
2686,旅行,旅行规划师,中小企业主,FAQ,质量,内部培训,任务编号 P2686。请扮演旅行规划师。围绕“旅行场景086-内部培训”中的路线、预算、攻略任务，面向中小企业主，写一份面向执行者的操作手册。请用FAQ输出，并从“质量”角度做重点判断。要求：包含可执行下一步；给出至少一个反例；最后给出3条可立即执行的下一步。
2687,旅行,旅行规划师,资深从业者,演讲稿,用户体验,需要复盘,任务编号 P2687。请扮演旅行规划师。围绕“旅行场景087-需要复盘”中的路线、预算、攻略任务，面向资深从业者，建立评估打分表。请用演讲稿输出，并从“用户体验”角度做重点判断。要求：输出可直接复制使用；保持中立客观；最后给出3条可立即执行的下一步。
2688,旅行,旅行规划师,自由职业者,编号清单,学习曲线,时间紧迫,任务编号 P2688。请扮演旅行规划师。围绕“旅行场景088-时间紧迫”中的路线、预算、攻略任务，面向自由职业者，提出自动化改造思路。请用编号清单输出，并从“学习曲线”角度做重点判断。要求：保持中立客观；适合在一天内开始执行；最后给出3条可立即执行的下一步。
2689,旅行,旅行规划师,设计团队,对话脚本,效率,成熟企业,任务编号 P2689。请扮演旅行规划师。围绕“旅行场景089-成熟企业”中的路线、预算、攻略任务，面向设计团队，设计用户调研问题。请用对话脚本输出，并从“效率”角度做重点判断。要求：先给结论再解释；必要时提出澄清问题；最后给出3条可立即执行的下一步。
2690,旅行,旅行规划师,投资人,FAQ,风险,需要降本,任务编号 P2690。请扮演旅行规划师。围绕“旅行场景090-需要降本”中的路线、预算、攻略任务，面向投资人，模拟用户反馈并归纳模式。请用FAQ输出，并从“风险”角度做重点判断。要求：包含失败预案；输出可直接复制使用；最后给出3条可立即执行的下一步。
2691,旅行,旅行规划师,海外用户,演讲稿,增长,流程混乱,任务编号 P2691。请扮演旅行规划师。围绕“旅行场景091-流程混乱”中的路线、预算、攻略任务，面向海外用户，生成故障排查路径。请用演讲稿输出，并从“增长”角度做重点判断。要求：用中文输出；提供简短版本和完整版本；最后给出3条可立即执行的下一步。
2692,旅行,旅行规划师,专家评审,编号清单,短期落地,数据不足,任务编号 P2692。请扮演旅行规划师。围绕“旅行场景092-数据不足”中的路线、预算、攻略任务，面向专家评审，把目标拆成里程碑。请用编号清单输出，并从“短期落地”角度做重点判断。要求：标注假设和不确定性；按影响力排序；最后给出3条可立即执行的下一步。
2693,旅行,旅行规划师,大学生,对话脚本,成本,公开发布,任务编号 P2693。请扮演旅行规划师。围绕“旅行场景093-公开发布”中的路线、预算、攻略任务，面向大学生，提出可复用命名规范。请用对话脚本输出，并从“成本”角度做重点判断。要求：按影响力排序；包含可执行下一步；最后给出3条可立即执行的下一步。
2694,旅行,旅行规划师,管理层,FAQ,可维护性,多方协作,任务编号 P2694。请扮演旅行规划师。围绕“旅行场景094-多方协作”中的路线、预算、攻略任务，面向管理层，创建风险登记册。请用FAQ输出，并从“可维护性”角度做重点判断。要求：必要时提出澄清问题；包含衡量标准；最后给出3条可立即执行的下一步。
2695,旅行,旅行规划师,内容创作者,演讲稿,长期价值,预算有限,任务编号 P2695。请扮演旅行规划师。围绕“旅行场景095-预算有限”中的路线、预算、攻略任务，面向内容创作者，制定一份可执行方案。请用演讲稿输出，并从“长期价值”角度做重点判断。要求：给出至少一个反例；标注假设和不确定性；最后给出3条可立即执行的下一步。
2696,旅行,旅行规划师,销售团队,编号清单,质量,初创团队,任务编号 P2696。请扮演旅行规划师。围绕“旅行场景096-初创团队”中的路线、预算、攻略任务，面向销售团队，列出关键问题并给出优先级。请用编号清单输出，并从“质量”角度做重点判断。要求：按难易度排序；指出最容易忽略的细节；最后给出3条可立即执行的下一步。
2697,旅行,旅行规划师,教师,对话脚本,用户体验,需要扩张,任务编号 P2697。请扮演旅行规划师。围绕“旅行场景097-需要扩张”中的路线、预算、攻略任务，面向教师，生成三种风格完全不同的版本。请用对话脚本输出，并从“用户体验”角度做重点判断。要求：避免虚构事实；避免专业黑话；最后给出3条可立即执行的下一步。
2698,旅行,旅行规划师,本地用户,FAQ,学习曲线,新市场验证,任务编号 P2698。请扮演旅行规划师。围绕“旅行场景098-新市场验证”中的路线、预算、攻略任务，面向本地用户，把复杂内容改写成新手也能懂的说明。请用FAQ输出，并从“学习曲线”角度做重点判断。要求：避免专业黑话；用中文输出；最后给出3条可立即执行的下一步。
2699,旅行,旅行规划师,创始人,演讲稿,效率,竞品压力,任务编号 P2699。请扮演旅行规划师。围绕“旅行场景099-竞品压力”中的路线、预算、攻略任务，面向创始人，设计一个从零到一的工作流。请用演讲稿输出，并从“效率”角度做重点判断。要求：包含衡量标准；兼顾成本和效果；最后给出3条可立即执行的下一步。
2700,旅行,旅行规划师,新手用户,编号清单,风险,准备上线,任务编号 P2700。请扮演旅行规划师。围绕“旅行场景100-准备上线”中的路线、预算、攻略任务，面向新手用户，创建检查清单并标注常见坑。请用编号清单输出，并从“风险”角度做重点判断。要求：提供简短版本和完整版本；避免虚构事实；最后给出3条可立即执行的下一步。
2701,餐饮,餐饮顾问,自由职业者,JSON结构,学习曲线,多方协作,任务编号 P2701。请扮演餐饮顾问。围绕“餐饮场景001-多方协作”中的菜单、运营、评价任务，面向自由职业者，把目标拆成里程碑。请用JSON结构输出，并从“学习曲线”角度做重点判断。要求：兼顾成本和效果；按影响力排序；最后给出3条可立即执行的下一步。
2702,餐饮,餐饮顾问,设计团队,复盘报告,效率,预算有限,任务编号 P2702。请扮演餐饮顾问。围绕“餐饮场景002-预算有限”中的菜单、运营、评价任务，面向设计团队，提出可复用命名规范。请用复盘报告输出，并从“效率”角度做重点判断。要求：指出最容易忽略的细节；包含可执行下一步；最后给出3条可立即执行的下一步。
2703,餐饮,餐饮顾问,投资人,短视频脚本,风险,初创团队,任务编号 P2703。请扮演餐饮顾问。围绕“餐饮场景003-初创团队”中的菜单、运营、评价任务，面向投资人，创建风险登记册。请用短视频脚本输出，并从“风险”角度做重点判断。要求：包含可执行下一步；包含衡量标准；最后给出3条可立即执行的下一步。
2704,餐饮,餐饮顾问,海外用户,Markdown大纲,增长,需要扩张,任务编号 P2704。请扮演餐饮顾问。围绕“餐饮场景004-需要扩张”中的菜单、运营、评价任务，面向海外用户，制定一份可执行方案。请用Markdown大纲输出，并从“增长”角度做重点判断。要求：输出可直接复制使用；标注假设和不确定性；最后给出3条可立即执行的下一步。
2705,餐饮,餐饮顾问,专家评审,JSON结构,短期落地,新市场验证,任务编号 P2705。请扮演餐饮顾问。围绕“餐饮场景005-新市场验证”中的菜单、运营、评价任务，面向专家评审，列出关键问题并给出优先级。请用JSON结构输出，并从“短期落地”角度做重点判断。要求：保持中立客观；指出最容易忽略的细节；最后给出3条可立即执行的下一步。
2706,餐饮,餐饮顾问,大学生,复盘报告,成本,竞品压力,任务编号 P2706。请扮演餐饮顾问。围绕“餐饮场景006-竞品压力”中的菜单、运营、评价任务，面向大学生，生成三种风格完全不同的版本。请用复盘报告输出，并从“成本”角度做重点判断。要求：先给结论再解释；避免专业黑话；最后给出3条可立即执行的下一步。
2707,餐饮,餐饮顾问,管理层,短视频脚本,可维护性,准备上线,任务编号 P2707。请扮演餐饮顾问。围绕“餐饮场景007-准备上线”中的菜单、运营、评价任务，面向管理层，把复杂内容改写成新手也能懂的说明。请用短视频脚本输出，并从“可维护性”角度做重点判断。要求：包含失败预案；用中文输出；最后给出3条可立即执行的下一步。
2708,餐饮,餐饮顾问,内容创作者,Markdown大纲,长期价值,高不确定性,任务编号 P2708。请扮演餐饮顾问。围绕“餐饮场景008-高不确定性”中的菜单、运营、评价任务，面向内容创作者，设计一个从零到一的工作流。请用Markdown大纲输出，并从“长期价值”角度做重点判断。要求：用中文输出；兼顾成本和效果；最后给出3条可立即执行的下一步。
2709,餐饮,餐饮顾问,销售团队,JSON结构,质量,远程协作,任务编号 P2709。请扮演餐饮顾问。围绕“餐饮场景009-远程协作”中的菜单、运营、评价任务，面向销售团队，创建检查清单并标注常见坑。请用JSON结构输出，并从“质量”角度做重点判断。要求：标注假设和不确定性；避免虚构事实；最后给出3条可立即执行的下一步。
2710,餐饮,餐饮顾问,教师,复盘报告,用户体验,个人项目,任务编号 P2710。请扮演餐饮顾问。围绕“餐饮场景010-个人项目”中的菜单、运营、评价任务，面向教师，模拟专家评审并指出改进点。请用复盘报告输出，并从“用户体验”角度做重点判断。要求：按影响力排序；包含失败预案；最后给出3条可立即执行的下一步。
2711,餐饮,餐饮顾问,本地用户,短视频脚本,学习曲线,质量波动,任务编号 P2711。请扮演餐饮顾问。围绕“餐饮场景011-质量波动”中的菜单、运营、评价任务，面向本地用户，根据目标用户重写表达。请用短视频脚本输出，并从“学习曲线”角度做重点判断。要求：必要时提出澄清问题；语言简洁，不说空话；最后给出3条可立即执行的下一步。
2712,餐饮,餐饮顾问,创始人,Markdown大纲,效率,用户流失,任务编号 P2712。请扮演餐饮顾问。围绕“餐饮场景012-用户流失”中的菜单、运营、评价任务，面向创始人，提炼核心洞察并给出行动建议。请用Markdown大纲输出，并从“效率”角度做重点判断。要求：给出至少一个反例；按难易度排序；最后给出3条可立即执行的下一步。
2713,餐饮,餐饮顾问,新手用户,JSON结构,风险,内部培训,任务编号 P2713。请扮演餐饮顾问。围绕“餐饮场景013-内部培训”中的菜单、运营、评价任务，面向新手用户，设计一套可量化指标。请用JSON结构输出，并从“风险”角度做重点判断。要求：按难易度排序；先给结论再解释；最后给出3条可立即执行的下一步。
2714,餐饮,餐饮顾问,一线执行团队,复盘报告,增长,需要复盘,任务编号 P2714。请扮演餐饮顾问。围绕“餐饮场景014-需要复盘”中的菜单、运营、评价任务，面向一线执行团队，把零散想法整理成结构化大纲。请用复盘报告输出，并从“增长”角度做重点判断。要求：避免虚构事实；给出示例输入输出；最后给出3条可立即执行的下一步。
2715,餐饮,餐饮顾问,开发团队,短视频脚本,短期落地,时间紧迫,任务编号 P2715。请扮演餐饮顾问。围绕“餐饮场景015-时间紧迫”中的菜单、运营、评价任务，面向开发团队，生成可直接使用的模板。请用短视频脚本输出，并从“短期落地”角度做重点判断。要求：避免专业黑话；给出至少一个反例；最后给出3条可立即执行的下一步。
2716,餐饮,餐饮顾问,客服团队,Markdown大纲,成本,成熟企业,任务编号 P2716。请扮演餐饮顾问。围绕“餐饮场景016-成熟企业”中的菜单、运营、评价任务，面向客服团队，做一次反向推理找出隐藏风险。请用Markdown大纲输出，并从“成本”角度做重点判断。要求：包含衡量标准；保持中立客观；最后给出3条可立即执行的下一步。
2717,餐饮,餐饮顾问,家长,JSON结构,可维护性,需要降本,任务编号 P2717。请扮演餐饮顾问。围绕“餐饮场景017-需要降本”中的菜单、运营、评价任务，面向家长，给出低成本试验方案。请用JSON结构输出，并从“可维护性”角度做重点判断。要求：提供简短版本和完整版本；适合在一天内开始执行；最后给出3条可立即执行的下一步。
2718,餐饮,餐饮顾问,非技术读者,复盘报告,长期价值,流程混乱,任务编号 P2718。请扮演餐饮顾问。围绕“餐饮场景018-流程混乱”中的菜单、运营、评价任务，面向非技术读者，创建对比表并推荐选择。请用复盘报告输出，并从“长期价值”角度做重点判断。要求：适合在一天内开始执行；必要时提出澄清问题；最后给出3条可立即执行的下一步。
2719,餐饮,餐饮顾问,中小企业主,短视频脚本,质量,数据不足,任务编号 P2719。请扮演餐饮顾问。围绕“餐饮场景019-数据不足”中的菜单、运营、评价任务，面向中小企业主，把长内容压缩成高密度摘要。请用短视频脚本输出，并从“质量”角度做重点判断。要求：给出示例输入输出；输出可直接复制使用；最后给出3条可立即执行的下一步。
2720,餐饮,餐饮顾问,资深从业者,Markdown大纲,用户体验,公开发布,任务编号 P2720。请扮演餐饮顾问。围绕“餐饮场景020-公开发布”中的菜单、运营、评价任务，面向资深从业者，提出10个创新方向并排序。请用Markdown大纲输出，并从“用户体验”角度做重点判断。要求：语言简洁，不说空话；提供简短版本和完整版本；最后给出3条可立即执行的下一步。
2721,餐饮,餐饮顾问,自由职业者,JSON结构,学习曲线,多方协作,任务编号 P2721。请扮演餐饮顾问。围绕“餐饮场景021-多方协作”中的菜单、运营、评价任务，面向自由职业者，设计30天训练计划。请用JSON结构输出，并从“学习曲线”角度做重点判断。要求：兼顾成本和效果；按影响力排序；最后给出3条可立即执行的下一步。
2722,餐饮,餐饮顾问,设计团队,复盘报告,效率,预算有限,任务编号 P2722。请扮演餐饮顾问。围绕“餐饮场景022-预算有限”中的菜单、运营、评价任务，面向设计团队，构建决策树帮助判断下一步。请用复盘报告输出，并从“效率”角度做重点判断。要求：指出最容易忽略的细节；包含可执行下一步；最后给出3条可立即执行的下一步。
2723,餐饮,餐饮顾问,投资人,短视频脚本,风险,初创团队,任务编号 P2723。请扮演餐饮顾问。围绕“餐饮场景023-初创团队”中的菜单、运营、评价任务，面向投资人，生成会议讨论提纲。请用短视频脚本输出，并从“风险”角度做重点判断。要求：包含可执行下一步；包含衡量标准；最后给出3条可立即执行的下一步。
2724,餐饮,餐饮顾问,海外用户,Markdown大纲,增长,需要扩张,任务编号 P2724。请扮演餐饮顾问。围绕“餐饮场景024-需要扩张”中的菜单、运营、评价任务，面向海外用户，写一份面向管理层的简报。请用Markdown大纲输出，并从“增长”角度做重点判断。要求：输出可直接复制使用；标注假设和不确定性；最后给出3条可立即执行的下一步。
2725,餐饮,餐饮顾问,专家评审,JSON结构,短期落地,新市场验证,任务编号 P2725。请扮演餐饮顾问。围绕“餐饮场景025-新市场验证”中的菜单、运营、评价任务，面向专家评审，写一份面向执行者的操作手册。请用JSON结构输出，并从“短期落地”角度做重点判断。要求：保持中立客观；指出最容易忽略的细节；最后给出3条可立即执行的下一步。
2726,餐饮,餐饮顾问,大学生,复盘报告,成本,竞品压力,任务编号 P2726。请扮演餐饮顾问。围绕“餐饮场景026-竞品压力”中的菜单、运营、评价任务，面向大学生，建立评估打分表。请用复盘报告输出，并从“成本”角度做重点判断。要求：先给结论再解释；避免专业黑话；最后给出3条可立即执行的下一步。
2727,餐饮,餐饮顾问,管理层,短视频脚本,可维护性,准备上线,任务编号 P2727。请扮演餐饮顾问。围绕“餐饮场景027-准备上线”中的菜单、运营、评价任务，面向管理层，提出自动化改造思路。请用短视频脚本输出，并从“可维护性”角度做重点判断。要求：包含失败预案；用中文输出；最后给出3条可立即执行的下一步。
2728,餐饮,餐饮顾问,内容创作者,Markdown大纲,长期价值,高不确定性,任务编号 P2728。请扮演餐饮顾问。围绕“餐饮场景028-高不确定性”中的菜单、运营、评价任务，面向内容创作者，设计用户调研问题。请用Markdown大纲输出，并从“长期价值”角度做重点判断。要求：用中文输出；兼顾成本和效果；最后给出3条可立即执行的下一步。
2729,餐饮,餐饮顾问,销售团队,JSON结构,质量,远程协作,任务编号 P2729。请扮演餐饮顾问。围绕“餐饮场景029-远程协作”中的菜单、运营、评价任务，面向销售团队，模拟用户反馈并归纳模式。请用JSON结构输出，并从“质量”角度做重点判断。要求：标注假设和不确定性；避免虚构事实；最后给出3条可立即执行的下一步。
2730,餐饮,餐饮顾问,教师,复盘报告,用户体验,个人项目,任务编号 P2730。请扮演餐饮顾问。围绕“餐饮场景030-个人项目”中的菜单、运营、评价任务，面向教师，生成故障排查路径。请用复盘报告输出，并从“用户体验”角度做重点判断。要求：按影响力排序；包含失败预案；最后给出3条可立即执行的下一步。
2731,餐饮,餐饮顾问,本地用户,短视频脚本,学习曲线,质量波动,任务编号 P2731。请扮演餐饮顾问。围绕“餐饮场景031-质量波动”中的菜单、运营、评价任务，面向本地用户，把目标拆成里程碑。请用短视频脚本输出，并从“学习曲线”角度做重点判断。要求：必要时提出澄清问题；语言简洁，不说空话；最后给出3条可立即执行的下一步。
2732,餐饮,餐饮顾问,创始人,Markdown大纲,效率,用户流失,任务编号 P2732。请扮演餐饮顾问。围绕“餐饮场景032-用户流失”中的菜单、运营、评价任务，面向创始人，提出可复用命名规范。请用Markdown大纲输出，并从“效率”角度做重点判断。要求：给出至少一个反例；按难易度排序；最后给出3条可立即执行的下一步。
2733,餐饮,餐饮顾问,新手用户,JSON结构,风险,内部培训,任务编号 P2733。请扮演餐饮顾问。围绕“餐饮场景033-内部培训”中的菜单、运营、评价任务，面向新手用户，创建风险登记册。请用JSON结构输出，并从“风险”角度做重点判断。要求：按难易度排序；先给结论再解释；最后给出3条可立即执行的下一步。
2734,餐饮,餐饮顾问,一线执行团队,复盘报告,增长,需要复盘,任务编号 P2734。请扮演餐饮顾问。围绕“餐饮场景034-需要复盘”中的菜单、运营、评价任务，面向一线执行团队，制定一份可执行方案。请用复盘报告输出，并从“增长”角度做重点判断。要求：避免虚构事实；给出示例输入输出；最后给出3条可立即执行的下一步。
2735,餐饮,餐饮顾问,开发团队,短视频脚本,短期落地,时间紧迫,任务编号 P2735。请扮演餐饮顾问。围绕“餐饮场景035-时间紧迫”中的菜单、运营、评价任务，面向开发团队，列出关键问题并给出优先级。请用短视频脚本输出，并从“短期落地”角度做重点判断。要求：避免专业黑话；给出至少一个反例；最后给出3条可立即执行的下一步。
2736,餐饮,餐饮顾问,客服团队,Markdown大纲,成本,成熟企业,任务编号 P2736。请扮演餐饮顾问。围绕“餐饮场景036-成熟企业”中的菜单、运营、评价任务，面向客服团队，生成三种风格完全不同的版本。请用Markdown大纲输出，并从“成本”角度做重点判断。要求：包含衡量标准；保持中立客观；最后给出3条可立即执行的下一步。
2737,餐饮,餐饮顾问,家长,JSON结构,可维护性,需要降本,任务编号 P2737。请扮演餐饮顾问。围绕“餐饮场景037-需要降本”中的菜单、运营、评价任务，面向家长，把复杂内容改写成新手也能懂的说明。请用JSON结构输出，并从“可维护性”角度做重点判断。要求：提供简短版本和完整版本；适合在一天内开始执行；最后给出3条可立即执行的下一步。
2738,餐饮,餐饮顾问,非技术读者,复盘报告,长期价值,流程混乱,任务编号 P2738。请扮演餐饮顾问。围绕“餐饮场景038-流程混乱”中的菜单、运营、评价任务，面向非技术读者，设计一个从零到一的工作流。请用复盘报告输出，并从“长期价值”角度做重点判断。要求：适合在一天内开始执行；必要时提出澄清问题；最后给出3条可立即执行的下一步。
2739,餐饮,餐饮顾问,中小企业主,短视频脚本,质量,数据不足,任务编号 P2739。请扮演餐饮顾问。围绕“餐饮场景039-数据不足”中的菜单、运营、评价任务，面向中小企业主，创建检查清单并标注常见坑。请用短视频脚本输出，并从“质量”角度做重点判断。要求：给出示例输入输出；输出可直接复制使用；最后给出3条可立即执行的下一步。
2740,餐饮,餐饮顾问,资深从业者,Markdown大纲,用户体验,公开发布,任务编号 P2740。请扮演餐饮顾问。围绕“餐饮场景040-公开发布”中的菜单、运营、评价任务，面向资深从业者，模拟专家评审并指出改进点。请用Markdown大纲输出，并从“用户体验”角度做重点判断。要求：语言简洁，不说空话；提供简短版本和完整版本；最后给出3条可立即执行的下一步。
2741,餐饮,餐饮顾问,自由职业者,JSON结构,学习曲线,多方协作,任务编号 P2741。请扮演餐饮顾问。围绕“餐饮场景041-多方协作”中的菜单、运营、评价任务，面向自由职业者，根据目标用户重写表达。请用JSON结构输出，并从“学习曲线”角度做重点判断。要求：兼顾成本和效果；按影响力排序；最后给出3条可立即执行的下一步。
2742,餐饮,餐饮顾问,设计团队,复盘报告,效率,预算有限,任务编号 P2742。请扮演餐饮顾问。围绕“餐饮场景042-预算有限”中的菜单、运营、评价任务，面向设计团队，提炼核心洞察并给出行动建议。请用复盘报告输出，并从“效率”角度做重点判断。要求：指出最容易忽略的细节；包含可执行下一步；最后给出3条可立即执行的下一步。
2743,餐饮,餐饮顾问,投资人,短视频脚本,风险,初创团队,任务编号 P2743。请扮演餐饮顾问。围绕“餐饮场景043-初创团队”中的菜单、运营、评价任务，面向投资人，设计一套可量化指标。请用短视频脚本输出，并从“风险”角度做重点判断。要求：包含可执行下一步；包含衡量标准；最后给出3条可立即执行的下一步。
2744,餐饮,餐饮顾问,海外用户,Markdown大纲,增长,需要扩张,任务编号 P2744。请扮演餐饮顾问。围绕“餐饮场景044-需要扩张”中的菜单、运营、评价任务，面向海外用户，把零散想法整理成结构化大纲。请用Markdown大纲输出，并从“增长”角度做重点判断。要求：输出可直接复制使用；标注假设和不确定性；最后给出3条可立即执行的下一步。
2745,餐饮,餐饮顾问,专家评审,JSON结构,短期落地,新市场验证,任务编号 P2745。请扮演餐饮顾问。围绕“餐饮场景045-新市场验证”中的菜单、运营、评价任务，面向专家评审，生成可直接使用的模板。请用JSON结构输出，并从“短期落地”角度做重点判断。要求：保持中立客观；指出最容易忽略的细节；最后给出3条可立即执行的下一步。
2746,餐饮,餐饮顾问,大学生,复盘报告,成本,竞品压力,任务编号 P2746。请扮演餐饮顾问。围绕“餐饮场景046-竞品压力”中的菜单、运营、评价任务，面向大学生，做一次反向推理找出隐藏风险。请用复盘报告输出，并从“成本”角度做重点判断。要求：先给结论再解释；避免专业黑话；最后给出3条可立即执行的下一步。
2747,餐饮,餐饮顾问,管理层,短视频脚本,可维护性,准备上线,任务编号 P2747。请扮演餐饮顾问。围绕“餐饮场景047-准备上线”中的菜单、运营、评价任务，面向管理层，给出低成本试验方案。请用短视频脚本输出，并从“可维护性”角度做重点判断。要求：包含失败预案；用中文输出；最后给出3条可立即执行的下一步。
2748,餐饮,餐饮顾问,内容创作者,Markdown大纲,长期价值,高不确定性,任务编号 P2748。请扮演餐饮顾问。围绕“餐饮场景048-高不确定性”中的菜单、运营、评价任务，面向内容创作者，创建对比表并推荐选择。请用Markdown大纲输出，并从“长期价值”角度做重点判断。要求：用中文输出；兼顾成本和效果；最后给出3条可立即执行的下一步。
2749,餐饮,餐饮顾问,销售团队,JSON结构,质量,远程协作,任务编号 P2749。请扮演餐饮顾问。围绕“餐饮场景049-远程协作”中的菜单、运营、评价任务，面向销售团队，把长内容压缩成高密度摘要。请用JSON结构输出，并从“质量”角度做重点判断。要求：标注假设和不确定性；避免虚构事实；最后给出3条可立即执行的下一步。
2750,餐饮,餐饮顾问,教师,复盘报告,用户体验,个人项目,任务编号 P2750。请扮演餐饮顾问。围绕“餐饮场景050-个人项目”中的菜单、运营、评价任务，面向教师，提出10个创新方向并排序。请用复盘报告输出，并从“用户体验”角度做重点判断。要求：按影响力排序；包含失败预案；最后给出3条可立即执行的下一步。
2751,餐饮,餐饮顾问,本地用户,短视频脚本,学习曲线,质量波动,任务编号 P2751。请扮演餐饮顾问。围绕“餐饮场景051-质量波动”中的菜单、运营、评价任务，面向本地用户，设计30天训练计划。请用短视频脚本输出，并从“学习曲线”角度做重点判断。要求：必要时提出澄清问题；语言简洁，不说空话；最后给出3条可立即执行的下一步。
2752,餐饮,餐饮顾问,创始人,Markdown大纲,效率,用户流失,任务编号 P2752。请扮演餐饮顾问。围绕“餐饮场景052-用户流失”中的菜单、运营、评价任务，面向创始人，构建决策树帮助判断下一步。请用Markdown大纲输出，并从“效率”角度做重点判断。要求：给出至少一个反例；按难易度排序；最后给出3条可立即执行的下一步。
2753,餐饮,餐饮顾问,新手用户,JSON结构,风险,内部培训,任务编号 P2753。请扮演餐饮顾问。围绕“餐饮场景053-内部培训”中的菜单、运营、评价任务，面向新手用户，生成会议讨论提纲。请用JSON结构输出，并从“风险”角度做重点判断。要求：按难易度排序；先给结论再解释；最后给出3条可立即执行的下一步。
2754,餐饮,餐饮顾问,一线执行团队,复盘报告,增长,需要复盘,任务编号 P2754。请扮演餐饮顾问。围绕“餐饮场景054-需要复盘”中的菜单、运营、评价任务，面向一线执行团队，写一份面向管理层的简报。请用复盘报告输出，并从“增长”角度做重点判断。要求：避免虚构事实；给出示例输入输出；最后给出3条可立即执行的下一步。
2755,餐饮,餐饮顾问,开发团队,短视频脚本,短期落地,时间紧迫,任务编号 P2755。请扮演餐饮顾问。围绕“餐饮场景055-时间紧迫”中的菜单、运营、评价任务，面向开发团队，写一份面向执行者的操作手册。请用短视频脚本输出，并从“短期落地”角度做重点判断。要求：避免专业黑话；给出至少一个反例；最后给出3条可立即执行的下一步。
2756,餐饮,餐饮顾问,客服团队,Markdown大纲,成本,成熟企业,任务编号 P2756。请扮演餐饮顾问。围绕“餐饮场景056-成熟企业”中的菜单、运营、评价任务，面向客服团队，建立评估打分表。请用Markdown大纲输出，并从“成本”角度做重点判断。要求：包含衡量标准；保持中立客观；最后给出3条可立即执行的下一步。
2757,餐饮,餐饮顾问,家长,JSON结构,可维护性,需要降本,任务编号 P2757。请扮演餐饮顾问。围绕“餐饮场景057-需要降本”中的菜单、运营、评价任务，面向家长，提出自动化改造思路。请用JSON结构输出，并从“可维护性”角度做重点判断。要求：提供简短版本和完整版本；适合在一天内开始执行；最后给出3条可立即执行的下一步。
2758,餐饮,餐饮顾问,非技术读者,复盘报告,长期价值,流程混乱,任务编号 P2758。请扮演餐饮顾问。围绕“餐饮场景058-流程混乱”中的菜单、运营、评价任务，面向非技术读者，设计用户调研问题。请用复盘报告输出，并从“长期价值”角度做重点判断。要求：适合在一天内开始执行；必要时提出澄清问题；最后给出3条可立即执行的下一步。
2759,餐饮,餐饮顾问,中小企业主,短视频脚本,质量,数据不足,任务编号 P2759。请扮演餐饮顾问。围绕“餐饮场景059-数据不足”中的菜单、运营、评价任务，面向中小企业主，模拟用户反馈并归纳模式。请用短视频脚本输出，并从“质量”角度做重点判断。要求：给出示例输入输出；输出可直接复制使用；最后给出3条可立即执行的下一步。
2760,餐饮,餐饮顾问,资深从业者,Markdown大纲,用户体验,公开发布,任务编号 P2760。请扮演餐饮顾问。围绕“餐饮场景060-公开发布”中的菜单、运营、评价任务，面向资深从业者，生成故障排查路径。请用Markdown大纲输出，并从“用户体验”角度做重点判断。要求：语言简洁，不说空话；提供简短版本和完整版本；最后给出3条可立即执行的下一步。
2761,餐饮,餐饮顾问,自由职业者,JSON结构,学习曲线,多方协作,任务编号 P2761。请扮演餐饮顾问。围绕“餐饮场景061-多方协作”中的菜单、运营、评价任务，面向自由职业者，把目标拆成里程碑。请用JSON结构输出，并从“学习曲线”角度做重点判断。要求：兼顾成本和效果；按影响力排序；最后给出3条可立即执行的下一步。
2762,餐饮,餐饮顾问,设计团队,复盘报告,效率,预算有限,任务编号 P2762。请扮演餐饮顾问。围绕“餐饮场景062-预算有限”中的菜单、运营、评价任务，面向设计团队，提出可复用命名规范。请用复盘报告输出，并从“效率”角度做重点判断。要求：指出最容易忽略的细节；包含可执行下一步；最后给出3条可立即执行的下一步。
2763,餐饮,餐饮顾问,投资人,短视频脚本,风险,初创团队,任务编号 P2763。请扮演餐饮顾问。围绕“餐饮场景063-初创团队”中的菜单、运营、评价任务，面向投资人，创建风险登记册。请用短视频脚本输出，并从“风险”角度做重点判断。要求：包含可执行下一步；包含衡量标准；最后给出3条可立即执行的下一步。
2764,餐饮,餐饮顾问,海外用户,Markdown大纲,增长,需要扩张,任务编号 P2764。请扮演餐饮顾问。围绕“餐饮场景064-需要扩张”中的菜单、运营、评价任务，面向海外用户，制定一份可执行方案。请用Markdown大纲输出，并从“增长”角度做重点判断。要求：输出可直接复制使用；标注假设和不确定性；最后给出3条可立即执行的下一步。
2765,餐饮,餐饮顾问,专家评审,JSON结构,短期落地,新市场验证,任务编号 P2765。请扮演餐饮顾问。围绕“餐饮场景065-新市场验证”中的菜单、运营、评价任务，面向专家评审，列出关键问题并给出优先级。请用JSON结构输出，并从“短期落地”角度做重点判断。要求：保持中立客观；指出最容易忽略的细节；最后给出3条可立即执行的下一步。
2766,餐饮,餐饮顾问,大学生,复盘报告,成本,竞品压力,任务编号 P2766。请扮演餐饮顾问。围绕“餐饮场景066-竞品压力”中的菜单、运营、评价任务，面向大学生，生成三种风格完全不同的版本。请用复盘报告输出，并从“成本”角度做重点判断。要求：先给结论再解释；避免专业黑话；最后给出3条可立即执行的下一步。
2767,餐饮,餐饮顾问,管理层,短视频脚本,可维护性,准备上线,任务编号 P2767。请扮演餐饮顾问。围绕“餐饮场景067-准备上线”中的菜单、运营、评价任务，面向管理层，把复杂内容改写成新手也能懂的说明。请用短视频脚本输出，并从“可维护性”角度做重点判断。要求：包含失败预案；用中文输出；最后给出3条可立即执行的下一步。
2768,餐饮,餐饮顾问,内容创作者,Markdown大纲,长期价值,高不确定性,任务编号 P2768。请扮演餐饮顾问。围绕“餐饮场景068-高不确定性”中的菜单、运营、评价任务，面向内容创作者，设计一个从零到一的工作流。请用Markdown大纲输出，并从“长期价值”角度做重点判断。要求：用中文输出；兼顾成本和效果；最后给出3条可立即执行的下一步。
2769,餐饮,餐饮顾问,销售团队,JSON结构,质量,远程协作,任务编号 P2769。请扮演餐饮顾问。围绕“餐饮场景069-远程协作”中的菜单、运营、评价任务，面向销售团队，创建检查清单并标注常见坑。请用JSON结构输出，并从“质量”角度做重点判断。要求：标注假设和不确定性；避免虚构事实；最后给出3条可立即执行的下一步。
2770,餐饮,餐饮顾问,教师,复盘报告,用户体验,个人项目,任务编号 P2770。请扮演餐饮顾问。围绕“餐饮场景070-个人项目”中的菜单、运营、评价任务，面向教师，模拟专家评审并指出改进点。请用复盘报告输出，并从“用户体验”角度做重点判断。要求：按影响力排序；包含失败预案；最后给出3条可立即执行的下一步。
2771,餐饮,餐饮顾问,本地用户,短视频脚本,学习曲线,质量波动,任务编号 P2771。请扮演餐饮顾问。围绕“餐饮场景071-质量波动”中的菜单、运营、评价任务，面向本地用户，根据目标用户重写表达。请用短视频脚本输出，并从“学习曲线”角度做重点判断。要求：必要时提出澄清问题；语言简洁，不说空话；最后给出3条可立即执行的下一步。
2772,餐饮,餐饮顾问,创始人,Markdown大纲,效率,用户流失,任务编号 P2772。请扮演餐饮顾问。围绕“餐饮场景072-用户流失”中的菜单、运营、评价任务，面向创始人，提炼核心洞察并给出行动建议。请用Markdown大纲输出，并从“效率”角度做重点判断。要求：给出至少一个反例；按难易度排序；最后给出3条可立即执行的下一步。
2773,餐饮,餐饮顾问,新手用户,JSON结构,风险,内部培训,任务编号 P2773。请扮演餐饮顾问。围绕“餐饮场景073-内部培训”中的菜单、运营、评价任务，面向新手用户，设计一套可量化指标。请用JSON结构输出，并从“风险”角度做重点判断。要求：按难易度排序；先给结论再解释；最后给出3条可立即执行的下一步。
2774,餐饮,餐饮顾问,一线执行团队,复盘报告,增长,需要复盘,任务编号 P2774。请扮演餐饮顾问。围绕“餐饮场景074-需要复盘”中的菜单、运营、评价任务，面向一线执行团队，把零散想法整理成结构化大纲。请用复盘报告输出，并从“增长”角度做重点判断。要求：避免虚构事实；给出示例输入输出；最后给出3条可立即执行的下一步。
2775,餐饮,餐饮顾问,开发团队,短视频脚本,短期落地,时间紧迫,任务编号 P2775。请扮演餐饮顾问。围绕“餐饮场景075-时间紧迫”中的菜单、运营、评价任务，面向开发团队，生成可直接使用的模板。请用短视频脚本输出，并从“短期落地”角度做重点判断。要求：避免专业黑话；给出至少一个反例；最后给出3条可立即执行的下一步。
2776,餐饮,餐饮顾问,客服团队,Markdown大纲,成本,成熟企业,任务编号 P2776。请扮演餐饮顾问。围绕“餐饮场景076-成熟企业”中的菜单、运营、评价任务，面向客服团队，做一次反向推理找出隐藏风险。请用Markdown大纲输出，并从“成本”角度做重点判断。要求：包含衡量标准；保持中立客观；最后给出3条可立即执行的下一步。
2777,餐饮,餐饮顾问,家长,JSON结构,可维护性,需要降本,任务编号 P2777。请扮演餐饮顾问。围绕“餐饮场景077-需要降本”中的菜单、运营、评价任务，面向家长，给出低成本试验方案。请用JSON结构输出，并从“可维护性”角度做重点判断。要求：提供简短版本和完整版本；适合在一天内开始执行；最后给出3条可立即执行的下一步。
2778,餐饮,餐饮顾问,非技术读者,复盘报告,长期价值,流程混乱,任务编号 P2778。请扮演餐饮顾问。围绕“餐饮场景078-流程混乱”中的菜单、运营、评价任务，面向非技术读者，创建对比表并推荐选择。请用复盘报告输出，并从“长期价值”角度做重点判断。要求：适合在一天内开始执行；必要时提出澄清问题；最后给出3条可立即执行的下一步。
2779,餐饮,餐饮顾问,中小企业主,短视频脚本,质量,数据不足,任务编号 P2779。请扮演餐饮顾问。围绕“餐饮场景079-数据不足”中的菜单、运营、评价任务，面向中小企业主，把长内容压缩成高密度摘要。请用短视频脚本输出，并从“质量”角度做重点判断。要求：给出示例输入输出；输出可直接复制使用；最后给出3条可立即执行的下一步。
2780,餐饮,餐饮顾问,资深从业者,Markdown大纲,用户体验,公开发布,任务编号 P2780。请扮演餐饮顾问。围绕“餐饮场景080-公开发布”中的菜单、运营、评价任务，面向资深从业者，提出10个创新方向并排序。请用Markdown大纲输出，并从“用户体验”角度做重点判断。要求：语言简洁，不说空话；提供简短版本和完整版本；最后给出3条可立即执行的下一步。
2781,餐饮,餐饮顾问,自由职业者,JSON结构,学习曲线,多方协作,任务编号 P2781。请扮演餐饮顾问。围绕“餐饮场景081-多方协作”中的菜单、运营、评价任务，面向自由职业者，设计30天训练计划。请用JSON结构输出，并从“学习曲线”角度做重点判断。要求：兼顾成本和效果；按影响力排序；最后给出3条可立即执行的下一步。
2782,餐饮,餐饮顾问,设计团队,复盘报告,效率,预算有限,任务编号 P2782。请扮演餐饮顾问。围绕“餐饮场景082-预算有限”中的菜单、运营、评价任务，面向设计团队，构建决策树帮助判断下一步。请用复盘报告输出，并从“效率”角度做重点判断。要求：指出最容易忽略的细节；包含可执行下一步；最后给出3条可立即执行的下一步。
2783,餐饮,餐饮顾问,投资人,短视频脚本,风险,初创团队,任务编号 P2783。请扮演餐饮顾问。围绕“餐饮场景083-初创团队”中的菜单、运营、评价任务，面向投资人，生成会议讨论提纲。请用短视频脚本输出，并从“风险”角度做重点判断。要求：包含可执行下一步；包含衡量标准；最后给出3条可立即执行的下一步。
2784,餐饮,餐饮顾问,海外用户,Markdown大纲,增长,需要扩张,任务编号 P2784。请扮演餐饮顾问。围绕“餐饮场景084-需要扩张”中的菜单、运营、评价任务，面向海外用户，写一份面向管理层的简报。请用Markdown大纲输出，并从“增长”角度做重点判断。要求：输出可直接复制使用；标注假设和不确定性；最后给出3条可立即执行的下一步。
2785,餐饮,餐饮顾问,专家评审,JSON结构,短期落地,新市场验证,任务编号 P2785。请扮演餐饮顾问。围绕“餐饮场景085-新市场验证”中的菜单、运营、评价任务，面向专家评审，写一份面向执行者的操作手册。请用JSON结构输出，并从“短期落地”角度做重点判断。要求：保持中立客观；指出最容易忽略的细节；最后给出3条可立即执行的下一步。
2786,餐饮,餐饮顾问,大学生,复盘报告,成本,竞品压力,任务编号 P2786。请扮演餐饮顾问。围绕“餐饮场景086-竞品压力”中的菜单、运营、评价任务，面向大学生，建立评估打分表。请用复盘报告输出，并从“成本”角度做重点判断。要求：先给结论再解释；避免专业黑话；最后给出3条可立即执行的下一步。
2787,餐饮,餐饮顾问,管理层,短视频脚本,可维护性,准备上线,任务编号 P2787。请扮演餐饮顾问。围绕“餐饮场景087-准备上线”中的菜单、运营、评价任务，面向管理层，提出自动化改造思路。请用短视频脚本输出，并从“可维护性”角度做重点判断。要求：包含失败预案；用中文输出；最后给出3条可立即执行的下一步。
2788,餐饮,餐饮顾问,内容创作者,Markdown大纲,长期价值,高不确定性,任务编号 P2788。请扮演餐饮顾问。围绕“餐饮场景088-高不确定性”中的菜单、运营、评价任务，面向内容创作者，设计用户调研问题。请用Markdown大纲输出，并从“长期价值”角度做重点判断。要求：用中文输出；兼顾成本和效果；最后给出3条可立即执行的下一步。
2789,餐饮,餐饮顾问,销售团队,JSON结构,质量,远程协作,任务编号 P2789。请扮演餐饮顾问。围绕“餐饮场景089-远程协作”中的菜单、运营、评价任务，面向销售团队，模拟用户反馈并归纳模式。请用JSON结构输出，并从“质量”角度做重点判断。要求：标注假设和不确定性；避免虚构事实；最后给出3条可立即执行的下一步。
2790,餐饮,餐饮顾问,教师,复盘报告,用户体验,个人项目,任务编号 P2790。请扮演餐饮顾问。围绕“餐饮场景090-个人项目”中的菜单、运营、评价任务，面向教师，生成故障排查路径。请用复盘报告输出，并从“用户体验”角度做重点判断。要求：按影响力排序；包含失败预案；最后给出3条可立即执行的下一步。
2791,餐饮,餐饮顾问,本地用户,短视频脚本,学习曲线,质量波动,任务编号 P2791。请扮演餐饮顾问。围绕“餐饮场景091-质量波动”中的菜单、运营、评价任务，面向本地用户，把目标拆成里程碑。请用短视频脚本输出，并从“学习曲线”角度做重点判断。要求：必要时提出澄清问题；语言简洁，不说空话；最后给出3条可立即执行的下一步。
2792,餐饮,餐饮顾问,创始人,Markdown大纲,效率,用户流失,任务编号 P2792。请扮演餐饮顾问。围绕“餐饮场景092-用户流失”中的菜单、运营、评价任务，面向创始人，提出可复用命名规范。请用Markdown大纲输出，并从“效率”角度做重点判断。要求：给出至少一个反例；按难易度排序；最后给出3条可立即执行的下一步。
2793,餐饮,餐饮顾问,新手用户,JSON结构,风险,内部培训,任务编号 P2793。请扮演餐饮顾问。围绕“餐饮场景093-内部培训”中的菜单、运营、评价任务，面向新手用户，创建风险登记册。请用JSON结构输出，并从“风险”角度做重点判断。要求：按难易度排序；先给结论再解释；最后给出3条可立即执行的下一步。
2794,餐饮,餐饮顾问,一线执行团队,复盘报告,增长,需要复盘,任务编号 P2794。请扮演餐饮顾问。围绕“餐饮场景094-需要复盘”中的菜单、运营、评价任务，面向一线执行团队，制定一份可执行方案。请用复盘报告输出，并从“增长”角度做重点判断。要求：避免虚构事实；给出示例输入输出；最后给出3条可立即执行的下一步。
2795,餐饮,餐饮顾问,开发团队,短视频脚本,短期落地,时间紧迫,任务编号 P2795。请扮演餐饮顾问。围绕“餐饮场景095-时间紧迫”中的菜单、运营、评价任务，面向开发团队，列出关键问题并给出优先级。请用短视频脚本输出，并从“短期落地”角度做重点判断。要求：避免专业黑话；给出至少一个反例；最后给出3条可立即执行的下一步。
2796,餐饮,餐饮顾问,客服团队,Markdown大纲,成本,成熟企业,任务编号 P2796。请扮演餐饮顾问。围绕“餐饮场景096-成熟企业”中的菜单、运营、评价任务，面向客服团队，生成三种风格完全不同的版本。请用Markdown大纲输出，并从“成本”角度做重点判断。要求：包含衡量标准；保持中立客观；最后给出3条可立即执行的下一步。
2797,餐饮,餐饮顾问,家长,JSON结构,可维护性,需要降本,任务编号 P2797。请扮演餐饮顾问。围绕“餐饮场景097-需要降本”中的菜单、运营、评价任务，面向家长，把复杂内容改写成新手也能懂的说明。请用JSON结构输出，并从“可维护性”角度做重点判断。要求：提供简短版本和完整版本；适合在一天内开始执行；最后给出3条可立即执行的下一步。
2798,餐饮,餐饮顾问,非技术读者,复盘报告,长期价值,流程混乱,任务编号 P2798。请扮演餐饮顾问。围绕“餐饮场景098-流程混乱”中的菜单、运营、评价任务，面向非技术读者，设计一个从零到一的工作流。请用复盘报告输出，并从“长期价值”角度做重点判断。要求：适合在一天内开始执行；必要时提出澄清问题；最后给出3条可立即执行的下一步。
2799,餐饮,餐饮顾问,中小企业主,短视频脚本,质量,数据不足,任务编号 P2799。请扮演餐饮顾问。围绕“餐饮场景099-数据不足”中的菜单、运营、评价任务，面向中小企业主，创建检查清单并标注常见坑。请用短视频脚本输出，并从“质量”角度做重点判断。要求：给出示例输入输出；输出可直接复制使用；最后给出3条可立即执行的下一步。
2800,餐饮,餐饮顾问,资深从业者,Markdown大纲,用户体验,公开发布,任务编号 P2800。请扮演餐饮顾问。围绕“餐饮场景100-公开发布”中的菜单、运营、评价任务，面向资深从业者，模拟专家评审并指出改进点。请用Markdown大纲输出，并从“用户体验”角度做重点判断。要求：语言简洁，不说空话；提供简短版本和完整版本；最后给出3条可立即执行的下一步。
2801,房地产,房产分析师,内容创作者,看板任务,长期价值,需要复盘,任务编号 P2801。请扮演房产分析师。围绕“房地产场景001-需要复盘”中的选址、租售、投资任务，面向内容创作者，提出可复用命名规范。请用看板任务输出，并从“长期价值”角度做重点判断。要求：输出可直接复制使用；按难易度排序；最后给出3条可立即执行的下一步。
2802,房地产,房产分析师,销售团队,实验计划,质量,时间紧迫,任务编号 P2802。请扮演房产分析师。围绕“房地产场景002-时间紧迫”中的选址、租售、投资任务，面向销售团队，创建风险登记册。请用实验计划输出，并从“质量”角度做重点判断。要求：保持中立客观；先给结论再解释；最后给出3条可立即执行的下一步。
2803,房地产,房产分析师,教师,检查清单,用户体验,成熟企业,任务编号 P2803。请扮演房产分析师。围绕“房地产场景003-成熟企业”中的选址、租售、投资任务，面向教师，制定一份可执行方案。请用检查清单输出，并从“用户体验”角度做重点判断。要求：先给结论再解释；给出示例输入输出；最后给出3条可立即执行的下一步。
2804,房地产,房产分析师,本地用户,SOP步骤,学习曲线,需要降本,任务编号 P2804。请扮演房产分析师。围绕“房地产场景004-需要降本”中的选址、租售、投资任务，面向本地用户，列出关键问题并给出优先级。请用SOP步骤输出，并从“学习曲线”角度做重点判断。要求：包含失败预案；给出至少一个反例；最后给出3条可立即执行的下一步。
2805,房地产,房产分析师,创始人,看板任务,效率,流程混乱,任务编号 P2805。请扮演房产分析师。围绕“房地产场景005-流程混乱”中的选址、租售、投资任务，面向创始人，生成三种风格完全不同的版本。请用看板任务输出，并从“效率”角度做重点判断。要求：用中文输出；保持中立客观；最后给出3条可立即执行的下一步。
2806,房地产,房产分析师,新手用户,实验计划,风险,数据不足,任务编号 P2806。请扮演房产分析师。围绕“房地产场景006-数据不足”中的选址、租售、投资任务，面向新手用户，把复杂内容改写成新手也能懂的说明。请用实验计划输出，并从“风险”角度做重点判断。要求：标注假设和不确定性；适合在一天内开始执行；最后给出3条可立即执行的下一步。
2807,房地产,房产分析师,一线执行团队,检查清单,增长,公开发布,任务编号 P2807。请扮演房产分析师。围绕“房地产场景007-公开发布”中的选址、租售、投资任务，面向一线执行团队，设计一个从零到一的工作流。请用检查清单输出，并从“增长”角度做重点判断。要求：按影响力排序；必要时提出澄清问题；最后给出3条可立即执行的下一步。
2808,房地产,房产分析师,开发团队,SOP步骤,短期落地,多方协作,任务编号 P2808。请扮演房产分析师。围绕“房地产场景008-多方协作”中的选址、租售、投资任务，面向开发团队，创建检查清单并标注常见坑。请用SOP步骤输出，并从“短期落地”角度做重点判断。要求：必要时提出澄清问题；输出可直接复制使用；最后给出3条可立即执行的下一步。
2809,房地产,房产分析师,客服团队,看板任务,成本,预算有限,任务编号 P2809。请扮演房产分析师。围绕“房地产场景009-预算有限”中的选址、租售、投资任务，面向客服团队，模拟专家评审并指出改进点。请用看板任务输出，并从“成本”角度做重点判断。要求：给出至少一个反例；提供简短版本和完整版本；最后给出3条可立即执行的下一步。
2810,房地产,房产分析师,家长,实验计划,可维护性,初创团队,任务编号 P2810。请扮演房产分析师。围绕“房地产场景010-初创团队”中的选址、租售、投资任务，面向家长，根据目标用户重写表达。请用实验计划输出，并从“可维护性”角度做重点判断。要求：按难易度排序；按影响力排序；最后给出3条可立即执行的下一步。
2811,房地产,房产分析师,非技术读者,检查清单,长期价值,需要扩张,任务编号 P2811。请扮演房产分析师。围绕“房地产场景011-需要扩张”中的选址、租售、投资任务，面向非技术读者，提炼核心洞察并给出行动建议。请用检查清单输出，并从“长期价值”角度做重点判断。要求：避免虚构事实；包含可执行下一步；最后给出3条可立即执行的下一步。
2812,房地产,房产分析师,中小企业主,SOP步骤,质量,新市场验证,任务编号 P2812。请扮演房产分析师。围绕“房地产场景012-新市场验证”中的选址、租售、投资任务，面向中小企业主，设计一套可量化指标。请用SOP步骤输出，并从“质量”角度做重点判断。要求：避免专业黑话；包含衡量标准；最后给出3条可立即执行的下一步。
2813,房地产,房产分析师,资深从业者,看板任务,用户体验,竞品压力,任务编号 P2813。请扮演房产分析师。围绕“房地产场景013-竞品压力”中的选址、租售、投资任务，面向资深从业者，把零散想法整理成结构化大纲。请用看板任务输出，并从“用户体验”角度做重点判断。要求：包含衡量标准；标注假设和不确定性；最后给出3条可立即执行的下一步。
2814,房地产,房产分析师,自由职业者,实验计划,学习曲线,准备上线,任务编号 P2814。请扮演房产分析师。围绕“房地产场景014-准备上线”中的选址、租售、投资任务，面向自由职业者，生成可直接使用的模板。请用实验计划输出，并从“学习曲线”角度做重点判断。要求：提供简短版本和完整版本；指出最容易忽略的细节；最后给出3条可立即执行的下一步。
2815,房地产,房产分析师,设计团队,检查清单,效率,高不确定性,任务编号 P2815。请扮演房产分析师。围绕“房地产场景015-高不确定性”中的选址、租售、投资任务，面向设计团队，做一次反向推理找出隐藏风险。请用检查清单输出，并从“效率”角度做重点判断。要求：适合在一天内开始执行；避免专业黑话；最后给出3条可立即执行的下一步。
2816,房地产,房产分析师,投资人,SOP步骤,风险,远程协作,任务编号 P2816。请扮演房产分析师。围绕“房地产场景016-远程协作”中的选址、租售、投资任务，面向投资人，给出低成本试验方案。请用SOP步骤输出，并从“风险”角度做重点判断。要求：给出示例输入输出；用中文输出；最后给出3条可立即执行的下一步。
2817,房地产,房产分析师,海外用户,看板任务,增长,个人项目,任务编号 P2817。请扮演房产分析师。围绕“房地产场景017-个人项目”中的选址、租售、投资任务，面向海外用户，创建对比表并推荐选择。请用看板任务输出，并从“增长”角度做重点判断。要求：语言简洁，不说空话；兼顾成本和效果；最后给出3条可立即执行的下一步。
2818,房地产,房产分析师,专家评审,实验计划,短期落地,质量波动,任务编号 P2818。请扮演房产分析师。围绕“房地产场景018-质量波动”中的选址、租售、投资任务，面向专家评审，把长内容压缩成高密度摘要。请用实验计划输出，并从“短期落地”角度做重点判断。要求：兼顾成本和效果；避免虚构事实；最后给出3条可立即执行的下一步。
2819,房地产,房产分析师,大学生,检查清单,成本,用户流失,任务编号 P2819。请扮演房产分析师。围绕“房地产场景019-用户流失”中的选址、租售、投资任务，面向大学生，提出10个创新方向并排序。请用检查清单输出，并从“成本”角度做重点判断。要求：指出最容易忽略的细节；包含失败预案；最后给出3条可立即执行的下一步。
2820,房地产,房产分析师,管理层,SOP步骤,可维护性,内部培训,任务编号 P2820。请扮演房产分析师。围绕“房地产场景020-内部培训”中的选址、租售、投资任务，面向管理层，设计30天训练计划。请用SOP步骤输出，并从“可维护性”角度做重点判断。要求：包含可执行下一步；语言简洁，不说空话；最后给出3条可立即执行的下一步。
2821,房地产,房产分析师,内容创作者,看板任务,长期价值,需要复盘,任务编号 P2821。请扮演房产分析师。围绕“房地产场景021-需要复盘”中的选址、租售、投资任务，面向内容创作者，构建决策树帮助判断下一步。请用看板任务输出，并从“长期价值”角度做重点判断。要求：输出可直接复制使用；按难易度排序；最后给出3条可立即执行的下一步。
2822,房地产,房产分析师,销售团队,实验计划,质量,时间紧迫,任务编号 P2822。请扮演房产分析师。围绕“房地产场景022-时间紧迫”中的选址、租售、投资任务，面向销售团队，生成会议讨论提纲。请用实验计划输出，并从“质量”角度做重点判断。要求：保持中立客观；先给结论再解释；最后给出3条可立即执行的下一步。
2823,房地产,房产分析师,教师,检查清单,用户体验,成熟企业,任务编号 P2823。请扮演房产分析师。围绕“房地产场景023-成熟企业”中的选址、租售、投资任务，面向教师，写一份面向管理层的简报。请用检查清单输出，并从“用户体验”角度做重点判断。要求：先给结论再解释；给出示例输入输出；最后给出3条可立即执行的下一步。
2824,房地产,房产分析师,本地用户,SOP步骤,学习曲线,需要降本,任务编号 P2824。请扮演房产分析师。围绕“房地产场景024-需要降本”中的选址、租售、投资任务，面向本地用户，写一份面向执行者的操作手册。请用SOP步骤输出，并从“学习曲线”角度做重点判断。要求：包含失败预案；给出至少一个反例；最后给出3条可立即执行的下一步。
2825,房地产,房产分析师,创始人,看板任务,效率,流程混乱,任务编号 P2825。请扮演房产分析师。围绕“房地产场景025-流程混乱”中的选址、租售、投资任务，面向创始人，建立评估打分表。请用看板任务输出，并从“效率”角度做重点判断。要求：用中文输出；保持中立客观；最后给出3条可立即执行的下一步。
2826,房地产,房产分析师,新手用户,实验计划,风险,数据不足,任务编号 P2826。请扮演房产分析师。围绕“房地产场景026-数据不足”中的选址、租售、投资任务，面向新手用户，提出自动化改造思路。请用实验计划输出，并从“风险”角度做重点判断。要求：标注假设和不确定性；适合在一天内开始执行；最后给出3条可立即执行的下一步。
2827,房地产,房产分析师,一线执行团队,检查清单,增长,公开发布,任务编号 P2827。请扮演房产分析师。围绕“房地产场景027-公开发布”中的选址、租售、投资任务，面向一线执行团队，设计用户调研问题。请用检查清单输出，并从“增长”角度做重点判断。要求：按影响力排序；必要时提出澄清问题；最后给出3条可立即执行的下一步。
2828,房地产,房产分析师,开发团队,SOP步骤,短期落地,多方协作,任务编号 P2828。请扮演房产分析师。围绕“房地产场景028-多方协作”中的选址、租售、投资任务，面向开发团队，模拟用户反馈并归纳模式。请用SOP步骤输出，并从“短期落地”角度做重点判断。要求：必要时提出澄清问题；输出可直接复制使用；最后给出3条可立即执行的下一步。
2829,房地产,房产分析师,客服团队,看板任务,成本,预算有限,任务编号 P2829。请扮演房产分析师。围绕“房地产场景029-预算有限”中的选址、租售、投资任务，面向客服团队，生成故障排查路径。请用看板任务输出，并从“成本”角度做重点判断。要求：给出至少一个反例；提供简短版本和完整版本；最后给出3条可立即执行的下一步。
2830,房地产,房产分析师,家长,实验计划,可维护性,初创团队,任务编号 P2830。请扮演房产分析师。围绕“房地产场景030-初创团队”中的选址、租售、投资任务，面向家长，把目标拆成里程碑。请用实验计划输出，并从“可维护性”角度做重点判断。要求：按难易度排序；按影响力排序；最后给出3条可立即执行的下一步。
2831,房地产,房产分析师,非技术读者,检查清单,长期价值,需要扩张,任务编号 P2831。请扮演房产分析师。围绕“房地产场景031-需要扩张”中的选址、租售、投资任务，面向非技术读者，提出可复用命名规范。请用检查清单输出，并从“长期价值”角度做重点判断。要求：避免虚构事实；包含可执行下一步；最后给出3条可立即执行的下一步。
2832,房地产,房产分析师,中小企业主,SOP步骤,质量,新市场验证,任务编号 P2832。请扮演房产分析师。围绕“房地产场景032-新市场验证”中的选址、租售、投资任务，面向中小企业主，创建风险登记册。请用SOP步骤输出，并从“质量”角度做重点判断。要求：避免专业黑话；包含衡量标准；最后给出3条可立即执行的下一步。
2833,房地产,房产分析师,资深从业者,看板任务,用户体验,竞品压力,任务编号 P2833。请扮演房产分析师。围绕“房地产场景033-竞品压力”中的选址、租售、投资任务，面向资深从业者，制定一份可执行方案。请用看板任务输出，并从“用户体验”角度做重点判断。要求：包含衡量标准；标注假设和不确定性；最后给出3条可立即执行的下一步。
2834,房地产,房产分析师,自由职业者,实验计划,学习曲线,准备上线,任务编号 P2834。请扮演房产分析师。围绕“房地产场景034-准备上线”中的选址、租售、投资任务，面向自由职业者，列出关键问题并给出优先级。请用实验计划输出，并从“学习曲线”角度做重点判断。要求：提供简短版本和完整版本；指出最容易忽略的细节；最后给出3条可立即执行的下一步。
2835,房地产,房产分析师,设计团队,检查清单,效率,高不确定性,任务编号 P2835。请扮演房产分析师。围绕“房地产场景035-高不确定性”中的选址、租售、投资任务，面向设计团队，生成三种风格完全不同的版本。请用检查清单输出，并从“效率”角度做重点判断。要求：适合在一天内开始执行；避免专业黑话；最后给出3条可立即执行的下一步。
2836,房地产,房产分析师,投资人,SOP步骤,风险,远程协作,任务编号 P2836。请扮演房产分析师。围绕“房地产场景036-远程协作”中的选址、租售、投资任务，面向投资人，把复杂内容改写成新手也能懂的说明。请用SOP步骤输出，并从“风险”角度做重点判断。要求：给出示例输入输出；用中文输出；最后给出3条可立即执行的下一步。
2837,房地产,房产分析师,海外用户,看板任务,增长,个人项目,任务编号 P2837。请扮演房产分析师。围绕“房地产场景037-个人项目”中的选址、租售、投资任务，面向海外用户，设计一个从零到一的工作流。请用看板任务输出，并从“增长”角度做重点判断。要求：语言简洁，不说空话；兼顾成本和效果；最后给出3条可立即执行的下一步。
2838,房地产,房产分析师,专家评审,实验计划,短期落地,质量波动,任务编号 P2838。请扮演房产分析师。围绕“房地产场景038-质量波动”中的选址、租售、投资任务，面向专家评审，创建检查清单并标注常见坑。请用实验计划输出，并从“短期落地”角度做重点判断。要求：兼顾成本和效果；避免虚构事实；最后给出3条可立即执行的下一步。
2839,房地产,房产分析师,大学生,检查清单,成本,用户流失,任务编号 P2839。请扮演房产分析师。围绕“房地产场景039-用户流失”中的选址、租售、投资任务，面向大学生，模拟专家评审并指出改进点。请用检查清单输出，并从“成本”角度做重点判断。要求：指出最容易忽略的细节；包含失败预案；最后给出3条可立即执行的下一步。
2840,房地产,房产分析师,管理层,SOP步骤,可维护性,内部培训,任务编号 P2840。请扮演房产分析师。围绕“房地产场景040-内部培训”中的选址、租售、投资任务，面向管理层，根据目标用户重写表达。请用SOP步骤输出，并从“可维护性”角度做重点判断。要求：包含可执行下一步；语言简洁，不说空话；最后给出3条可立即执行的下一步。
2841,房地产,房产分析师,内容创作者,看板任务,长期价值,需要复盘,任务编号 P2841。请扮演房产分析师。围绕“房地产场景041-需要复盘”中的选址、租售、投资任务，面向内容创作者，提炼核心洞察并给出行动建议。请用看板任务输出，并从“长期价值”角度做重点判断。要求：输出可直接复制使用；按难易度排序；最后给出3条可立即执行的下一步。
2842,房地产,房产分析师,销售团队,实验计划,质量,时间紧迫,任务编号 P2842。请扮演房产分析师。围绕“房地产场景042-时间紧迫”中的选址、租售、投资任务，面向销售团队，设计一套可量化指标。请用实验计划输出，并从“质量”角度做重点判断。要求：保持中立客观；先给结论再解释；最后给出3条可立即执行的下一步。
2843,房地产,房产分析师,教师,检查清单,用户体验,成熟企业,任务编号 P2843。请扮演房产分析师。围绕“房地产场景043-成熟企业”中的选址、租售、投资任务，面向教师，把零散想法整理成结构化大纲。请用检查清单输出，并从“用户体验”角度做重点判断。要求：先给结论再解释；给出示例输入输出；最后给出3条可立即执行的下一步。
2844,房地产,房产分析师,本地用户,SOP步骤,学习曲线,需要降本,任务编号 P2844。请扮演房产分析师。围绕“房地产场景044-需要降本”中的选址、租售、投资任务，面向本地用户，生成可直接使用的模板。请用SOP步骤输出，并从“学习曲线”角度做重点判断。要求：包含失败预案；给出至少一个反例；最后给出3条可立即执行的下一步。
2845,房地产,房产分析师,创始人,看板任务,效率,流程混乱,任务编号 P2845。请扮演房产分析师。围绕“房地产场景045-流程混乱”中的选址、租售、投资任务，面向创始人，做一次反向推理找出隐藏风险。请用看板任务输出，并从“效率”角度做重点判断。要求：用中文输出；保持中立客观；最后给出3条可立即执行的下一步。
2846,房地产,房产分析师,新手用户,实验计划,风险,数据不足,任务编号 P2846。请扮演房产分析师。围绕“房地产场景046-数据不足”中的选址、租售、投资任务，面向新手用户，给出低成本试验方案。请用实验计划输出，并从“风险”角度做重点判断。要求：标注假设和不确定性；适合在一天内开始执行；最后给出3条可立即执行的下一步。
2847,房地产,房产分析师,一线执行团队,检查清单,增长,公开发布,任务编号 P2847。请扮演房产分析师。围绕“房地产场景047-公开发布”中的选址、租售、投资任务，面向一线执行团队，创建对比表并推荐选择。请用检查清单输出，并从“增长”角度做重点判断。要求：按影响力排序；必要时提出澄清问题；最后给出3条可立即执行的下一步。
2848,房地产,房产分析师,开发团队,SOP步骤,短期落地,多方协作,任务编号 P2848。请扮演房产分析师。围绕“房地产场景048-多方协作”中的选址、租售、投资任务，面向开发团队，把长内容压缩成高密度摘要。请用SOP步骤输出，并从“短期落地”角度做重点判断。要求：必要时提出澄清问题；输出可直接复制使用；最后给出3条可立即执行的下一步。
2849,房地产,房产分析师,客服团队,看板任务,成本,预算有限,任务编号 P2849。请扮演房产分析师。围绕“房地产场景049-预算有限”中的选址、租售、投资任务，面向客服团队，提出10个创新方向并排序。请用看板任务输出，并从“成本”角度做重点判断。要求：给出至少一个反例；提供简短版本和完整版本；最后给出3条可立即执行的下一步。
2850,房地产,房产分析师,家长,实验计划,可维护性,初创团队,任务编号 P2850。请扮演房产分析师。围绕“房地产场景050-初创团队”中的选址、租售、投资任务，面向家长，设计30天训练计划。请用实验计划输出，并从“可维护性”角度做重点判断。要求：按难易度排序；按影响力排序；最后给出3条可立即执行的下一步。
2851,房地产,房产分析师,非技术读者,检查清单,长期价值,需要扩张,任务编号 P2851。请扮演房产分析师。围绕“房地产场景051-需要扩张”中的选址、租售、投资任务，面向非技术读者，构建决策树帮助判断下一步。请用检查清单输出，并从“长期价值”角度做重点判断。要求：避免虚构事实；包含可执行下一步；最后给出3条可立即执行的下一步。
2852,房地产,房产分析师,中小企业主,SOP步骤,质量,新市场验证,任务编号 P2852。请扮演房产分析师。围绕“房地产场景052-新市场验证”中的选址、租售、投资任务，面向中小企业主，生成会议讨论提纲。请用SOP步骤输出，并从“质量”角度做重点判断。要求：避免专业黑话；包含衡量标准；最后给出3条可立即执行的下一步。
2853,房地产,房产分析师,资深从业者,看板任务,用户体验,竞品压力,任务编号 P2853。请扮演房产分析师。围绕“房地产场景053-竞品压力”中的选址、租售、投资任务，面向资深从业者，写一份面向管理层的简报。请用看板任务输出，并从“用户体验”角度做重点判断。要求：包含衡量标准；标注假设和不确定性；最后给出3条可立即执行的下一步。
2854,房地产,房产分析师,自由职业者,实验计划,学习曲线,准备上线,任务编号 P2854。请扮演房产分析师。围绕“房地产场景054-准备上线”中的选址、租售、投资任务，面向自由职业者，写一份面向执行者的操作手册。请用实验计划输出，并从“学习曲线”角度做重点判断。要求：提供简短版本和完整版本；指出最容易忽略的细节；最后给出3条可立即执行的下一步。
2855,房地产,房产分析师,设计团队,检查清单,效率,高不确定性,任务编号 P2855。请扮演房产分析师。围绕“房地产场景055-高不确定性”中的选址、租售、投资任务，面向设计团队，建立评估打分表。请用检查清单输出，并从“效率”角度做重点判断。要求：适合在一天内开始执行；避免专业黑话；最后给出3条可立即执行的下一步。
2856,房地产,房产分析师,投资人,SOP步骤,风险,远程协作,任务编号 P2856。请扮演房产分析师。围绕“房地产场景056-远程协作”中的选址、租售、投资任务，面向投资人，提出自动化改造思路。请用SOP步骤输出，并从“风险”角度做重点判断。要求：给出示例输入输出；用中文输出；最后给出3条可立即执行的下一步。
2857,房地产,房产分析师,海外用户,看板任务,增长,个人项目,任务编号 P2857。请扮演房产分析师。围绕“房地产场景057-个人项目”中的选址、租售、投资任务，面向海外用户，设计用户调研问题。请用看板任务输出，并从“增长”角度做重点判断。要求：语言简洁，不说空话；兼顾成本和效果；最后给出3条可立即执行的下一步。
2858,房地产,房产分析师,专家评审,实验计划,短期落地,质量波动,任务编号 P2858。请扮演房产分析师。围绕“房地产场景058-质量波动”中的选址、租售、投资任务，面向专家评审，模拟用户反馈并归纳模式。请用实验计划输出，并从“短期落地”角度做重点判断。要求：兼顾成本和效果；避免虚构事实；最后给出3条可立即执行的下一步。
2859,房地产,房产分析师,大学生,检查清单,成本,用户流失,任务编号 P2859。请扮演房产分析师。围绕“房地产场景059-用户流失”中的选址、租售、投资任务，面向大学生，生成故障排查路径。请用检查清单输出，并从“成本”角度做重点判断。要求：指出最容易忽略的细节；包含失败预案；最后给出3条可立即执行的下一步。
2860,房地产,房产分析师,管理层,SOP步骤,可维护性,内部培训,任务编号 P2860。请扮演房产分析师。围绕“房地产场景060-内部培训”中的选址、租售、投资任务，面向管理层，把目标拆成里程碑。请用SOP步骤输出，并从“可维护性”角度做重点判断。要求：包含可执行下一步；语言简洁，不说空话；最后给出3条可立即执行的下一步。
2861,房地产,房产分析师,内容创作者,看板任务,长期价值,需要复盘,任务编号 P2861。请扮演房产分析师。围绕“房地产场景061-需要复盘”中的选址、租售、投资任务，面向内容创作者，提出可复用命名规范。请用看板任务输出，并从“长期价值”角度做重点判断。要求：输出可直接复制使用；按难易度排序；最后给出3条可立即执行的下一步。
2862,房地产,房产分析师,销售团队,实验计划,质量,时间紧迫,任务编号 P2862。请扮演房产分析师。围绕“房地产场景062-时间紧迫”中的选址、租售、投资任务，面向销售团队，创建风险登记册。请用实验计划输出，并从“质量”角度做重点判断。要求：保持中立客观；先给结论再解释；最后给出3条可立即执行的下一步。
2863,房地产,房产分析师,教师,检查清单,用户体验,成熟企业,任务编号 P2863。请扮演房产分析师。围绕“房地产场景063-成熟企业”中的选址、租售、投资任务，面向教师，制定一份可执行方案。请用检查清单输出，并从“用户体验”角度做重点判断。要求：先给结论再解释；给出示例输入输出；最后给出3条可立即执行的下一步。
2864,房地产,房产分析师,本地用户,SOP步骤,学习曲线,需要降本,任务编号 P2864。请扮演房产分析师。围绕“房地产场景064-需要降本”中的选址、租售、投资任务，面向本地用户，列出关键问题并给出优先级。请用SOP步骤输出，并从“学习曲线”角度做重点判断。要求：包含失败预案；给出至少一个反例；最后给出3条可立即执行的下一步。
2865,房地产,房产分析师,创始人,看板任务,效率,流程混乱,任务编号 P2865。请扮演房产分析师。围绕“房地产场景065-流程混乱”中的选址、租售、投资任务，面向创始人，生成三种风格完全不同的版本。请用看板任务输出，并从“效率”角度做重点判断。要求：用中文输出；保持中立客观；最后给出3条可立即执行的下一步。
2866,房地产,房产分析师,新手用户,实验计划,风险,数据不足,任务编号 P2866。请扮演房产分析师。围绕“房地产场景066-数据不足”中的选址、租售、投资任务，面向新手用户，把复杂内容改写成新手也能懂的说明。请用实验计划输出，并从“风险”角度做重点判断。要求：标注假设和不确定性；适合在一天内开始执行；最后给出3条可立即执行的下一步。
2867,房地产,房产分析师,一线执行团队,检查清单,增长,公开发布,任务编号 P2867。请扮演房产分析师。围绕“房地产场景067-公开发布”中的选址、租售、投资任务，面向一线执行团队，设计一个从零到一的工作流。请用检查清单输出，并从“增长”角度做重点判断。要求：按影响力排序；必要时提出澄清问题；最后给出3条可立即执行的下一步。
2868,房地产,房产分析师,开发团队,SOP步骤,短期落地,多方协作,任务编号 P2868。请扮演房产分析师。围绕“房地产场景068-多方协作”中的选址、租售、投资任务，面向开发团队，创建检查清单并标注常见坑。请用SOP步骤输出，并从“短期落地”角度做重点判断。要求：必要时提出澄清问题；输出可直接复制使用；最后给出3条可立即执行的下一步。
2869,房地产,房产分析师,客服团队,看板任务,成本,预算有限,任务编号 P2869。请扮演房产分析师。围绕“房地产场景069-预算有限”中的选址、租售、投资任务，面向客服团队，模拟专家评审并指出改进点。请用看板任务输出，并从“成本”角度做重点判断。要求：给出至少一个反例；提供简短版本和完整版本；最后给出3条可立即执行的下一步。
2870,房地产,房产分析师,家长,实验计划,可维护性,初创团队,任务编号 P2870。请扮演房产分析师。围绕“房地产场景070-初创团队”中的选址、租售、投资任务，面向家长，根据目标用户重写表达。请用实验计划输出，并从“可维护性”角度做重点判断。要求：按难易度排序；按影响力排序；最后给出3条可立即执行的下一步。
2871,房地产,房产分析师,非技术读者,检查清单,长期价值,需要扩张,任务编号 P2871。请扮演房产分析师。围绕“房地产场景071-需要扩张”中的选址、租售、投资任务，面向非技术读者，提炼核心洞察并给出行动建议。请用检查清单输出，并从“长期价值”角度做重点判断。要求：避免虚构事实；包含可执行下一步；最后给出3条可立即执行的下一步。
2872,房地产,房产分析师,中小企业主,SOP步骤,质量,新市场验证,任务编号 P2872。请扮演房产分析师。围绕“房地产场景072-新市场验证”中的选址、租售、投资任务，面向中小企业主，设计一套可量化指标。请用SOP步骤输出，并从“质量”角度做重点判断。要求：避免专业黑话；包含衡量标准；最后给出3条可立即执行的下一步。
2873,房地产,房产分析师,资深从业者,看板任务,用户体验,竞品压力,任务编号 P2873。请扮演房产分析师。围绕“房地产场景073-竞品压力”中的选址、租售、投资任务，面向资深从业者，把零散想法整理成结构化大纲。请用看板任务输出，并从“用户体验”角度做重点判断。要求：包含衡量标准；标注假设和不确定性；最后给出3条可立即执行的下一步。
2874,房地产,房产分析师,自由职业者,实验计划,学习曲线,准备上线,任务编号 P2874。请扮演房产分析师。围绕“房地产场景074-准备上线”中的选址、租售、投资任务，面向自由职业者，生成可直接使用的模板。请用实验计划输出，并从“学习曲线”角度做重点判断。要求：提供简短版本和完整版本；指出最容易忽略的细节；最后给出3条可立即执行的下一步。
2875,房地产,房产分析师,设计团队,检查清单,效率,高不确定性,任务编号 P2875。请扮演房产分析师。围绕“房地产场景075-高不确定性”中的选址、租售、投资任务，面向设计团队，做一次反向推理找出隐藏风险。请用检查清单输出，并从“效率”角度做重点判断。要求：适合在一天内开始执行；避免专业黑话；最后给出3条可立即执行的下一步。
2876,房地产,房产分析师,投资人,SOP步骤,风险,远程协作,任务编号 P2876。请扮演房产分析师。围绕“房地产场景076-远程协作”中的选址、租售、投资任务，面向投资人，给出低成本试验方案。请用SOP步骤输出，并从“风险”角度做重点判断。要求：给出示例输入输出；用中文输出；最后给出3条可立即执行的下一步。
2877,房地产,房产分析师,海外用户,看板任务,增长,个人项目,任务编号 P2877。请扮演房产分析师。围绕“房地产场景077-个人项目”中的选址、租售、投资任务，面向海外用户，创建对比表并推荐选择。请用看板任务输出，并从“增长”角度做重点判断。要求：语言简洁，不说空话；兼顾成本和效果；最后给出3条可立即执行的下一步。
2878,房地产,房产分析师,专家评审,实验计划,短期落地,质量波动,任务编号 P2878。请扮演房产分析师。围绕“房地产场景078-质量波动”中的选址、租售、投资任务，面向专家评审，把长内容压缩成高密度摘要。请用实验计划输出，并从“短期落地”角度做重点判断。要求：兼顾成本和效果；避免虚构事实；最后给出3条可立即执行的下一步。
2879,房地产,房产分析师,大学生,检查清单,成本,用户流失,任务编号 P2879。请扮演房产分析师。围绕“房地产场景079-用户流失”中的选址、租售、投资任务，面向大学生，提出10个创新方向并排序。请用检查清单输出，并从“成本”角度做重点判断。要求：指出最容易忽略的细节；包含失败预案；最后给出3条可立即执行的下一步。
2880,房地产,房产分析师,管理层,SOP步骤,可维护性,内部培训,任务编号 P2880。请扮演房产分析师。围绕“房地产场景080-内部培训”中的选址、租售、投资任务，面向管理层，设计30天训练计划。请用SOP步骤输出，并从“可维护性”角度做重点判断。要求：包含可执行下一步；语言简洁，不说空话；最后给出3条可立即执行的下一步。
2881,房地产,房产分析师,内容创作者,看板任务,长期价值,需要复盘,任务编号 P2881。请扮演房产分析师。围绕“房地产场景081-需要复盘”中的选址、租售、投资任务，面向内容创作者，构建决策树帮助判断下一步。请用看板任务输出，并从“长期价值”角度做重点判断。要求：输出可直接复制使用；按难易度排序；最后给出3条可立即执行的下一步。
2882,房地产,房产分析师,销售团队,实验计划,质量,时间紧迫,任务编号 P2882。请扮演房产分析师。围绕“房地产场景082-时间紧迫”中的选址、租售、投资任务，面向销售团队，生成会议讨论提纲。请用实验计划输出，并从“质量”角度做重点判断。要求：保持中立客观；先给结论再解释；最后给出3条可立即执行的下一步。
2883,房地产,房产分析师,教师,检查清单,用户体验,成熟企业,任务编号 P2883。请扮演房产分析师。围绕“房地产场景083-成熟企业”中的选址、租售、投资任务，面向教师，写一份面向管理层的简报。请用检查清单输出，并从“用户体验”角度做重点判断。要求：先给结论再解释；给出示例输入输出；最后给出3条可立即执行的下一步。
2884,房地产,房产分析师,本地用户,SOP步骤,学习曲线,需要降本,任务编号 P2884。请扮演房产分析师。围绕“房地产场景084-需要降本”中的选址、租售、投资任务，面向本地用户，写一份面向执行者的操作手册。请用SOP步骤输出，并从“学习曲线”角度做重点判断。要求：包含失败预案；给出至少一个反例；最后给出3条可立即执行的下一步。
2885,房地产,房产分析师,创始人,看板任务,效率,流程混乱,任务编号 P2885。请扮演房产分析师。围绕“房地产场景085-流程混乱”中的选址、租售、投资任务，面向创始人，建立评估打分表。请用看板任务输出，并从“效率”角度做重点判断。要求：用中文输出；保持中立客观；最后给出3条可立即执行的下一步。
2886,房地产,房产分析师,新手用户,实验计划,风险,数据不足,任务编号 P2886。请扮演房产分析师。围绕“房地产场景086-数据不足”中的选址、租售、投资任务，面向新手用户，提出自动化改造思路。请用实验计划输出，并从“风险”角度做重点判断。要求：标注假设和不确定性；适合在一天内开始执行；最后给出3条可立即执行的下一步。
2887,房地产,房产分析师,一线执行团队,检查清单,增长,公开发布,任务编号 P2887。请扮演房产分析师。围绕“房地产场景087-公开发布”中的选址、租售、投资任务，面向一线执行团队，设计用户调研问题。请用检查清单输出，并从“增长”角度做重点判断。要求：按影响力排序；必要时提出澄清问题；最后给出3条可立即执行的下一步。
2888,房地产,房产分析师,开发团队,SOP步骤,短期落地,多方协作,任务编号 P2888。请扮演房产分析师。围绕“房地产场景088-多方协作”中的选址、租售、投资任务，面向开发团队，模拟用户反馈并归纳模式。请用SOP步骤输出，并从“短期落地”角度做重点判断。要求：必要时提出澄清问题；输出可直接复制使用；最后给出3条可立即执行的下一步。
2889,房地产,房产分析师,客服团队,看板任务,成本,预算有限,任务编号 P2889。请扮演房产分析师。围绕“房地产场景089-预算有限”中的选址、租售、投资任务，面向客服团队，生成故障排查路径。请用看板任务输出，并从“成本”角度做重点判断。要求：给出至少一个反例；提供简短版本和完整版本；最后给出3条可立即执行的下一步。
2890,房地产,房产分析师,家长,实验计划,可维护性,初创团队,任务编号 P2890。请扮演房产分析师。围绕“房地产场景090-初创团队”中的选址、租售、投资任务，面向家长，把目标拆成里程碑。请用实验计划输出，并从“可维护性”角度做重点判断。要求：按难易度排序；按影响力排序；最后给出3条可立即执行的下一步。
2891,房地产,房产分析师,非技术读者,检查清单,长期价值,需要扩张,任务编号 P2891。请扮演房产分析师。围绕“房地产场景091-需要扩张”中的选址、租售、投资任务，面向非技术读者，提出可复用命名规范。请用检查清单输出，并从“长期价值”角度做重点判断。要求：避免虚构事实；包含可执行下一步；最后给出3条可立即执行的下一步。
2892,房地产,房产分析师,中小企业主,SOP步骤,质量,新市场验证,任务编号 P2892。请扮演房产分析师。围绕“房地产场景092-新市场验证”中的选址、租售、投资任务，面向中小企业主，创建风险登记册。请用SOP步骤输出，并从“质量”角度做重点判断。要求：避免专业黑话；包含衡量标准；最后给出3条可立即执行的下一步。
2893,房地产,房产分析师,资深从业者,看板任务,用户体验,竞品压力,任务编号 P2893。请扮演房产分析师。围绕“房地产场景093-竞品压力”中的选址、租售、投资任务，面向资深从业者，制定一份可执行方案。请用看板任务输出，并从“用户体验”角度做重点判断。要求：包含衡量标准；标注假设和不确定性；最后给出3条可立即执行的下一步。
2894,房地产,房产分析师,自由职业者,实验计划,学习曲线,准备上线,任务编号 P2894。请扮演房产分析师。围绕“房地产场景094-准备上线”中的选址、租售、投资任务，面向自由职业者，列出关键问题并给出优先级。请用实验计划输出，并从“学习曲线”角度做重点判断。要求：提供简短版本和完整版本；指出最容易忽略的细节；最后给出3条可立即执行的下一步。
2895,房地产,房产分析师,设计团队,检查清单,效率,高不确定性,任务编号 P2895。请扮演房产分析师。围绕“房地产场景095-高不确定性”中的选址、租售、投资任务，面向设计团队，生成三种风格完全不同的版本。请用检查清单输出，并从“效率”角度做重点判断。要求：适合在一天内开始执行；避免专业黑话；最后给出3条可立即执行的下一步。
2896,房地产,房产分析师,投资人,SOP步骤,风险,远程协作,任务编号 P2896。请扮演房产分析师。围绕“房地产场景096-远程协作”中的选址、租售、投资任务，面向投资人，把复杂内容改写成新手也能懂的说明。请用SOP步骤输出，并从“风险”角度做重点判断。要求：给出示例输入输出；用中文输出；最后给出3条可立即执行的下一步。
2897,房地产,房产分析师,海外用户,看板任务,增长,个人项目,任务编号 P2897。请扮演房产分析师。围绕“房地产场景097-个人项目”中的选址、租售、投资任务，面向海外用户，设计一个从零到一的工作流。请用看板任务输出，并从“增长”角度做重点判断。要求：语言简洁，不说空话；兼顾成本和效果；最后给出3条可立即执行的下一步。
2898,房地产,房产分析师,专家评审,实验计划,短期落地,质量波动,任务编号 P2898。请扮演房产分析师。围绕“房地产场景098-质量波动”中的选址、租售、投资任务，面向专家评审，创建检查清单并标注常见坑。请用实验计划输出，并从“短期落地”角度做重点判断。要求：兼顾成本和效果；避免虚构事实；最后给出3条可立即执行的下一步。
2899,房地产,房产分析师,大学生,检查清单,成本,用户流失,任务编号 P2899。请扮演房产分析师。围绕“房地产场景099-用户流失”中的选址、租售、投资任务，面向大学生，模拟专家评审并指出改进点。请用检查清单输出，并从“成本”角度做重点判断。要求：指出最容易忽略的细节；包含失败预案；最后给出3条可立即执行的下一步。
2900,房地产,房产分析师,管理层,SOP步骤,可维护性,内部培训,任务编号 P2900。请扮演房产分析师。围绕“房地产场景100-内部培训”中的选址、租售、投资任务，面向管理层，根据目标用户重写表达。请用SOP步骤输出，并从“可维护性”角度做重点判断。要求：包含可执行下一步；语言简洁，不说空话；最后给出3条可立即执行的下一步。
2901,汽车,汽车顾问,开发团队,评分矩阵,短期落地,准备上线,任务编号 P2901。请扮演汽车顾问。围绕“汽车场景001-准备上线”中的选车、保养、对比任务，面向开发团队，创建风险登记册。请用评分矩阵输出，并从“短期落地”角度做重点判断。要求：包含失败预案；包含衡量标准；最后给出3条可立即执行的下一步。
2902,汽车,汽车顾问,客服团队,用户故事,成本,高不确定性,任务编号 P2902。请扮演汽车顾问。围绕“汽车场景002-高不确定性”中的选车、保养、对比任务，面向客服团队，制定一份可执行方案。请用用户故事输出，并从“成本”角度做重点判断。要求：用中文输出；标注假设和不确定性；最后给出3条可立即执行的下一步。
2903,汽车,汽车顾问,家长,对比分析,可维护性,远程协作,任务编号 P2903。请扮演汽车顾问。围绕“汽车场景003-远程协作”中的选车、保养、对比任务，面向家长，列出关键问题并给出优先级。请用对比分析输出，并从“可维护性”角度做重点判断。要求：标注假设和不确定性；指出最容易忽略的细节；最后给出3条可立即执行的下一步。
2904,汽车,汽车顾问,非技术读者,一页纸简报,长期价值,个人项目,任务编号 P2904。请扮演汽车顾问。围绕“汽车场景004-个人项目”中的选车、保养、对比任务，面向非技术读者，生成三种风格完全不同的版本。请用一页纸简报输出，并从“长期价值”角度做重点判断。要求：按影响力排序；避免专业黑话；最后给出3条可立即执行的下一步。
2905,汽车,汽车顾问,中小企业主,评分矩阵,质量,质量波动,任务编号 P2905。请扮演汽车顾问。围绕“汽车场景005-质量波动”中的选车、保养、对比任务，面向中小企业主，把复杂内容改写成新手也能懂的说明。请用评分矩阵输出，并从“质量”角度做重点判断。要求：必要时提出澄清问题；用中文输出；最后给出3条可立即执行的下一步。
2906,汽车,汽车顾问,资深从业者,用户故事,用户体验,用户流失,任务编号 P2906。请扮演汽车顾问。围绕“汽车场景006-用户流失”中的选车、保养、对比任务，面向资深从业者，设计一个从零到一的工作流。请用用户故事输出，并从“用户体验”角度做重点判断。要求：给出至少一个反例；兼顾成本和效果；最后给出3条可立即执行的下一步。
2907,汽车,汽车顾问,自由职业者,对比分析,学习曲线,内部培训,任务编号 P2907。请扮演汽车顾问。围绕“汽车场景007-内部培训”中的选车、保养、对比任务，面向自由职业者，创建检查清单并标注常见坑。请用对比分析输出，并从“学习曲线”角度做重点判断。要求：按难易度排序；避免虚构事实；最后给出3条可立即执行的下一步。
2908,汽车,汽车顾问,设计团队,一页纸简报,效率,需要复盘,任务编号 P2908。请扮演汽车顾问。围绕“汽车场景008-需要复盘”中的选车、保养、对比任务，面向设计团队，模拟专家评审并指出改进点。请用一页纸简报输出，并从“效率”角度做重点判断。要求：避免虚构事实；包含失败预案；最后给出3条可立即执行的下一步。
2909,汽车,汽车顾问,投资人,评分矩阵,风险,时间紧迫,任务编号 P2909。请扮演汽车顾问。围绕“汽车场景009-时间紧迫”中的选车、保养、对比任务，面向投资人，根据目标用户重写表达。请用评分矩阵输出，并从“风险”角度做重点判断。要求：避免专业黑话；语言简洁，不说空话；最后给出3条可立即执行的下一步。
2910,汽车,汽车顾问,海外用户,用户故事,增长,成熟企业,任务编号 P2910。请扮演汽车顾问。围绕“汽车场景010-成熟企业”中的选车、保养、对比任务，面向海外用户，提炼核心洞察并给出行动建议。请用用户故事输出，并从“增长”角度做重点判断。要求：包含衡量标准；按难易度排序；最后给出3条可立即执行的下一步。
2911,汽车,汽车顾问,专家评审,对比分析,短期落地,需要降本,任务编号 P2911。请扮演汽车顾问。围绕“汽车场景011-需要降本”中的选车、保养、对比任务，面向专家评审，设计一套可量化指标。请用对比分析输出，并从“短期落地”角度做重点判断。要求：提供简短版本和完整版本；先给结论再解释；最后给出3条可立即执行的下一步。
2912,汽车,汽车顾问,大学生,一页纸简报,成本,流程混乱,任务编号 P2912。请扮演汽车顾问。围绕“汽车场景012-流程混乱”中的选车、保养、对比任务，面向大学生，把零散想法整理成结构化大纲。请用一页纸简报输出，并从“成本”角度做重点判断。要求：适合在一天内开始执行；给出示例输入输出；最后给出3条可立即执行的下一步。
2913,汽车,汽车顾问,管理层,评分矩阵,可维护性,数据不足,任务编号 P2913。请扮演汽车顾问。围绕“汽车场景013-数据不足”中的选车、保养、对比任务，面向管理层，生成可直接使用的模板。请用评分矩阵输出，并从“可维护性”角度做重点判断。要求：给出示例输入输出；给出至少一个反例；最后给出3条可立即执行的下一步。
2914,汽车,汽车顾问,内容创作者,用户故事,长期价值,公开发布,任务编号 P2914。请扮演汽车顾问。围绕“汽车场景014-公开发布”中的选车、保养、对比任务，面向内容创作者，做一次反向推理找出隐藏风险。请用用户故事输出，并从“长期价值”角度做重点判断。要求：语言简洁，不说空话；保持中立客观；最后给出3条可立即执行的下一步。
2915,汽车,汽车顾问,销售团队,对比分析,质量,多方协作,任务编号 P2915。请扮演汽车顾问。围绕“汽车场景015-多方协作”中的选车、保养、对比任务，面向销售团队，给出低成本试验方案。请用对比分析输出，并从“质量”角度做重点判断。要求：兼顾成本和效果；适合在一天内开始执行；最后给出3条可立即执行的下一步。
2916,汽车,汽车顾问,教师,一页纸简报,用户体验,预算有限,任务编号 P2916。请扮演汽车顾问。围绕“汽车场景016-预算有限”中的选车、保养、对比任务，面向教师，创建对比表并推荐选择。请用一页纸简报输出，并从“用户体验”角度做重点判断。要求：指出最容易忽略的细节；必要时提出澄清问题；最后给出3条可立即执行的下一步。
2917,汽车,汽车顾问,本地用户,评分矩阵,学习曲线,初创团队,任务编号 P2917。请扮演汽车顾问。围绕“汽车场景017-初创团队”中的选车、保养、对比任务，面向本地用户，把长内容压缩成高密度摘要。请用评分矩阵输出，并从“学习曲线”角度做重点判断。要求：包含可执行下一步；输出可直接复制使用；最后给出3条可立即执行的下一步。
2918,汽车,汽车顾问,创始人,用户故事,效率,需要扩张,任务编号 P2918。请扮演汽车顾问。围绕“汽车场景018-需要扩张”中的选车、保养、对比任务，面向创始人，提出10个创新方向并排序。请用用户故事输出，并从“效率”角度做重点判断。要求：输出可直接复制使用；提供简短版本和完整版本；最后给出3条可立即执行的下一步。
2919,汽车,汽车顾问,新手用户,对比分析,风险,新市场验证,任务编号 P2919。请扮演汽车顾问。围绕“汽车场景019-新市场验证”中的选车、保养、对比任务，面向新手用户，设计30天训练计划。请用对比分析输出，并从“风险”角度做重点判断。要求：保持中立客观；按影响力排序；最后给出3条可立即执行的下一步。
2920,汽车,汽车顾问,一线执行团队,一页纸简报,增长,竞品压力,任务编号 P2920。请扮演汽车顾问。围绕“汽车场景020-竞品压力”中的选车、保养、对比任务，面向一线执行团队，构建决策树帮助判断下一步。请用一页纸简报输出，并从“增长”角度做重点判断。要求：先给结论再解释；包含可执行下一步；最后给出3条可立即执行的下一步。
2921,汽车,汽车顾问,开发团队,评分矩阵,短期落地,准备上线,任务编号 P2921。请扮演汽车顾问。围绕“汽车场景021-准备上线”中的选车、保养、对比任务，面向开发团队，生成会议讨论提纲。请用评分矩阵输出，并从“短期落地”角度做重点判断。要求：包含失败预案；包含衡量标准；最后给出3条可立即执行的下一步。
2922,汽车,汽车顾问,客服团队,用户故事,成本,高不确定性,任务编号 P2922。请扮演汽车顾问。围绕“汽车场景022-高不确定性”中的选车、保养、对比任务，面向客服团队，写一份面向管理层的简报。请用用户故事输出，并从“成本”角度做重点判断。要求：用中文输出；标注假设和不确定性；最后给出3条可立即执行的下一步。
2923,汽车,汽车顾问,家长,对比分析,可维护性,远程协作,任务编号 P2923。请扮演汽车顾问。围绕“汽车场景023-远程协作”中的选车、保养、对比任务，面向家长，写一份面向执行者的操作手册。请用对比分析输出，并从“可维护性”角度做重点判断。要求：标注假设和不确定性；指出最容易忽略的细节；最后给出3条可立即执行的下一步。
2924,汽车,汽车顾问,非技术读者,一页纸简报,长期价值,个人项目,任务编号 P2924。请扮演汽车顾问。围绕“汽车场景024-个人项目”中的选车、保养、对比任务，面向非技术读者，建立评估打分表。请用一页纸简报输出，并从“长期价值”角度做重点判断。要求：按影响力排序；避免专业黑话；最后给出3条可立即执行的下一步。
2925,汽车,汽车顾问,中小企业主,评分矩阵,质量,质量波动,任务编号 P2925。请扮演汽车顾问。围绕“汽车场景025-质量波动”中的选车、保养、对比任务，面向中小企业主，提出自动化改造思路。请用评分矩阵输出，并从“质量”角度做重点判断。要求：必要时提出澄清问题；用中文输出；最后给出3条可立即执行的下一步。
2926,汽车,汽车顾问,资深从业者,用户故事,用户体验,用户流失,任务编号 P2926。请扮演汽车顾问。围绕“汽车场景026-用户流失”中的选车、保养、对比任务，面向资深从业者，设计用户调研问题。请用用户故事输出，并从“用户体验”角度做重点判断。要求：给出至少一个反例；兼顾成本和效果；最后给出3条可立即执行的下一步。
2927,汽车,汽车顾问,自由职业者,对比分析,学习曲线,内部培训,任务编号 P2927。请扮演汽车顾问。围绕“汽车场景027-内部培训”中的选车、保养、对比任务，面向自由职业者，模拟用户反馈并归纳模式。请用对比分析输出，并从“学习曲线”角度做重点判断。要求：按难易度排序；避免虚构事实；最后给出3条可立即执行的下一步。
2928,汽车,汽车顾问,设计团队,一页纸简报,效率,需要复盘,任务编号 P2928。请扮演汽车顾问。围绕“汽车场景028-需要复盘”中的选车、保养、对比任务，面向设计团队，生成故障排查路径。请用一页纸简报输出，并从“效率”角度做重点判断。要求：避免虚构事实；包含失败预案；最后给出3条可立即执行的下一步。
2929,汽车,汽车顾问,投资人,评分矩阵,风险,时间紧迫,任务编号 P2929。请扮演汽车顾问。围绕“汽车场景029-时间紧迫”中的选车、保养、对比任务，面向投资人，把目标拆成里程碑。请用评分矩阵输出，并从“风险”角度做重点判断。要求：避免专业黑话；语言简洁，不说空话；最后给出3条可立即执行的下一步。
2930,汽车,汽车顾问,海外用户,用户故事,增长,成熟企业,任务编号 P2930。请扮演汽车顾问。围绕“汽车场景030-成熟企业”中的选车、保养、对比任务，面向海外用户，提出可复用命名规范。请用用户故事输出，并从“增长”角度做重点判断。要求：包含衡量标准；按难易度排序；最后给出3条可立即执行的下一步。
2931,汽车,汽车顾问,专家评审,对比分析,短期落地,需要降本,任务编号 P2931。请扮演汽车顾问。围绕“汽车场景031-需要降本”中的选车、保养、对比任务，面向专家评审，创建风险登记册。请用对比分析输出，并从“短期落地”角度做重点判断。要求：提供简短版本和完整版本；先给结论再解释；最后给出3条可立即执行的下一步。
2932,汽车,汽车顾问,大学生,一页纸简报,成本,流程混乱,任务编号 P2932。请扮演汽车顾问。围绕“汽车场景032-流程混乱”中的选车、保养、对比任务，面向大学生，制定一份可执行方案。请用一页纸简报输出，并从“成本”角度做重点判断。要求：适合在一天内开始执行；给出示例输入输出；最后给出3条可立即执行的下一步。
2933,汽车,汽车顾问,管理层,评分矩阵,可维护性,数据不足,任务编号 P2933。请扮演汽车顾问。围绕“汽车场景033-数据不足”中的选车、保养、对比任务，面向管理层，列出关键问题并给出优先级。请用评分矩阵输出，并从“可维护性”角度做重点判断。要求：给出示例输入输出；给出至少一个反例；最后给出3条可立即执行的下一步。
2934,汽车,汽车顾问,内容创作者,用户故事,长期价值,公开发布,任务编号 P2934。请扮演汽车顾问。围绕“汽车场景034-公开发布”中的选车、保养、对比任务，面向内容创作者，生成三种风格完全不同的版本。请用用户故事输出，并从“长期价值”角度做重点判断。要求：语言简洁，不说空话；保持中立客观；最后给出3条可立即执行的下一步。
2935,汽车,汽车顾问,销售团队,对比分析,质量,多方协作,任务编号 P2935。请扮演汽车顾问。围绕“汽车场景035-多方协作”中的选车、保养、对比任务，面向销售团队，把复杂内容改写成新手也能懂的说明。请用对比分析输出，并从“质量”角度做重点判断。要求：兼顾成本和效果；适合在一天内开始执行；最后给出3条可立即执行的下一步。
2936,汽车,汽车顾问,教师,一页纸简报,用户体验,预算有限,任务编号 P2936。请扮演汽车顾问。围绕“汽车场景036-预算有限”中的选车、保养、对比任务，面向教师，设计一个从零到一的工作流。请用一页纸简报输出，并从“用户体验”角度做重点判断。要求：指出最容易忽略的细节；必要时提出澄清问题；最后给出3条可立即执行的下一步。
2937,汽车,汽车顾问,本地用户,评分矩阵,学习曲线,初创团队,任务编号 P2937。请扮演汽车顾问。围绕“汽车场景037-初创团队”中的选车、保养、对比任务，面向本地用户，创建检查清单并标注常见坑。请用评分矩阵输出，并从“学习曲线”角度做重点判断。要求：包含可执行下一步；输出可直接复制使用；最后给出3条可立即执行的下一步。
2938,汽车,汽车顾问,创始人,用户故事,效率,需要扩张,任务编号 P2938。请扮演汽车顾问。围绕“汽车场景038-需要扩张”中的选车、保养、对比任务，面向创始人，模拟专家评审并指出改进点。请用用户故事输出，并从“效率”角度做重点判断。要求：输出可直接复制使用；提供简短版本和完整版本；最后给出3条可立即执行的下一步。
2939,汽车,汽车顾问,新手用户,对比分析,风险,新市场验证,任务编号 P2939。请扮演汽车顾问。围绕“汽车场景039-新市场验证”中的选车、保养、对比任务，面向新手用户，根据目标用户重写表达。请用对比分析输出，并从“风险”角度做重点判断。要求：保持中立客观；按影响力排序；最后给出3条可立即执行的下一步。
2940,汽车,汽车顾问,一线执行团队,一页纸简报,增长,竞品压力,任务编号 P2940。请扮演汽车顾问。围绕“汽车场景040-竞品压力”中的选车、保养、对比任务，面向一线执行团队，提炼核心洞察并给出行动建议。请用一页纸简报输出，并从“增长”角度做重点判断。要求：先给结论再解释；包含可执行下一步；最后给出3条可立即执行的下一步。
2941,汽车,汽车顾问,开发团队,评分矩阵,短期落地,准备上线,任务编号 P2941。请扮演汽车顾问。围绕“汽车场景041-准备上线”中的选车、保养、对比任务，面向开发团队，设计一套可量化指标。请用评分矩阵输出，并从“短期落地”角度做重点判断。要求：包含失败预案；包含衡量标准；最后给出3条可立即执行的下一步。
2942,汽车,汽车顾问,客服团队,用户故事,成本,高不确定性,任务编号 P2942。请扮演汽车顾问。围绕“汽车场景042-高不确定性”中的选车、保养、对比任务，面向客服团队，把零散想法整理成结构化大纲。请用用户故事输出，并从“成本”角度做重点判断。要求：用中文输出；标注假设和不确定性；最后给出3条可立即执行的下一步。
2943,汽车,汽车顾问,家长,对比分析,可维护性,远程协作,任务编号 P2943。请扮演汽车顾问。围绕“汽车场景043-远程协作”中的选车、保养、对比任务，面向家长，生成可直接使用的模板。请用对比分析输出，并从“可维护性”角度做重点判断。要求：标注假设和不确定性；指出最容易忽略的细节；最后给出3条可立即执行的下一步。
2944,汽车,汽车顾问,非技术读者,一页纸简报,长期价值,个人项目,任务编号 P2944。请扮演汽车顾问。围绕“汽车场景044-个人项目”中的选车、保养、对比任务，面向非技术读者，做一次反向推理找出隐藏风险。请用一页纸简报输出，并从“长期价值”角度做重点判断。要求：按影响力排序；避免专业黑话；最后给出3条可立即执行的下一步。
2945,汽车,汽车顾问,中小企业主,评分矩阵,质量,质量波动,任务编号 P2945。请扮演汽车顾问。围绕“汽车场景045-质量波动”中的选车、保养、对比任务，面向中小企业主，给出低成本试验方案。请用评分矩阵输出，并从“质量”角度做重点判断。要求：必要时提出澄清问题；用中文输出；最后给出3条可立即执行的下一步。
2946,汽车,汽车顾问,资深从业者,用户故事,用户体验,用户流失,任务编号 P2946。请扮演汽车顾问。围绕“汽车场景046-用户流失”中的选车、保养、对比任务，面向资深从业者，创建对比表并推荐选择。请用用户故事输出，并从“用户体验”角度做重点判断。要求：给出至少一个反例；兼顾成本和效果；最后给出3条可立即执行的下一步。
2947,汽车,汽车顾问,自由职业者,对比分析,学习曲线,内部培训,任务编号 P2947。请扮演汽车顾问。围绕“汽车场景047-内部培训”中的选车、保养、对比任务，面向自由职业者，把长内容压缩成高密度摘要。请用对比分析输出，并从“学习曲线”角度做重点判断。要求：按难易度排序；避免虚构事实；最后给出3条可立即执行的下一步。
2948,汽车,汽车顾问,设计团队,一页纸简报,效率,需要复盘,任务编号 P2948。请扮演汽车顾问。围绕“汽车场景048-需要复盘”中的选车、保养、对比任务，面向设计团队，提出10个创新方向并排序。请用一页纸简报输出，并从“效率”角度做重点判断。要求：避免虚构事实；包含失败预案；最后给出3条可立即执行的下一步。
2949,汽车,汽车顾问,投资人,评分矩阵,风险,时间紧迫,任务编号 P2949。请扮演汽车顾问。围绕“汽车场景049-时间紧迫”中的选车、保养、对比任务，面向投资人，设计30天训练计划。请用评分矩阵输出，并从“风险”角度做重点判断。要求：避免专业黑话；语言简洁，不说空话；最后给出3条可立即执行的下一步。
2950,汽车,汽车顾问,海外用户,用户故事,增长,成熟企业,任务编号 P2950。请扮演汽车顾问。围绕“汽车场景050-成熟企业”中的选车、保养、对比任务，面向海外用户，构建决策树帮助判断下一步。请用用户故事输出，并从“增长”角度做重点判断。要求：包含衡量标准；按难易度排序；最后给出3条可立即执行的下一步。
2951,汽车,汽车顾问,专家评审,对比分析,短期落地,需要降本,任务编号 P2951。请扮演汽车顾问。围绕“汽车场景051-需要降本”中的选车、保养、对比任务，面向专家评审，生成会议讨论提纲。请用对比分析输出，并从“短期落地”角度做重点判断。要求：提供简短版本和完整版本；先给结论再解释；最后给出3条可立即执行的下一步。
2952,汽车,汽车顾问,大学生,一页纸简报,成本,流程混乱,任务编号 P2952。请扮演汽车顾问。围绕“汽车场景052-流程混乱”中的选车、保养、对比任务，面向大学生，写一份面向管理层的简报。请用一页纸简报输出，并从“成本”角度做重点判断。要求：适合在一天内开始执行；给出示例输入输出；最后给出3条可立即执行的下一步。
2953,汽车,汽车顾问,管理层,评分矩阵,可维护性,数据不足,任务编号 P2953。请扮演汽车顾问。围绕“汽车场景053-数据不足”中的选车、保养、对比任务，面向管理层，写一份面向执行者的操作手册。请用评分矩阵输出，并从“可维护性”角度做重点判断。要求：给出示例输入输出；给出至少一个反例；最后给出3条可立即执行的下一步。
2954,汽车,汽车顾问,内容创作者,用户故事,长期价值,公开发布,任务编号 P2954。请扮演汽车顾问。围绕“汽车场景054-公开发布”中的选车、保养、对比任务，面向内容创作者，建立评估打分表。请用用户故事输出，并从“长期价值”角度做重点判断。要求：语言简洁，不说空话；保持中立客观；最后给出3条可立即执行的下一步。
2955,汽车,汽车顾问,销售团队,对比分析,质量,多方协作,任务编号 P2955。请扮演汽车顾问。围绕“汽车场景055-多方协作”中的选车、保养、对比任务，面向销售团队，提出自动化改造思路。请用对比分析输出，并从“质量”角度做重点判断。要求：兼顾成本和效果；适合在一天内开始执行；最后给出3条可立即执行的下一步。
2956,汽车,汽车顾问,教师,一页纸简报,用户体验,预算有限,任务编号 P2956。请扮演汽车顾问。围绕“汽车场景056-预算有限”中的选车、保养、对比任务，面向教师，设计用户调研问题。请用一页纸简报输出，并从“用户体验”角度做重点判断。要求：指出最容易忽略的细节；必要时提出澄清问题；最后给出3条可立即执行的下一步。
2957,汽车,汽车顾问,本地用户,评分矩阵,学习曲线,初创团队,任务编号 P2957。请扮演汽车顾问。围绕“汽车场景057-初创团队”中的选车、保养、对比任务，面向本地用户，模拟用户反馈并归纳模式。请用评分矩阵输出，并从“学习曲线”角度做重点判断。要求：包含可执行下一步；输出可直接复制使用；最后给出3条可立即执行的下一步。
2958,汽车,汽车顾问,创始人,用户故事,效率,需要扩张,任务编号 P2958。请扮演汽车顾问。围绕“汽车场景058-需要扩张”中的选车、保养、对比任务，面向创始人，生成故障排查路径。请用用户故事输出，并从“效率”角度做重点判断。要求：输出可直接复制使用；提供简短版本和完整版本；最后给出3条可立即执行的下一步。
2959,汽车,汽车顾问,新手用户,对比分析,风险,新市场验证,任务编号 P2959。请扮演汽车顾问。围绕“汽车场景059-新市场验证”中的选车、保养、对比任务，面向新手用户，把目标拆成里程碑。请用对比分析输出，并从“风险”角度做重点判断。要求：保持中立客观；按影响力排序；最后给出3条可立即执行的下一步。
2960,汽车,汽车顾问,一线执行团队,一页纸简报,增长,竞品压力,任务编号 P2960。请扮演汽车顾问。围绕“汽车场景060-竞品压力”中的选车、保养、对比任务，面向一线执行团队，提出可复用命名规范。请用一页纸简报输出，并从“增长”角度做重点判断。要求：先给结论再解释；包含可执行下一步；最后给出3条可立即执行的下一步。
2961,汽车,汽车顾问,开发团队,评分矩阵,短期落地,准备上线,任务编号 P2961。请扮演汽车顾问。围绕“汽车场景061-准备上线”中的选车、保养、对比任务，面向开发团队，创建风险登记册。请用评分矩阵输出，并从“短期落地”角度做重点判断。要求：包含失败预案；包含衡量标准；最后给出3条可立即执行的下一步。
2962,汽车,汽车顾问,客服团队,用户故事,成本,高不确定性,任务编号 P2962。请扮演汽车顾问。围绕“汽车场景062-高不确定性”中的选车、保养、对比任务，面向客服团队，制定一份可执行方案。请用用户故事输出，并从“成本”角度做重点判断。要求：用中文输出；标注假设和不确定性；最后给出3条可立即执行的下一步。
2963,汽车,汽车顾问,家长,对比分析,可维护性,远程协作,任务编号 P2963。请扮演汽车顾问。围绕“汽车场景063-远程协作”中的选车、保养、对比任务，面向家长，列出关键问题并给出优先级。请用对比分析输出，并从“可维护性”角度做重点判断。要求：标注假设和不确定性；指出最容易忽略的细节；最后给出3条可立即执行的下一步。
2964,汽车,汽车顾问,非技术读者,一页纸简报,长期价值,个人项目,任务编号 P2964。请扮演汽车顾问。围绕“汽车场景064-个人项目”中的选车、保养、对比任务，面向非技术读者，生成三种风格完全不同的版本。请用一页纸简报输出，并从“长期价值”角度做重点判断。要求：按影响力排序；避免专业黑话；最后给出3条可立即执行的下一步。
2965,汽车,汽车顾问,中小企业主,评分矩阵,质量,质量波动,任务编号 P2965。请扮演汽车顾问。围绕“汽车场景065-质量波动”中的选车、保养、对比任务，面向中小企业主，把复杂内容改写成新手也能懂的说明。请用评分矩阵输出，并从“质量”角度做重点判断。要求：必要时提出澄清问题；用中文输出；最后给出3条可立即执行的下一步。
2966,汽车,汽车顾问,资深从业者,用户故事,用户体验,用户流失,任务编号 P2966。请扮演汽车顾问。围绕“汽车场景066-用户流失”中的选车、保养、对比任务，面向资深从业者，设计一个从零到一的工作流。请用用户故事输出，并从“用户体验”角度做重点判断。要求：给出至少一个反例；兼顾成本和效果；最后给出3条可立即执行的下一步。
2967,汽车,汽车顾问,自由职业者,对比分析,学习曲线,内部培训,任务编号 P2967。请扮演汽车顾问。围绕“汽车场景067-内部培训”中的选车、保养、对比任务，面向自由职业者，创建检查清单并标注常见坑。请用对比分析输出，并从“学习曲线”角度做重点判断。要求：按难易度排序；避免虚构事实；最后给出3条可立即执行的下一步。
2968,汽车,汽车顾问,设计团队,一页纸简报,效率,需要复盘,任务编号 P2968。请扮演汽车顾问。围绕“汽车场景068-需要复盘”中的选车、保养、对比任务，面向设计团队，模拟专家评审并指出改进点。请用一页纸简报输出，并从“效率”角度做重点判断。要求：避免虚构事实；包含失败预案；最后给出3条可立即执行的下一步。
2969,汽车,汽车顾问,投资人,评分矩阵,风险,时间紧迫,任务编号 P2969。请扮演汽车顾问。围绕“汽车场景069-时间紧迫”中的选车、保养、对比任务，面向投资人，根据目标用户重写表达。请用评分矩阵输出，并从“风险”角度做重点判断。要求：避免专业黑话；语言简洁，不说空话；最后给出3条可立即执行的下一步。
2970,汽车,汽车顾问,海外用户,用户故事,增长,成熟企业,任务编号 P2970。请扮演汽车顾问。围绕“汽车场景070-成熟企业”中的选车、保养、对比任务，面向海外用户，提炼核心洞察并给出行动建议。请用用户故事输出，并从“增长”角度做重点判断。要求：包含衡量标准；按难易度排序；最后给出3条可立即执行的下一步。
2971,汽车,汽车顾问,专家评审,对比分析,短期落地,需要降本,任务编号 P2971。请扮演汽车顾问。围绕“汽车场景071-需要降本”中的选车、保养、对比任务，面向专家评审，设计一套可量化指标。请用对比分析输出，并从“短期落地”角度做重点判断。要求：提供简短版本和完整版本；先给结论再解释；最后给出3条可立即执行的下一步。
2972,汽车,汽车顾问,大学生,一页纸简报,成本,流程混乱,任务编号 P2972。请扮演汽车顾问。围绕“汽车场景072-流程混乱”中的选车、保养、对比任务，面向大学生，把零散想法整理成结构化大纲。请用一页纸简报输出，并从“成本”角度做重点判断。要求：适合在一天内开始执行；给出示例输入输出；最后给出3条可立即执行的下一步。
2973,汽车,汽车顾问,管理层,评分矩阵,可维护性,数据不足,任务编号 P2973。请扮演汽车顾问。围绕“汽车场景073-数据不足”中的选车、保养、对比任务，面向管理层，生成可直接使用的模板。请用评分矩阵输出，并从“可维护性”角度做重点判断。要求：给出示例输入输出；给出至少一个反例；最后给出3条可立即执行的下一步。
2974,汽车,汽车顾问,内容创作者,用户故事,长期价值,公开发布,任务编号 P2974。请扮演汽车顾问。围绕“汽车场景074-公开发布”中的选车、保养、对比任务，面向内容创作者，做一次反向推理找出隐藏风险。请用用户故事输出，并从“长期价值”角度做重点判断。要求：语言简洁，不说空话；保持中立客观；最后给出3条可立即执行的下一步。
2975,汽车,汽车顾问,销售团队,对比分析,质量,多方协作,任务编号 P2975。请扮演汽车顾问。围绕“汽车场景075-多方协作”中的选车、保养、对比任务，面向销售团队，给出低成本试验方案。请用对比分析输出，并从“质量”角度做重点判断。要求：兼顾成本和效果；适合在一天内开始执行；最后给出3条可立即执行的下一步。
2976,汽车,汽车顾问,教师,一页纸简报,用户体验,预算有限,任务编号 P2976。请扮演汽车顾问。围绕“汽车场景076-预算有限”中的选车、保养、对比任务，面向教师，创建对比表并推荐选择。请用一页纸简报输出，并从“用户体验”角度做重点判断。要求：指出最容易忽略的细节；必要时提出澄清问题；最后给出3条可立即执行的下一步。
2977,汽车,汽车顾问,本地用户,评分矩阵,学习曲线,初创团队,任务编号 P2977。请扮演汽车顾问。围绕“汽车场景077-初创团队”中的选车、保养、对比任务，面向本地用户，把长内容压缩成高密度摘要。请用评分矩阵输出，并从“学习曲线”角度做重点判断。要求：包含可执行下一步；输出可直接复制使用；最后给出3条可立即执行的下一步。
2978,汽车,汽车顾问,创始人,用户故事,效率,需要扩张,任务编号 P2978。请扮演汽车顾问。围绕“汽车场景078-需要扩张”中的选车、保养、对比任务，面向创始人，提出10个创新方向并排序。请用用户故事输出，并从“效率”角度做重点判断。要求：输出可直接复制使用；提供简短版本和完整版本；最后给出3条可立即执行的下一步。
2979,汽车,汽车顾问,新手用户,对比分析,风险,新市场验证,任务编号 P2979。请扮演汽车顾问。围绕“汽车场景079-新市场验证”中的选车、保养、对比任务，面向新手用户，设计30天训练计划。请用对比分析输出，并从“风险”角度做重点判断。要求：保持中立客观；按影响力排序；最后给出3条可立即执行的下一步。
2980,汽车,汽车顾问,一线执行团队,一页纸简报,增长,竞品压力,任务编号 P2980。请扮演汽车顾问。围绕“汽车场景080-竞品压力”中的选车、保养、对比任务，面向一线执行团队，构建决策树帮助判断下一步。请用一页纸简报输出，并从“增长”角度做重点判断。要求：先给结论再解释；包含可执行下一步；最后给出3条可立即执行的下一步。
2981,汽车,汽车顾问,开发团队,评分矩阵,短期落地,准备上线,任务编号 P2981。请扮演汽车顾问。围绕“汽车场景081-准备上线”中的选车、保养、对比任务，面向开发团队，生成会议讨论提纲。请用评分矩阵输出，并从“短期落地”角度做重点判断。要求：包含失败预案；包含衡量标准；最后给出3条可立即执行的下一步。
2982,汽车,汽车顾问,客服团队,用户故事,成本,高不确定性,任务编号 P2982。请扮演汽车顾问。围绕“汽车场景082-高不确定性”中的选车、保养、对比任务，面向客服团队，写一份面向管理层的简报。请用用户故事输出，并从“成本”角度做重点判断。要求：用中文输出；标注假设和不确定性；最后给出3条可立即执行的下一步。
2983,汽车,汽车顾问,家长,对比分析,可维护性,远程协作,任务编号 P2983。请扮演汽车顾问。围绕“汽车场景083-远程协作”中的选车、保养、对比任务，面向家长，写一份面向执行者的操作手册。请用对比分析输出，并从“可维护性”角度做重点判断。要求：标注假设和不确定性；指出最容易忽略的细节；最后给出3条可立即执行的下一步。
2984,汽车,汽车顾问,非技术读者,一页纸简报,长期价值,个人项目,任务编号 P2984。请扮演汽车顾问。围绕“汽车场景084-个人项目”中的选车、保养、对比任务，面向非技术读者，建立评估打分表。请用一页纸简报输出，并从“长期价值”角度做重点判断。要求：按影响力排序；避免专业黑话；最后给出3条可立即执行的下一步。
2985,汽车,汽车顾问,中小企业主,评分矩阵,质量,质量波动,任务编号 P2985。请扮演汽车顾问。围绕“汽车场景085-质量波动”中的选车、保养、对比任务，面向中小企业主，提出自动化改造思路。请用评分矩阵输出，并从“质量”角度做重点判断。要求：必要时提出澄清问题；用中文输出；最后给出3条可立即执行的下一步。
2986,汽车,汽车顾问,资深从业者,用户故事,用户体验,用户流失,任务编号 P2986。请扮演汽车顾问。围绕“汽车场景086-用户流失”中的选车、保养、对比任务，面向资深从业者，设计用户调研问题。请用用户故事输出，并从“用户体验”角度做重点判断。要求：给出至少一个反例；兼顾成本和效果；最后给出3条可立即执行的下一步。
2987,汽车,汽车顾问,自由职业者,对比分析,学习曲线,内部培训,任务编号 P2987。请扮演汽车顾问。围绕“汽车场景087-内部培训”中的选车、保养、对比任务，面向自由职业者，模拟用户反馈并归纳模式。请用对比分析输出，并从“学习曲线”角度做重点判断。要求：按难易度排序；避免虚构事实；最后给出3条可立即执行的下一步。
2988,汽车,汽车顾问,设计团队,一页纸简报,效率,需要复盘,任务编号 P2988。请扮演汽车顾问。围绕“汽车场景088-需要复盘”中的选车、保养、对比任务，面向设计团队，生成故障排查路径。请用一页纸简报输出，并从“效率”角度做重点判断。要求：避免虚构事实；包含失败预案；最后给出3条可立即执行的下一步。
2989,汽车,汽车顾问,投资人,评分矩阵,风险,时间紧迫,任务编号 P2989。请扮演汽车顾问。围绕“汽车场景089-时间紧迫”中的选车、保养、对比任务，面向投资人，把目标拆成里程碑。请用评分矩阵输出，并从“风险”角度做重点判断。要求：避免专业黑话；语言简洁，不说空话；最后给出3条可立即执行的下一步。
2990,汽车,汽车顾问,海外用户,用户故事,增长,成熟企业,任务编号 P2990。请扮演汽车顾问。围绕“汽车场景090-成熟企业”中的选车、保养、对比任务，面向海外用户，提出可复用命名规范。请用用户故事输出，并从“增长”角度做重点判断。要求：包含衡量标准；按难易度排序；最后给出3条可立即执行的下一步。
2991,汽车,汽车顾问,专家评审,对比分析,短期落地,需要降本,任务编号 P2991。请扮演汽车顾问。围绕“汽车场景091-需要降本”中的选车、保养、对比任务，面向专家评审，创建风险登记册。请用对比分析输出，并从“短期落地”角度做重点判断。要求：提供简短版本和完整版本；先给结论再解释；最后给出3条可立即执行的下一步。
2992,汽车,汽车顾问,大学生,一页纸简报,成本,流程混乱,任务编号 P2992。请扮演汽车顾问。围绕“汽车场景092-流程混乱”中的选车、保养、对比任务，面向大学生，制定一份可执行方案。请用一页纸简报输出，并从“成本”角度做重点判断。要求：适合在一天内开始执行；给出示例输入输出；最后给出3条可立即执行的下一步。
2993,汽车,汽车顾问,管理层,评分矩阵,可维护性,数据不足,任务编号 P2993。请扮演汽车顾问。围绕“汽车场景093-数据不足”中的选车、保养、对比任务，面向管理层，列出关键问题并给出优先级。请用评分矩阵输出，并从“可维护性”角度做重点判断。要求：给出示例输入输出；给出至少一个反例；最后给出3条可立即执行的下一步。
2994,汽车,汽车顾问,内容创作者,用户故事,长期价值,公开发布,任务编号 P2994。请扮演汽车顾问。围绕“汽车场景094-公开发布”中的选车、保养、对比任务，面向内容创作者，生成三种风格完全不同的版本。请用用户故事输出，并从“长期价值”角度做重点判断。要求：语言简洁，不说空话；保持中立客观；最后给出3条可立即执行的下一步。
2995,汽车,汽车顾问,销售团队,对比分析,质量,多方协作,任务编号 P2995。请扮演汽车顾问。围绕“汽车场景095-多方协作”中的选车、保养、对比任务，面向销售团队，把复杂内容改写成新手也能懂的说明。请用对比分析输出，并从“质量”角度做重点判断。要求：兼顾成本和效果；适合在一天内开始执行；最后给出3条可立即执行的下一步。
2996,汽车,汽车顾问,教师,一页纸简报,用户体验,预算有限,任务编号 P2996。请扮演汽车顾问。围绕“汽车场景096-预算有限”中的选车、保养、对比任务，面向教师，设计一个从零到一的工作流。请用一页纸简报输出，并从“用户体验”角度做重点判断。要求：指出最容易忽略的细节；必要时提出澄清问题；最后给出3条可立即执行的下一步。
2997,汽车,汽车顾问,本地用户,评分矩阵,学习曲线,初创团队,任务编号 P2997。请扮演汽车顾问。围绕“汽车场景097-初创团队”中的选车、保养、对比任务，面向本地用户，创建检查清单并标注常见坑。请用评分矩阵输出，并从“学习曲线”角度做重点判断。要求：包含可执行下一步；输出可直接复制使用；最后给出3条可立即执行的下一步。
2998,汽车,汽车顾问,创始人,用户故事,效率,需要扩张,任务编号 P2998。请扮演汽车顾问。围绕“汽车场景098-需要扩张”中的选车、保养、对比任务，面向创始人，模拟专家评审并指出改进点。请用用户故事输出，并从“效率”角度做重点判断。要求：输出可直接复制使用；提供简短版本和完整版本；最后给出3条可立即执行的下一步。
2999,汽车,汽车顾问,新手用户,对比分析,风险,新市场验证,任务编号 P2999。请扮演汽车顾问。围绕“汽车场景099-新市场验证”中的选车、保养、对比任务，面向新手用户，根据目标用户重写表达。请用对比分析输出，并从“风险”角度做重点判断。要求：保持中立客观；按影响力排序；最后给出3条可立即执行的下一步。
3000,汽车,汽车顾问,一线执行团队,一页纸简报,增长,竞品压力,任务编号 P3000。请扮演汽车顾问。围绕“汽车场景100-竞品压力”中的选车、保养、对比任务，面向一线执行团队，提炼核心洞察并给出行动建议。请用一页纸简报输出，并从“增长”角度做重点判断。要求：先给结论再解释；包含可执行下一步；最后给出3条可立即执行的下一步。
3001,艺术,创意总监,设计团队,路线图,效率,公开发布,任务编号 P3001。请扮演创意总监。围绕“艺术场景001-公开发布”中的风格、展览、作品集任务，面向设计团队，制定一份可执行方案。请用路线图输出，并从“效率”角度做重点判断。要求：按影响力排序；给出示例输入输出；最后给出3条可立即执行的下一步。
3002,艺术,创意总监,投资人,PRD片段,风险,多方协作,任务编号 P3002。请扮演创意总监。围绕“艺术场景002-多方协作”中的风格、展览、作品集任务，面向投资人，列出关键问题并给出优先级。请用PRD片段输出，并从“风险”角度做重点判断。要求：必要时提出澄清问题；给出至少一个反例；最后给出3条可立即执行的下一步。
3003,艺术,创意总监,海外用户,表格,增长,预算有限,任务编号 P3003。请扮演创意总监。围绕“艺术场景003-预算有限”中的风格、展览、作品集任务，面向海外用户，生成三种风格完全不同的版本。请用表格输出，并从“增长”角度做重点判断。要求：给出至少一个反例；保持中立客观；最后给出3条可立即执行的下一步。
3004,艺术,创意总监,专家评审,邮件草稿,短期落地,初创团队,任务编号 P3004。请扮演创意总监。围绕“艺术场景004-初创团队”中的风格、展览、作品集任务，面向专家评审，把复杂内容改写成新手也能懂的说明。请用邮件草稿输出，并从“短期落地”角度做重点判断。要求：按难易度排序；适合在一天内开始执行；最后给出3条可立即执行的下一步。
3005,艺术,创意总监,大学生,路线图,成本,需要扩张,任务编号 P3005。请扮演创意总监。围绕“艺术场景005-需要扩张”中的风格、展览、作品集任务，面向大学生，设计一个从零到一的工作流。请用路线图输出，并从“成本”角度做重点判断。要求：避免虚构事实；必要时提出澄清问题；最后给出3条可立即执行的下一步。
3006,艺术,创意总监,管理层,PRD片段,可维护性,新市场验证,任务编号 P3006。请扮演创意总监。围绕“艺术场景006-新市场验证”中的风格、展览、作品集任务，面向管理层，创建检查清单并标注常见坑。请用PRD片段输出，并从“可维护性”角度做重点判断。要求：避免专业黑话；输出可直接复制使用；最后给出3条可立即执行的下一步。
3007,艺术,创意总监,内容创作者,表格,长期价值,竞品压力,任务编号 P3007。请扮演创意总监。围绕“艺术场景007-竞品压力”中的风格、展览、作品集任务，面向内容创作者，模拟专家评审并指出改进点。请用表格输出，并从“长期价值”角度做重点判断。要求：包含衡量标准；提供简短版本和完整版本；最后给出3条可立即执行的下一步。
3008,艺术,创意总监,销售团队,邮件草稿,质量,准备上线,任务编号 P3008。请扮演创意总监。围绕“艺术场景008-准备上线”中的风格、展览、作品集任务，面向销售团队，根据目标用户重写表达。请用邮件草稿输出，并从“质量”角度做重点判断。要求：提供简短版本和完整版本；按影响力排序；最后给出3条可立即执行的下一步。
3009,艺术,创意总监,教师,路线图,用户体验,高不确定性,任务编号 P3009。请扮演创意总监。围绕“艺术场景009-高不确定性”中的风格、展览、作品集任务，面向教师，提炼核心洞察并给出行动建议。请用路线图输出，并从“用户体验”角度做重点判断。要求：适合在一天内开始执行；包含可执行下一步；最后给出3条可立即执行的下一步。
3010,艺术,创意总监,本地用户,PRD片段,学习曲线,远程协作,任务编号 P3010。请扮演创意总监。围绕“艺术场景010-远程协作”中的风格、展览、作品集任务，面向本地用户，设计一套可量化指标。请用PRD片段输出，并从“学习曲线”角度做重点判断。要求：给出示例输入输出；包含衡量标准；最后给出3条可立即执行的下一步。
3011,艺术,创意总监,创始人,表格,效率,个人项目,任务编号 P3011。请扮演创意总监。围绕“艺术场景011-个人项目”中的风格、展览、作品集任务，面向创始人，把零散想法整理成结构化大纲。请用表格输出，并从“效率”角度做重点判断。要求：语言简洁，不说空话；标注假设和不确定性；最后给出3条可立即执行的下一步。
3012,艺术,创意总监,新手用户,邮件草稿,风险,质量波动,任务编号 P3012。请扮演创意总监。围绕“艺术场景012-质量波动”中的风格、展览、作品集任务，面向新手用户，生成可直接使用的模板。请用邮件草稿输出，并从“风险”角度做重点判断。要求：兼顾成本和效果；指出最容易忽略的细节；最后给出3条可立即执行的下一步。
3013,艺术,创意总监,一线执行团队,路线图,增长,用户流失,任务编号 P3013。请扮演创意总监。围绕“艺术场景013-用户流失”中的风格、展览、作品集任务，面向一线执行团队，做一次反向推理找出隐藏风险。请用路线图输出，并从“增长”角度做重点判断。要求：指出最容易忽略的细节；避免专业黑话；最后给出3条可立即执行的下一步。
3014,艺术,创意总监,开发团队,PRD片段,短期落地,内部培训,任务编号 P3014。请扮演创意总监。围绕“艺术场景014-内部培训”中的风格、展览、作品集任务，面向开发团队，给出低成本试验方案。请用PRD片段输出，并从“短期落地”角度做重点判断。要求：包含可执行下一步；用中文输出；最后给出3条可立即执行的下一步。
3015,艺术,创意总监,客服团队,表格,成本,需要复盘,任务编号 P3015。请扮演创意总监。围绕“艺术场景015-需要复盘”中的风格、展览、作品集任务，面向客服团队，创建对比表并推荐选择。请用表格输出，并从“成本”角度做重点判断。要求：输出可直接复制使用；兼顾成本和效果；最后给出3条可立即执行的下一步。
3016,艺术,创意总监,家长,邮件草稿,可维护性,时间紧迫,任务编号 P3016。请扮演创意总监。围绕“艺术场景016-时间紧迫”中的风格、展览、作品集任务，面向家长，把长内容压缩成高密度摘要。请用邮件草稿输出，并从“可维护性”角度做重点判断。要求：保持中立客观；避免虚构事实；最后给出3条可立即执行的下一步。
3017,艺术,创意总监,非技术读者,路线图,长期价值,成熟企业,任务编号 P3017。请扮演创意总监。围绕“艺术场景017-成熟企业”中的风格、展览、作品集任务，面向非技术读者，提出10个创新方向并排序。请用路线图输出，并从“长期价值”角度做重点判断。要求：先给结论再解释；包含失败预案；最后给出3条可立即执行的下一步。
3018,艺术,创意总监,中小企业主,PRD片段,质量,需要降本,任务编号 P3018。请扮演创意总监。围绕“艺术场景018-需要降本”中的风格、展览、作品集任务，面向中小企业主，设计30天训练计划。请用PRD片段输出，并从“质量”角度做重点判断。要求：包含失败预案；语言简洁，不说空话；最后给出3条可立即执行的下一步。
3019,艺术,创意总监,资深从业者,表格,用户体验,流程混乱,任务编号 P3019。请扮演创意总监。围绕“艺术场景019-流程混乱”中的风格、展览、作品集任务，面向资深从业者，构建决策树帮助判断下一步。请用表格输出，并从“用户体验”角度做重点判断。要求：用中文输出；按难易度排序；最后给出3条可立即执行的下一步。
3020,艺术,创意总监,自由职业者,邮件草稿,学习曲线,数据不足,任务编号 P3020。请扮演创意总监。围绕“艺术场景020-数据不足”中的风格、展览、作品集任务，面向自由职业者，生成会议讨论提纲。请用邮件草稿输出，并从“学习曲线”角度做重点判断。要求：标注假设和不确定性；先给结论再解释；最后给出3条可立即执行的下一步。
3021,艺术,创意总监,设计团队,路线图,效率,公开发布,任务编号 P3021。请扮演创意总监。围绕“艺术场景021-公开发布”中的风格、展览、作品集任务，面向设计团队，写一份面向管理层的简报。请用路线图输出，并从“效率”角度做重点判断。要求：按影响力排序；给出示例输入输出；最后给出3条可立即执行的下一步。
3022,艺术,创意总监,投资人,PRD片段,风险,多方协作,任务编号 P3022。请扮演创意总监。围绕“艺术场景022-多方协作”中的风格、展览、作品集任务，面向投资人，写一份面向执行者的操作手册。请用PRD片段输出，并从“风险”角度做重点判断。要求：必要时提出澄清问题；给出至少一个反例；最后给出3条可立即执行的下一步。
3023,艺术,创意总监,海外用户,表格,增长,预算有限,任务编号 P3023。请扮演创意总监。围绕“艺术场景023-预算有限”中的风格、展览、作品集任务，面向海外用户，建立评估打分表。请用表格输出，并从“增长”角度做重点判断。要求：给出至少一个反例；保持中立客观；最后给出3条可立即执行的下一步。
3024,艺术,创意总监,专家评审,邮件草稿,短期落地,初创团队,任务编号 P3024。请扮演创意总监。围绕“艺术场景024-初创团队”中的风格、展览、作品集任务，面向专家评审，提出自动化改造思路。请用邮件草稿输出，并从“短期落地”角度做重点判断。要求：按难易度排序；适合在一天内开始执行；最后给出3条可立即执行的下一步。
3025,艺术,创意总监,大学生,路线图,成本,需要扩张,任务编号 P3025。请扮演创意总监。围绕“艺术场景025-需要扩张”中的风格、展览、作品集任务，面向大学生，设计用户调研问题。请用路线图输出，并从“成本”角度做重点判断。要求：避免虚构事实；必要时提出澄清问题；最后给出3条可立即执行的下一步。
3026,艺术,创意总监,管理层,PRD片段,可维护性,新市场验证,任务编号 P3026。请扮演创意总监。围绕“艺术场景026-新市场验证”中的风格、展览、作品集任务，面向管理层，模拟用户反馈并归纳模式。请用PRD片段输出，并从“可维护性”角度做重点判断。要求：避免专业黑话；输出可直接复制使用；最后给出3条可立即执行的下一步。
3027,艺术,创意总监,内容创作者,表格,长期价值,竞品压力,任务编号 P3027。请扮演创意总监。围绕“艺术场景027-竞品压力”中的风格、展览、作品集任务，面向内容创作者，生成故障排查路径。请用表格输出，并从“长期价值”角度做重点判断。要求：包含衡量标准；提供简短版本和完整版本；最后给出3条可立即执行的下一步。
3028,艺术,创意总监,销售团队,邮件草稿,质量,准备上线,任务编号 P3028。请扮演创意总监。围绕“艺术场景028-准备上线”中的风格、展览、作品集任务，面向销售团队，把目标拆成里程碑。请用邮件草稿输出，并从“质量”角度做重点判断。要求：提供简短版本和完整版本；按影响力排序；最后给出3条可立即执行的下一步。
3029,艺术,创意总监,教师,路线图,用户体验,高不确定性,任务编号 P3029。请扮演创意总监。围绕“艺术场景029-高不确定性”中的风格、展览、作品集任务，面向教师，提出可复用命名规范。请用路线图输出，并从“用户体验”角度做重点判断。要求：适合在一天内开始执行；包含可执行下一步；最后给出3条可立即执行的下一步。
3030,艺术,创意总监,本地用户,PRD片段,学习曲线,远程协作,任务编号 P3030。请扮演创意总监。围绕“艺术场景030-远程协作”中的风格、展览、作品集任务，面向本地用户，创建风险登记册。请用PRD片段输出，并从“学习曲线”角度做重点判断。要求：给出示例输入输出；包含衡量标准；最后给出3条可立即执行的下一步。
3031,艺术,创意总监,创始人,表格,效率,个人项目,任务编号 P3031。请扮演创意总监。围绕“艺术场景031-个人项目”中的风格、展览、作品集任务，面向创始人，制定一份可执行方案。请用表格输出，并从“效率”角度做重点判断。要求：语言简洁，不说空话；标注假设和不确定性；最后给出3条可立即执行的下一步。
3032,艺术,创意总监,新手用户,邮件草稿,风险,质量波动,任务编号 P3032。请扮演创意总监。围绕“艺术场景032-质量波动”中的风格、展览、作品集任务，面向新手用户，列出关键问题并给出优先级。请用邮件草稿输出，并从“风险”角度做重点判断。要求：兼顾成本和效果；指出最容易忽略的细节；最后给出3条可立即执行的下一步。
3033,艺术,创意总监,一线执行团队,路线图,增长,用户流失,任务编号 P3033。请扮演创意总监。围绕“艺术场景033-用户流失”中的风格、展览、作品集任务，面向一线执行团队，生成三种风格完全不同的版本。请用路线图输出，并从“增长”角度做重点判断。要求：指出最容易忽略的细节；避免专业黑话；最后给出3条可立即执行的下一步。
3034,艺术,创意总监,开发团队,PRD片段,短期落地,内部培训,任务编号 P3034。请扮演创意总监。围绕“艺术场景034-内部培训”中的风格、展览、作品集任务，面向开发团队，把复杂内容改写成新手也能懂的说明。请用PRD片段输出，并从“短期落地”角度做重点判断。要求：包含可执行下一步；用中文输出；最后给出3条可立即执行的下一步。
3035,艺术,创意总监,客服团队,表格,成本,需要复盘,任务编号 P3035。请扮演创意总监。围绕“艺术场景035-需要复盘”中的风格、展览、作品集任务，面向客服团队，设计一个从零到一的工作流。请用表格输出，并从“成本”角度做重点判断。要求：输出可直接复制使用；兼顾成本和效果；最后给出3条可立即执行的下一步。
3036,艺术,创意总监,家长,邮件草稿,可维护性,时间紧迫,任务编号 P3036。请扮演创意总监。围绕“艺术场景036-时间紧迫”中的风格、展览、作品集任务，面向家长，创建检查清单并标注常见坑。请用邮件草稿输出，并从“可维护性”角度做重点判断。要求：保持中立客观；避免虚构事实；最后给出3条可立即执行的下一步。
3037,艺术,创意总监,非技术读者,路线图,长期价值,成熟企业,任务编号 P3037。请扮演创意总监。围绕“艺术场景037-成熟企业”中的风格、展览、作品集任务，面向非技术读者，模拟专家评审并指出改进点。请用路线图输出，并从“长期价值”角度做重点判断。要求：先给结论再解释；包含失败预案；最后给出3条可立即执行的下一步。
3038,艺术,创意总监,中小企业主,PRD片段,质量,需要降本,任务编号 P3038。请扮演创意总监。围绕“艺术场景038-需要降本”中的风格、展览、作品集任务，面向中小企业主，根据目标用户重写表达。请用PRD片段输出，并从“质量”角度做重点判断。要求：包含失败预案；语言简洁，不说空话；最后给出3条可立即执行的下一步。
3039,艺术,创意总监,资深从业者,表格,用户体验,流程混乱,任务编号 P3039。请扮演创意总监。围绕“艺术场景039-流程混乱”中的风格、展览、作品集任务，面向资深从业者，提炼核心洞察并给出行动建议。请用表格输出，并从“用户体验”角度做重点判断。要求：用中文输出；按难易度排序；最后给出3条可立即执行的下一步。
3040,艺术,创意总监,自由职业者,邮件草稿,学习曲线,数据不足,任务编号 P3040。请扮演创意总监。围绕“艺术场景040-数据不足”中的风格、展览、作品集任务，面向自由职业者，设计一套可量化指标。请用邮件草稿输出，并从“学习曲线”角度做重点判断。要求：标注假设和不确定性；先给结论再解释；最后给出3条可立即执行的下一步。
3041,艺术,创意总监,设计团队,路线图,效率,公开发布,任务编号 P3041。请扮演创意总监。围绕“艺术场景041-公开发布”中的风格、展览、作品集任务，面向设计团队，把零散想法整理成结构化大纲。请用路线图输出，并从“效率”角度做重点判断。要求：按影响力排序；给出示例输入输出；最后给出3条可立即执行的下一步。
3042,艺术,创意总监,投资人,PRD片段,风险,多方协作,任务编号 P3042。请扮演创意总监。围绕“艺术场景042-多方协作”中的风格、展览、作品集任务，面向投资人，生成可直接使用的模板。请用PRD片段输出，并从“风险”角度做重点判断。要求：必要时提出澄清问题；给出至少一个反例；最后给出3条可立即执行的下一步。
3043,艺术,创意总监,海外用户,表格,增长,预算有限,任务编号 P3043。请扮演创意总监。围绕“艺术场景043-预算有限”中的风格、展览、作品集任务，面向海外用户，做一次反向推理找出隐藏风险。请用表格输出，并从“增长”角度做重点判断。要求：给出至少一个反例；保持中立客观；最后给出3条可立即执行的下一步。
3044,艺术,创意总监,专家评审,邮件草稿,短期落地,初创团队,任务编号 P3044。请扮演创意总监。围绕“艺术场景044-初创团队”中的风格、展览、作品集任务，面向专家评审，给出低成本试验方案。请用邮件草稿输出，并从“短期落地”角度做重点判断。要求：按难易度排序；适合在一天内开始执行；最后给出3条可立即执行的下一步。
3045,艺术,创意总监,大学生,路线图,成本,需要扩张,任务编号 P3045。请扮演创意总监。围绕“艺术场景045-需要扩张”中的风格、展览、作品集任务，面向大学生，创建对比表并推荐选择。请用路线图输出，并从“成本”角度做重点判断。要求：避免虚构事实；必要时提出澄清问题；最后给出3条可立即执行的下一步。
3046,艺术,创意总监,管理层,PRD片段,可维护性,新市场验证,任务编号 P3046。请扮演创意总监。围绕“艺术场景046-新市场验证”中的风格、展览、作品集任务，面向管理层，把长内容压缩成高密度摘要。请用PRD片段输出，并从“可维护性”角度做重点判断。要求：避免专业黑话；输出可直接复制使用；最后给出3条可立即执行的下一步。
3047,艺术,创意总监,内容创作者,表格,长期价值,竞品压力,任务编号 P3047。请扮演创意总监。围绕“艺术场景047-竞品压力”中的风格、展览、作品集任务，面向内容创作者，提出10个创新方向并排序。请用表格输出，并从“长期价值”角度做重点判断。要求：包含衡量标准；提供简短版本和完整版本；最后给出3条可立即执行的下一步。
3048,艺术,创意总监,销售团队,邮件草稿,质量,准备上线,任务编号 P3048。请扮演创意总监。围绕“艺术场景048-准备上线”中的风格、展览、作品集任务，面向销售团队，设计30天训练计划。请用邮件草稿输出，并从“质量”角度做重点判断。要求：提供简短版本和完整版本；按影响力排序；最后给出3条可立即执行的下一步。
3049,艺术,创意总监,教师,路线图,用户体验,高不确定性,任务编号 P3049。请扮演创意总监。围绕“艺术场景049-高不确定性”中的风格、展览、作品集任务，面向教师，构建决策树帮助判断下一步。请用路线图输出，并从“用户体验”角度做重点判断。要求：适合在一天内开始执行；包含可执行下一步；最后给出3条可立即执行的下一步。
3050,艺术,创意总监,本地用户,PRD片段,学习曲线,远程协作,任务编号 P3050。请扮演创意总监。围绕“艺术场景050-远程协作”中的风格、展览、作品集任务，面向本地用户，生成会议讨论提纲。请用PRD片段输出，并从“学习曲线”角度做重点判断。要求：给出示例输入输出；包含衡量标准；最后给出3条可立即执行的下一步。
3051,艺术,创意总监,创始人,表格,效率,个人项目,任务编号 P3051。请扮演创意总监。围绕“艺术场景051-个人项目”中的风格、展览、作品集任务，面向创始人，写一份面向管理层的简报。请用表格输出，并从“效率”角度做重点判断。要求：语言简洁，不说空话；标注假设和不确定性；最后给出3条可立即执行的下一步。
3052,艺术,创意总监,新手用户,邮件草稿,风险,质量波动,任务编号 P3052。请扮演创意总监。围绕“艺术场景052-质量波动”中的风格、展览、作品集任务，面向新手用户，写一份面向执行者的操作手册。请用邮件草稿输出，并从“风险”角度做重点判断。要求：兼顾成本和效果；指出最容易忽略的细节；最后给出3条可立即执行的下一步。
3053,艺术,创意总监,一线执行团队,路线图,增长,用户流失,任务编号 P3053。请扮演创意总监。围绕“艺术场景053-用户流失”中的风格、展览、作品集任务，面向一线执行团队，建立评估打分表。请用路线图输出，并从“增长”角度做重点判断。要求：指出最容易忽略的细节；避免专业黑话；最后给出3条可立即执行的下一步。
3054,艺术,创意总监,开发团队,PRD片段,短期落地,内部培训,任务编号 P3054。请扮演创意总监。围绕“艺术场景054-内部培训”中的风格、展览、作品集任务，面向开发团队，提出自动化改造思路。请用PRD片段输出，并从“短期落地”角度做重点判断。要求：包含可执行下一步；用中文输出；最后给出3条可立即执行的下一步。
3055,艺术,创意总监,客服团队,表格,成本,需要复盘,任务编号 P3055。请扮演创意总监。围绕“艺术场景055-需要复盘”中的风格、展览、作品集任务，面向客服团队，设计用户调研问题。请用表格输出，并从“成本”角度做重点判断。要求：输出可直接复制使用；兼顾成本和效果；最后给出3条可立即执行的下一步。
3056,艺术,创意总监,家长,邮件草稿,可维护性,时间紧迫,任务编号 P3056。请扮演创意总监。围绕“艺术场景056-时间紧迫”中的风格、展览、作品集任务，面向家长，模拟用户反馈并归纳模式。请用邮件草稿输出，并从“可维护性”角度做重点判断。要求：保持中立客观；避免虚构事实；最后给出3条可立即执行的下一步。
3057,艺术,创意总监,非技术读者,路线图,长期价值,成熟企业,任务编号 P3057。请扮演创意总监。围绕“艺术场景057-成熟企业”中的风格、展览、作品集任务，面向非技术读者，生成故障排查路径。请用路线图输出，并从“长期价值”角度做重点判断。要求：先给结论再解释；包含失败预案；最后给出3条可立即执行的下一步。
3058,艺术,创意总监,中小企业主,PRD片段,质量,需要降本,任务编号 P3058。请扮演创意总监。围绕“艺术场景058-需要降本”中的风格、展览、作品集任务，面向中小企业主，把目标拆成里程碑。请用PRD片段输出，并从“质量”角度做重点判断。要求：包含失败预案；语言简洁，不说空话；最后给出3条可立即执行的下一步。
3059,艺术,创意总监,资深从业者,表格,用户体验,流程混乱,任务编号 P3059。请扮演创意总监。围绕“艺术场景059-流程混乱”中的风格、展览、作品集任务，面向资深从业者，提出可复用命名规范。请用表格输出，并从“用户体验”角度做重点判断。要求：用中文输出；按难易度排序；最后给出3条可立即执行的下一步。
3060,艺术,创意总监,自由职业者,邮件草稿,学习曲线,数据不足,任务编号 P3060。请扮演创意总监。围绕“艺术场景060-数据不足”中的风格、展览、作品集任务，面向自由职业者，创建风险登记册。请用邮件草稿输出，并从“学习曲线”角度做重点判断。要求：标注假设和不确定性；先给结论再解释；最后给出3条可立即执行的下一步。
3061,艺术,创意总监,设计团队,路线图,效率,公开发布,任务编号 P3061。请扮演创意总监。围绕“艺术场景061-公开发布”中的风格、展览、作品集任务，面向设计团队，制定一份可执行方案。请用路线图输出，并从“效率”角度做重点判断。要求：按影响力排序；给出示例输入输出；最后给出3条可立即执行的下一步。
3062,艺术,创意总监,投资人,PRD片段,风险,多方协作,任务编号 P3062。请扮演创意总监。围绕“艺术场景062-多方协作”中的风格、展览、作品集任务，面向投资人，列出关键问题并给出优先级。请用PRD片段输出，并从“风险”角度做重点判断。要求：必要时提出澄清问题；给出至少一个反例；最后给出3条可立即执行的下一步。
3063,艺术,创意总监,海外用户,表格,增长,预算有限,任务编号 P3063。请扮演创意总监。围绕“艺术场景063-预算有限”中的风格、展览、作品集任务，面向海外用户，生成三种风格完全不同的版本。请用表格输出，并从“增长”角度做重点判断。要求：给出至少一个反例；保持中立客观；最后给出3条可立即执行的下一步。
3064,艺术,创意总监,专家评审,邮件草稿,短期落地,初创团队,任务编号 P3064。请扮演创意总监。围绕“艺术场景064-初创团队”中的风格、展览、作品集任务，面向专家评审，把复杂内容改写成新手也能懂的说明。请用邮件草稿输出，并从“短期落地”角度做重点判断。要求：按难易度排序；适合在一天内开始执行；最后给出3条可立即执行的下一步。
3065,艺术,创意总监,大学生,路线图,成本,需要扩张,任务编号 P3065。请扮演创意总监。围绕“艺术场景065-需要扩张”中的风格、展览、作品集任务，面向大学生，设计一个从零到一的工作流。请用路线图输出，并从“成本”角度做重点判断。要求：避免虚构事实；必要时提出澄清问题；最后给出3条可立即执行的下一步。
3066,艺术,创意总监,管理层,PRD片段,可维护性,新市场验证,任务编号 P3066。请扮演创意总监。围绕“艺术场景066-新市场验证”中的风格、展览、作品集任务，面向管理层，创建检查清单并标注常见坑。请用PRD片段输出，并从“可维护性”角度做重点判断。要求：避免专业黑话；输出可直接复制使用；最后给出3条可立即执行的下一步。
3067,艺术,创意总监,内容创作者,表格,长期价值,竞品压力,任务编号 P3067。请扮演创意总监。围绕“艺术场景067-竞品压力”中的风格、展览、作品集任务，面向内容创作者，模拟专家评审并指出改进点。请用表格输出，并从“长期价值”角度做重点判断。要求：包含衡量标准；提供简短版本和完整版本；最后给出3条可立即执行的下一步。
3068,艺术,创意总监,销售团队,邮件草稿,质量,准备上线,任务编号 P3068。请扮演创意总监。围绕“艺术场景068-准备上线”中的风格、展览、作品集任务，面向销售团队，根据目标用户重写表达。请用邮件草稿输出，并从“质量”角度做重点判断。要求：提供简短版本和完整版本；按影响力排序；最后给出3条可立即执行的下一步。
3069,艺术,创意总监,教师,路线图,用户体验,高不确定性,任务编号 P3069。请扮演创意总监。围绕“艺术场景069-高不确定性”中的风格、展览、作品集任务，面向教师，提炼核心洞察并给出行动建议。请用路线图输出，并从“用户体验”角度做重点判断。要求：适合在一天内开始执行；包含可执行下一步；最后给出3条可立即执行的下一步。
3070,艺术,创意总监,本地用户,PRD片段,学习曲线,远程协作,任务编号 P3070。请扮演创意总监。围绕“艺术场景070-远程协作”中的风格、展览、作品集任务，面向本地用户，设计一套可量化指标。请用PRD片段输出，并从“学习曲线”角度做重点判断。要求：给出示例输入输出；包含衡量标准；最后给出3条可立即执行的下一步。
3071,艺术,创意总监,创始人,表格,效率,个人项目,任务编号 P3071。请扮演创意总监。围绕“艺术场景071-个人项目”中的风格、展览、作品集任务，面向创始人，把零散想法整理成结构化大纲。请用表格输出，并从“效率”角度做重点判断。要求：语言简洁，不说空话；标注假设和不确定性；最后给出3条可立即执行的下一步。
3072,艺术,创意总监,新手用户,邮件草稿,风险,质量波动,任务编号 P3072。请扮演创意总监。围绕“艺术场景072-质量波动”中的风格、展览、作品集任务，面向新手用户，生成可直接使用的模板。请用邮件草稿输出，并从“风险”角度做重点判断。要求：兼顾成本和效果；指出最容易忽略的细节；最后给出3条可立即执行的下一步。
3073,艺术,创意总监,一线执行团队,路线图,增长,用户流失,任务编号 P3073。请扮演创意总监。围绕“艺术场景073-用户流失”中的风格、展览、作品集任务，面向一线执行团队，做一次反向推理找出隐藏风险。请用路线图输出，并从“增长”角度做重点判断。要求：指出最容易忽略的细节；避免专业黑话；最后给出3条可立即执行的下一步。
3074,艺术,创意总监,开发团队,PRD片段,短期落地,内部培训,任务编号 P3074。请扮演创意总监。围绕“艺术场景074-内部培训”中的风格、展览、作品集任务，面向开发团队，给出低成本试验方案。请用PRD片段输出，并从“短期落地”角度做重点判断。要求：包含可执行下一步；用中文输出；最后给出3条可立即执行的下一步。
3075,艺术,创意总监,客服团队,表格,成本,需要复盘,任务编号 P3075。请扮演创意总监。围绕“艺术场景075-需要复盘”中的风格、展览、作品集任务，面向客服团队，创建对比表并推荐选择。请用表格输出，并从“成本”角度做重点判断。要求：输出可直接复制使用；兼顾成本和效果；最后给出3条可立即执行的下一步。
3076,艺术,创意总监,家长,邮件草稿,可维护性,时间紧迫,任务编号 P3076。请扮演创意总监。围绕“艺术场景076-时间紧迫”中的风格、展览、作品集任务，面向家长，把长内容压缩成高密度摘要。请用邮件草稿输出，并从“可维护性”角度做重点判断。要求：保持中立客观；避免虚构事实；最后给出3条可立即执行的下一步。
3077,艺术,创意总监,非技术读者,路线图,长期价值,成熟企业,任务编号 P3077。请扮演创意总监。围绕“艺术场景077-成熟企业”中的风格、展览、作品集任务，面向非技术读者，提出10个创新方向并排序。请用路线图输出，并从“长期价值”角度做重点判断。要求：先给结论再解释；包含失败预案；最后给出3条可立即执行的下一步。
3078,艺术,创意总监,中小企业主,PRD片段,质量,需要降本,任务编号 P3078。请扮演创意总监。围绕“艺术场景078-需要降本”中的风格、展览、作品集任务，面向中小企业主，设计30天训练计划。请用PRD片段输出，并从“质量”角度做重点判断。要求：包含失败预案；语言简洁，不说空话；最后给出3条可立即执行的下一步。
3079,艺术,创意总监,资深从业者,表格,用户体验,流程混乱,任务编号 P3079。请扮演创意总监。围绕“艺术场景079-流程混乱”中的风格、展览、作品集任务，面向资深从业者，构建决策树帮助判断下一步。请用表格输出，并从“用户体验”角度做重点判断。要求：用中文输出；按难易度排序；最后给出3条可立即执行的下一步。
3080,艺术,创意总监,自由职业者,邮件草稿,学习曲线,数据不足,任务编号 P3080。请扮演创意总监。围绕“艺术场景080-数据不足”中的风格、展览、作品集任务，面向自由职业者，生成会议讨论提纲。请用邮件草稿输出，并从“学习曲线”角度做重点判断。要求：标注假设和不确定性；先给结论再解释；最后给出3条可立即执行的下一步。
3081,艺术,创意总监,设计团队,路线图,效率,公开发布,任务编号 P3081。请扮演创意总监。围绕“艺术场景081-公开发布”中的风格、展览、作品集任务，面向设计团队，写一份面向管理层的简报。请用路线图输出，并从“效率”角度做重点判断。要求：按影响力排序；给出示例输入输出；最后给出3条可立即执行的下一步。
3082,艺术,创意总监,投资人,PRD片段,风险,多方协作,任务编号 P3082。请扮演创意总监。围绕“艺术场景082-多方协作”中的风格、展览、作品集任务，面向投资人，写一份面向执行者的操作手册。请用PRD片段输出，并从“风险”角度做重点判断。要求：必要时提出澄清问题；给出至少一个反例；最后给出3条可立即执行的下一步。
3083,艺术,创意总监,海外用户,表格,增长,预算有限,任务编号 P3083。请扮演创意总监。围绕“艺术场景083-预算有限”中的风格、展览、作品集任务，面向海外用户，建立评估打分表。请用表格输出，并从“增长”角度做重点判断。要求：给出至少一个反例；保持中立客观；最后给出3条可立即执行的下一步。
3084,艺术,创意总监,专家评审,邮件草稿,短期落地,初创团队,任务编号 P3084。请扮演创意总监。围绕“艺术场景084-初创团队”中的风格、展览、作品集任务，面向专家评审，提出自动化改造思路。请用邮件草稿输出，并从“短期落地”角度做重点判断。要求：按难易度排序；适合在一天内开始执行；最后给出3条可立即执行的下一步。
3085,艺术,创意总监,大学生,路线图,成本,需要扩张,任务编号 P3085。请扮演创意总监。围绕“艺术场景085-需要扩张”中的风格、展览、作品集任务，面向大学生，设计用户调研问题。请用路线图输出，并从“成本”角度做重点判断。要求：避免虚构事实；必要时提出澄清问题；最后给出3条可立即执行的下一步。
3086,艺术,创意总监,管理层,PRD片段,可维护性,新市场验证,任务编号 P3086。请扮演创意总监。围绕“艺术场景086-新市场验证”中的风格、展览、作品集任务，面向管理层，模拟用户反馈并归纳模式。请用PRD片段输出，并从“可维护性”角度做重点判断。要求：避免专业黑话；输出可直接复制使用；最后给出3条可立即执行的下一步。
3087,艺术,创意总监,内容创作者,表格,长期价值,竞品压力,任务编号 P3087。请扮演创意总监。围绕“艺术场景087-竞品压力”中的风格、展览、作品集任务，面向内容创作者，生成故障排查路径。请用表格输出，并从“长期价值”角度做重点判断。要求：包含衡量标准；提供简短版本和完整版本；最后给出3条可立即执行的下一步。
3088,艺术,创意总监,销售团队,邮件草稿,质量,准备上线,任务编号 P3088。请扮演创意总监。围绕“艺术场景088-准备上线”中的风格、展览、作品集任务，面向销售团队，把目标拆成里程碑。请用邮件草稿输出，并从“质量”角度做重点判断。要求：提供简短版本和完整版本；按影响力排序；最后给出3条可立即执行的下一步。
3089,艺术,创意总监,教师,路线图,用户体验,高不确定性,任务编号 P3089。请扮演创意总监。围绕“艺术场景089-高不确定性”中的风格、展览、作品集任务，面向教师，提出可复用命名规范。请用路线图输出，并从“用户体验”角度做重点判断。要求：适合在一天内开始执行；包含可执行下一步；最后给出3条可立即执行的下一步。
3090,艺术,创意总监,本地用户,PRD片段,学习曲线,远程协作,任务编号 P3090。请扮演创意总监。围绕“艺术场景090-远程协作”中的风格、展览、作品集任务，面向本地用户，创建风险登记册。请用PRD片段输出，并从“学习曲线”角度做重点判断。要求：给出示例输入输出；包含衡量标准；最后给出3条可立即执行的下一步。
3091,艺术,创意总监,创始人,表格,效率,个人项目,任务编号 P3091。请扮演创意总监。围绕“艺术场景091-个人项目”中的风格、展览、作品集任务，面向创始人，制定一份可执行方案。请用表格输出，并从“效率”角度做重点判断。要求：语言简洁，不说空话；标注假设和不确定性；最后给出3条可立即执行的下一步。
3092,艺术,创意总监,新手用户,邮件草稿,风险,质量波动,任务编号 P3092。请扮演创意总监。围绕“艺术场景092-质量波动”中的风格、展览、作品集任务，面向新手用户，列出关键问题并给出优先级。请用邮件草稿输出，并从“风险”角度做重点判断。要求：兼顾成本和效果；指出最容易忽略的细节；最后给出3条可立即执行的下一步。
3093,艺术,创意总监,一线执行团队,路线图,增长,用户流失,任务编号 P3093。请扮演创意总监。围绕“艺术场景093-用户流失”中的风格、展览、作品集任务，面向一线执行团队，生成三种风格完全不同的版本。请用路线图输出，并从“增长”角度做重点判断。要求：指出最容易忽略的细节；避免专业黑话；最后给出3条可立即执行的下一步。
3094,艺术,创意总监,开发团队,PRD片段,短期落地,内部培训,任务编号 P3094。请扮演创意总监。围绕“艺术场景094-内部培训”中的风格、展览、作品集任务，面向开发团队，把复杂内容改写成新手也能懂的说明。请用PRD片段输出，并从“短期落地”角度做重点判断。要求：包含可执行下一步；用中文输出；最后给出3条可立即执行的下一步。
3095,艺术,创意总监,客服团队,表格,成本,需要复盘,任务编号 P3095。请扮演创意总监。围绕“艺术场景095-需要复盘”中的风格、展览、作品集任务，面向客服团队，设计一个从零到一的工作流。请用表格输出，并从“成本”角度做重点判断。要求：输出可直接复制使用；兼顾成本和效果；最后给出3条可立即执行的下一步。
3096,艺术,创意总监,家长,邮件草稿,可维护性,时间紧迫,任务编号 P3096。请扮演创意总监。围绕“艺术场景096-时间紧迫”中的风格、展览、作品集任务，面向家长，创建检查清单并标注常见坑。请用邮件草稿输出，并从“可维护性”角度做重点判断。要求：保持中立客观；避免虚构事实；最后给出3条可立即执行的下一步。
3097,艺术,创意总监,非技术读者,路线图,长期价值,成熟企业,任务编号 P3097。请扮演创意总监。围绕“艺术场景097-成熟企业”中的风格、展览、作品集任务，面向非技术读者，模拟专家评审并指出改进点。请用路线图输出，并从“长期价值”角度做重点判断。要求：先给结论再解释；包含失败预案；最后给出3条可立即执行的下一步。
3098,艺术,创意总监,中小企业主,PRD片段,质量,需要降本,任务编号 P3098。请扮演创意总监。围绕“艺术场景098-需要降本”中的风格、展览、作品集任务，面向中小企业主，根据目标用户重写表达。请用PRD片段输出，并从“质量”角度做重点判断。要求：包含失败预案；语言简洁，不说空话；最后给出3条可立即执行的下一步。
3099,艺术,创意总监,资深从业者,表格,用户体验,流程混乱,任务编号 P3099。请扮演创意总监。围绕“艺术场景099-流程混乱”中的风格、展览、作品集任务，面向资深从业者，提炼核心洞察并给出行动建议。请用表格输出，并从“用户体验”角度做重点判断。要求：用中文输出；按难易度排序；最后给出3条可立即执行的下一步。
3100,艺术,创意总监,自由职业者,邮件草稿,学习曲线,数据不足,任务编号 P3100。请扮演创意总监。围绕“艺术场景100-数据不足”中的风格、展览、作品集任务，面向自由职业者，设计一套可量化指标。请用邮件草稿输出，并从“学习曲线”角度做重点判断。要求：标注假设和不确定性；先给结论再解释；最后给出3条可立即执行的下一步。
3101,摄影,摄影指导,销售团队,FAQ,质量,内部培训,任务编号 P3101。请扮演摄影指导。围绕“摄影场景001-内部培训”中的布光、构图、后期任务，面向销售团队，列出关键问题并给出优先级。请用FAQ输出，并从“质量”角度做重点判断。要求：按难易度排序；指出最容易忽略的细节；最后给出3条可立即执行的下一步。
3102,摄影,摄影指导,教师,演讲稿,用户体验,需要复盘,任务编号 P3102。请扮演摄影指导。围绕“摄影场景002-需要复盘”中的布光、构图、后期任务，面向教师，生成三种风格完全不同的版本。请用演讲稿输出，并从“用户体验”角度做重点判断。要求：避免虚构事实；避免专业黑话；最后给出3条可立即执行的下一步。
3103,摄影,摄影指导,本地用户,编号清单,学习曲线,时间紧迫,任务编号 P3103。请扮演摄影指导。围绕“摄影场景003-时间紧迫”中的布光、构图、后期任务，面向本地用户，把复杂内容改写成新手也能懂的说明。请用编号清单输出，并从“学习曲线”角度做重点判断。要求：避免专业黑话；用中文输出；最后给出3条可立即执行的下一步。
3104,摄影,摄影指导,创始人,对话脚本,效率,成熟企业,任务编号 P3104。请扮演摄影指导。围绕“摄影场景004-成熟企业”中的布光、构图、后期任务，面向创始人，设计一个从零到一的工作流。请用对话脚本输出，并从“效率”角度做重点判断。要求：包含衡量标准；兼顾成本和效果；最后给出3条可立即执行的下一步。
3105,摄影,摄影指导,新手用户,FAQ,风险,需要降本,任务编号 P3105。请扮演摄影指导。围绕“摄影场景005-需要降本”中的布光、构图、后期任务，面向新手用户，创建检查清单并标注常见坑。请用FAQ输出，并从“风险”角度做重点判断。要求：提供简短版本和完整版本；避免虚构事实；最后给出3条可立即执行的下一步。
3106,摄影,摄影指导,一线执行团队,演讲稿,增长,流程混乱,任务编号 P3106。请扮演摄影指导。围绕“摄影场景006-流程混乱”中的布光、构图、后期任务，面向一线执行团队，模拟专家评审并指出改进点。请用演讲稿输出，并从“增长”角度做重点判断。要求：适合在一天内开始执行；包含失败预案；最后给出3条可立即执行的下一步。
3107,摄影,摄影指导,开发团队,编号清单,短期落地,数据不足,任务编号 P3107。请扮演摄影指导。围绕“摄影场景007-数据不足”中的布光、构图、后期任务，面向开发团队，根据目标用户重写表达。请用编号清单输出，并从“短期落地”角度做重点判断。要求：给出示例输入输出；语言简洁，不说空话；最后给出3条可立即执行的下一步。
3108,摄影,摄影指导,客服团队,对话脚本,成本,公开发布,任务编号 P3108。请扮演摄影指导。围绕“摄影场景008-公开发布”中的布光、构图、后期任务，面向客服团队，提炼核心洞察并给出行动建议。请用对话脚本输出，并从“成本”角度做重点判断。要求：语言简洁，不说空话；按难易度排序；最后给出3条可立即执行的下一步。
3109,摄影,摄影指导,家长,FAQ,可维护性,多方协作,任务编号 P3109。请扮演摄影指导。围绕“摄影场景009-多方协作”中的布光、构图、后期任务，面向家长，设计一套可量化指标。请用FAQ输出，并从“可维护性”角度做重点判断。要求：兼顾成本和效果；先给结论再解释；最后给出3条可立即执行的下一步。
3110,摄影,摄影指导,非技术读者,演讲稿,长期价值,预算有限,任务编号 P3110。请扮演摄影指导。围绕“摄影场景010-预算有限”中的布光、构图、后期任务，面向非技术读者，把零散想法整理成结构化大纲。请用演讲稿输出，并从“长期价值”角度做重点判断。要求：指出最容易忽略的细节；给出示例输入输出；最后给出3条可立即执行的下一步。
3111,摄影,摄影指导,中小企业主,编号清单,质量,初创团队,任务编号 P3111。请扮演摄影指导。围绕“摄影场景011-初创团队”中的布光、构图、后期任务，面向中小企业主，生成可直接使用的模板。请用编号清单输出，并从“质量”角度做重点判断。要求：包含可执行下一步；给出至少一个反例；最后给出3条可立即执行的下一步。
3112,摄影,摄影指导,资深从业者,对话脚本,用户体验,需要扩张,任务编号 P3112。请扮演摄影指导。围绕“摄影场景012-需要扩张”中的布光、构图、后期任务，面向资深从业者，做一次反向推理找出隐藏风险。请用对话脚本输出，并从“用户体验”角度做重点判断。要求：输出可直接复制使用；保持中立客观；最后给出3条可立即执行的下一步。
3113,摄影,摄影指导,自由职业者,FAQ,学习曲线,新市场验证,任务编号 P3113。请扮演摄影指导。围绕“摄影场景013-新市场验证”中的布光、构图、后期任务，面向自由职业者，给出低成本试验方案。请用FAQ输出，并从“学习曲线”角度做重点判断。要求：保持中立客观；适合在一天内开始执行；最后给出3条可立即执行的下一步。
3114,摄影,摄影指导,设计团队,演讲稿,效率,竞品压力,任务编号 P3114。请扮演摄影指导。围绕“摄影场景014-竞品压力”中的布光、构图、后期任务，面向设计团队，创建对比表并推荐选择。请用演讲稿输出，并从“效率”角度做重点判断。要求：先给结论再解释；必要时提出澄清问题；最后给出3条可立即执行的下一步。
3115,摄影,摄影指导,投资人,编号清单,风险,准备上线,任务编号 P3115。请扮演摄影指导。围绕“摄影场景015-准备上线”中的布光、构图、后期任务，面向投资人，把长内容压缩成高密度摘要。请用编号清单输出，并从“风险”角度做重点判断。要求：包含失败预案；输出可直接复制使用；最后给出3条可立即执行的下一步。
3116,摄影,摄影指导,海外用户,对话脚本,增长,高不确定性,任务编号 P3116。请扮演摄影指导。围绕“摄影场景016-高不确定性”中的布光、构图、后期任务，面向海外用户，提出10个创新方向并排序。请用对话脚本输出，并从“增长”角度做重点判断。要求：用中文输出；提供简短版本和完整版本；最后给出3条可立即执行的下一步。
3117,摄影,摄影指导,专家评审,FAQ,短期落地,远程协作,任务编号 P3117。请扮演摄影指导。围绕“摄影场景017-远程协作”中的布光、构图、后期任务，面向专家评审，设计30天训练计划。请用FAQ输出，并从“短期落地”角度做重点判断。要求：标注假设和不确定性；按影响力排序；最后给出3条可立即执行的下一步。
3118,摄影,摄影指导,大学生,演讲稿,成本,个人项目,任务编号 P3118。请扮演摄影指导。围绕“摄影场景018-个人项目”中的布光、构图、后期任务，面向大学生，构建决策树帮助判断下一步。请用演讲稿输出，并从“成本”角度做重点判断。要求：按影响力排序；包含可执行下一步；最后给出3条可立即执行的下一步。
3119,摄影,摄影指导,管理层,编号清单,可维护性,质量波动,任务编号 P3119。请扮演摄影指导。围绕“摄影场景019-质量波动”中的布光、构图、后期任务，面向管理层，生成会议讨论提纲。请用编号清单输出，并从“可维护性”角度做重点判断。要求：必要时提出澄清问题；包含衡量标准；最后给出3条可立即执行的下一步。
3120,摄影,摄影指导,内容创作者,对话脚本,长期价值,用户流失,任务编号 P3120。请扮演摄影指导。围绕“摄影场景020-用户流失”中的布光、构图、后期任务，面向内容创作者，写一份面向管理层的简报。请用对话脚本输出，并从“长期价值”角度做重点判断。要求：给出至少一个反例；标注假设和不确定性；最后给出3条可立即执行的下一步。
3121,摄影,摄影指导,销售团队,FAQ,质量,内部培训,任务编号 P3121。请扮演摄影指导。围绕“摄影场景021-内部培训”中的布光、构图、后期任务，面向销售团队，写一份面向执行者的操作手册。请用FAQ输出，并从“质量”角度做重点判断。要求：按难易度排序；指出最容易忽略的细节；最后给出3条可立即执行的下一步。
3122,摄影,摄影指导,教师,演讲稿,用户体验,需要复盘,任务编号 P3122。请扮演摄影指导。围绕“摄影场景022-需要复盘”中的布光、构图、后期任务，面向教师，建立评估打分表。请用演讲稿输出，并从“用户体验”角度做重点判断。要求：避免虚构事实；避免专业黑话；最后给出3条可立即执行的下一步。
3123,摄影,摄影指导,本地用户,编号清单,学习曲线,时间紧迫,任务编号 P3123。请扮演摄影指导。围绕“摄影场景023-时间紧迫”中的布光、构图、后期任务，面向本地用户，提出自动化改造思路。请用编号清单输出，并从“学习曲线”角度做重点判断。要求：避免专业黑话；用中文输出；最后给出3条可立即执行的下一步。
3124,摄影,摄影指导,创始人,对话脚本,效率,成熟企业,任务编号 P3124。请扮演摄影指导。围绕“摄影场景024-成熟企业”中的布光、构图、后期任务，面向创始人，设计用户调研问题。请用对话脚本输出，并从“效率”角度做重点判断。要求：包含衡量标准；兼顾成本和效果；最后给出3条可立即执行的下一步。
3125,摄影,摄影指导,新手用户,FAQ,风险,需要降本,任务编号 P3125。请扮演摄影指导。围绕“摄影场景025-需要降本”中的布光、构图、后期任务，面向新手用户，模拟用户反馈并归纳模式。请用FAQ输出，并从“风险”角度做重点判断。要求：提供简短版本和完整版本；避免虚构事实；最后给出3条可立即执行的下一步。
3126,摄影,摄影指导,一线执行团队,演讲稿,增长,流程混乱,任务编号 P3126。请扮演摄影指导。围绕“摄影场景026-流程混乱”中的布光、构图、后期任务，面向一线执行团队，生成故障排查路径。请用演讲稿输出，并从“增长”角度做重点判断。要求：适合在一天内开始执行；包含失败预案；最后给出3条可立即执行的下一步。
3127,摄影,摄影指导,开发团队,编号清单,短期落地,数据不足,任务编号 P3127。请扮演摄影指导。围绕“摄影场景027-数据不足”中的布光、构图、后期任务，面向开发团队，把目标拆成里程碑。请用编号清单输出，并从“短期落地”角度做重点判断。要求：给出示例输入输出；语言简洁，不说空话；最后给出3条可立即执行的下一步。
3128,摄影,摄影指导,客服团队,对话脚本,成本,公开发布,任务编号 P3128。请扮演摄影指导。围绕“摄影场景028-公开发布”中的布光、构图、后期任务，面向客服团队，提出可复用命名规范。请用对话脚本输出，并从“成本”角度做重点判断。要求：语言简洁，不说空话；按难易度排序；最后给出3条可立即执行的下一步。
3129,摄影,摄影指导,家长,FAQ,可维护性,多方协作,任务编号 P3129。请扮演摄影指导。围绕“摄影场景029-多方协作”中的布光、构图、后期任务，面向家长，创建风险登记册。请用FAQ输出，并从“可维护性”角度做重点判断。要求：兼顾成本和效果；先给结论再解释；最后给出3条可立即执行的下一步。
3130,摄影,摄影指导,非技术读者,演讲稿,长期价值,预算有限,任务编号 P3130。请扮演摄影指导。围绕“摄影场景030-预算有限”中的布光、构图、后期任务，面向非技术读者，制定一份可执行方案。请用演讲稿输出，并从“长期价值”角度做重点判断。要求：指出最容易忽略的细节；给出示例输入输出；最后给出3条可立即执行的下一步。
3131,摄影,摄影指导,中小企业主,编号清单,质量,初创团队,任务编号 P3131。请扮演摄影指导。围绕“摄影场景031-初创团队”中的布光、构图、后期任务，面向中小企业主，列出关键问题并给出优先级。请用编号清单输出，并从“质量”角度做重点判断。要求：包含可执行下一步；给出至少一个反例；最后给出3条可立即执行的下一步。
3132,摄影,摄影指导,资深从业者,对话脚本,用户体验,需要扩张,任务编号 P3132。请扮演摄影指导。围绕“摄影场景032-需要扩张”中的布光、构图、后期任务，面向资深从业者，生成三种风格完全不同的版本。请用对话脚本输出，并从“用户体验”角度做重点判断。要求：输出可直接复制使用；保持中立客观；最后给出3条可立即执行的下一步。
3133,摄影,摄影指导,自由职业者,FAQ,学习曲线,新市场验证,任务编号 P3133。请扮演摄影指导。围绕“摄影场景033-新市场验证”中的布光、构图、后期任务，面向自由职业者，把复杂内容改写成新手也能懂的说明。请用FAQ输出，并从“学习曲线”角度做重点判断。要求：保持中立客观；适合在一天内开始执行；最后给出3条可立即执行的下一步。
3134,摄影,摄影指导,设计团队,演讲稿,效率,竞品压力,任务编号 P3134。请扮演摄影指导。围绕“摄影场景034-竞品压力”中的布光、构图、后期任务，面向设计团队，设计一个从零到一的工作流。请用演讲稿输出，并从“效率”角度做重点判断。要求：先给结论再解释；必要时提出澄清问题；最后给出3条可立即执行的下一步。
3135,摄影,摄影指导,投资人,编号清单,风险,准备上线,任务编号 P3135。请扮演摄影指导。围绕“摄影场景035-准备上线”中的布光、构图、后期任务，面向投资人，创建检查清单并标注常见坑。请用编号清单输出，并从“风险”角度做重点判断。要求：包含失败预案；输出可直接复制使用；最后给出3条可立即执行的下一步。
3136,摄影,摄影指导,海外用户,对话脚本,增长,高不确定性,任务编号 P3136。请扮演摄影指导。围绕“摄影场景036-高不确定性”中的布光、构图、后期任务，面向海外用户，模拟专家评审并指出改进点。请用对话脚本输出，并从“增长”角度做重点判断。要求：用中文输出；提供简短版本和完整版本；最后给出3条可立即执行的下一步。
3137,摄影,摄影指导,专家评审,FAQ,短期落地,远程协作,任务编号 P3137。请扮演摄影指导。围绕“摄影场景037-远程协作”中的布光、构图、后期任务，面向专家评审，根据目标用户重写表达。请用FAQ输出，并从“短期落地”角度做重点判断。要求：标注假设和不确定性；按影响力排序；最后给出3条可立即执行的下一步。
3138,摄影,摄影指导,大学生,演讲稿,成本,个人项目,任务编号 P3138。请扮演摄影指导。围绕“摄影场景038-个人项目”中的布光、构图、后期任务，面向大学生，提炼核心洞察并给出行动建议。请用演讲稿输出，并从“成本”角度做重点判断。要求：按影响力排序；包含可执行下一步；最后给出3条可立即执行的下一步。
3139,摄影,摄影指导,管理层,编号清单,可维护性,质量波动,任务编号 P3139。请扮演摄影指导。围绕“摄影场景039-质量波动”中的布光、构图、后期任务，面向管理层，设计一套可量化指标。请用编号清单输出，并从“可维护性”角度做重点判断。要求：必要时提出澄清问题；包含衡量标准；最后给出3条可立即执行的下一步。
3140,摄影,摄影指导,内容创作者,对话脚本,长期价值,用户流失,任务编号 P3140。请扮演摄影指导。围绕“摄影场景040-用户流失”中的布光、构图、后期任务，面向内容创作者，把零散想法整理成结构化大纲。请用对话脚本输出，并从“长期价值”角度做重点判断。要求：给出至少一个反例；标注假设和不确定性；最后给出3条可立即执行的下一步。
3141,摄影,摄影指导,销售团队,FAQ,质量,内部培训,任务编号 P3141。请扮演摄影指导。围绕“摄影场景041-内部培训”中的布光、构图、后期任务，面向销售团队，生成可直接使用的模板。请用FAQ输出，并从“质量”角度做重点判断。要求：按难易度排序；指出最容易忽略的细节；最后给出3条可立即执行的下一步。
3142,摄影,摄影指导,教师,演讲稿,用户体验,需要复盘,任务编号 P3142。请扮演摄影指导。围绕“摄影场景042-需要复盘”中的布光、构图、后期任务，面向教师，做一次反向推理找出隐藏风险。请用演讲稿输出，并从“用户体验”角度做重点判断。要求：避免虚构事实；避免专业黑话；最后给出3条可立即执行的下一步。
3143,摄影,摄影指导,本地用户,编号清单,学习曲线,时间紧迫,任务编号 P3143。请扮演摄影指导。围绕“摄影场景043-时间紧迫”中的布光、构图、后期任务，面向本地用户，给出低成本试验方案。请用编号清单输出，并从“学习曲线”角度做重点判断。要求：避免专业黑话；用中文输出；最后给出3条可立即执行的下一步。
3144,摄影,摄影指导,创始人,对话脚本,效率,成熟企业,任务编号 P3144。请扮演摄影指导。围绕“摄影场景044-成熟企业”中的布光、构图、后期任务，面向创始人，创建对比表并推荐选择。请用对话脚本输出，并从“效率”角度做重点判断。要求：包含衡量标准；兼顾成本和效果；最后给出3条可立即执行的下一步。
3145,摄影,摄影指导,新手用户,FAQ,风险,需要降本,任务编号 P3145。请扮演摄影指导。围绕“摄影场景045-需要降本”中的布光、构图、后期任务，面向新手用户，把长内容压缩成高密度摘要。请用FAQ输出，并从“风险”角度做重点判断。要求：提供简短版本和完整版本；避免虚构事实；最后给出3条可立即执行的下一步。
3146,摄影,摄影指导,一线执行团队,演讲稿,增长,流程混乱,任务编号 P3146。请扮演摄影指导。围绕“摄影场景046-流程混乱”中的布光、构图、后期任务，面向一线执行团队，提出10个创新方向并排序。请用演讲稿输出，并从“增长”角度做重点判断。要求：适合在一天内开始执行；包含失败预案；最后给出3条可立即执行的下一步。
3147,摄影,摄影指导,开发团队,编号清单,短期落地,数据不足,任务编号 P3147。请扮演摄影指导。围绕“摄影场景047-数据不足”中的布光、构图、后期任务，面向开发团队，设计30天训练计划。请用编号清单输出，并从“短期落地”角度做重点判断。要求：给出示例输入输出；语言简洁，不说空话；最后给出3条可立即执行的下一步。
3148,摄影,摄影指导,客服团队,对话脚本,成本,公开发布,任务编号 P3148。请扮演摄影指导。围绕“摄影场景048-公开发布”中的布光、构图、后期任务，面向客服团队，构建决策树帮助判断下一步。请用对话脚本输出，并从“成本”角度做重点判断。要求：语言简洁，不说空话；按难易度排序；最后给出3条可立即执行的下一步。
3149,摄影,摄影指导,家长,FAQ,可维护性,多方协作,任务编号 P3149。请扮演摄影指导。围绕“摄影场景049-多方协作”中的布光、构图、后期任务，面向家长，生成会议讨论提纲。请用FAQ输出，并从“可维护性”角度做重点判断。要求：兼顾成本和效果；先给结论再解释；最后给出3条可立即执行的下一步。
3150,摄影,摄影指导,非技术读者,演讲稿,长期价值,预算有限,任务编号 P3150。请扮演摄影指导。围绕“摄影场景050-预算有限”中的布光、构图、后期任务，面向非技术读者，写一份面向管理层的简报。请用演讲稿输出，并从“长期价值”角度做重点判断。要求：指出最容易忽略的细节；给出示例输入输出；最后给出3条可立即执行的下一步。
3151,摄影,摄影指导,中小企业主,编号清单,质量,初创团队,任务编号 P3151。请扮演摄影指导。围绕“摄影场景051-初创团队”中的布光、构图、后期任务，面向中小企业主，写一份面向执行者的操作手册。请用编号清单输出，并从“质量”角度做重点判断。要求：包含可执行下一步；给出至少一个反例；最后给出3条可立即执行的下一步。
3152,摄影,摄影指导,资深从业者,对话脚本,用户体验,需要扩张,任务编号 P3152。请扮演摄影指导。围绕“摄影场景052-需要扩张”中的布光、构图、后期任务，面向资深从业者，建立评估打分表。请用对话脚本输出，并从“用户体验”角度做重点判断。要求：输出可直接复制使用；保持中立客观；最后给出3条可立即执行的下一步。
3153,摄影,摄影指导,自由职业者,FAQ,学习曲线,新市场验证,任务编号 P3153。请扮演摄影指导。围绕“摄影场景053-新市场验证”中的布光、构图、后期任务，面向自由职业者，提出自动化改造思路。请用FAQ输出，并从“学习曲线”角度做重点判断。要求：保持中立客观；适合在一天内开始执行；最后给出3条可立即执行的下一步。
3154,摄影,摄影指导,设计团队,演讲稿,效率,竞品压力,任务编号 P3154。请扮演摄影指导。围绕“摄影场景054-竞品压力”中的布光、构图、后期任务，面向设计团队，设计用户调研问题。请用演讲稿输出，并从“效率”角度做重点判断。要求：先给结论再解释；必要时提出澄清问题；最后给出3条可立即执行的下一步。
3155,摄影,摄影指导,投资人,编号清单,风险,准备上线,任务编号 P3155。请扮演摄影指导。围绕“摄影场景055-准备上线”中的布光、构图、后期任务，面向投资人，模拟用户反馈并归纳模式。请用编号清单输出，并从“风险”角度做重点判断。要求：包含失败预案；输出可直接复制使用；最后给出3条可立即执行的下一步。
3156,摄影,摄影指导,海外用户,对话脚本,增长,高不确定性,任务编号 P3156。请扮演摄影指导。围绕“摄影场景056-高不确定性”中的布光、构图、后期任务，面向海外用户，生成故障排查路径。请用对话脚本输出，并从“增长”角度做重点判断。要求：用中文输出；提供简短版本和完整版本；最后给出3条可立即执行的下一步。
3157,摄影,摄影指导,专家评审,FAQ,短期落地,远程协作,任务编号 P3157。请扮演摄影指导。围绕“摄影场景057-远程协作”中的布光、构图、后期任务，面向专家评审，把目标拆成里程碑。请用FAQ输出，并从“短期落地”角度做重点判断。要求：标注假设和不确定性；按影响力排序；最后给出3条可立即执行的下一步。
3158,摄影,摄影指导,大学生,演讲稿,成本,个人项目,任务编号 P3158。请扮演摄影指导。围绕“摄影场景058-个人项目”中的布光、构图、后期任务，面向大学生，提出可复用命名规范。请用演讲稿输出，并从“成本”角度做重点判断。要求：按影响力排序；包含可执行下一步；最后给出3条可立即执行的下一步。
3159,摄影,摄影指导,管理层,编号清单,可维护性,质量波动,任务编号 P3159。请扮演摄影指导。围绕“摄影场景059-质量波动”中的布光、构图、后期任务，面向管理层，创建风险登记册。请用编号清单输出，并从“可维护性”角度做重点判断。要求：必要时提出澄清问题；包含衡量标准；最后给出3条可立即执行的下一步。
3160,摄影,摄影指导,内容创作者,对话脚本,长期价值,用户流失,任务编号 P3160。请扮演摄影指导。围绕“摄影场景060-用户流失”中的布光、构图、后期任务，面向内容创作者，制定一份可执行方案。请用对话脚本输出，并从“长期价值”角度做重点判断。要求：给出至少一个反例；标注假设和不确定性；最后给出3条可立即执行的下一步。
3161,摄影,摄影指导,销售团队,FAQ,质量,内部培训,任务编号 P3161。请扮演摄影指导。围绕“摄影场景061-内部培训”中的布光、构图、后期任务，面向销售团队，列出关键问题并给出优先级。请用FAQ输出，并从“质量”角度做重点判断。要求：按难易度排序；指出最容易忽略的细节；最后给出3条可立即执行的下一步。
3162,摄影,摄影指导,教师,演讲稿,用户体验,需要复盘,任务编号 P3162。请扮演摄影指导。围绕“摄影场景062-需要复盘”中的布光、构图、后期任务，面向教师，生成三种风格完全不同的版本。请用演讲稿输出，并从“用户体验”角度做重点判断。要求：避免虚构事实；避免专业黑话；最后给出3条可立即执行的下一步。
3163,摄影,摄影指导,本地用户,编号清单,学习曲线,时间紧迫,任务编号 P3163。请扮演摄影指导。围绕“摄影场景063-时间紧迫”中的布光、构图、后期任务，面向本地用户，把复杂内容改写成新手也能懂的说明。请用编号清单输出，并从“学习曲线”角度做重点判断。要求：避免专业黑话；用中文输出；最后给出3条可立即执行的下一步。
3164,摄影,摄影指导,创始人,对话脚本,效率,成熟企业,任务编号 P3164。请扮演摄影指导。围绕“摄影场景064-成熟企业”中的布光、构图、后期任务，面向创始人，设计一个从零到一的工作流。请用对话脚本输出，并从“效率”角度做重点判断。要求：包含衡量标准；兼顾成本和效果；最后给出3条可立即执行的下一步。
3165,摄影,摄影指导,新手用户,FAQ,风险,需要降本,任务编号 P3165。请扮演摄影指导。围绕“摄影场景065-需要降本”中的布光、构图、后期任务，面向新手用户，创建检查清单并标注常见坑。请用FAQ输出，并从“风险”角度做重点判断。要求：提供简短版本和完整版本；避免虚构事实；最后给出3条可立即执行的下一步。
3166,摄影,摄影指导,一线执行团队,演讲稿,增长,流程混乱,任务编号 P3166。请扮演摄影指导。围绕“摄影场景066-流程混乱”中的布光、构图、后期任务，面向一线执行团队，模拟专家评审并指出改进点。请用演讲稿输出，并从“增长”角度做重点判断。要求：适合在一天内开始执行；包含失败预案；最后给出3条可立即执行的下一步。
3167,摄影,摄影指导,开发团队,编号清单,短期落地,数据不足,任务编号 P3167。请扮演摄影指导。围绕“摄影场景067-数据不足”中的布光、构图、后期任务，面向开发团队，根据目标用户重写表达。请用编号清单输出，并从“短期落地”角度做重点判断。要求：给出示例输入输出；语言简洁，不说空话；最后给出3条可立即执行的下一步。
3168,摄影,摄影指导,客服团队,对话脚本,成本,公开发布,任务编号 P3168。请扮演摄影指导。围绕“摄影场景068-公开发布”中的布光、构图、后期任务，面向客服团队，提炼核心洞察并给出行动建议。请用对话脚本输出，并从“成本”角度做重点判断。要求：语言简洁，不说空话；按难易度排序；最后给出3条可立即执行的下一步。
3169,摄影,摄影指导,家长,FAQ,可维护性,多方协作,任务编号 P3169。请扮演摄影指导。围绕“摄影场景069-多方协作”中的布光、构图、后期任务，面向家长，设计一套可量化指标。请用FAQ输出，并从“可维护性”角度做重点判断。要求：兼顾成本和效果；先给结论再解释；最后给出3条可立即执行的下一步。
3170,摄影,摄影指导,非技术读者,演讲稿,长期价值,预算有限,任务编号 P3170。请扮演摄影指导。围绕“摄影场景070-预算有限”中的布光、构图、后期任务，面向非技术读者，把零散想法整理成结构化大纲。请用演讲稿输出，并从“长期价值”角度做重点判断。要求：指出最容易忽略的细节；给出示例输入输出；最后给出3条可立即执行的下一步。
3171,摄影,摄影指导,中小企业主,编号清单,质量,初创团队,任务编号 P3171。请扮演摄影指导。围绕“摄影场景071-初创团队”中的布光、构图、后期任务，面向中小企业主，生成可直接使用的模板。请用编号清单输出，并从“质量”角度做重点判断。要求：包含可执行下一步；给出至少一个反例；最后给出3条可立即执行的下一步。
3172,摄影,摄影指导,资深从业者,对话脚本,用户体验,需要扩张,任务编号 P3172。请扮演摄影指导。围绕“摄影场景072-需要扩张”中的布光、构图、后期任务，面向资深从业者，做一次反向推理找出隐藏风险。请用对话脚本输出，并从“用户体验”角度做重点判断。要求：输出可直接复制使用；保持中立客观；最后给出3条可立即执行的下一步。
3173,摄影,摄影指导,自由职业者,FAQ,学习曲线,新市场验证,任务编号 P3173。请扮演摄影指导。围绕“摄影场景073-新市场验证”中的布光、构图、后期任务，面向自由职业者，给出低成本试验方案。请用FAQ输出，并从“学习曲线”角度做重点判断。要求：保持中立客观；适合在一天内开始执行；最后给出3条可立即执行的下一步。
3174,摄影,摄影指导,设计团队,演讲稿,效率,竞品压力,任务编号 P3174。请扮演摄影指导。围绕“摄影场景074-竞品压力”中的布光、构图、后期任务，面向设计团队，创建对比表并推荐选择。请用演讲稿输出，并从“效率”角度做重点判断。要求：先给结论再解释；必要时提出澄清问题；最后给出3条可立即执行的下一步。
3175,摄影,摄影指导,投资人,编号清单,风险,准备上线,任务编号 P3175。请扮演摄影指导。围绕“摄影场景075-准备上线”中的布光、构图、后期任务，面向投资人，把长内容压缩成高密度摘要。请用编号清单输出，并从“风险”角度做重点判断。要求：包含失败预案；输出可直接复制使用；最后给出3条可立即执行的下一步。
3176,摄影,摄影指导,海外用户,对话脚本,增长,高不确定性,任务编号 P3176。请扮演摄影指导。围绕“摄影场景076-高不确定性”中的布光、构图、后期任务，面向海外用户，提出10个创新方向并排序。请用对话脚本输出，并从“增长”角度做重点判断。要求：用中文输出；提供简短版本和完整版本；最后给出3条可立即执行的下一步。
3177,摄影,摄影指导,专家评审,FAQ,短期落地,远程协作,任务编号 P3177。请扮演摄影指导。围绕“摄影场景077-远程协作”中的布光、构图、后期任务，面向专家评审，设计30天训练计划。请用FAQ输出，并从“短期落地”角度做重点判断。要求：标注假设和不确定性；按影响力排序；最后给出3条可立即执行的下一步。
3178,摄影,摄影指导,大学生,演讲稿,成本,个人项目,任务编号 P3178。请扮演摄影指导。围绕“摄影场景078-个人项目”中的布光、构图、后期任务，面向大学生，构建决策树帮助判断下一步。请用演讲稿输出，并从“成本”角度做重点判断。要求：按影响力排序；包含可执行下一步；最后给出3条可立即执行的下一步。
3179,摄影,摄影指导,管理层,编号清单,可维护性,质量波动,任务编号 P3179。请扮演摄影指导。围绕“摄影场景079-质量波动”中的布光、构图、后期任务，面向管理层，生成会议讨论提纲。请用编号清单输出，并从“可维护性”角度做重点判断。要求：必要时提出澄清问题；包含衡量标准；最后给出3条可立即执行的下一步。
3180,摄影,摄影指导,内容创作者,对话脚本,长期价值,用户流失,任务编号 P3180。请扮演摄影指导。围绕“摄影场景080-用户流失”中的布光、构图、后期任务，面向内容创作者，写一份面向管理层的简报。请用对话脚本输出，并从“长期价值”角度做重点判断。要求：给出至少一个反例；标注假设和不确定性；最后给出3条可立即执行的下一步。
3181,摄影,摄影指导,销售团队,FAQ,质量,内部培训,任务编号 P3181。请扮演摄影指导。围绕“摄影场景081-内部培训”中的布光、构图、后期任务，面向销售团队，写一份面向执行者的操作手册。请用FAQ输出，并从“质量”角度做重点判断。要求：按难易度排序；指出最容易忽略的细节；最后给出3条可立即执行的下一步。
3182,摄影,摄影指导,教师,演讲稿,用户体验,需要复盘,任务编号 P3182。请扮演摄影指导。围绕“摄影场景082-需要复盘”中的布光、构图、后期任务，面向教师，建立评估打分表。请用演讲稿输出，并从“用户体验”角度做重点判断。要求：避免虚构事实；避免专业黑话；最后给出3条可立即执行的下一步。
3183,摄影,摄影指导,本地用户,编号清单,学习曲线,时间紧迫,任务编号 P3183。请扮演摄影指导。围绕“摄影场景083-时间紧迫”中的布光、构图、后期任务，面向本地用户，提出自动化改造思路。请用编号清单输出，并从“学习曲线”角度做重点判断。要求：避免专业黑话；用中文输出；最后给出3条可立即执行的下一步。
3184,摄影,摄影指导,创始人,对话脚本,效率,成熟企业,任务编号 P3184。请扮演摄影指导。围绕“摄影场景084-成熟企业”中的布光、构图、后期任务，面向创始人，设计用户调研问题。请用对话脚本输出，并从“效率”角度做重点判断。要求：包含衡量标准；兼顾成本和效果；最后给出3条可立即执行的下一步。
3185,摄影,摄影指导,新手用户,FAQ,风险,需要降本,任务编号 P3185。请扮演摄影指导。围绕“摄影场景085-需要降本”中的布光、构图、后期任务，面向新手用户，模拟用户反馈并归纳模式。请用FAQ输出，并从“风险”角度做重点判断。要求：提供简短版本和完整版本；避免虚构事实；最后给出3条可立即执行的下一步。
3186,摄影,摄影指导,一线执行团队,演讲稿,增长,流程混乱,任务编号 P3186。请扮演摄影指导。围绕“摄影场景086-流程混乱”中的布光、构图、后期任务，面向一线执行团队，生成故障排查路径。请用演讲稿输出，并从“增长”角度做重点判断。要求：适合在一天内开始执行；包含失败预案；最后给出3条可立即执行的下一步。
3187,摄影,摄影指导,开发团队,编号清单,短期落地,数据不足,任务编号 P3187。请扮演摄影指导。围绕“摄影场景087-数据不足”中的布光、构图、后期任务，面向开发团队，把目标拆成里程碑。请用编号清单输出，并从“短期落地”角度做重点判断。要求：给出示例输入输出；语言简洁，不说空话；最后给出3条可立即执行的下一步。
3188,摄影,摄影指导,客服团队,对话脚本,成本,公开发布,任务编号 P3188。请扮演摄影指导。围绕“摄影场景088-公开发布”中的布光、构图、后期任务，面向客服团队，提出可复用命名规范。请用对话脚本输出，并从“成本”角度做重点判断。要求：语言简洁，不说空话；按难易度排序；最后给出3条可立即执行的下一步。
3189,摄影,摄影指导,家长,FAQ,可维护性,多方协作,任务编号 P3189。请扮演摄影指导。围绕“摄影场景089-多方协作”中的布光、构图、后期任务，面向家长，创建风险登记册。请用FAQ输出，并从“可维护性”角度做重点判断。要求：兼顾成本和效果；先给结论再解释；最后给出3条可立即执行的下一步。
3190,摄影,摄影指导,非技术读者,演讲稿,长期价值,预算有限,任务编号 P3190。请扮演摄影指导。围绕“摄影场景090-预算有限”中的布光、构图、后期任务，面向非技术读者，制定一份可执行方案。请用演讲稿输出，并从“长期价值”角度做重点判断。要求：指出最容易忽略的细节；给出示例输入输出；最后给出3条可立即执行的下一步。
3191,摄影,摄影指导,中小企业主,编号清单,质量,初创团队,任务编号 P3191。请扮演摄影指导。围绕“摄影场景091-初创团队”中的布光、构图、后期任务，面向中小企业主，列出关键问题并给出优先级。请用编号清单输出，并从“质量”角度做重点判断。要求：包含可执行下一步；给出至少一个反例；最后给出3条可立即执行的下一步。
3192,摄影,摄影指导,资深从业者,对话脚本,用户体验,需要扩张,任务编号 P3192。请扮演摄影指导。围绕“摄影场景092-需要扩张”中的布光、构图、后期任务，面向资深从业者，生成三种风格完全不同的版本。请用对话脚本输出，并从“用户体验”角度做重点判断。要求：输出可直接复制使用；保持中立客观；最后给出3条可立即执行的下一步。
3193,摄影,摄影指导,自由职业者,FAQ,学习曲线,新市场验证,任务编号 P3193。请扮演摄影指导。围绕“摄影场景093-新市场验证”中的布光、构图、后期任务，面向自由职业者，把复杂内容改写成新手也能懂的说明。请用FAQ输出，并从“学习曲线”角度做重点判断。要求：保持中立客观；适合在一天内开始执行；最后给出3条可立即执行的下一步。
3194,摄影,摄影指导,设计团队,演讲稿,效率,竞品压力,任务编号 P3194。请扮演摄影指导。围绕“摄影场景094-竞品压力”中的布光、构图、后期任务，面向设计团队，设计一个从零到一的工作流。请用演讲稿输出，并从“效率”角度做重点判断。要求：先给结论再解释；必要时提出澄清问题；最后给出3条可立即执行的下一步。
3195,摄影,摄影指导,投资人,编号清单,风险,准备上线,任务编号 P3195。请扮演摄影指导。围绕“摄影场景095-准备上线”中的布光、构图、后期任务，面向投资人，创建检查清单并标注常见坑。请用编号清单输出，并从“风险”角度做重点判断。要求：包含失败预案；输出可直接复制使用；最后给出3条可立即执行的下一步。
3196,摄影,摄影指导,海外用户,对话脚本,增长,高不确定性,任务编号 P3196。请扮演摄影指导。围绕“摄影场景096-高不确定性”中的布光、构图、后期任务，面向海外用户，模拟专家评审并指出改进点。请用对话脚本输出，并从“增长”角度做重点判断。要求：用中文输出；提供简短版本和完整版本；最后给出3条可立即执行的下一步。
3197,摄影,摄影指导,专家评审,FAQ,短期落地,远程协作,任务编号 P3197。请扮演摄影指导。围绕“摄影场景097-远程协作”中的布光、构图、后期任务，面向专家评审，根据目标用户重写表达。请用FAQ输出，并从“短期落地”角度做重点判断。要求：标注假设和不确定性；按影响力排序；最后给出3条可立即执行的下一步。
3198,摄影,摄影指导,大学生,演讲稿,成本,个人项目,任务编号 P3198。请扮演摄影指导。围绕“摄影场景098-个人项目”中的布光、构图、后期任务，面向大学生，提炼核心洞察并给出行动建议。请用演讲稿输出，并从“成本”角度做重点判断。要求：按影响力排序；包含可执行下一步；最后给出3条可立即执行的下一步。
3199,摄影,摄影指导,管理层,编号清单,可维护性,质量波动,任务编号 P3199。请扮演摄影指导。围绕“摄影场景099-质量波动”中的布光、构图、后期任务，面向管理层，设计一套可量化指标。请用编号清单输出，并从“可维护性”角度做重点判断。要求：必要时提出澄清问题；包含衡量标准；最后给出3条可立即执行的下一步。
3200,摄影,摄影指导,内容创作者,对话脚本,长期价值,用户流失,任务编号 P3200。请扮演摄影指导。围绕“摄影场景100-用户流失”中的布光、构图、后期任务，面向内容创作者，把零散想法整理成结构化大纲。请用对话脚本输出，并从“长期价值”角度做重点判断。要求：给出至少一个反例；标注假设和不确定性；最后给出3条可立即执行的下一步。
3201,音乐,音乐制作顾问,客服团队,复盘报告,成本,竞品压力,任务编号 P3201。请扮演音乐制作顾问。围绕“音乐场景001-竞品压力”中的歌词、编曲、练习任务，面向客服团队，生成三种风格完全不同的版本。请用复盘报告输出，并从“成本”角度做重点判断。要求：包含衡量标准；保持中立客观；最后给出3条可立即执行的下一步。
3202,音乐,音乐制作顾问,家长,短视频脚本,可维护性,准备上线,任务编号 P3202。请扮演音乐制作顾问。围绕“音乐场景002-准备上线”中的歌词、编曲、练习任务，面向家长，把复杂内容改写成新手也能懂的说明。请用短视频脚本输出，并从“可维护性”角度做重点判断。要求：提供简短版本和完整版本；适合在一天内开始执行；最后给出3条可立即执行的下一步。
3203,音乐,音乐制作顾问,非技术读者,Markdown大纲,长期价值,高不确定性,任务编号 P3203。请扮演音乐制作顾问。围绕“音乐场景003-高不确定性”中的歌词、编曲、练习任务，面向非技术读者，设计一个从零到一的工作流。请用Markdown大纲输出，并从“长期价值”角度做重点判断。要求：适合在一天内开始执行；必要时提出澄清问题；最后给出3条可立即执行的下一步。
3204,音乐,音乐制作顾问,中小企业主,JSON结构,质量,远程协作,任务编号 P3204。请扮演音乐制作顾问。围绕“音乐场景004-远程协作”中的歌词、编曲、练习任务，面向中小企业主，创建检查清单并标注常见坑。请用JSON结构输出，并从“质量”角度做重点判断。要求：给出示例输入输出；输出可直接复制使用；最后给出3条可立即执行的下一步。
3205,音乐,音乐制作顾问,资深从业者,复盘报告,用户体验,个人项目,任务编号 P3205。请扮演音乐制作顾问。围绕“音乐场景005-个人项目”中的歌词、编曲、练习任务，面向资深从业者，模拟专家评审并指出改进点。请用复盘报告输出，并从“用户体验”角度做重点判断。要求：语言简洁，不说空话；提供简短版本和完整版本；最后给出3条可立即执行的下一步。
3206,音乐,音乐制作顾问,自由职业者,短视频脚本,学习曲线,质量波动,任务编号 P3206。请扮演音乐制作顾问。围绕“音乐场景006-质量波动”中的歌词、编曲、练习任务，面向自由职业者，根据目标用户重写表达。请用短视频脚本输出，并从“学习曲线”角度做重点判断。要求：兼顾成本和效果；按影响力排序；最后给出3条可立即执行的下一步。
3207,音乐,音乐制作顾问,设计团队,Markdown大纲,效率,用户流失,任务编号 P3207。请扮演音乐制作顾问。围绕“音乐场景007-用户流失”中的歌词、编曲、练习任务，面向设计团队，提炼核心洞察并给出行动建议。请用Markdown大纲输出，并从“效率”角度做重点判断。要求：指出最容易忽略的细节；包含可执行下一步；最后给出3条可立即执行的下一步。
3208,音乐,音乐制作顾问,投资人,JSON结构,风险,内部培训,任务编号 P3208。请扮演音乐制作顾问。围绕“音乐场景008-内部培训”中的歌词、编曲、练习任务，面向投资人，设计一套可量化指标。请用JSON结构输出，并从“风险”角度做重点判断。要求：包含可执行下一步；包含衡量标准；最后给出3条可立即执行的下一步。
3209,音乐,音乐制作顾问,海外用户,复盘报告,增长,需要复盘,任务编号 P3209。请扮演音乐制作顾问。围绕“音乐场景009-需要复盘”中的歌词、编曲、练习任务，面向海外用户，把零散想法整理成结构化大纲。请用复盘报告输出，并从“增长”角度做重点判断。要求：输出可直接复制使用；标注假设和不确定性；最后给出3条可立即执行的下一步。
3210,音乐,音乐制作顾问,专家评审,短视频脚本,短期落地,时间紧迫,任务编号 P3210。请扮演音乐制作顾问。围绕“音乐场景010-时间紧迫”中的歌词、编曲、练习任务，面向专家评审，生成可直接使用的模板。请用短视频脚本输出，并从“短期落地”角度做重点判断。要求：保持中立客观；指出最容易忽略的细节；最后给出3条可立即执行的下一步。
3211,音乐,音乐制作顾问,大学生,Markdown大纲,成本,成熟企业,任务编号 P3211。请扮演音乐制作顾问。围绕“音乐场景011-成熟企业”中的歌词、编曲、练习任务，面向大学生，做一次反向推理找出隐藏风险。请用Markdown大纲输出，并从“成本”角度做重点判断。要求：先给结论再解释；避免专业黑话；最后给出3条可立即执行的下一步。
3212,音乐,音乐制作顾问,管理层,JSON结构,可维护性,需要降本,任务编号 P3212。请扮演音乐制作顾问。围绕“音乐场景012-需要降本”中的歌词、编曲、练习任务，面向管理层，给出低成本试验方案。请用JSON结构输出，并从“可维护性”角度做重点判断。要求：包含失败预案；用中文输出；最后给出3条可立即执行的下一步。
3213,音乐,音乐制作顾问,内容创作者,复盘报告,长期价值,流程混乱,任务编号 P3213。请扮演音乐制作顾问。围绕“音乐场景013-流程混乱”中的歌词、编曲、练习任务，面向内容创作者，创建对比表并推荐选择。请用复盘报告输出，并从“长期价值”角度做重点判断。要求：用中文输出；兼顾成本和效果；最后给出3条可立即执行的下一步。
3214,音乐,音乐制作顾问,销售团队,短视频脚本,质量,数据不足,任务编号 P3214。请扮演音乐制作顾问。围绕“音乐场景014-数据不足”中的歌词、编曲、练习任务，面向销售团队，把长内容压缩成高密度摘要。请用短视频脚本输出，并从“质量”角度做重点判断。要求：标注假设和不确定性；避免虚构事实；最后给出3条可立即执行的下一步。
3215,音乐,音乐制作顾问,教师,Markdown大纲,用户体验,公开发布,任务编号 P3215。请扮演音乐制作顾问。围绕“音乐场景015-公开发布”中的歌词、编曲、练习任务，面向教师，提出10个创新方向并排序。请用Markdown大纲输出，并从“用户体验”角度做重点判断。要求：按影响力排序；包含失败预案；最后给出3条可立即执行的下一步。
3216,音乐,音乐制作顾问,本地用户,JSON结构,学习曲线,多方协作,任务编号 P3216。请扮演音乐制作顾问。围绕“音乐场景016-多方协作”中的歌词、编曲、练习任务，面向本地用户，设计30天训练计划。请用JSON结构输出，并从“学习曲线”角度做重点判断。要求：必要时提出澄清问题；语言简洁，不说空话；最后给出3条可立即执行的下一步。
3217,音乐,音乐制作顾问,创始人,复盘报告,效率,预算有限,任务编号 P3217。请扮演音乐制作顾问。围绕“音乐场景017-预算有限”中的歌词、编曲、练习任务，面向创始人，构建决策树帮助判断下一步。请用复盘报告输出，并从“效率”角度做重点判断。要求：给出至少一个反例；按难易度排序；最后给出3条可立即执行的下一步。
3218,音乐,音乐制作顾问,新手用户,短视频脚本,风险,初创团队,任务编号 P3218。请扮演音乐制作顾问。围绕“音乐场景018-初创团队”中的歌词、编曲、练习任务，面向新手用户，生成会议讨论提纲。请用短视频脚本输出，并从“风险”角度做重点判断。要求：按难易度排序；先给结论再解释；最后给出3条可立即执行的下一步。
3219,音乐,音乐制作顾问,一线执行团队,Markdown大纲,增长,需要扩张,任务编号 P3219。请扮演音乐制作顾问。围绕“音乐场景019-需要扩张”中的歌词、编曲、练习任务，面向一线执行团队，写一份面向管理层的简报。请用Markdown大纲输出，并从“增长”角度做重点判断。要求：避免虚构事实；给出示例输入输出；最后给出3条可立即执行的下一步。
3220,音乐,音乐制作顾问,开发团队,JSON结构,短期落地,新市场验证,任务编号 P3220。请扮演音乐制作顾问。围绕“音乐场景020-新市场验证”中的歌词、编曲、练习任务，面向开发团队，写一份面向执行者的操作手册。请用JSON结构输出，并从“短期落地”角度做重点判断。要求：避免专业黑话；给出至少一个反例；最后给出3条可立即执行的下一步。
3221,音乐,音乐制作顾问,客服团队,复盘报告,成本,竞品压力,任务编号 P3221。请扮演音乐制作顾问。围绕“音乐场景021-竞品压力”中的歌词、编曲、练习任务，面向客服团队，建立评估打分表。请用复盘报告输出，并从“成本”角度做重点判断。要求：包含衡量标准；保持中立客观；最后给出3条可立即执行的下一步。
3222,音乐,音乐制作顾问,家长,短视频脚本,可维护性,准备上线,任务编号 P3222。请扮演音乐制作顾问。围绕“音乐场景022-准备上线”中的歌词、编曲、练习任务，面向家长，提出自动化改造思路。请用短视频脚本输出，并从“可维护性”角度做重点判断。要求：提供简短版本和完整版本；适合在一天内开始执行；最后给出3条可立即执行的下一步。
3223,音乐,音乐制作顾问,非技术读者,Markdown大纲,长期价值,高不确定性,任务编号 P3223。请扮演音乐制作顾问。围绕“音乐场景023-高不确定性”中的歌词、编曲、练习任务，面向非技术读者，设计用户调研问题。请用Markdown大纲输出，并从“长期价值”角度做重点判断。要求：适合在一天内开始执行；必要时提出澄清问题；最后给出3条可立即执行的下一步。
3224,音乐,音乐制作顾问,中小企业主,JSON结构,质量,远程协作,任务编号 P3224。请扮演音乐制作顾问。围绕“音乐场景024-远程协作”中的歌词、编曲、练习任务，面向中小企业主，模拟用户反馈并归纳模式。请用JSON结构输出，并从“质量”角度做重点判断。要求：给出示例输入输出；输出可直接复制使用；最后给出3条可立即执行的下一步。
3225,音乐,音乐制作顾问,资深从业者,复盘报告,用户体验,个人项目,任务编号 P3225。请扮演音乐制作顾问。围绕“音乐场景025-个人项目”中的歌词、编曲、练习任务，面向资深从业者，生成故障排查路径。请用复盘报告输出，并从“用户体验”角度做重点判断。要求：语言简洁，不说空话；提供简短版本和完整版本；最后给出3条可立即执行的下一步。
3226,音乐,音乐制作顾问,自由职业者,短视频脚本,学习曲线,质量波动,任务编号 P3226。请扮演音乐制作顾问。围绕“音乐场景026-质量波动”中的歌词、编曲、练习任务，面向自由职业者，把目标拆成里程碑。请用短视频脚本输出，并从“学习曲线”角度做重点判断。要求：兼顾成本和效果；按影响力排序；最后给出3条可立即执行的下一步。
3227,音乐,音乐制作顾问,设计团队,Markdown大纲,效率,用户流失,任务编号 P3227。请扮演音乐制作顾问。围绕“音乐场景027-用户流失”中的歌词、编曲、练习任务，面向设计团队，提出可复用命名规范。请用Markdown大纲输出，并从“效率”角度做重点判断。要求：指出最容易忽略的细节；包含可执行下一步；最后给出3条可立即执行的下一步。
3228,音乐,音乐制作顾问,投资人,JSON结构,风险,内部培训,任务编号 P3228。请扮演音乐制作顾问。围绕“音乐场景028-内部培训”中的歌词、编曲、练习任务，面向投资人，创建风险登记册。请用JSON结构输出，并从“风险”角度做重点判断。要求：包含可执行下一步；包含衡量标准；最后给出3条可立即执行的下一步。
3229,音乐,音乐制作顾问,海外用户,复盘报告,增长,需要复盘,任务编号 P3229。请扮演音乐制作顾问。围绕“音乐场景029-需要复盘”中的歌词、编曲、练习任务，面向海外用户，制定一份可执行方案。请用复盘报告输出，并从“增长”角度做重点判断。要求：输出可直接复制使用；标注假设和不确定性；最后给出3条可立即执行的下一步。
3230,音乐,音乐制作顾问,专家评审,短视频脚本,短期落地,时间紧迫,任务编号 P3230。请扮演音乐制作顾问。围绕“音乐场景030-时间紧迫”中的歌词、编曲、练习任务，面向专家评审，列出关键问题并给出优先级。请用短视频脚本输出，并从“短期落地”角度做重点判断。要求：保持中立客观；指出最容易忽略的细节；最后给出3条可立即执行的下一步。
3231,音乐,音乐制作顾问,大学生,Markdown大纲,成本,成熟企业,任务编号 P3231。请扮演音乐制作顾问。围绕“音乐场景031-成熟企业”中的歌词、编曲、练习任务，面向大学生，生成三种风格完全不同的版本。请用Markdown大纲输出，并从“成本”角度做重点判断。要求：先给结论再解释；避免专业黑话；最后给出3条可立即执行的下一步。
3232,音乐,音乐制作顾问,管理层,JSON结构,可维护性,需要降本,任务编号 P3232。请扮演音乐制作顾问。围绕“音乐场景032-需要降本”中的歌词、编曲、练习任务，面向管理层，把复杂内容改写成新手也能懂的说明。请用JSON结构输出，并从“可维护性”角度做重点判断。要求：包含失败预案；用中文输出；最后给出3条可立即执行的下一步。
3233,音乐,音乐制作顾问,内容创作者,复盘报告,长期价值,流程混乱,任务编号 P3233。请扮演音乐制作顾问。围绕“音乐场景033-流程混乱”中的歌词、编曲、练习任务，面向内容创作者，设计一个从零到一的工作流。请用复盘报告输出，并从“长期价值”角度做重点判断。要求：用中文输出；兼顾成本和效果；最后给出3条可立即执行的下一步。
3234,音乐,音乐制作顾问,销售团队,短视频脚本,质量,数据不足,任务编号 P3234。请扮演音乐制作顾问。围绕“音乐场景034-数据不足”中的歌词、编曲、练习任务，面向销售团队，创建检查清单并标注常见坑。请用短视频脚本输出，并从“质量”角度做重点判断。要求：标注假设和不确定性；避免虚构事实；最后给出3条可立即执行的下一步。
3235,音乐,音乐制作顾问,教师,Markdown大纲,用户体验,公开发布,任务编号 P3235。请扮演音乐制作顾问。围绕“音乐场景035-公开发布”中的歌词、编曲、练习任务，面向教师，模拟专家评审并指出改进点。请用Markdown大纲输出，并从“用户体验”角度做重点判断。要求：按影响力排序；包含失败预案；最后给出3条可立即执行的下一步。
3236,音乐,音乐制作顾问,本地用户,JSON结构,学习曲线,多方协作,任务编号 P3236。请扮演音乐制作顾问。围绕“音乐场景036-多方协作”中的歌词、编曲、练习任务，面向本地用户，根据目标用户重写表达。请用JSON结构输出，并从“学习曲线”角度做重点判断。要求：必要时提出澄清问题；语言简洁，不说空话；最后给出3条可立即执行的下一步。
3237,音乐,音乐制作顾问,创始人,复盘报告,效率,预算有限,任务编号 P3237。请扮演音乐制作顾问。围绕“音乐场景037-预算有限”中的歌词、编曲、练习任务，面向创始人，提炼核心洞察并给出行动建议。请用复盘报告输出，并从“效率”角度做重点判断。要求：给出至少一个反例；按难易度排序；最后给出3条可立即执行的下一步。
3238,音乐,音乐制作顾问,新手用户,短视频脚本,风险,初创团队,任务编号 P3238。请扮演音乐制作顾问。围绕“音乐场景038-初创团队”中的歌词、编曲、练习任务，面向新手用户，设计一套可量化指标。请用短视频脚本输出，并从“风险”角度做重点判断。要求：按难易度排序；先给结论再解释；最后给出3条可立即执行的下一步。
3239,音乐,音乐制作顾问,一线执行团队,Markdown大纲,增长,需要扩张,任务编号 P3239。请扮演音乐制作顾问。围绕“音乐场景039-需要扩张”中的歌词、编曲、练习任务，面向一线执行团队，把零散想法整理成结构化大纲。请用Markdown大纲输出，并从“增长”角度做重点判断。要求：避免虚构事实；给出示例输入输出；最后给出3条可立即执行的下一步。
3240,音乐,音乐制作顾问,开发团队,JSON结构,短期落地,新市场验证,任务编号 P3240。请扮演音乐制作顾问。围绕“音乐场景040-新市场验证”中的歌词、编曲、练习任务，面向开发团队，生成可直接使用的模板。请用JSON结构输出，并从“短期落地”角度做重点判断。要求：避免专业黑话；给出至少一个反例；最后给出3条可立即执行的下一步。
3241,音乐,音乐制作顾问,客服团队,复盘报告,成本,竞品压力,任务编号 P3241。请扮演音乐制作顾问。围绕“音乐场景041-竞品压力”中的歌词、编曲、练习任务，面向客服团队，做一次反向推理找出隐藏风险。请用复盘报告输出，并从“成本”角度做重点判断。要求：包含衡量标准；保持中立客观；最后给出3条可立即执行的下一步。
3242,音乐,音乐制作顾问,家长,短视频脚本,可维护性,准备上线,任务编号 P3242。请扮演音乐制作顾问。围绕“音乐场景042-准备上线”中的歌词、编曲、练习任务，面向家长，给出低成本试验方案。请用短视频脚本输出，并从“可维护性”角度做重点判断。要求：提供简短版本和完整版本；适合在一天内开始执行；最后给出3条可立即执行的下一步。
3243,音乐,音乐制作顾问,非技术读者,Markdown大纲,长期价值,高不确定性,任务编号 P3243。请扮演音乐制作顾问。围绕“音乐场景043-高不确定性”中的歌词、编曲、练习任务，面向非技术读者，创建对比表并推荐选择。请用Markdown大纲输出，并从“长期价值”角度做重点判断。要求：适合在一天内开始执行；必要时提出澄清问题；最后给出3条可立即执行的下一步。
3244,音乐,音乐制作顾问,中小企业主,JSON结构,质量,远程协作,任务编号 P3244。请扮演音乐制作顾问。围绕“音乐场景044-远程协作”中的歌词、编曲、练习任务，面向中小企业主，把长内容压缩成高密度摘要。请用JSON结构输出，并从“质量”角度做重点判断。要求：给出示例输入输出；输出可直接复制使用；最后给出3条可立即执行的下一步。
3245,音乐,音乐制作顾问,资深从业者,复盘报告,用户体验,个人项目,任务编号 P3245。请扮演音乐制作顾问。围绕“音乐场景045-个人项目”中的歌词、编曲、练习任务，面向资深从业者，提出10个创新方向并排序。请用复盘报告输出，并从“用户体验”角度做重点判断。要求：语言简洁，不说空话；提供简短版本和完整版本；最后给出3条可立即执行的下一步。
3246,音乐,音乐制作顾问,自由职业者,短视频脚本,学习曲线,质量波动,任务编号 P3246。请扮演音乐制作顾问。围绕“音乐场景046-质量波动”中的歌词、编曲、练习任务，面向自由职业者，设计30天训练计划。请用短视频脚本输出，并从“学习曲线”角度做重点判断。要求：兼顾成本和效果；按影响力排序；最后给出3条可立即执行的下一步。
3247,音乐,音乐制作顾问,设计团队,Markdown大纲,效率,用户流失,任务编号 P3247。请扮演音乐制作顾问。围绕“音乐场景047-用户流失”中的歌词、编曲、练习任务，面向设计团队，构建决策树帮助判断下一步。请用Markdown大纲输出，并从“效率”角度做重点判断。要求：指出最容易忽略的细节；包含可执行下一步；最后给出3条可立即执行的下一步。
3248,音乐,音乐制作顾问,投资人,JSON结构,风险,内部培训,任务编号 P3248。请扮演音乐制作顾问。围绕“音乐场景048-内部培训”中的歌词、编曲、练习任务，面向投资人，生成会议讨论提纲。请用JSON结构输出，并从“风险”角度做重点判断。要求：包含可执行下一步；包含衡量标准；最后给出3条可立即执行的下一步。
3249,音乐,音乐制作顾问,海外用户,复盘报告,增长,需要复盘,任务编号 P3249。请扮演音乐制作顾问。围绕“音乐场景049-需要复盘”中的歌词、编曲、练习任务，面向海外用户，写一份面向管理层的简报。请用复盘报告输出，并从“增长”角度做重点判断。要求：输出可直接复制使用；标注假设和不确定性；最后给出3条可立即执行的下一步。
3250,音乐,音乐制作顾问,专家评审,短视频脚本,短期落地,时间紧迫,任务编号 P3250。请扮演音乐制作顾问。围绕“音乐场景050-时间紧迫”中的歌词、编曲、练习任务，面向专家评审，写一份面向执行者的操作手册。请用短视频脚本输出，并从“短期落地”角度做重点判断。要求：保持中立客观；指出最容易忽略的细节；最后给出3条可立即执行的下一步。
3251,音乐,音乐制作顾问,大学生,Markdown大纲,成本,成熟企业,任务编号 P3251。请扮演音乐制作顾问。围绕“音乐场景051-成熟企业”中的歌词、编曲、练习任务，面向大学生，建立评估打分表。请用Markdown大纲输出，并从“成本”角度做重点判断。要求：先给结论再解释；避免专业黑话；最后给出3条可立即执行的下一步。
3252,音乐,音乐制作顾问,管理层,JSON结构,可维护性,需要降本,任务编号 P3252。请扮演音乐制作顾问。围绕“音乐场景052-需要降本”中的歌词、编曲、练习任务，面向管理层，提出自动化改造思路。请用JSON结构输出，并从“可维护性”角度做重点判断。要求：包含失败预案；用中文输出；最后给出3条可立即执行的下一步。
3253,音乐,音乐制作顾问,内容创作者,复盘报告,长期价值,流程混乱,任务编号 P3253。请扮演音乐制作顾问。围绕“音乐场景053-流程混乱”中的歌词、编曲、练习任务，面向内容创作者，设计用户调研问题。请用复盘报告输出，并从“长期价值”角度做重点判断。要求：用中文输出；兼顾成本和效果；最后给出3条可立即执行的下一步。
3254,音乐,音乐制作顾问,销售团队,短视频脚本,质量,数据不足,任务编号 P3254。请扮演音乐制作顾问。围绕“音乐场景054-数据不足”中的歌词、编曲、练习任务，面向销售团队，模拟用户反馈并归纳模式。请用短视频脚本输出，并从“质量”角度做重点判断。要求：标注假设和不确定性；避免虚构事实；最后给出3条可立即执行的下一步。
3255,音乐,音乐制作顾问,教师,Markdown大纲,用户体验,公开发布,任务编号 P3255。请扮演音乐制作顾问。围绕“音乐场景055-公开发布”中的歌词、编曲、练习任务，面向教师，生成故障排查路径。请用Markdown大纲输出，并从“用户体验”角度做重点判断。要求：按影响力排序；包含失败预案；最后给出3条可立即执行的下一步。
3256,音乐,音乐制作顾问,本地用户,JSON结构,学习曲线,多方协作,任务编号 P3256。请扮演音乐制作顾问。围绕“音乐场景056-多方协作”中的歌词、编曲、练习任务，面向本地用户，把目标拆成里程碑。请用JSON结构输出，并从“学习曲线”角度做重点判断。要求：必要时提出澄清问题；语言简洁，不说空话；最后给出3条可立即执行的下一步。
3257,音乐,音乐制作顾问,创始人,复盘报告,效率,预算有限,任务编号 P3257。请扮演音乐制作顾问。围绕“音乐场景057-预算有限”中的歌词、编曲、练习任务，面向创始人，提出可复用命名规范。请用复盘报告输出，并从“效率”角度做重点判断。要求：给出至少一个反例；按难易度排序；最后给出3条可立即执行的下一步。
3258,音乐,音乐制作顾问,新手用户,短视频脚本,风险,初创团队,任务编号 P3258。请扮演音乐制作顾问。围绕“音乐场景058-初创团队”中的歌词、编曲、练习任务，面向新手用户，创建风险登记册。请用短视频脚本输出，并从“风险”角度做重点判断。要求：按难易度排序；先给结论再解释；最后给出3条可立即执行的下一步。
3259,音乐,音乐制作顾问,一线执行团队,Markdown大纲,增长,需要扩张,任务编号 P3259。请扮演音乐制作顾问。围绕“音乐场景059-需要扩张”中的歌词、编曲、练习任务，面向一线执行团队，制定一份可执行方案。请用Markdown大纲输出，并从“增长”角度做重点判断。要求：避免虚构事实；给出示例输入输出；最后给出3条可立即执行的下一步。
3260,音乐,音乐制作顾问,开发团队,JSON结构,短期落地,新市场验证,任务编号 P3260。请扮演音乐制作顾问。围绕“音乐场景060-新市场验证”中的歌词、编曲、练习任务，面向开发团队，列出关键问题并给出优先级。请用JSON结构输出，并从“短期落地”角度做重点判断。要求：避免专业黑话；给出至少一个反例；最后给出3条可立即执行的下一步。
3261,音乐,音乐制作顾问,客服团队,复盘报告,成本,竞品压力,任务编号 P3261。请扮演音乐制作顾问。围绕“音乐场景061-竞品压力”中的歌词、编曲、练习任务，面向客服团队，生成三种风格完全不同的版本。请用复盘报告输出，并从“成本”角度做重点判断。要求：包含衡量标准；保持中立客观；最后给出3条可立即执行的下一步。
3262,音乐,音乐制作顾问,家长,短视频脚本,可维护性,准备上线,任务编号 P3262。请扮演音乐制作顾问。围绕“音乐场景062-准备上线”中的歌词、编曲、练习任务，面向家长，把复杂内容改写成新手也能懂的说明。请用短视频脚本输出，并从“可维护性”角度做重点判断。要求：提供简短版本和完整版本；适合在一天内开始执行；最后给出3条可立即执行的下一步。
3263,音乐,音乐制作顾问,非技术读者,Markdown大纲,长期价值,高不确定性,任务编号 P3263。请扮演音乐制作顾问。围绕“音乐场景063-高不确定性”中的歌词、编曲、练习任务，面向非技术读者，设计一个从零到一的工作流。请用Markdown大纲输出，并从“长期价值”角度做重点判断。要求：适合在一天内开始执行；必要时提出澄清问题；最后给出3条可立即执行的下一步。
3264,音乐,音乐制作顾问,中小企业主,JSON结构,质量,远程协作,任务编号 P3264。请扮演音乐制作顾问。围绕“音乐场景064-远程协作”中的歌词、编曲、练习任务，面向中小企业主，创建检查清单并标注常见坑。请用JSON结构输出，并从“质量”角度做重点判断。要求：给出示例输入输出；输出可直接复制使用；最后给出3条可立即执行的下一步。
3265,音乐,音乐制作顾问,资深从业者,复盘报告,用户体验,个人项目,任务编号 P3265。请扮演音乐制作顾问。围绕“音乐场景065-个人项目”中的歌词、编曲、练习任务，面向资深从业者，模拟专家评审并指出改进点。请用复盘报告输出，并从“用户体验”角度做重点判断。要求：语言简洁，不说空话；提供简短版本和完整版本；最后给出3条可立即执行的下一步。
3266,音乐,音乐制作顾问,自由职业者,短视频脚本,学习曲线,质量波动,任务编号 P3266。请扮演音乐制作顾问。围绕“音乐场景066-质量波动”中的歌词、编曲、练习任务，面向自由职业者，根据目标用户重写表达。请用短视频脚本输出，并从“学习曲线”角度做重点判断。要求：兼顾成本和效果；按影响力排序；最后给出3条可立即执行的下一步。
3267,音乐,音乐制作顾问,设计团队,Markdown大纲,效率,用户流失,任务编号 P3267。请扮演音乐制作顾问。围绕“音乐场景067-用户流失”中的歌词、编曲、练习任务，面向设计团队，提炼核心洞察并给出行动建议。请用Markdown大纲输出，并从“效率”角度做重点判断。要求：指出最容易忽略的细节；包含可执行下一步；最后给出3条可立即执行的下一步。
3268,音乐,音乐制作顾问,投资人,JSON结构,风险,内部培训,任务编号 P3268。请扮演音乐制作顾问。围绕“音乐场景068-内部培训”中的歌词、编曲、练习任务，面向投资人，设计一套可量化指标。请用JSON结构输出，并从“风险”角度做重点判断。要求：包含可执行下一步；包含衡量标准；最后给出3条可立即执行的下一步。
3269,音乐,音乐制作顾问,海外用户,复盘报告,增长,需要复盘,任务编号 P3269。请扮演音乐制作顾问。围绕“音乐场景069-需要复盘”中的歌词、编曲、练习任务，面向海外用户，把零散想法整理成结构化大纲。请用复盘报告输出，并从“增长”角度做重点判断。要求：输出可直接复制使用；标注假设和不确定性；最后给出3条可立即执行的下一步。
3270,音乐,音乐制作顾问,专家评审,短视频脚本,短期落地,时间紧迫,任务编号 P3270。请扮演音乐制作顾问。围绕“音乐场景070-时间紧迫”中的歌词、编曲、练习任务，面向专家评审，生成可直接使用的模板。请用短视频脚本输出，并从“短期落地”角度做重点判断。要求：保持中立客观；指出最容易忽略的细节；最后给出3条可立即执行的下一步。
3271,音乐,音乐制作顾问,大学生,Markdown大纲,成本,成熟企业,任务编号 P3271。请扮演音乐制作顾问。围绕“音乐场景071-成熟企业”中的歌词、编曲、练习任务，面向大学生，做一次反向推理找出隐藏风险。请用Markdown大纲输出，并从“成本”角度做重点判断。要求：先给结论再解释；避免专业黑话；最后给出3条可立即执行的下一步。
3272,音乐,音乐制作顾问,管理层,JSON结构,可维护性,需要降本,任务编号 P3272。请扮演音乐制作顾问。围绕“音乐场景072-需要降本”中的歌词、编曲、练习任务，面向管理层，给出低成本试验方案。请用JSON结构输出，并从“可维护性”角度做重点判断。要求：包含失败预案；用中文输出；最后给出3条可立即执行的下一步。
3273,音乐,音乐制作顾问,内容创作者,复盘报告,长期价值,流程混乱,任务编号 P3273。请扮演音乐制作顾问。围绕“音乐场景073-流程混乱”中的歌词、编曲、练习任务，面向内容创作者，创建对比表并推荐选择。请用复盘报告输出，并从“长期价值”角度做重点判断。要求：用中文输出；兼顾成本和效果；最后给出3条可立即执行的下一步。
3274,音乐,音乐制作顾问,销售团队,短视频脚本,质量,数据不足,任务编号 P3274。请扮演音乐制作顾问。围绕“音乐场景074-数据不足”中的歌词、编曲、练习任务，面向销售团队，把长内容压缩成高密度摘要。请用短视频脚本输出，并从“质量”角度做重点判断。要求：标注假设和不确定性；避免虚构事实；最后给出3条可立即执行的下一步。
3275,音乐,音乐制作顾问,教师,Markdown大纲,用户体验,公开发布,任务编号 P3275。请扮演音乐制作顾问。围绕“音乐场景075-公开发布”中的歌词、编曲、练习任务，面向教师，提出10个创新方向并排序。请用Markdown大纲输出，并从“用户体验”角度做重点判断。要求：按影响力排序；包含失败预案；最后给出3条可立即执行的下一步。
3276,音乐,音乐制作顾问,本地用户,JSON结构,学习曲线,多方协作,任务编号 P3276。请扮演音乐制作顾问。围绕“音乐场景076-多方协作”中的歌词、编曲、练习任务，面向本地用户，设计30天训练计划。请用JSON结构输出，并从“学习曲线”角度做重点判断。要求：必要时提出澄清问题；语言简洁，不说空话；最后给出3条可立即执行的下一步。
3277,音乐,音乐制作顾问,创始人,复盘报告,效率,预算有限,任务编号 P3277。请扮演音乐制作顾问。围绕“音乐场景077-预算有限”中的歌词、编曲、练习任务，面向创始人，构建决策树帮助判断下一步。请用复盘报告输出，并从“效率”角度做重点判断。要求：给出至少一个反例；按难易度排序；最后给出3条可立即执行的下一步。
3278,音乐,音乐制作顾问,新手用户,短视频脚本,风险,初创团队,任务编号 P3278。请扮演音乐制作顾问。围绕“音乐场景078-初创团队”中的歌词、编曲、练习任务，面向新手用户，生成会议讨论提纲。请用短视频脚本输出，并从“风险”角度做重点判断。要求：按难易度排序；先给结论再解释；最后给出3条可立即执行的下一步。
3279,音乐,音乐制作顾问,一线执行团队,Markdown大纲,增长,需要扩张,任务编号 P3279。请扮演音乐制作顾问。围绕“音乐场景079-需要扩张”中的歌词、编曲、练习任务，面向一线执行团队，写一份面向管理层的简报。请用Markdown大纲输出，并从“增长”角度做重点判断。要求：避免虚构事实；给出示例输入输出；最后给出3条可立即执行的下一步。
3280,音乐,音乐制作顾问,开发团队,JSON结构,短期落地,新市场验证,任务编号 P3280。请扮演音乐制作顾问。围绕“音乐场景080-新市场验证”中的歌词、编曲、练习任务，面向开发团队，写一份面向执行者的操作手册。请用JSON结构输出，并从“短期落地”角度做重点判断。要求：避免专业黑话；给出至少一个反例；最后给出3条可立即执行的下一步。
3281,音乐,音乐制作顾问,客服团队,复盘报告,成本,竞品压力,任务编号 P3281。请扮演音乐制作顾问。围绕“音乐场景081-竞品压力”中的歌词、编曲、练习任务，面向客服团队，建立评估打分表。请用复盘报告输出，并从“成本”角度做重点判断。要求：包含衡量标准；保持中立客观；最后给出3条可立即执行的下一步。
3282,音乐,音乐制作顾问,家长,短视频脚本,可维护性,准备上线,任务编号 P3282。请扮演音乐制作顾问。围绕“音乐场景082-准备上线”中的歌词、编曲、练习任务，面向家长，提出自动化改造思路。请用短视频脚本输出，并从“可维护性”角度做重点判断。要求：提供简短版本和完整版本；适合在一天内开始执行；最后给出3条可立即执行的下一步。
3283,音乐,音乐制作顾问,非技术读者,Markdown大纲,长期价值,高不确定性,任务编号 P3283。请扮演音乐制作顾问。围绕“音乐场景083-高不确定性”中的歌词、编曲、练习任务，面向非技术读者，设计用户调研问题。请用Markdown大纲输出，并从“长期价值”角度做重点判断。要求：适合在一天内开始执行；必要时提出澄清问题；最后给出3条可立即执行的下一步。
3284,音乐,音乐制作顾问,中小企业主,JSON结构,质量,远程协作,任务编号 P3284。请扮演音乐制作顾问。围绕“音乐场景084-远程协作”中的歌词、编曲、练习任务，面向中小企业主，模拟用户反馈并归纳模式。请用JSON结构输出，并从“质量”角度做重点判断。要求：给出示例输入输出；输出可直接复制使用；最后给出3条可立即执行的下一步。
3285,音乐,音乐制作顾问,资深从业者,复盘报告,用户体验,个人项目,任务编号 P3285。请扮演音乐制作顾问。围绕“音乐场景085-个人项目”中的歌词、编曲、练习任务，面向资深从业者，生成故障排查路径。请用复盘报告输出，并从“用户体验”角度做重点判断。要求：语言简洁，不说空话；提供简短版本和完整版本；最后给出3条可立即执行的下一步。
3286,音乐,音乐制作顾问,自由职业者,短视频脚本,学习曲线,质量波动,任务编号 P3286。请扮演音乐制作顾问。围绕“音乐场景086-质量波动”中的歌词、编曲、练习任务，面向自由职业者，把目标拆成里程碑。请用短视频脚本输出，并从“学习曲线”角度做重点判断。要求：兼顾成本和效果；按影响力排序；最后给出3条可立即执行的下一步。
3287,音乐,音乐制作顾问,设计团队,Markdown大纲,效率,用户流失,任务编号 P3287。请扮演音乐制作顾问。围绕“音乐场景087-用户流失”中的歌词、编曲、练习任务，面向设计团队，提出可复用命名规范。请用Markdown大纲输出，并从“效率”角度做重点判断。要求：指出最容易忽略的细节；包含可执行下一步；最后给出3条可立即执行的下一步。
3288,音乐,音乐制作顾问,投资人,JSON结构,风险,内部培训,任务编号 P3288。请扮演音乐制作顾问。围绕“音乐场景088-内部培训”中的歌词、编曲、练习任务，面向投资人，创建风险登记册。请用JSON结构输出，并从“风险”角度做重点判断。要求：包含可执行下一步；包含衡量标准；最后给出3条可立即执行的下一步。
3289,音乐,音乐制作顾问,海外用户,复盘报告,增长,需要复盘,任务编号 P3289。请扮演音乐制作顾问。围绕“音乐场景089-需要复盘”中的歌词、编曲、练习任务，面向海外用户，制定一份可执行方案。请用复盘报告输出，并从“增长”角度做重点判断。要求：输出可直接复制使用；标注假设和不确定性；最后给出3条可立即执行的下一步。
3290,音乐,音乐制作顾问,专家评审,短视频脚本,短期落地,时间紧迫,任务编号 P3290。请扮演音乐制作顾问。围绕“音乐场景090-时间紧迫”中的歌词、编曲、练习任务，面向专家评审，列出关键问题并给出优先级。请用短视频脚本输出，并从“短期落地”角度做重点判断。要求：保持中立客观；指出最容易忽略的细节；最后给出3条可立即执行的下一步。
3291,音乐,音乐制作顾问,大学生,Markdown大纲,成本,成熟企业,任务编号 P3291。请扮演音乐制作顾问。围绕“音乐场景091-成熟企业”中的歌词、编曲、练习任务，面向大学生，生成三种风格完全不同的版本。请用Markdown大纲输出，并从“成本”角度做重点判断。要求：先给结论再解释；避免专业黑话；最后给出3条可立即执行的下一步。
3292,音乐,音乐制作顾问,管理层,JSON结构,可维护性,需要降本,任务编号 P3292。请扮演音乐制作顾问。围绕“音乐场景092-需要降本”中的歌词、编曲、练习任务，面向管理层，把复杂内容改写成新手也能懂的说明。请用JSON结构输出，并从“可维护性”角度做重点判断。要求：包含失败预案；用中文输出；最后给出3条可立即执行的下一步。
3293,音乐,音乐制作顾问,内容创作者,复盘报告,长期价值,流程混乱,任务编号 P3293。请扮演音乐制作顾问。围绕“音乐场景093-流程混乱”中的歌词、编曲、练习任务，面向内容创作者，设计一个从零到一的工作流。请用复盘报告输出，并从“长期价值”角度做重点判断。要求：用中文输出；兼顾成本和效果；最后给出3条可立即执行的下一步。
3294,音乐,音乐制作顾问,销售团队,短视频脚本,质量,数据不足,任务编号 P3294。请扮演音乐制作顾问。围绕“音乐场景094-数据不足”中的歌词、编曲、练习任务，面向销售团队，创建检查清单并标注常见坑。请用短视频脚本输出，并从“质量”角度做重点判断。要求：标注假设和不确定性；避免虚构事实；最后给出3条可立即执行的下一步。
3295,音乐,音乐制作顾问,教师,Markdown大纲,用户体验,公开发布,任务编号 P3295。请扮演音乐制作顾问。围绕“音乐场景095-公开发布”中的歌词、编曲、练习任务，面向教师，模拟专家评审并指出改进点。请用Markdown大纲输出，并从“用户体验”角度做重点判断。要求：按影响力排序；包含失败预案；最后给出3条可立即执行的下一步。
3296,音乐,音乐制作顾问,本地用户,JSON结构,学习曲线,多方协作,任务编号 P3296。请扮演音乐制作顾问。围绕“音乐场景096-多方协作”中的歌词、编曲、练习任务，面向本地用户，根据目标用户重写表达。请用JSON结构输出，并从“学习曲线”角度做重点判断。要求：必要时提出澄清问题；语言简洁，不说空话；最后给出3条可立即执行的下一步。
3297,音乐,音乐制作顾问,创始人,复盘报告,效率,预算有限,任务编号 P3297。请扮演音乐制作顾问。围绕“音乐场景097-预算有限”中的歌词、编曲、练习任务，面向创始人，提炼核心洞察并给出行动建议。请用复盘报告输出，并从“效率”角度做重点判断。要求：给出至少一个反例；按难易度排序；最后给出3条可立即执行的下一步。
3298,音乐,音乐制作顾问,新手用户,短视频脚本,风险,初创团队,任务编号 P3298。请扮演音乐制作顾问。围绕“音乐场景098-初创团队”中的歌词、编曲、练习任务，面向新手用户，设计一套可量化指标。请用短视频脚本输出，并从“风险”角度做重点判断。要求：按难易度排序；先给结论再解释；最后给出3条可立即执行的下一步。
3299,音乐,音乐制作顾问,一线执行团队,Markdown大纲,增长,需要扩张,任务编号 P3299。请扮演音乐制作顾问。围绕“音乐场景099-需要扩张”中的歌词、编曲、练习任务，面向一线执行团队，把零散想法整理成结构化大纲。请用Markdown大纲输出，并从“增长”角度做重点判断。要求：避免虚构事实；给出示例输入输出；最后给出3条可立即执行的下一步。
3300,音乐,音乐制作顾问,开发团队,JSON结构,短期落地,新市场验证,任务编号 P3300。请扮演音乐制作顾问。围绕“音乐场景100-新市场验证”中的歌词、编曲、练习任务，面向开发团队，生成可直接使用的模板。请用JSON结构输出，并从“短期落地”角度做重点判断。要求：避免专业黑话；给出至少一个反例；最后给出3条可立即执行的下一步。
3301,科研,科研助理,投资人,实验计划,风险,数据不足,任务编号 P3301。请扮演科研助理。围绕“科研场景001-数据不足”中的论文、实验、综述任务，面向投资人，把复杂内容改写成新手也能懂的说明。请用实验计划输出，并从“风险”角度做重点判断。要求：给出示例输入输出；用中文输出；最后给出3条可立即执行的下一步。
3302,科研,科研助理,海外用户,检查清单,增长,公开发布,任务编号 P3302。请扮演科研助理。围绕“科研场景002-公开发布”中的论文、实验、综述任务，面向海外用户，设计一个从零到一的工作流。请用检查清单输出，并从“增长”角度做重点判断。要求：语言简洁，不说空话；兼顾成本和效果；最后给出3条可立即执行的下一步。
3303,科研,科研助理,专家评审,SOP步骤,短期落地,多方协作,任务编号 P3303。请扮演科研助理。围绕“科研场景003-多方协作”中的论文、实验、综述任务，面向专家评审，创建检查清单并标注常见坑。请用SOP步骤输出，并从“短期落地”角度做重点判断。要求：兼顾成本和效果；避免虚构事实；最后给出3条可立即执行的下一步。
3304,科研,科研助理,大学生,看板任务,成本,预算有限,任务编号 P3304。请扮演科研助理。围绕“科研场景004-预算有限”中的论文、实验、综述任务，面向大学生，模拟专家评审并指出改进点。请用看板任务输出，并从“成本”角度做重点判断。要求：指出最容易忽略的细节；包含失败预案；最后给出3条可立即执行的下一步。
3305,科研,科研助理,管理层,实验计划,可维护性,初创团队,任务编号 P3305。请扮演科研助理。围绕“科研场景005-初创团队”中的论文、实验、综述任务，面向管理层，根据目标用户重写表达。请用实验计划输出，并从“可维护性”角度做重点判断。要求：包含可执行下一步；语言简洁，不说空话；最后给出3条可立即执行的下一步。
3306,科研,科研助理,内容创作者,检查清单,长期价值,需要扩张,任务编号 P3306。请扮演科研助理。围绕“科研场景006-需要扩张”中的论文、实验、综述任务，面向内容创作者，提炼核心洞察并给出行动建议。请用检查清单输出，并从“长期价值”角度做重点判断。要求：输出可直接复制使用；按难易度排序；最后给出3条可立即执行的下一步。
3307,科研,科研助理,销售团队,SOP步骤,质量,新市场验证,任务编号 P3307。请扮演科研助理。围绕“科研场景007-新市场验证”中的论文、实验、综述任务，面向销售团队，设计一套可量化指标。请用SOP步骤输出，并从“质量”角度做重点判断。要求：保持中立客观；先给结论再解释；最后给出3条可立即执行的下一步。
3308,科研,科研助理,教师,看板任务,用户体验,竞品压力,任务编号 P3308。请扮演科研助理。围绕“科研场景008-竞品压力”中的论文、实验、综述任务，面向教师，把零散想法整理成结构化大纲。请用看板任务输出，并从“用户体验”角度做重点判断。要求：先给结论再解释；给出示例输入输出；最后给出3条可立即执行的下一步。
3309,科研,科研助理,本地用户,实验计划,学习曲线,准备上线,任务编号 P3309。请扮演科研助理。围绕“科研场景009-准备上线”中的论文、实验、综述任务，面向本地用户，生成可直接使用的模板。请用实验计划输出，并从“学习曲线”角度做重点判断。要求：包含失败预案；给出至少一个反例；最后给出3条可立即执行的下一步。
3310,科研,科研助理,创始人,检查清单,效率,高不确定性,任务编号 P3310。请扮演科研助理。围绕“科研场景010-高不确定性”中的论文、实验、综述任务，面向创始人，做一次反向推理找出隐藏风险。请用检查清单输出，并从“效率”角度做重点判断。要求：用中文输出；保持中立客观；最后给出3条可立即执行的下一步。
3311,科研,科研助理,新手用户,SOP步骤,风险,远程协作,任务编号 P3311。请扮演科研助理。围绕“科研场景011-远程协作”中的论文、实验、综述任务，面向新手用户，给出低成本试验方案。请用SOP步骤输出，并从“风险”角度做重点判断。要求：标注假设和不确定性；适合在一天内开始执行；最后给出3条可立即执行的下一步。
3312,科研,科研助理,一线执行团队,看板任务,增长,个人项目,任务编号 P3312。请扮演科研助理。围绕“科研场景012-个人项目”中的论文、实验、综述任务，面向一线执行团队，创建对比表并推荐选择。请用看板任务输出，并从“增长”角度做重点判断。要求：按影响力排序；必要时提出澄清问题；最后给出3条可立即执行的下一步。
3313,科研,科研助理,开发团队,实验计划,短期落地,质量波动,任务编号 P3313。请扮演科研助理。围绕“科研场景013-质量波动”中的论文、实验、综述任务，面向开发团队，把长内容压缩成高密度摘要。请用实验计划输出，并从“短期落地”角度做重点判断。要求：必要时提出澄清问题；输出可直接复制使用；最后给出3条可立即执行的下一步。
3314,科研,科研助理,客服团队,检查清单,成本,用户流失,任务编号 P3314。请扮演科研助理。围绕“科研场景014-用户流失”中的论文、实验、综述任务，面向客服团队，提出10个创新方向并排序。请用检查清单输出，并从“成本”角度做重点判断。要求：给出至少一个反例；提供简短版本和完整版本；最后给出3条可立即执行的下一步。
3315,科研,科研助理,家长,SOP步骤,可维护性,内部培训,任务编号 P3315。请扮演科研助理。围绕“科研场景015-内部培训”中的论文、实验、综述任务，面向家长，设计30天训练计划。请用SOP步骤输出，并从“可维护性”角度做重点判断。要求：按难易度排序；按影响力排序；最后给出3条可立即执行的下一步。
3316,科研,科研助理,非技术读者,看板任务,长期价值,需要复盘,任务编号 P3316。请扮演科研助理。围绕“科研场景016-需要复盘”中的论文、实验、综述任务，面向非技术读者，构建决策树帮助判断下一步。请用看板任务输出，并从“长期价值”角度做重点判断。要求：避免虚构事实；包含可执行下一步；最后给出3条可立即执行的下一步。
3317,科研,科研助理,中小企业主,实验计划,质量,时间紧迫,任务编号 P3317。请扮演科研助理。围绕“科研场景017-时间紧迫”中的论文、实验、综述任务，面向中小企业主，生成会议讨论提纲。请用实验计划输出，并从“质量”角度做重点判断。要求：避免专业黑话；包含衡量标准；最后给出3条可立即执行的下一步。
3318,科研,科研助理,资深从业者,检查清单,用户体验,成熟企业,任务编号 P3318。请扮演科研助理。围绕“科研场景018-成熟企业”中的论文、实验、综述任务，面向资深从业者，写一份面向管理层的简报。请用检查清单输出，并从“用户体验”角度做重点判断。要求：包含衡量标准；标注假设和不确定性；最后给出3条可立即执行的下一步。
3319,科研,科研助理,自由职业者,SOP步骤,学习曲线,需要降本,任务编号 P3319。请扮演科研助理。围绕“科研场景019-需要降本”中的论文、实验、综述任务，面向自由职业者，写一份面向执行者的操作手册。请用SOP步骤输出，并从“学习曲线”角度做重点判断。要求：提供简短版本和完整版本；指出最容易忽略的细节；最后给出3条可立即执行的下一步。
3320,科研,科研助理,设计团队,看板任务,效率,流程混乱,任务编号 P3320。请扮演科研助理。围绕“科研场景020-流程混乱”中的论文、实验、综述任务，面向设计团队，建立评估打分表。请用看板任务输出，并从“效率”角度做重点判断。要求：适合在一天内开始执行；避免专业黑话；最后给出3条可立即执行的下一步。
3321,科研,科研助理,投资人,实验计划,风险,数据不足,任务编号 P3321。请扮演科研助理。围绕“科研场景021-数据不足”中的论文、实验、综述任务，面向投资人，提出自动化改造思路。请用实验计划输出，并从“风险”角度做重点判断。要求：给出示例输入输出；用中文输出；最后给出3条可立即执行的下一步。
3322,科研,科研助理,海外用户,检查清单,增长,公开发布,任务编号 P3322。请扮演科研助理。围绕“科研场景022-公开发布”中的论文、实验、综述任务，面向海外用户，设计用户调研问题。请用检查清单输出，并从“增长”角度做重点判断。要求：语言简洁，不说空话；兼顾成本和效果；最后给出3条可立即执行的下一步。
3323,科研,科研助理,专家评审,SOP步骤,短期落地,多方协作,任务编号 P3323。请扮演科研助理。围绕“科研场景023-多方协作”中的论文、实验、综述任务，面向专家评审，模拟用户反馈并归纳模式。请用SOP步骤输出，并从“短期落地”角度做重点判断。要求：兼顾成本和效果；避免虚构事实；最后给出3条可立即执行的下一步。
3324,科研,科研助理,大学生,看板任务,成本,预算有限,任务编号 P3324。请扮演科研助理。围绕“科研场景024-预算有限”中的论文、实验、综述任务，面向大学生，生成故障排查路径。请用看板任务输出，并从“成本”角度做重点判断。要求：指出最容易忽略的细节；包含失败预案；最后给出3条可立即执行的下一步。
3325,科研,科研助理,管理层,实验计划,可维护性,初创团队,任务编号 P3325。请扮演科研助理。围绕“科研场景025-初创团队”中的论文、实验、综述任务，面向管理层，把目标拆成里程碑。请用实验计划输出，并从“可维护性”角度做重点判断。要求：包含可执行下一步；语言简洁，不说空话；最后给出3条可立即执行的下一步。
3326,科研,科研助理,内容创作者,检查清单,长期价值,需要扩张,任务编号 P3326。请扮演科研助理。围绕“科研场景026-需要扩张”中的论文、实验、综述任务，面向内容创作者，提出可复用命名规范。请用检查清单输出，并从“长期价值”角度做重点判断。要求：输出可直接复制使用；按难易度排序；最后给出3条可立即执行的下一步。
3327,科研,科研助理,销售团队,SOP步骤,质量,新市场验证,任务编号 P3327。请扮演科研助理。围绕“科研场景027-新市场验证”中的论文、实验、综述任务，面向销售团队，创建风险登记册。请用SOP步骤输出，并从“质量”角度做重点判断。要求：保持中立客观；先给结论再解释；最后给出3条可立即执行的下一步。
3328,科研,科研助理,教师,看板任务,用户体验,竞品压力,任务编号 P3328。请扮演科研助理。围绕“科研场景028-竞品压力”中的论文、实验、综述任务，面向教师，制定一份可执行方案。请用看板任务输出，并从“用户体验”角度做重点判断。要求：先给结论再解释；给出示例输入输出；最后给出3条可立即执行的下一步。
3329,科研,科研助理,本地用户,实验计划,学习曲线,准备上线,任务编号 P3329。请扮演科研助理。围绕“科研场景029-准备上线”中的论文、实验、综述任务，面向本地用户，列出关键问题并给出优先级。请用实验计划输出，并从“学习曲线”角度做重点判断。要求：包含失败预案；给出至少一个反例；最后给出3条可立即执行的下一步。
3330,科研,科研助理,创始人,检查清单,效率,高不确定性,任务编号 P3330。请扮演科研助理。围绕“科研场景030-高不确定性”中的论文、实验、综述任务，面向创始人，生成三种风格完全不同的版本。请用检查清单输出，并从“效率”角度做重点判断。要求：用中文输出；保持中立客观；最后给出3条可立即执行的下一步。
3331,科研,科研助理,新手用户,SOP步骤,风险,远程协作,任务编号 P3331。请扮演科研助理。围绕“科研场景031-远程协作”中的论文、实验、综述任务，面向新手用户，把复杂内容改写成新手也能懂的说明。请用SOP步骤输出，并从“风险”角度做重点判断。要求：标注假设和不确定性；适合在一天内开始执行；最后给出3条可立即执行的下一步。
3332,科研,科研助理,一线执行团队,看板任务,增长,个人项目,任务编号 P3332。请扮演科研助理。围绕“科研场景032-个人项目”中的论文、实验、综述任务，面向一线执行团队，设计一个从零到一的工作流。请用看板任务输出，并从“增长”角度做重点判断。要求：按影响力排序；必要时提出澄清问题；最后给出3条可立即执行的下一步。
3333,科研,科研助理,开发团队,实验计划,短期落地,质量波动,任务编号 P3333。请扮演科研助理。围绕“科研场景033-质量波动”中的论文、实验、综述任务，面向开发团队，创建检查清单并标注常见坑。请用实验计划输出，并从“短期落地”角度做重点判断。要求：必要时提出澄清问题；输出可直接复制使用；最后给出3条可立即执行的下一步。
3334,科研,科研助理,客服团队,检查清单,成本,用户流失,任务编号 P3334。请扮演科研助理。围绕“科研场景034-用户流失”中的论文、实验、综述任务，面向客服团队，模拟专家评审并指出改进点。请用检查清单输出，并从“成本”角度做重点判断。要求：给出至少一个反例；提供简短版本和完整版本；最后给出3条可立即执行的下一步。
3335,科研,科研助理,家长,SOP步骤,可维护性,内部培训,任务编号 P3335。请扮演科研助理。围绕“科研场景035-内部培训”中的论文、实验、综述任务，面向家长，根据目标用户重写表达。请用SOP步骤输出，并从“可维护性”角度做重点判断。要求：按难易度排序；按影响力排序；最后给出3条可立即执行的下一步。
3336,科研,科研助理,非技术读者,看板任务,长期价值,需要复盘,任务编号 P3336。请扮演科研助理。围绕“科研场景036-需要复盘”中的论文、实验、综述任务，面向非技术读者，提炼核心洞察并给出行动建议。请用看板任务输出，并从“长期价值”角度做重点判断。要求：避免虚构事实；包含可执行下一步；最后给出3条可立即执行的下一步。
3337,科研,科研助理,中小企业主,实验计划,质量,时间紧迫,任务编号 P3337。请扮演科研助理。围绕“科研场景037-时间紧迫”中的论文、实验、综述任务，面向中小企业主，设计一套可量化指标。请用实验计划输出，并从“质量”角度做重点判断。要求：避免专业黑话；包含衡量标准；最后给出3条可立即执行的下一步。
3338,科研,科研助理,资深从业者,检查清单,用户体验,成熟企业,任务编号 P3338。请扮演科研助理。围绕“科研场景038-成熟企业”中的论文、实验、综述任务，面向资深从业者，把零散想法整理成结构化大纲。请用检查清单输出，并从“用户体验”角度做重点判断。要求：包含衡量标准；标注假设和不确定性；最后给出3条可立即执行的下一步。
3339,科研,科研助理,自由职业者,SOP步骤,学习曲线,需要降本,任务编号 P3339。请扮演科研助理。围绕“科研场景039-需要降本”中的论文、实验、综述任务，面向自由职业者，生成可直接使用的模板。请用SOP步骤输出，并从“学习曲线”角度做重点判断。要求：提供简短版本和完整版本；指出最容易忽略的细节；最后给出3条可立即执行的下一步。
3340,科研,科研助理,设计团队,看板任务,效率,流程混乱,任务编号 P3340。请扮演科研助理。围绕“科研场景040-流程混乱”中的论文、实验、综述任务，面向设计团队，做一次反向推理找出隐藏风险。请用看板任务输出，并从“效率”角度做重点判断。要求：适合在一天内开始执行；避免专业黑话；最后给出3条可立即执行的下一步。
3341,科研,科研助理,投资人,实验计划,风险,数据不足,任务编号 P3341。请扮演科研助理。围绕“科研场景041-数据不足”中的论文、实验、综述任务，面向投资人，给出低成本试验方案。请用实验计划输出，并从“风险”角度做重点判断。要求：给出示例输入输出；用中文输出；最后给出3条可立即执行的下一步。
3342,科研,科研助理,海外用户,检查清单,增长,公开发布,任务编号 P3342。请扮演科研助理。围绕“科研场景042-公开发布”中的论文、实验、综述任务，面向海外用户，创建对比表并推荐选择。请用检查清单输出，并从“增长”角度做重点判断。要求：语言简洁，不说空话；兼顾成本和效果；最后给出3条可立即执行的下一步。
3343,科研,科研助理,专家评审,SOP步骤,短期落地,多方协作,任务编号 P3343。请扮演科研助理。围绕“科研场景043-多方协作”中的论文、实验、综述任务，面向专家评审，把长内容压缩成高密度摘要。请用SOP步骤输出，并从“短期落地”角度做重点判断。要求：兼顾成本和效果；避免虚构事实；最后给出3条可立即执行的下一步。
3344,科研,科研助理,大学生,看板任务,成本,预算有限,任务编号 P3344。请扮演科研助理。围绕“科研场景044-预算有限”中的论文、实验、综述任务，面向大学生，提出10个创新方向并排序。请用看板任务输出，并从“成本”角度做重点判断。要求：指出最容易忽略的细节；包含失败预案；最后给出3条可立即执行的下一步。
3345,科研,科研助理,管理层,实验计划,可维护性,初创团队,任务编号 P3345。请扮演科研助理。围绕“科研场景045-初创团队”中的论文、实验、综述任务，面向管理层，设计30天训练计划。请用实验计划输出，并从“可维护性”角度做重点判断。要求：包含可执行下一步；语言简洁，不说空话；最后给出3条可立即执行的下一步。
3346,科研,科研助理,内容创作者,检查清单,长期价值,需要扩张,任务编号 P3346。请扮演科研助理。围绕“科研场景046-需要扩张”中的论文、实验、综述任务，面向内容创作者，构建决策树帮助判断下一步。请用检查清单输出，并从“长期价值”角度做重点判断。要求：输出可直接复制使用；按难易度排序；最后给出3条可立即执行的下一步。
3347,科研,科研助理,销售团队,SOP步骤,质量,新市场验证,任务编号 P3347。请扮演科研助理。围绕“科研场景047-新市场验证”中的论文、实验、综述任务，面向销售团队，生成会议讨论提纲。请用SOP步骤输出，并从“质量”角度做重点判断。要求：保持中立客观；先给结论再解释；最后给出3条可立即执行的下一步。
3348,科研,科研助理,教师,看板任务,用户体验,竞品压力,任务编号 P3348。请扮演科研助理。围绕“科研场景048-竞品压力”中的论文、实验、综述任务，面向教师，写一份面向管理层的简报。请用看板任务输出，并从“用户体验”角度做重点判断。要求：先给结论再解释；给出示例输入输出；最后给出3条可立即执行的下一步。
3349,科研,科研助理,本地用户,实验计划,学习曲线,准备上线,任务编号 P3349。请扮演科研助理。围绕“科研场景049-准备上线”中的论文、实验、综述任务，面向本地用户，写一份面向执行者的操作手册。请用实验计划输出，并从“学习曲线”角度做重点判断。要求：包含失败预案；给出至少一个反例；最后给出3条可立即执行的下一步。
3350,科研,科研助理,创始人,检查清单,效率,高不确定性,任务编号 P3350。请扮演科研助理。围绕“科研场景050-高不确定性”中的论文、实验、综述任务，面向创始人，建立评估打分表。请用检查清单输出，并从“效率”角度做重点判断。要求：用中文输出；保持中立客观；最后给出3条可立即执行的下一步。
3351,科研,科研助理,新手用户,SOP步骤,风险,远程协作,任务编号 P3351。请扮演科研助理。围绕“科研场景051-远程协作”中的论文、实验、综述任务，面向新手用户，提出自动化改造思路。请用SOP步骤输出，并从“风险”角度做重点判断。要求：标注假设和不确定性；适合在一天内开始执行；最后给出3条可立即执行的下一步。
3352,科研,科研助理,一线执行团队,看板任务,增长,个人项目,任务编号 P3352。请扮演科研助理。围绕“科研场景052-个人项目”中的论文、实验、综述任务，面向一线执行团队，设计用户调研问题。请用看板任务输出，并从“增长”角度做重点判断。要求：按影响力排序；必要时提出澄清问题；最后给出3条可立即执行的下一步。
3353,科研,科研助理,开发团队,实验计划,短期落地,质量波动,任务编号 P3353。请扮演科研助理。围绕“科研场景053-质量波动”中的论文、实验、综述任务，面向开发团队，模拟用户反馈并归纳模式。请用实验计划输出，并从“短期落地”角度做重点判断。要求：必要时提出澄清问题；输出可直接复制使用；最后给出3条可立即执行的下一步。
3354,科研,科研助理,客服团队,检查清单,成本,用户流失,任务编号 P3354。请扮演科研助理。围绕“科研场景054-用户流失”中的论文、实验、综述任务，面向客服团队，生成故障排查路径。请用检查清单输出，并从“成本”角度做重点判断。要求：给出至少一个反例；提供简短版本和完整版本；最后给出3条可立即执行的下一步。
3355,科研,科研助理,家长,SOP步骤,可维护性,内部培训,任务编号 P3355。请扮演科研助理。围绕“科研场景055-内部培训”中的论文、实验、综述任务，面向家长，把目标拆成里程碑。请用SOP步骤输出，并从“可维护性”角度做重点判断。要求：按难易度排序；按影响力排序；最后给出3条可立即执行的下一步。
3356,科研,科研助理,非技术读者,看板任务,长期价值,需要复盘,任务编号 P3356。请扮演科研助理。围绕“科研场景056-需要复盘”中的论文、实验、综述任务，面向非技术读者，提出可复用命名规范。请用看板任务输出，并从“长期价值”角度做重点判断。要求：避免虚构事实；包含可执行下一步；最后给出3条可立即执行的下一步。
3357,科研,科研助理,中小企业主,实验计划,质量,时间紧迫,任务编号 P3357。请扮演科研助理。围绕“科研场景057-时间紧迫”中的论文、实验、综述任务，面向中小企业主，创建风险登记册。请用实验计划输出，并从“质量”角度做重点判断。要求：避免专业黑话；包含衡量标准；最后给出3条可立即执行的下一步。
3358,科研,科研助理,资深从业者,检查清单,用户体验,成熟企业,任务编号 P3358。请扮演科研助理。围绕“科研场景058-成熟企业”中的论文、实验、综述任务，面向资深从业者，制定一份可执行方案。请用检查清单输出，并从“用户体验”角度做重点判断。要求：包含衡量标准；标注假设和不确定性；最后给出3条可立即执行的下一步。
3359,科研,科研助理,自由职业者,SOP步骤,学习曲线,需要降本,任务编号 P3359。请扮演科研助理。围绕“科研场景059-需要降本”中的论文、实验、综述任务，面向自由职业者，列出关键问题并给出优先级。请用SOP步骤输出，并从“学习曲线”角度做重点判断。要求：提供简短版本和完整版本；指出最容易忽略的细节；最后给出3条可立即执行的下一步。
3360,科研,科研助理,设计团队,看板任务,效率,流程混乱,任务编号 P3360。请扮演科研助理。围绕“科研场景060-流程混乱”中的论文、实验、综述任务，面向设计团队，生成三种风格完全不同的版本。请用看板任务输出，并从“效率”角度做重点判断。要求：适合在一天内开始执行；避免专业黑话；最后给出3条可立即执行的下一步。
3361,科研,科研助理,投资人,实验计划,风险,数据不足,任务编号 P3361。请扮演科研助理。围绕“科研场景061-数据不足”中的论文、实验、综述任务，面向投资人，把复杂内容改写成新手也能懂的说明。请用实验计划输出，并从“风险”角度做重点判断。要求：给出示例输入输出；用中文输出；最后给出3条可立即执行的下一步。
3362,科研,科研助理,海外用户,检查清单,增长,公开发布,任务编号 P3362。请扮演科研助理。围绕“科研场景062-公开发布”中的论文、实验、综述任务，面向海外用户，设计一个从零到一的工作流。请用检查清单输出，并从“增长”角度做重点判断。要求：语言简洁，不说空话；兼顾成本和效果；最后给出3条可立即执行的下一步。
3363,科研,科研助理,专家评审,SOP步骤,短期落地,多方协作,任务编号 P3363。请扮演科研助理。围绕“科研场景063-多方协作”中的论文、实验、综述任务，面向专家评审，创建检查清单并标注常见坑。请用SOP步骤输出，并从“短期落地”角度做重点判断。要求：兼顾成本和效果；避免虚构事实；最后给出3条可立即执行的下一步。
3364,科研,科研助理,大学生,看板任务,成本,预算有限,任务编号 P3364。请扮演科研助理。围绕“科研场景064-预算有限”中的论文、实验、综述任务，面向大学生，模拟专家评审并指出改进点。请用看板任务输出，并从“成本”角度做重点判断。要求：指出最容易忽略的细节；包含失败预案；最后给出3条可立即执行的下一步。
3365,科研,科研助理,管理层,实验计划,可维护性,初创团队,任务编号 P3365。请扮演科研助理。围绕“科研场景065-初创团队”中的论文、实验、综述任务，面向管理层，根据目标用户重写表达。请用实验计划输出，并从“可维护性”角度做重点判断。要求：包含可执行下一步；语言简洁，不说空话；最后给出3条可立即执行的下一步。
3366,科研,科研助理,内容创作者,检查清单,长期价值,需要扩张,任务编号 P3366。请扮演科研助理。围绕“科研场景066-需要扩张”中的论文、实验、综述任务，面向内容创作者，提炼核心洞察并给出行动建议。请用检查清单输出，并从“长期价值”角度做重点判断。要求：输出可直接复制使用；按难易度排序；最后给出3条可立即执行的下一步。
3367,科研,科研助理,销售团队,SOP步骤,质量,新市场验证,任务编号 P3367。请扮演科研助理。围绕“科研场景067-新市场验证”中的论文、实验、综述任务，面向销售团队，设计一套可量化指标。请用SOP步骤输出，并从“质量”角度做重点判断。要求：保持中立客观；先给结论再解释；最后给出3条可立即执行的下一步。
3368,科研,科研助理,教师,看板任务,用户体验,竞品压力,任务编号 P3368。请扮演科研助理。围绕“科研场景068-竞品压力”中的论文、实验、综述任务，面向教师，把零散想法整理成结构化大纲。请用看板任务输出，并从“用户体验”角度做重点判断。要求：先给结论再解释；给出示例输入输出；最后给出3条可立即执行的下一步。
3369,科研,科研助理,本地用户,实验计划,学习曲线,准备上线,任务编号 P3369。请扮演科研助理。围绕“科研场景069-准备上线”中的论文、实验、综述任务，面向本地用户，生成可直接使用的模板。请用实验计划输出，并从“学习曲线”角度做重点判断。要求：包含失败预案；给出至少一个反例；最后给出3条可立即执行的下一步。
3370,科研,科研助理,创始人,检查清单,效率,高不确定性,任务编号 P3370。请扮演科研助理。围绕“科研场景070-高不确定性”中的论文、实验、综述任务，面向创始人，做一次反向推理找出隐藏风险。请用检查清单输出，并从“效率”角度做重点判断。要求：用中文输出；保持中立客观；最后给出3条可立即执行的下一步。
3371,科研,科研助理,新手用户,SOP步骤,风险,远程协作,任务编号 P3371。请扮演科研助理。围绕“科研场景071-远程协作”中的论文、实验、综述任务，面向新手用户，给出低成本试验方案。请用SOP步骤输出，并从“风险”角度做重点判断。要求：标注假设和不确定性；适合在一天内开始执行；最后给出3条可立即执行的下一步。
3372,科研,科研助理,一线执行团队,看板任务,增长,个人项目,任务编号 P3372。请扮演科研助理。围绕“科研场景072-个人项目”中的论文、实验、综述任务，面向一线执行团队，创建对比表并推荐选择。请用看板任务输出，并从“增长”角度做重点判断。要求：按影响力排序；必要时提出澄清问题；最后给出3条可立即执行的下一步。
3373,科研,科研助理,开发团队,实验计划,短期落地,质量波动,任务编号 P3373。请扮演科研助理。围绕“科研场景073-质量波动”中的论文、实验、综述任务，面向开发团队，把长内容压缩成高密度摘要。请用实验计划输出，并从“短期落地”角度做重点判断。要求：必要时提出澄清问题；输出可直接复制使用；最后给出3条可立即执行的下一步。
3374,科研,科研助理,客服团队,检查清单,成本,用户流失,任务编号 P3374。请扮演科研助理。围绕“科研场景074-用户流失”中的论文、实验、综述任务，面向客服团队，提出10个创新方向并排序。请用检查清单输出，并从“成本”角度做重点判断。要求：给出至少一个反例；提供简短版本和完整版本；最后给出3条可立即执行的下一步。
3375,科研,科研助理,家长,SOP步骤,可维护性,内部培训,任务编号 P3375。请扮演科研助理。围绕“科研场景075-内部培训”中的论文、实验、综述任务，面向家长，设计30天训练计划。请用SOP步骤输出，并从“可维护性”角度做重点判断。要求：按难易度排序；按影响力排序；最后给出3条可立即执行的下一步。
3376,科研,科研助理,非技术读者,看板任务,长期价值,需要复盘,任务编号 P3376。请扮演科研助理。围绕“科研场景076-需要复盘”中的论文、实验、综述任务，面向非技术读者，构建决策树帮助判断下一步。请用看板任务输出，并从“长期价值”角度做重点判断。要求：避免虚构事实；包含可执行下一步；最后给出3条可立即执行的下一步。
3377,科研,科研助理,中小企业主,实验计划,质量,时间紧迫,任务编号 P3377。请扮演科研助理。围绕“科研场景077-时间紧迫”中的论文、实验、综述任务，面向中小企业主，生成会议讨论提纲。请用实验计划输出，并从“质量”角度做重点判断。要求：避免专业黑话；包含衡量标准；最后给出3条可立即执行的下一步。
3378,科研,科研助理,资深从业者,检查清单,用户体验,成熟企业,任务编号 P3378。请扮演科研助理。围绕“科研场景078-成熟企业”中的论文、实验、综述任务，面向资深从业者，写一份面向管理层的简报。请用检查清单输出，并从“用户体验”角度做重点判断。要求：包含衡量标准；标注假设和不确定性；最后给出3条可立即执行的下一步。
3379,科研,科研助理,自由职业者,SOP步骤,学习曲线,需要降本,任务编号 P3379。请扮演科研助理。围绕“科研场景079-需要降本”中的论文、实验、综述任务，面向自由职业者，写一份面向执行者的操作手册。请用SOP步骤输出，并从“学习曲线”角度做重点判断。要求：提供简短版本和完整版本；指出最容易忽略的细节；最后给出3条可立即执行的下一步。
3380,科研,科研助理,设计团队,看板任务,效率,流程混乱,任务编号 P3380。请扮演科研助理。围绕“科研场景080-流程混乱”中的论文、实验、综述任务，面向设计团队，建立评估打分表。请用看板任务输出，并从“效率”角度做重点判断。要求：适合在一天内开始执行；避免专业黑话；最后给出3条可立即执行的下一步。
3381,科研,科研助理,投资人,实验计划,风险,数据不足,任务编号 P3381。请扮演科研助理。围绕“科研场景081-数据不足”中的论文、实验、综述任务，面向投资人，提出自动化改造思路。请用实验计划输出，并从“风险”角度做重点判断。要求：给出示例输入输出；用中文输出；最后给出3条可立即执行的下一步。
3382,科研,科研助理,海外用户,检查清单,增长,公开发布,任务编号 P3382。请扮演科研助理。围绕“科研场景082-公开发布”中的论文、实验、综述任务，面向海外用户，设计用户调研问题。请用检查清单输出，并从“增长”角度做重点判断。要求：语言简洁，不说空话；兼顾成本和效果；最后给出3条可立即执行的下一步。
3383,科研,科研助理,专家评审,SOP步骤,短期落地,多方协作,任务编号 P3383。请扮演科研助理。围绕“科研场景083-多方协作”中的论文、实验、综述任务，面向专家评审，模拟用户反馈并归纳模式。请用SOP步骤输出，并从“短期落地”角度做重点判断。要求：兼顾成本和效果；避免虚构事实；最后给出3条可立即执行的下一步。
3384,科研,科研助理,大学生,看板任务,成本,预算有限,任务编号 P3384。请扮演科研助理。围绕“科研场景084-预算有限”中的论文、实验、综述任务，面向大学生，生成故障排查路径。请用看板任务输出，并从“成本”角度做重点判断。要求：指出最容易忽略的细节；包含失败预案；最后给出3条可立即执行的下一步。
3385,科研,科研助理,管理层,实验计划,可维护性,初创团队,任务编号 P3385。请扮演科研助理。围绕“科研场景085-初创团队”中的论文、实验、综述任务，面向管理层，把目标拆成里程碑。请用实验计划输出，并从“可维护性”角度做重点判断。要求：包含可执行下一步；语言简洁，不说空话；最后给出3条可立即执行的下一步。
3386,科研,科研助理,内容创作者,检查清单,长期价值,需要扩张,任务编号 P3386。请扮演科研助理。围绕“科研场景086-需要扩张”中的论文、实验、综述任务，面向内容创作者，提出可复用命名规范。请用检查清单输出，并从“长期价值”角度做重点判断。要求：输出可直接复制使用；按难易度排序；最后给出3条可立即执行的下一步。
3387,科研,科研助理,销售团队,SOP步骤,质量,新市场验证,任务编号 P3387。请扮演科研助理。围绕“科研场景087-新市场验证”中的论文、实验、综述任务，面向销售团队，创建风险登记册。请用SOP步骤输出，并从“质量”角度做重点判断。要求：保持中立客观；先给结论再解释；最后给出3条可立即执行的下一步。
3388,科研,科研助理,教师,看板任务,用户体验,竞品压力,任务编号 P3388。请扮演科研助理。围绕“科研场景088-竞品压力”中的论文、实验、综述任务，面向教师，制定一份可执行方案。请用看板任务输出，并从“用户体验”角度做重点判断。要求：先给结论再解释；给出示例输入输出；最后给出3条可立即执行的下一步。
3389,科研,科研助理,本地用户,实验计划,学习曲线,准备上线,任务编号 P3389。请扮演科研助理。围绕“科研场景089-准备上线”中的论文、实验、综述任务，面向本地用户，列出关键问题并给出优先级。请用实验计划输出，并从“学习曲线”角度做重点判断。要求：包含失败预案；给出至少一个反例；最后给出3条可立即执行的下一步。
3390,科研,科研助理,创始人,检查清单,效率,高不确定性,任务编号 P3390。请扮演科研助理。围绕“科研场景090-高不确定性”中的论文、实验、综述任务，面向创始人，生成三种风格完全不同的版本。请用检查清单输出，并从“效率”角度做重点判断。要求：用中文输出；保持中立客观；最后给出3条可立即执行的下一步。
3391,科研,科研助理,新手用户,SOP步骤,风险,远程协作,任务编号 P3391。请扮演科研助理。围绕“科研场景091-远程协作”中的论文、实验、综述任务，面向新手用户，把复杂内容改写成新手也能懂的说明。请用SOP步骤输出，并从“风险”角度做重点判断。要求：标注假设和不确定性；适合在一天内开始执行；最后给出3条可立即执行的下一步。
3392,科研,科研助理,一线执行团队,看板任务,增长,个人项目,任务编号 P3392。请扮演科研助理。围绕“科研场景092-个人项目”中的论文、实验、综述任务，面向一线执行团队，设计一个从零到一的工作流。请用看板任务输出，并从“增长”角度做重点判断。要求：按影响力排序；必要时提出澄清问题；最后给出3条可立即执行的下一步。
3393,科研,科研助理,开发团队,实验计划,短期落地,质量波动,任务编号 P3393。请扮演科研助理。围绕“科研场景093-质量波动”中的论文、实验、综述任务，面向开发团队，创建检查清单并标注常见坑。请用实验计划输出，并从“短期落地”角度做重点判断。要求：必要时提出澄清问题；输出可直接复制使用；最后给出3条可立即执行的下一步。
3394,科研,科研助理,客服团队,检查清单,成本,用户流失,任务编号 P3394。请扮演科研助理。围绕“科研场景094-用户流失”中的论文、实验、综述任务，面向客服团队，模拟专家评审并指出改进点。请用检查清单输出，并从“成本”角度做重点判断。要求：给出至少一个反例；提供简短版本和完整版本；最后给出3条可立即执行的下一步。
3395,科研,科研助理,家长,SOP步骤,可维护性,内部培训,任务编号 P3395。请扮演科研助理。围绕“科研场景095-内部培训”中的论文、实验、综述任务，面向家长，根据目标用户重写表达。请用SOP步骤输出，并从“可维护性”角度做重点判断。要求：按难易度排序；按影响力排序；最后给出3条可立即执行的下一步。
3396,科研,科研助理,非技术读者,看板任务,长期价值,需要复盘,任务编号 P3396。请扮演科研助理。围绕“科研场景096-需要复盘”中的论文、实验、综述任务，面向非技术读者，提炼核心洞察并给出行动建议。请用看板任务输出，并从“长期价值”角度做重点判断。要求：避免虚构事实；包含可执行下一步；最后给出3条可立即执行的下一步。
3397,科研,科研助理,中小企业主,实验计划,质量,时间紧迫,任务编号 P3397。请扮演科研助理。围绕“科研场景097-时间紧迫”中的论文、实验、综述任务，面向中小企业主，设计一套可量化指标。请用实验计划输出，并从“质量”角度做重点判断。要求：避免专业黑话；包含衡量标准；最后给出3条可立即执行的下一步。
3398,科研,科研助理,资深从业者,检查清单,用户体验,成熟企业,任务编号 P3398。请扮演科研助理。围绕“科研场景098-成熟企业”中的论文、实验、综述任务，面向资深从业者，把零散想法整理成结构化大纲。请用检查清单输出，并从“用户体验”角度做重点判断。要求：包含衡量标准；标注假设和不确定性；最后给出3条可立即执行的下一步。
3399,科研,科研助理,自由职业者,SOP步骤,学习曲线,需要降本,任务编号 P3399。请扮演科研助理。围绕“科研场景099-需要降本”中的论文、实验、综述任务，面向自由职业者，生成可直接使用的模板。请用SOP步骤输出，并从“学习曲线”角度做重点判断。要求：提供简短版本和完整版本；指出最容易忽略的细节；最后给出3条可立即执行的下一步。
3400,科研,科研助理,设计团队,看板任务,效率,流程混乱,任务编号 P3400。请扮演科研助理。围绕“科研场景100-流程混乱”中的论文、实验、综述任务，面向设计团队，做一次反向推理找出隐藏风险。请用看板任务输出，并从“效率”角度做重点判断。要求：适合在一天内开始执行；避免专业黑话；最后给出3条可立即执行的下一步。
3401,医学,医学信息助理,教师,用户故事,用户体验,用户流失,任务编号 P3401。请扮演医学信息助理。围绕“医学场景001-用户流失”中的资料解释、问诊准备任务，面向教师，设计一个从零到一的工作流。请用用户故事输出，并从“用户体验”角度做重点判断。要求：指出最容易忽略的细节；必要时提出澄清问题；最后给出3条可立即执行的下一步。
3402,医学,医学信息助理,本地用户,对比分析,学习曲线,内部培训,任务编号 P3402。请扮演医学信息助理。围绕“医学场景002-内部培训”中的资料解释、问诊准备任务，面向本地用户，创建检查清单并标注常见坑。请用对比分析输出，并从“学习曲线”角度做重点判断。要求：包含可执行下一步；输出可直接复制使用；最后给出3条可立即执行的下一步。
3403,医学,医学信息助理,创始人,一页纸简报,效率,需要复盘,任务编号 P3403。请扮演医学信息助理。围绕“医学场景003-需要复盘”中的资料解释、问诊准备任务，面向创始人，模拟专家评审并指出改进点。请用一页纸简报输出，并从“效率”角度做重点判断。要求：输出可直接复制使用；提供简短版本和完整版本；最后给出3条可立即执行的下一步。
3404,医学,医学信息助理,新手用户,评分矩阵,风险,时间紧迫,任务编号 P3404。请扮演医学信息助理。围绕“医学场景004-时间紧迫”中的资料解释、问诊准备任务，面向新手用户，根据目标用户重写表达。请用评分矩阵输出，并从“风险”角度做重点判断。要求：保持中立客观；按影响力排序；最后给出3条可立即执行的下一步。
3405,医学,医学信息助理,一线执行团队,用户故事,增长,成熟企业,任务编号 P3405。请扮演医学信息助理。围绕“医学场景005-成熟企业”中的资料解释、问诊准备任务，面向一线执行团队，提炼核心洞察并给出行动建议。请用用户故事输出，并从“增长”角度做重点判断。要求：先给结论再解释；包含可执行下一步；最后给出3条可立即执行的下一步。
3406,医学,医学信息助理,开发团队,对比分析,短期落地,需要降本,任务编号 P3406。请扮演医学信息助理。围绕“医学场景006-需要降本”中的资料解释、问诊准备任务，面向开发团队，设计一套可量化指标。请用对比分析输出，并从“短期落地”角度做重点判断。要求：包含失败预案；包含衡量标准；最后给出3条可立即执行的下一步。
3407,医学,医学信息助理,客服团队,一页纸简报,成本,流程混乱,任务编号 P3407。请扮演医学信息助理。围绕“医学场景007-流程混乱”中的资料解释、问诊准备任务，面向客服团队，把零散想法整理成结构化大纲。请用一页纸简报输出，并从“成本”角度做重点判断。要求：用中文输出；标注假设和不确定性；最后给出3条可立即执行的下一步。
3408,医学,医学信息助理,家长,评分矩阵,可维护性,数据不足,任务编号 P3408。请扮演医学信息助理。围绕“医学场景008-数据不足”中的资料解释、问诊准备任务，面向家长，生成可直接使用的模板。请用评分矩阵输出，并从“可维护性”角度做重点判断。要求：标注假设和不确定性；指出最容易忽略的细节；最后给出3条可立即执行的下一步。
3409,医学,医学信息助理,非技术读者,用户故事,长期价值,公开发布,任务编号 P3409。请扮演医学信息助理。围绕“医学场景009-公开发布”中的资料解释、问诊准备任务，面向非技术读者，做一次反向推理找出隐藏风险。请用用户故事输出，并从“长期价值”角度做重点判断。要求：按影响力排序；避免专业黑话；最后给出3条可立即执行的下一步。
3410,医学,医学信息助理,中小企业主,对比分析,质量,多方协作,任务编号 P3410。请扮演医学信息助理。围绕“医学场景010-多方协作”中的资料解释、问诊准备任务，面向中小企业主，给出低成本试验方案。请用对比分析输出，并从“质量”角度做重点判断。要求：必要时提出澄清问题；用中文输出；最后给出3条可立即执行的下一步。
3411,医学,医学信息助理,资深从业者,一页纸简报,用户体验,预算有限,任务编号 P3411。请扮演医学信息助理。围绕“医学场景011-预算有限”中的资料解释、问诊准备任务，面向资深从业者，创建对比表并推荐选择。请用一页纸简报输出，并从“用户体验”角度做重点判断。要求：给出至少一个反例；兼顾成本和效果；最后给出3条可立即执行的下一步。
3412,医学,医学信息助理,自由职业者,评分矩阵,学习曲线,初创团队,任务编号 P3412。请扮演医学信息助理。围绕“医学场景012-初创团队”中的资料解释、问诊准备任务，面向自由职业者，把长内容压缩成高密度摘要。请用评分矩阵输出，并从“学习曲线”角度做重点判断。要求：按难易度排序；避免虚构事实；最后给出3条可立即执行的下一步。
3413,医学,医学信息助理,设计团队,用户故事,效率,需要扩张,任务编号 P3413。请扮演医学信息助理。围绕“医学场景013-需要扩张”中的资料解释、问诊准备任务，面向设计团队，提出10个创新方向并排序。请用用户故事输出，并从“效率”角度做重点判断。要求：避免虚构事实；包含失败预案；最后给出3条可立即执行的下一步。
3414,医学,医学信息助理,投资人,对比分析,风险,新市场验证,任务编号 P3414。请扮演医学信息助理。围绕“医学场景014-新市场验证”中的资料解释、问诊准备任务，面向投资人，设计30天训练计划。请用对比分析输出，并从“风险”角度做重点判断。要求：避免专业黑话；语言简洁，不说空话；最后给出3条可立即执行的下一步。
3415,医学,医学信息助理,海外用户,一页纸简报,增长,竞品压力,任务编号 P3415。请扮演医学信息助理。围绕“医学场景015-竞品压力”中的资料解释、问诊准备任务，面向海外用户，构建决策树帮助判断下一步。请用一页纸简报输出，并从“增长”角度做重点判断。要求：包含衡量标准；按难易度排序；最后给出3条可立即执行的下一步。
3416,医学,医学信息助理,专家评审,评分矩阵,短期落地,准备上线,任务编号 P3416。请扮演医学信息助理。围绕“医学场景016-准备上线”中的资料解释、问诊准备任务，面向专家评审，生成会议讨论提纲。请用评分矩阵输出，并从“短期落地”角度做重点判断。要求：提供简短版本和完整版本；先给结论再解释；最后给出3条可立即执行的下一步。
3417,医学,医学信息助理,大学生,用户故事,成本,高不确定性,任务编号 P3417。请扮演医学信息助理。围绕“医学场景017-高不确定性”中的资料解释、问诊准备任务，面向大学生，写一份面向管理层的简报。请用用户故事输出，并从“成本”角度做重点判断。要求：适合在一天内开始执行；给出示例输入输出；最后给出3条可立即执行的下一步。
3418,医学,医学信息助理,管理层,对比分析,可维护性,远程协作,任务编号 P3418。请扮演医学信息助理。围绕“医学场景018-远程协作”中的资料解释、问诊准备任务，面向管理层，写一份面向执行者的操作手册。请用对比分析输出，并从“可维护性”角度做重点判断。要求：给出示例输入输出；给出至少一个反例；最后给出3条可立即执行的下一步。
3419,医学,医学信息助理,内容创作者,一页纸简报,长期价值,个人项目,任务编号 P3419。请扮演医学信息助理。围绕“医学场景019-个人项目”中的资料解释、问诊准备任务，面向内容创作者，建立评估打分表。请用一页纸简报输出，并从“长期价值”角度做重点判断。要求：语言简洁，不说空话；保持中立客观；最后给出3条可立即执行的下一步。
3420,医学,医学信息助理,销售团队,评分矩阵,质量,质量波动,任务编号 P3420。请扮演医学信息助理。围绕“医学场景020-质量波动”中的资料解释、问诊准备任务，面向销售团队，提出自动化改造思路。请用评分矩阵输出，并从“质量”角度做重点判断。要求：兼顾成本和效果；适合在一天内开始执行；最后给出3条可立即执行的下一步。
3421,医学,医学信息助理,教师,用户故事,用户体验,用户流失,任务编号 P3421。请扮演医学信息助理。围绕“医学场景021-用户流失”中的资料解释、问诊准备任务，面向教师，设计用户调研问题。请用用户故事输出，并从“用户体验”角度做重点判断。要求：指出最容易忽略的细节；必要时提出澄清问题；最后给出3条可立即执行的下一步。
3422,医学,医学信息助理,本地用户,对比分析,学习曲线,内部培训,任务编号 P3422。请扮演医学信息助理。围绕“医学场景022-内部培训”中的资料解释、问诊准备任务，面向本地用户，模拟用户反馈并归纳模式。请用对比分析输出，并从“学习曲线”角度做重点判断。要求：包含可执行下一步；输出可直接复制使用；最后给出3条可立即执行的下一步。
3423,医学,医学信息助理,创始人,一页纸简报,效率,需要复盘,任务编号 P3423。请扮演医学信息助理。围绕“医学场景023-需要复盘”中的资料解释、问诊准备任务，面向创始人，生成故障排查路径。请用一页纸简报输出，并从“效率”角度做重点判断。要求：输出可直接复制使用；提供简短版本和完整版本；最后给出3条可立即执行的下一步。
3424,医学,医学信息助理,新手用户,评分矩阵,风险,时间紧迫,任务编号 P3424。请扮演医学信息助理。围绕“医学场景024-时间紧迫”中的资料解释、问诊准备任务，面向新手用户，把目标拆成里程碑。请用评分矩阵输出，并从“风险”角度做重点判断。要求：保持中立客观；按影响力排序；最后给出3条可立即执行的下一步。
3425,医学,医学信息助理,一线执行团队,用户故事,增长,成熟企业,任务编号 P3425。请扮演医学信息助理。围绕“医学场景025-成熟企业”中的资料解释、问诊准备任务，面向一线执行团队，提出可复用命名规范。请用用户故事输出，并从“增长”角度做重点判断。要求：先给结论再解释；包含可执行下一步；最后给出3条可立即执行的下一步。
3426,医学,医学信息助理,开发团队,对比分析,短期落地,需要降本,任务编号 P3426。请扮演医学信息助理。围绕“医学场景026-需要降本”中的资料解释、问诊准备任务，面向开发团队，创建风险登记册。请用对比分析输出，并从“短期落地”角度做重点判断。要求：包含失败预案；包含衡量标准；最后给出3条可立即执行的下一步。
3427,医学,医学信息助理,客服团队,一页纸简报,成本,流程混乱,任务编号 P3427。请扮演医学信息助理。围绕“医学场景027-流程混乱”中的资料解释、问诊准备任务，面向客服团队，制定一份可执行方案。请用一页纸简报输出，并从“成本”角度做重点判断。要求：用中文输出；标注假设和不确定性；最后给出3条可立即执行的下一步。
3428,医学,医学信息助理,家长,评分矩阵,可维护性,数据不足,任务编号 P3428。请扮演医学信息助理。围绕“医学场景028-数据不足”中的资料解释、问诊准备任务，面向家长，列出关键问题并给出优先级。请用评分矩阵输出，并从“可维护性”角度做重点判断。要求：标注假设和不确定性；指出最容易忽略的细节；最后给出3条可立即执行的下一步。
3429,医学,医学信息助理,非技术读者,用户故事,长期价值,公开发布,任务编号 P3429。请扮演医学信息助理。围绕“医学场景029-公开发布”中的资料解释、问诊准备任务，面向非技术读者，生成三种风格完全不同的版本。请用用户故事输出，并从“长期价值”角度做重点判断。要求：按影响力排序；避免专业黑话；最后给出3条可立即执行的下一步。
3430,医学,医学信息助理,中小企业主,对比分析,质量,多方协作,任务编号 P3430。请扮演医学信息助理。围绕“医学场景030-多方协作”中的资料解释、问诊准备任务，面向中小企业主，把复杂内容改写成新手也能懂的说明。请用对比分析输出，并从“质量”角度做重点判断。要求：必要时提出澄清问题；用中文输出；最后给出3条可立即执行的下一步。
3431,医学,医学信息助理,资深从业者,一页纸简报,用户体验,预算有限,任务编号 P3431。请扮演医学信息助理。围绕“医学场景031-预算有限”中的资料解释、问诊准备任务，面向资深从业者，设计一个从零到一的工作流。请用一页纸简报输出，并从“用户体验”角度做重点判断。要求：给出至少一个反例；兼顾成本和效果；最后给出3条可立即执行的下一步。
3432,医学,医学信息助理,自由职业者,评分矩阵,学习曲线,初创团队,任务编号 P3432。请扮演医学信息助理。围绕“医学场景032-初创团队”中的资料解释、问诊准备任务，面向自由职业者，创建检查清单并标注常见坑。请用评分矩阵输出，并从“学习曲线”角度做重点判断。要求：按难易度排序；避免虚构事实；最后给出3条可立即执行的下一步。
3433,医学,医学信息助理,设计团队,用户故事,效率,需要扩张,任务编号 P3433。请扮演医学信息助理。围绕“医学场景033-需要扩张”中的资料解释、问诊准备任务，面向设计团队，模拟专家评审并指出改进点。请用用户故事输出，并从“效率”角度做重点判断。要求：避免虚构事实；包含失败预案；最后给出3条可立即执行的下一步。
3434,医学,医学信息助理,投资人,对比分析,风险,新市场验证,任务编号 P3434。请扮演医学信息助理。围绕“医学场景034-新市场验证”中的资料解释、问诊准备任务，面向投资人，根据目标用户重写表达。请用对比分析输出，并从“风险”角度做重点判断。要求：避免专业黑话；语言简洁，不说空话；最后给出3条可立即执行的下一步。
3435,医学,医学信息助理,海外用户,一页纸简报,增长,竞品压力,任务编号 P3435。请扮演医学信息助理。围绕“医学场景035-竞品压力”中的资料解释、问诊准备任务，面向海外用户，提炼核心洞察并给出行动建议。请用一页纸简报输出，并从“增长”角度做重点判断。要求：包含衡量标准；按难易度排序；最后给出3条可立即执行的下一步。
3436,医学,医学信息助理,专家评审,评分矩阵,短期落地,准备上线,任务编号 P3436。请扮演医学信息助理。围绕“医学场景036-准备上线”中的资料解释、问诊准备任务，面向专家评审，设计一套可量化指标。请用评分矩阵输出，并从“短期落地”角度做重点判断。要求：提供简短版本和完整版本；先给结论再解释；最后给出3条可立即执行的下一步。
3437,医学,医学信息助理,大学生,用户故事,成本,高不确定性,任务编号 P3437。请扮演医学信息助理。围绕“医学场景037-高不确定性”中的资料解释、问诊准备任务，面向大学生，把零散想法整理成结构化大纲。请用用户故事输出，并从“成本”角度做重点判断。要求：适合在一天内开始执行；给出示例输入输出；最后给出3条可立即执行的下一步。
3438,医学,医学信息助理,管理层,对比分析,可维护性,远程协作,任务编号 P3438。请扮演医学信息助理。围绕“医学场景038-远程协作”中的资料解释、问诊准备任务，面向管理层，生成可直接使用的模板。请用对比分析输出，并从“可维护性”角度做重点判断。要求：给出示例输入输出；给出至少一个反例；最后给出3条可立即执行的下一步。
3439,医学,医学信息助理,内容创作者,一页纸简报,长期价值,个人项目,任务编号 P3439。请扮演医学信息助理。围绕“医学场景039-个人项目”中的资料解释、问诊准备任务，面向内容创作者，做一次反向推理找出隐藏风险。请用一页纸简报输出，并从“长期价值”角度做重点判断。要求：语言简洁，不说空话；保持中立客观；最后给出3条可立即执行的下一步。
3440,医学,医学信息助理,销售团队,评分矩阵,质量,质量波动,任务编号 P3440。请扮演医学信息助理。围绕“医学场景040-质量波动”中的资料解释、问诊准备任务，面向销售团队，给出低成本试验方案。请用评分矩阵输出，并从“质量”角度做重点判断。要求：兼顾成本和效果；适合在一天内开始执行；最后给出3条可立即执行的下一步。
3441,医学,医学信息助理,教师,用户故事,用户体验,用户流失,任务编号 P3441。请扮演医学信息助理。围绕“医学场景041-用户流失”中的资料解释、问诊准备任务，面向教师，创建对比表并推荐选择。请用用户故事输出，并从“用户体验”角度做重点判断。要求：指出最容易忽略的细节；必要时提出澄清问题；最后给出3条可立即执行的下一步。
3442,医学,医学信息助理,本地用户,对比分析,学习曲线,内部培训,任务编号 P3442。请扮演医学信息助理。围绕“医学场景042-内部培训”中的资料解释、问诊准备任务，面向本地用户，把长内容压缩成高密度摘要。请用对比分析输出，并从“学习曲线”角度做重点判断。要求：包含可执行下一步；输出可直接复制使用；最后给出3条可立即执行的下一步。
3443,医学,医学信息助理,创始人,一页纸简报,效率,需要复盘,任务编号 P3443。请扮演医学信息助理。围绕“医学场景043-需要复盘”中的资料解释、问诊准备任务，面向创始人，提出10个创新方向并排序。请用一页纸简报输出，并从“效率”角度做重点判断。要求：输出可直接复制使用；提供简短版本和完整版本；最后给出3条可立即执行的下一步。
3444,医学,医学信息助理,新手用户,评分矩阵,风险,时间紧迫,任务编号 P3444。请扮演医学信息助理。围绕“医学场景044-时间紧迫”中的资料解释、问诊准备任务，面向新手用户，设计30天训练计划。请用评分矩阵输出，并从“风险”角度做重点判断。要求：保持中立客观；按影响力排序；最后给出3条可立即执行的下一步。
3445,医学,医学信息助理,一线执行团队,用户故事,增长,成熟企业,任务编号 P3445。请扮演医学信息助理。围绕“医学场景045-成熟企业”中的资料解释、问诊准备任务，面向一线执行团队，构建决策树帮助判断下一步。请用用户故事输出，并从“增长”角度做重点判断。要求：先给结论再解释；包含可执行下一步；最后给出3条可立即执行的下一步。
3446,医学,医学信息助理,开发团队,对比分析,短期落地,需要降本,任务编号 P3446。请扮演医学信息助理。围绕“医学场景046-需要降本”中的资料解释、问诊准备任务，面向开发团队，生成会议讨论提纲。请用对比分析输出，并从“短期落地”角度做重点判断。要求：包含失败预案；包含衡量标准；最后给出3条可立即执行的下一步。
3447,医学,医学信息助理,客服团队,一页纸简报,成本,流程混乱,任务编号 P3447。请扮演医学信息助理。围绕“医学场景047-流程混乱”中的资料解释、问诊准备任务，面向客服团队，写一份面向管理层的简报。请用一页纸简报输出，并从“成本”角度做重点判断。要求：用中文输出；标注假设和不确定性；最后给出3条可立即执行的下一步。
3448,医学,医学信息助理,家长,评分矩阵,可维护性,数据不足,任务编号 P3448。请扮演医学信息助理。围绕“医学场景048-数据不足”中的资料解释、问诊准备任务，面向家长，写一份面向执行者的操作手册。请用评分矩阵输出，并从“可维护性”角度做重点判断。要求：标注假设和不确定性；指出最容易忽略的细节；最后给出3条可立即执行的下一步。
3449,医学,医学信息助理,非技术读者,用户故事,长期价值,公开发布,任务编号 P3449。请扮演医学信息助理。围绕“医学场景049-公开发布”中的资料解释、问诊准备任务，面向非技术读者，建立评估打分表。请用用户故事输出，并从“长期价值”角度做重点判断。要求：按影响力排序；避免专业黑话；最后给出3条可立即执行的下一步。
3450,医学,医学信息助理,中小企业主,对比分析,质量,多方协作,任务编号 P3450。请扮演医学信息助理。围绕“医学场景050-多方协作”中的资料解释、问诊准备任务，面向中小企业主，提出自动化改造思路。请用对比分析输出，并从“质量”角度做重点判断。要求：必要时提出澄清问题；用中文输出；最后给出3条可立即执行的下一步。
3451,医学,医学信息助理,资深从业者,一页纸简报,用户体验,预算有限,任务编号 P3451。请扮演医学信息助理。围绕“医学场景051-预算有限”中的资料解释、问诊准备任务，面向资深从业者，设计用户调研问题。请用一页纸简报输出，并从“用户体验”角度做重点判断。要求：给出至少一个反例；兼顾成本和效果；最后给出3条可立即执行的下一步。
3452,医学,医学信息助理,自由职业者,评分矩阵,学习曲线,初创团队,任务编号 P3452。请扮演医学信息助理。围绕“医学场景052-初创团队”中的资料解释、问诊准备任务，面向自由职业者，模拟用户反馈并归纳模式。请用评分矩阵输出，并从“学习曲线”角度做重点判断。要求：按难易度排序；避免虚构事实；最后给出3条可立即执行的下一步。
3453,医学,医学信息助理,设计团队,用户故事,效率,需要扩张,任务编号 P3453。请扮演医学信息助理。围绕“医学场景053-需要扩张”中的资料解释、问诊准备任务，面向设计团队，生成故障排查路径。请用用户故事输出，并从“效率”角度做重点判断。要求：避免虚构事实；包含失败预案；最后给出3条可立即执行的下一步。
3454,医学,医学信息助理,投资人,对比分析,风险,新市场验证,任务编号 P3454。请扮演医学信息助理。围绕“医学场景054-新市场验证”中的资料解释、问诊准备任务，面向投资人，把目标拆成里程碑。请用对比分析输出，并从“风险”角度做重点判断。要求：避免专业黑话；语言简洁，不说空话；最后给出3条可立即执行的下一步。
3455,医学,医学信息助理,海外用户,一页纸简报,增长,竞品压力,任务编号 P3455。请扮演医学信息助理。围绕“医学场景055-竞品压力”中的资料解释、问诊准备任务，面向海外用户，提出可复用命名规范。请用一页纸简报输出，并从“增长”角度做重点判断。要求：包含衡量标准；按难易度排序；最后给出3条可立即执行的下一步。
3456,医学,医学信息助理,专家评审,评分矩阵,短期落地,准备上线,任务编号 P3456。请扮演医学信息助理。围绕“医学场景056-准备上线”中的资料解释、问诊准备任务，面向专家评审，创建风险登记册。请用评分矩阵输出，并从“短期落地”角度做重点判断。要求：提供简短版本和完整版本；先给结论再解释；最后给出3条可立即执行的下一步。
3457,医学,医学信息助理,大学生,用户故事,成本,高不确定性,任务编号 P3457。请扮演医学信息助理。围绕“医学场景057-高不确定性”中的资料解释、问诊准备任务，面向大学生，制定一份可执行方案。请用用户故事输出，并从“成本”角度做重点判断。要求：适合在一天内开始执行；给出示例输入输出；最后给出3条可立即执行的下一步。
3458,医学,医学信息助理,管理层,对比分析,可维护性,远程协作,任务编号 P3458。请扮演医学信息助理。围绕“医学场景058-远程协作”中的资料解释、问诊准备任务，面向管理层，列出关键问题并给出优先级。请用对比分析输出，并从“可维护性”角度做重点判断。要求：给出示例输入输出；给出至少一个反例；最后给出3条可立即执行的下一步。
3459,医学,医学信息助理,内容创作者,一页纸简报,长期价值,个人项目,任务编号 P3459。请扮演医学信息助理。围绕“医学场景059-个人项目”中的资料解释、问诊准备任务，面向内容创作者，生成三种风格完全不同的版本。请用一页纸简报输出，并从“长期价值”角度做重点判断。要求：语言简洁，不说空话；保持中立客观；最后给出3条可立即执行的下一步。
3460,医学,医学信息助理,销售团队,评分矩阵,质量,质量波动,任务编号 P3460。请扮演医学信息助理。围绕“医学场景060-质量波动”中的资料解释、问诊准备任务，面向销售团队，把复杂内容改写成新手也能懂的说明。请用评分矩阵输出，并从“质量”角度做重点判断。要求：兼顾成本和效果；适合在一天内开始执行；最后给出3条可立即执行的下一步。
3461,医学,医学信息助理,教师,用户故事,用户体验,用户流失,任务编号 P3461。请扮演医学信息助理。围绕“医学场景061-用户流失”中的资料解释、问诊准备任务，面向教师，设计一个从零到一的工作流。请用用户故事输出，并从“用户体验”角度做重点判断。要求：指出最容易忽略的细节；必要时提出澄清问题；最后给出3条可立即执行的下一步。
3462,医学,医学信息助理,本地用户,对比分析,学习曲线,内部培训,任务编号 P3462。请扮演医学信息助理。围绕“医学场景062-内部培训”中的资料解释、问诊准备任务，面向本地用户，创建检查清单并标注常见坑。请用对比分析输出，并从“学习曲线”角度做重点判断。要求：包含可执行下一步；输出可直接复制使用；最后给出3条可立即执行的下一步。
3463,医学,医学信息助理,创始人,一页纸简报,效率,需要复盘,任务编号 P3463。请扮演医学信息助理。围绕“医学场景063-需要复盘”中的资料解释、问诊准备任务，面向创始人，模拟专家评审并指出改进点。请用一页纸简报输出，并从“效率”角度做重点判断。要求：输出可直接复制使用；提供简短版本和完整版本；最后给出3条可立即执行的下一步。
3464,医学,医学信息助理,新手用户,评分矩阵,风险,时间紧迫,任务编号 P3464。请扮演医学信息助理。围绕“医学场景064-时间紧迫”中的资料解释、问诊准备任务，面向新手用户，根据目标用户重写表达。请用评分矩阵输出，并从“风险”角度做重点判断。要求：保持中立客观；按影响力排序；最后给出3条可立即执行的下一步。
3465,医学,医学信息助理,一线执行团队,用户故事,增长,成熟企业,任务编号 P3465。请扮演医学信息助理。围绕“医学场景065-成熟企业”中的资料解释、问诊准备任务，面向一线执行团队，提炼核心洞察并给出行动建议。请用用户故事输出，并从“增长”角度做重点判断。要求：先给结论再解释；包含可执行下一步；最后给出3条可立即执行的下一步。
3466,医学,医学信息助理,开发团队,对比分析,短期落地,需要降本,任务编号 P3466。请扮演医学信息助理。围绕“医学场景066-需要降本”中的资料解释、问诊准备任务，面向开发团队，设计一套可量化指标。请用对比分析输出，并从“短期落地”角度做重点判断。要求：包含失败预案；包含衡量标准；最后给出3条可立即执行的下一步。
3467,医学,医学信息助理,客服团队,一页纸简报,成本,流程混乱,任务编号 P3467。请扮演医学信息助理。围绕“医学场景067-流程混乱”中的资料解释、问诊准备任务，面向客服团队，把零散想法整理成结构化大纲。请用一页纸简报输出，并从“成本”角度做重点判断。要求：用中文输出；标注假设和不确定性；最后给出3条可立即执行的下一步。
3468,医学,医学信息助理,家长,评分矩阵,可维护性,数据不足,任务编号 P3468。请扮演医学信息助理。围绕“医学场景068-数据不足”中的资料解释、问诊准备任务，面向家长，生成可直接使用的模板。请用评分矩阵输出，并从“可维护性”角度做重点判断。要求：标注假设和不确定性；指出最容易忽略的细节；最后给出3条可立即执行的下一步。
3469,医学,医学信息助理,非技术读者,用户故事,长期价值,公开发布,任务编号 P3469。请扮演医学信息助理。围绕“医学场景069-公开发布”中的资料解释、问诊准备任务，面向非技术读者，做一次反向推理找出隐藏风险。请用用户故事输出，并从“长期价值”角度做重点判断。要求：按影响力排序；避免专业黑话；最后给出3条可立即执行的下一步。
3470,医学,医学信息助理,中小企业主,对比分析,质量,多方协作,任务编号 P3470。请扮演医学信息助理。围绕“医学场景070-多方协作”中的资料解释、问诊准备任务，面向中小企业主，给出低成本试验方案。请用对比分析输出，并从“质量”角度做重点判断。要求：必要时提出澄清问题；用中文输出；最后给出3条可立即执行的下一步。
3471,医学,医学信息助理,资深从业者,一页纸简报,用户体验,预算有限,任务编号 P3471。请扮演医学信息助理。围绕“医学场景071-预算有限”中的资料解释、问诊准备任务，面向资深从业者，创建对比表并推荐选择。请用一页纸简报输出，并从“用户体验”角度做重点判断。要求：给出至少一个反例；兼顾成本和效果；最后给出3条可立即执行的下一步。
3472,医学,医学信息助理,自由职业者,评分矩阵,学习曲线,初创团队,任务编号 P3472。请扮演医学信息助理。围绕“医学场景072-初创团队”中的资料解释、问诊准备任务，面向自由职业者，把长内容压缩成高密度摘要。请用评分矩阵输出，并从“学习曲线”角度做重点判断。要求：按难易度排序；避免虚构事实；最后给出3条可立即执行的下一步。
3473,医学,医学信息助理,设计团队,用户故事,效率,需要扩张,任务编号 P3473。请扮演医学信息助理。围绕“医学场景073-需要扩张”中的资料解释、问诊准备任务，面向设计团队，提出10个创新方向并排序。请用用户故事输出，并从“效率”角度做重点判断。要求：避免虚构事实；包含失败预案；最后给出3条可立即执行的下一步。
3474,医学,医学信息助理,投资人,对比分析,风险,新市场验证,任务编号 P3474。请扮演医学信息助理。围绕“医学场景074-新市场验证”中的资料解释、问诊准备任务，面向投资人，设计30天训练计划。请用对比分析输出，并从“风险”角度做重点判断。要求：避免专业黑话；语言简洁，不说空话；最后给出3条可立即执行的下一步。
3475,医学,医学信息助理,海外用户,一页纸简报,增长,竞品压力,任务编号 P3475。请扮演医学信息助理。围绕“医学场景075-竞品压力”中的资料解释、问诊准备任务，面向海外用户，构建决策树帮助判断下一步。请用一页纸简报输出，并从“增长”角度做重点判断。要求：包含衡量标准；按难易度排序；最后给出3条可立即执行的下一步。
3476,医学,医学信息助理,专家评审,评分矩阵,短期落地,准备上线,任务编号 P3476。请扮演医学信息助理。围绕“医学场景076-准备上线”中的资料解释、问诊准备任务，面向专家评审，生成会议讨论提纲。请用评分矩阵输出，并从“短期落地”角度做重点判断。要求：提供简短版本和完整版本；先给结论再解释；最后给出3条可立即执行的下一步。
3477,医学,医学信息助理,大学生,用户故事,成本,高不确定性,任务编号 P3477。请扮演医学信息助理。围绕“医学场景077-高不确定性”中的资料解释、问诊准备任务，面向大学生，写一份面向管理层的简报。请用用户故事输出，并从“成本”角度做重点判断。要求：适合在一天内开始执行；给出示例输入输出；最后给出3条可立即执行的下一步。
3478,医学,医学信息助理,管理层,对比分析,可维护性,远程协作,任务编号 P3478。请扮演医学信息助理。围绕“医学场景078-远程协作”中的资料解释、问诊准备任务，面向管理层，写一份面向执行者的操作手册。请用对比分析输出，并从“可维护性”角度做重点判断。要求：给出示例输入输出；给出至少一个反例；最后给出3条可立即执行的下一步。
3479,医学,医学信息助理,内容创作者,一页纸简报,长期价值,个人项目,任务编号 P3479。请扮演医学信息助理。围绕“医学场景079-个人项目”中的资料解释、问诊准备任务，面向内容创作者，建立评估打分表。请用一页纸简报输出，并从“长期价值”角度做重点判断。要求：语言简洁，不说空话；保持中立客观；最后给出3条可立即执行的下一步。
3480,医学,医学信息助理,销售团队,评分矩阵,质量,质量波动,任务编号 P3480。请扮演医学信息助理。围绕“医学场景080-质量波动”中的资料解释、问诊准备任务，面向销售团队，提出自动化改造思路。请用评分矩阵输出，并从“质量”角度做重点判断。要求：兼顾成本和效果；适合在一天内开始执行；最后给出3条可立即执行的下一步。
3481,医学,医学信息助理,教师,用户故事,用户体验,用户流失,任务编号 P3481。请扮演医学信息助理。围绕“医学场景081-用户流失”中的资料解释、问诊准备任务，面向教师，设计用户调研问题。请用用户故事输出，并从“用户体验”角度做重点判断。要求：指出最容易忽略的细节；必要时提出澄清问题；最后给出3条可立即执行的下一步。
3482,医学,医学信息助理,本地用户,对比分析,学习曲线,内部培训,任务编号 P3482。请扮演医学信息助理。围绕“医学场景082-内部培训”中的资料解释、问诊准备任务，面向本地用户，模拟用户反馈并归纳模式。请用对比分析输出，并从“学习曲线”角度做重点判断。要求：包含可执行下一步；输出可直接复制使用；最后给出3条可立即执行的下一步。
3483,医学,医学信息助理,创始人,一页纸简报,效率,需要复盘,任务编号 P3483。请扮演医学信息助理。围绕“医学场景083-需要复盘”中的资料解释、问诊准备任务，面向创始人，生成故障排查路径。请用一页纸简报输出，并从“效率”角度做重点判断。要求：输出可直接复制使用；提供简短版本和完整版本；最后给出3条可立即执行的下一步。
3484,医学,医学信息助理,新手用户,评分矩阵,风险,时间紧迫,任务编号 P3484。请扮演医学信息助理。围绕“医学场景084-时间紧迫”中的资料解释、问诊准备任务，面向新手用户，把目标拆成里程碑。请用评分矩阵输出，并从“风险”角度做重点判断。要求：保持中立客观；按影响力排序；最后给出3条可立即执行的下一步。
3485,医学,医学信息助理,一线执行团队,用户故事,增长,成熟企业,任务编号 P3485。请扮演医学信息助理。围绕“医学场景085-成熟企业”中的资料解释、问诊准备任务，面向一线执行团队，提出可复用命名规范。请用用户故事输出，并从“增长”角度做重点判断。要求：先给结论再解释；包含可执行下一步；最后给出3条可立即执行的下一步。
3486,医学,医学信息助理,开发团队,对比分析,短期落地,需要降本,任务编号 P3486。请扮演医学信息助理。围绕“医学场景086-需要降本”中的资料解释、问诊准备任务，面向开发团队，创建风险登记册。请用对比分析输出，并从“短期落地”角度做重点判断。要求：包含失败预案；包含衡量标准；最后给出3条可立即执行的下一步。
3487,医学,医学信息助理,客服团队,一页纸简报,成本,流程混乱,任务编号 P3487。请扮演医学信息助理。围绕“医学场景087-流程混乱”中的资料解释、问诊准备任务，面向客服团队，制定一份可执行方案。请用一页纸简报输出，并从“成本”角度做重点判断。要求：用中文输出；标注假设和不确定性；最后给出3条可立即执行的下一步。
3488,医学,医学信息助理,家长,评分矩阵,可维护性,数据不足,任务编号 P3488。请扮演医学信息助理。围绕“医学场景088-数据不足”中的资料解释、问诊准备任务，面向家长，列出关键问题并给出优先级。请用评分矩阵输出，并从“可维护性”角度做重点判断。要求：标注假设和不确定性；指出最容易忽略的细节；最后给出3条可立即执行的下一步。
3489,医学,医学信息助理,非技术读者,用户故事,长期价值,公开发布,任务编号 P3489。请扮演医学信息助理。围绕“医学场景089-公开发布”中的资料解释、问诊准备任务，面向非技术读者，生成三种风格完全不同的版本。请用用户故事输出，并从“长期价值”角度做重点判断。要求：按影响力排序；避免专业黑话；最后给出3条可立即执行的下一步。
3490,医学,医学信息助理,中小企业主,对比分析,质量,多方协作,任务编号 P3490。请扮演医学信息助理。围绕“医学场景090-多方协作”中的资料解释、问诊准备任务，面向中小企业主，把复杂内容改写成新手也能懂的说明。请用对比分析输出，并从“质量”角度做重点判断。要求：必要时提出澄清问题；用中文输出；最后给出3条可立即执行的下一步。
3491,医学,医学信息助理,资深从业者,一页纸简报,用户体验,预算有限,任务编号 P3491。请扮演医学信息助理。围绕“医学场景091-预算有限”中的资料解释、问诊准备任务，面向资深从业者，设计一个从零到一的工作流。请用一页纸简报输出，并从“用户体验”角度做重点判断。要求：给出至少一个反例；兼顾成本和效果；最后给出3条可立即执行的下一步。
3492,医学,医学信息助理,自由职业者,评分矩阵,学习曲线,初创团队,任务编号 P3492。请扮演医学信息助理。围绕“医学场景092-初创团队”中的资料解释、问诊准备任务，面向自由职业者，创建检查清单并标注常见坑。请用评分矩阵输出，并从“学习曲线”角度做重点判断。要求：按难易度排序；避免虚构事实；最后给出3条可立即执行的下一步。
3493,医学,医学信息助理,设计团队,用户故事,效率,需要扩张,任务编号 P3493。请扮演医学信息助理。围绕“医学场景093-需要扩张”中的资料解释、问诊准备任务，面向设计团队，模拟专家评审并指出改进点。请用用户故事输出，并从“效率”角度做重点判断。要求：避免虚构事实；包含失败预案；最后给出3条可立即执行的下一步。
3494,医学,医学信息助理,投资人,对比分析,风险,新市场验证,任务编号 P3494。请扮演医学信息助理。围绕“医学场景094-新市场验证”中的资料解释、问诊准备任务，面向投资人，根据目标用户重写表达。请用对比分析输出，并从“风险”角度做重点判断。要求：避免专业黑话；语言简洁，不说空话；最后给出3条可立即执行的下一步。
3495,医学,医学信息助理,海外用户,一页纸简报,增长,竞品压力,任务编号 P3495。请扮演医学信息助理。围绕“医学场景095-竞品压力”中的资料解释、问诊准备任务，面向海外用户，提炼核心洞察并给出行动建议。请用一页纸简报输出，并从“增长”角度做重点判断。要求：包含衡量标准；按难易度排序；最后给出3条可立即执行的下一步。
3496,医学,医学信息助理,专家评审,评分矩阵,短期落地,准备上线,任务编号 P3496。请扮演医学信息助理。围绕“医学场景096-准备上线”中的资料解释、问诊准备任务，面向专家评审，设计一套可量化指标。请用评分矩阵输出，并从“短期落地”角度做重点判断。要求：提供简短版本和完整版本；先给结论再解释；最后给出3条可立即执行的下一步。
3497,医学,医学信息助理,大学生,用户故事,成本,高不确定性,任务编号 P3497。请扮演医学信息助理。围绕“医学场景097-高不确定性”中的资料解释、问诊准备任务，面向大学生，把零散想法整理成结构化大纲。请用用户故事输出，并从“成本”角度做重点判断。要求：适合在一天内开始执行；给出示例输入输出；最后给出3条可立即执行的下一步。
3498,医学,医学信息助理,管理层,对比分析,可维护性,远程协作,任务编号 P3498。请扮演医学信息助理。围绕“医学场景098-远程协作”中的资料解释、问诊准备任务，面向管理层，生成可直接使用的模板。请用对比分析输出，并从“可维护性”角度做重点判断。要求：给出示例输入输出；给出至少一个反例；最后给出3条可立即执行的下一步。
3499,医学,医学信息助理,内容创作者,一页纸简报,长期价值,个人项目,任务编号 P3499。请扮演医学信息助理。围绕“医学场景099-个人项目”中的资料解释、问诊准备任务，面向内容创作者，做一次反向推理找出隐藏风险。请用一页纸简报输出，并从“长期价值”角度做重点判断。要求：语言简洁，不说空话；保持中立客观；最后给出3条可立即执行的下一步。
3500,医学,医学信息助理,销售团队,评分矩阵,质量,质量波动,任务编号 P3500。请扮演医学信息助理。围绕“医学场景100-质量波动”中的资料解释、问诊准备任务，面向销售团队，给出低成本试验方案。请用评分矩阵输出，并从“质量”角度做重点判断。要求：兼顾成本和效果；适合在一天内开始执行；最后给出3条可立即执行的下一步。
3501,金融,投资研究助理,家长,PRD片段,可维护性,新市场验证,任务编号 P3501。请扮演投资研究助理。围绕“金融场景001-新市场验证”中的研报、风险、组合任务，面向家长，创建检查清单并标注常见坑。请用PRD片段输出，并从“可维护性”角度做重点判断。要求：保持中立客观；避免虚构事实；最后给出3条可立即执行的下一步。
3502,金融,投资研究助理,非技术读者,表格,长期价值,竞品压力,任务编号 P3502。请扮演投资研究助理。围绕“金融场景002-竞品压力”中的研报、风险、组合任务，面向非技术读者，模拟专家评审并指出改进点。请用表格输出，并从“长期价值”角度做重点判断。要求：先给结论再解释；包含失败预案；最后给出3条可立即执行的下一步。
3503,金融,投资研究助理,中小企业主,邮件草稿,质量,准备上线,任务编号 P3503。请扮演投资研究助理。围绕“金融场景003-准备上线”中的研报、风险、组合任务，面向中小企业主，根据目标用户重写表达。请用邮件草稿输出，并从“质量”角度做重点判断。要求：包含失败预案；语言简洁，不说空话；最后给出3条可立即执行的下一步。
3504,金融,投资研究助理,资深从业者,路线图,用户体验,高不确定性,任务编号 P3504。请扮演投资研究助理。围绕“金融场景004-高不确定性”中的研报、风险、组合任务，面向资深从业者，提炼核心洞察并给出行动建议。请用路线图输出，并从“用户体验”角度做重点判断。要求：用中文输出；按难易度排序；最后给出3条可立即执行的下一步。
3505,金融,投资研究助理,自由职业者,PRD片段,学习曲线,远程协作,任务编号 P3505。请扮演投资研究助理。围绕“金融场景005-远程协作”中的研报、风险、组合任务，面向自由职业者，设计一套可量化指标。请用PRD片段输出，并从“学习曲线”角度做重点判断。要求：标注假设和不确定性；先给结论再解释；最后给出3条可立即执行的下一步。
3506,金融,投资研究助理,设计团队,表格,效率,个人项目,任务编号 P3506。请扮演投资研究助理。围绕“金融场景006-个人项目”中的研报、风险、组合任务，面向设计团队，把零散想法整理成结构化大纲。请用表格输出，并从“效率”角度做重点判断。要求：按影响力排序；给出示例输入输出；最后给出3条可立即执行的下一步。
3507,金融,投资研究助理,投资人,邮件草稿,风险,质量波动,任务编号 P3507。请扮演投资研究助理。围绕“金融场景007-质量波动”中的研报、风险、组合任务，面向投资人，生成可直接使用的模板。请用邮件草稿输出，并从“风险”角度做重点判断。要求：必要时提出澄清问题；给出至少一个反例；最后给出3条可立即执行的下一步。
3508,金融,投资研究助理,海外用户,路线图,增长,用户流失,任务编号 P3508。请扮演投资研究助理。围绕“金融场景008-用户流失”中的研报、风险、组合任务，面向海外用户，做一次反向推理找出隐藏风险。请用路线图输出，并从“增长”角度做重点判断。要求：给出至少一个反例；保持中立客观；最后给出3条可立即执行的下一步。
3509,金融,投资研究助理,专家评审,PRD片段,短期落地,内部培训,任务编号 P3509。请扮演投资研究助理。围绕“金融场景009-内部培训”中的研报、风险、组合任务，面向专家评审，给出低成本试验方案。请用PRD片段输出，并从“短期落地”角度做重点判断。要求：按难易度排序；适合在一天内开始执行；最后给出3条可立即执行的下一步。
3510,金融,投资研究助理,大学生,表格,成本,需要复盘,任务编号 P3510。请扮演投资研究助理。围绕“金融场景010-需要复盘”中的研报、风险、组合任务，面向大学生，创建对比表并推荐选择。请用表格输出，并从“成本”角度做重点判断。要求：避免虚构事实；必要时提出澄清问题；最后给出3条可立即执行的下一步。
3511,金融,投资研究助理,管理层,邮件草稿,可维护性,时间紧迫,任务编号 P3511。请扮演投资研究助理。围绕“金融场景011-时间紧迫”中的研报、风险、组合任务，面向管理层，把长内容压缩成高密度摘要。请用邮件草稿输出，并从“可维护性”角度做重点判断。要求：避免专业黑话；输出可直接复制使用；最后给出3条可立即执行的下一步。
3512,金融,投资研究助理,内容创作者,路线图,长期价值,成熟企业,任务编号 P3512。请扮演投资研究助理。围绕“金融场景012-成熟企业”中的研报、风险、组合任务，面向内容创作者，提出10个创新方向并排序。请用路线图输出，并从“长期价值”角度做重点判断。要求：包含衡量标准；提供简短版本和完整版本；最后给出3条可立即执行的下一步。
3513,金融,投资研究助理,销售团队,PRD片段,质量,需要降本,任务编号 P3513。请扮演投资研究助理。围绕“金融场景013-需要降本”中的研报、风险、组合任务，面向销售团队，设计30天训练计划。请用PRD片段输出，并从“质量”角度做重点判断。要求：提供简短版本和完整版本；按影响力排序；最后给出3条可立即执行的下一步。
3514,金融,投资研究助理,教师,表格,用户体验,流程混乱,任务编号 P3514。请扮演投资研究助理。围绕“金融场景014-流程混乱”中的研报、风险、组合任务，面向教师，构建决策树帮助判断下一步。请用表格输出，并从“用户体验”角度做重点判断。要求：适合在一天内开始执行；包含可执行下一步；最后给出3条可立即执行的下一步。
3515,金融,投资研究助理,本地用户,邮件草稿,学习曲线,数据不足,任务编号 P3515。请扮演投资研究助理。围绕“金融场景015-数据不足”中的研报、风险、组合任务，面向本地用户，生成会议讨论提纲。请用邮件草稿输出，并从“学习曲线”角度做重点判断。要求：给出示例输入输出；包含衡量标准；最后给出3条可立即执行的下一步。
3516,金融,投资研究助理,创始人,路线图,效率,公开发布,任务编号 P3516。请扮演投资研究助理。围绕“金融场景016-公开发布”中的研报、风险、组合任务，面向创始人，写一份面向管理层的简报。请用路线图输出，并从“效率”角度做重点判断。要求：语言简洁，不说空话；标注假设和不确定性；最后给出3条可立即执行的下一步。
3517,金融,投资研究助理,新手用户,PRD片段,风险,多方协作,任务编号 P3517。请扮演投资研究助理。围绕“金融场景017-多方协作”中的研报、风险、组合任务，面向新手用户，写一份面向执行者的操作手册。请用PRD片段输出，并从“风险”角度做重点判断。要求：兼顾成本和效果；指出最容易忽略的细节；最后给出3条可立即执行的下一步。
3518,金融,投资研究助理,一线执行团队,表格,增长,预算有限,任务编号 P3518。请扮演投资研究助理。围绕“金融场景018-预算有限”中的研报、风险、组合任务，面向一线执行团队，建立评估打分表。请用表格输出，并从“增长”角度做重点判断。要求：指出最容易忽略的细节；避免专业黑话；最后给出3条可立即执行的下一步。
3519,金融,投资研究助理,开发团队,邮件草稿,短期落地,初创团队,任务编号 P3519。请扮演投资研究助理。围绕“金融场景019-初创团队”中的研报、风险、组合任务，面向开发团队，提出自动化改造思路。请用邮件草稿输出，并从“短期落地”角度做重点判断。要求：包含可执行下一步；用中文输出；最后给出3条可立即执行的下一步。
3520,金融,投资研究助理,客服团队,路线图,成本,需要扩张,任务编号 P3520。请扮演投资研究助理。围绕“金融场景020-需要扩张”中的研报、风险、组合任务，面向客服团队，设计用户调研问题。请用路线图输出，并从“成本”角度做重点判断。要求：输出可直接复制使用；兼顾成本和效果；最后给出3条可立即执行的下一步。
3521,金融,投资研究助理,家长,PRD片段,可维护性,新市场验证,任务编号 P3521。请扮演投资研究助理。围绕“金融场景021-新市场验证”中的研报、风险、组合任务，面向家长，模拟用户反馈并归纳模式。请用PRD片段输出，并从“可维护性”角度做重点判断。要求：保持中立客观；避免虚构事实；最后给出3条可立即执行的下一步。
3522,金融,投资研究助理,非技术读者,表格,长期价值,竞品压力,任务编号 P3522。请扮演投资研究助理。围绕“金融场景022-竞品压力”中的研报、风险、组合任务，面向非技术读者，生成故障排查路径。请用表格输出，并从“长期价值”角度做重点判断。要求：先给结论再解释；包含失败预案；最后给出3条可立即执行的下一步。
3523,金融,投资研究助理,中小企业主,邮件草稿,质量,准备上线,任务编号 P3523。请扮演投资研究助理。围绕“金融场景023-准备上线”中的研报、风险、组合任务，面向中小企业主，把目标拆成里程碑。请用邮件草稿输出，并从“质量”角度做重点判断。要求：包含失败预案；语言简洁，不说空话；最后给出3条可立即执行的下一步。
3524,金融,投资研究助理,资深从业者,路线图,用户体验,高不确定性,任务编号 P3524。请扮演投资研究助理。围绕“金融场景024-高不确定性”中的研报、风险、组合任务，面向资深从业者，提出可复用命名规范。请用路线图输出，并从“用户体验”角度做重点判断。要求：用中文输出；按难易度排序；最后给出3条可立即执行的下一步。
3525,金融,投资研究助理,自由职业者,PRD片段,学习曲线,远程协作,任务编号 P3525。请扮演投资研究助理。围绕“金融场景025-远程协作”中的研报、风险、组合任务，面向自由职业者，创建风险登记册。请用PRD片段输出，并从“学习曲线”角度做重点判断。要求：标注假设和不确定性；先给结论再解释；最后给出3条可立即执行的下一步。
3526,金融,投资研究助理,设计团队,表格,效率,个人项目,任务编号 P3526。请扮演投资研究助理。围绕“金融场景026-个人项目”中的研报、风险、组合任务，面向设计团队，制定一份可执行方案。请用表格输出，并从“效率”角度做重点判断。要求：按影响力排序；给出示例输入输出；最后给出3条可立即执行的下一步。
3527,金融,投资研究助理,投资人,邮件草稿,风险,质量波动,任务编号 P3527。请扮演投资研究助理。围绕“金融场景027-质量波动”中的研报、风险、组合任务，面向投资人，列出关键问题并给出优先级。请用邮件草稿输出，并从“风险”角度做重点判断。要求：必要时提出澄清问题；给出至少一个反例；最后给出3条可立即执行的下一步。
3528,金融,投资研究助理,海外用户,路线图,增长,用户流失,任务编号 P3528。请扮演投资研究助理。围绕“金融场景028-用户流失”中的研报、风险、组合任务，面向海外用户，生成三种风格完全不同的版本。请用路线图输出，并从“增长”角度做重点判断。要求：给出至少一个反例；保持中立客观；最后给出3条可立即执行的下一步。
3529,金融,投资研究助理,专家评审,PRD片段,短期落地,内部培训,任务编号 P3529。请扮演投资研究助理。围绕“金融场景029-内部培训”中的研报、风险、组合任务，面向专家评审，把复杂内容改写成新手也能懂的说明。请用PRD片段输出，并从“短期落地”角度做重点判断。要求：按难易度排序；适合在一天内开始执行；最后给出3条可立即执行的下一步。
3530,金融,投资研究助理,大学生,表格,成本,需要复盘,任务编号 P3530。请扮演投资研究助理。围绕“金融场景030-需要复盘”中的研报、风险、组合任务，面向大学生，设计一个从零到一的工作流。请用表格输出，并从“成本”角度做重点判断。要求：避免虚构事实；必要时提出澄清问题；最后给出3条可立即执行的下一步。
3531,金融,投资研究助理,管理层,邮件草稿,可维护性,时间紧迫,任务编号 P3531。请扮演投资研究助理。围绕“金融场景031-时间紧迫”中的研报、风险、组合任务，面向管理层，创建检查清单并标注常见坑。请用邮件草稿输出，并从“可维护性”角度做重点判断。要求：避免专业黑话；输出可直接复制使用；最后给出3条可立即执行的下一步。
3532,金融,投资研究助理,内容创作者,路线图,长期价值,成熟企业,任务编号 P3532。请扮演投资研究助理。围绕“金融场景032-成熟企业”中的研报、风险、组合任务，面向内容创作者，模拟专家评审并指出改进点。请用路线图输出，并从“长期价值”角度做重点判断。要求：包含衡量标准；提供简短版本和完整版本；最后给出3条可立即执行的下一步。
3533,金融,投资研究助理,销售团队,PRD片段,质量,需要降本,任务编号 P3533。请扮演投资研究助理。围绕“金融场景033-需要降本”中的研报、风险、组合任务，面向销售团队，根据目标用户重写表达。请用PRD片段输出，并从“质量”角度做重点判断。要求：提供简短版本和完整版本；按影响力排序；最后给出3条可立即执行的下一步。
3534,金融,投资研究助理,教师,表格,用户体验,流程混乱,任务编号 P3534。请扮演投资研究助理。围绕“金融场景034-流程混乱”中的研报、风险、组合任务，面向教师，提炼核心洞察并给出行动建议。请用表格输出，并从“用户体验”角度做重点判断。要求：适合在一天内开始执行；包含可执行下一步；最后给出3条可立即执行的下一步。
3535,金融,投资研究助理,本地用户,邮件草稿,学习曲线,数据不足,任务编号 P3535。请扮演投资研究助理。围绕“金融场景035-数据不足”中的研报、风险、组合任务，面向本地用户，设计一套可量化指标。请用邮件草稿输出，并从“学习曲线”角度做重点判断。要求：给出示例输入输出；包含衡量标准；最后给出3条可立即执行的下一步。
3536,金融,投资研究助理,创始人,路线图,效率,公开发布,任务编号 P3536。请扮演投资研究助理。围绕“金融场景036-公开发布”中的研报、风险、组合任务，面向创始人，把零散想法整理成结构化大纲。请用路线图输出，并从“效率”角度做重点判断。要求：语言简洁，不说空话；标注假设和不确定性；最后给出3条可立即执行的下一步。
3537,金融,投资研究助理,新手用户,PRD片段,风险,多方协作,任务编号 P3537。请扮演投资研究助理。围绕“金融场景037-多方协作”中的研报、风险、组合任务，面向新手用户，生成可直接使用的模板。请用PRD片段输出，并从“风险”角度做重点判断。要求：兼顾成本和效果；指出最容易忽略的细节；最后给出3条可立即执行的下一步。
3538,金融,投资研究助理,一线执行团队,表格,增长,预算有限,任务编号 P3538。请扮演投资研究助理。围绕“金融场景038-预算有限”中的研报、风险、组合任务，面向一线执行团队，做一次反向推理找出隐藏风险。请用表格输出，并从“增长”角度做重点判断。要求：指出最容易忽略的细节；避免专业黑话；最后给出3条可立即执行的下一步。
3539,金融,投资研究助理,开发团队,邮件草稿,短期落地,初创团队,任务编号 P3539。请扮演投资研究助理。围绕“金融场景039-初创团队”中的研报、风险、组合任务，面向开发团队，给出低成本试验方案。请用邮件草稿输出，并从“短期落地”角度做重点判断。要求：包含可执行下一步；用中文输出；最后给出3条可立即执行的下一步。
3540,金融,投资研究助理,客服团队,路线图,成本,需要扩张,任务编号 P3540。请扮演投资研究助理。围绕“金融场景040-需要扩张”中的研报、风险、组合任务，面向客服团队，创建对比表并推荐选择。请用路线图输出，并从“成本”角度做重点判断。要求：输出可直接复制使用；兼顾成本和效果；最后给出3条可立即执行的下一步。
3541,金融,投资研究助理,家长,PRD片段,可维护性,新市场验证,任务编号 P3541。请扮演投资研究助理。围绕“金融场景041-新市场验证”中的研报、风险、组合任务，面向家长，把长内容压缩成高密度摘要。请用PRD片段输出，并从“可维护性”角度做重点判断。要求：保持中立客观；避免虚构事实；最后给出3条可立即执行的下一步。
3542,金融,投资研究助理,非技术读者,表格,长期价值,竞品压力,任务编号 P3542。请扮演投资研究助理。围绕“金融场景042-竞品压力”中的研报、风险、组合任务，面向非技术读者，提出10个创新方向并排序。请用表格输出，并从“长期价值”角度做重点判断。要求：先给结论再解释；包含失败预案；最后给出3条可立即执行的下一步。
3543,金融,投资研究助理,中小企业主,邮件草稿,质量,准备上线,任务编号 P3543。请扮演投资研究助理。围绕“金融场景043-准备上线”中的研报、风险、组合任务，面向中小企业主，设计30天训练计划。请用邮件草稿输出，并从“质量”角度做重点判断。要求：包含失败预案；语言简洁，不说空话；最后给出3条可立即执行的下一步。
3544,金融,投资研究助理,资深从业者,路线图,用户体验,高不确定性,任务编号 P3544。请扮演投资研究助理。围绕“金融场景044-高不确定性”中的研报、风险、组合任务，面向资深从业者，构建决策树帮助判断下一步。请用路线图输出，并从“用户体验”角度做重点判断。要求：用中文输出；按难易度排序；最后给出3条可立即执行的下一步。
3545,金融,投资研究助理,自由职业者,PRD片段,学习曲线,远程协作,任务编号 P3545。请扮演投资研究助理。围绕“金融场景045-远程协作”中的研报、风险、组合任务，面向自由职业者，生成会议讨论提纲。请用PRD片段输出，并从“学习曲线”角度做重点判断。要求：标注假设和不确定性；先给结论再解释；最后给出3条可立即执行的下一步。
3546,金融,投资研究助理,设计团队,表格,效率,个人项目,任务编号 P3546。请扮演投资研究助理。围绕“金融场景046-个人项目”中的研报、风险、组合任务，面向设计团队，写一份面向管理层的简报。请用表格输出，并从“效率”角度做重点判断。要求：按影响力排序；给出示例输入输出；最后给出3条可立即执行的下一步。
3547,金融,投资研究助理,投资人,邮件草稿,风险,质量波动,任务编号 P3547。请扮演投资研究助理。围绕“金融场景047-质量波动”中的研报、风险、组合任务，面向投资人，写一份面向执行者的操作手册。请用邮件草稿输出，并从“风险”角度做重点判断。要求：必要时提出澄清问题；给出至少一个反例；最后给出3条可立即执行的下一步。
3548,金融,投资研究助理,海外用户,路线图,增长,用户流失,任务编号 P3548。请扮演投资研究助理。围绕“金融场景048-用户流失”中的研报、风险、组合任务，面向海外用户，建立评估打分表。请用路线图输出，并从“增长”角度做重点判断。要求：给出至少一个反例；保持中立客观；最后给出3条可立即执行的下一步。
3549,金融,投资研究助理,专家评审,PRD片段,短期落地,内部培训,任务编号 P3549。请扮演投资研究助理。围绕“金融场景049-内部培训”中的研报、风险、组合任务，面向专家评审，提出自动化改造思路。请用PRD片段输出，并从“短期落地”角度做重点判断。要求：按难易度排序；适合在一天内开始执行；最后给出3条可立即执行的下一步。
3550,金融,投资研究助理,大学生,表格,成本,需要复盘,任务编号 P3550。请扮演投资研究助理。围绕“金融场景050-需要复盘”中的研报、风险、组合任务，面向大学生，设计用户调研问题。请用表格输出，并从“成本”角度做重点判断。要求：避免虚构事实；必要时提出澄清问题；最后给出3条可立即执行的下一步。
3551,金融,投资研究助理,管理层,邮件草稿,可维护性,时间紧迫,任务编号 P3551。请扮演投资研究助理。围绕“金融场景051-时间紧迫”中的研报、风险、组合任务，面向管理层，模拟用户反馈并归纳模式。请用邮件草稿输出，并从“可维护性”角度做重点判断。要求：避免专业黑话；输出可直接复制使用；最后给出3条可立即执行的下一步。
3552,金融,投资研究助理,内容创作者,路线图,长期价值,成熟企业,任务编号 P3552。请扮演投资研究助理。围绕“金融场景052-成熟企业”中的研报、风险、组合任务，面向内容创作者，生成故障排查路径。请用路线图输出，并从“长期价值”角度做重点判断。要求：包含衡量标准；提供简短版本和完整版本；最后给出3条可立即执行的下一步。
3553,金融,投资研究助理,销售团队,PRD片段,质量,需要降本,任务编号 P3553。请扮演投资研究助理。围绕“金融场景053-需要降本”中的研报、风险、组合任务，面向销售团队，把目标拆成里程碑。请用PRD片段输出，并从“质量”角度做重点判断。要求：提供简短版本和完整版本；按影响力排序；最后给出3条可立即执行的下一步。
3554,金融,投资研究助理,教师,表格,用户体验,流程混乱,任务编号 P3554。请扮演投资研究助理。围绕“金融场景054-流程混乱”中的研报、风险、组合任务，面向教师，提出可复用命名规范。请用表格输出，并从“用户体验”角度做重点判断。要求：适合在一天内开始执行；包含可执行下一步；最后给出3条可立即执行的下一步。
3555,金融,投资研究助理,本地用户,邮件草稿,学习曲线,数据不足,任务编号 P3555。请扮演投资研究助理。围绕“金融场景055-数据不足”中的研报、风险、组合任务，面向本地用户，创建风险登记册。请用邮件草稿输出，并从“学习曲线”角度做重点判断。要求：给出示例输入输出；包含衡量标准；最后给出3条可立即执行的下一步。
3556,金融,投资研究助理,创始人,路线图,效率,公开发布,任务编号 P3556。请扮演投资研究助理。围绕“金融场景056-公开发布”中的研报、风险、组合任务，面向创始人，制定一份可执行方案。请用路线图输出，并从“效率”角度做重点判断。要求：语言简洁，不说空话；标注假设和不确定性；最后给出3条可立即执行的下一步。
3557,金融,投资研究助理,新手用户,PRD片段,风险,多方协作,任务编号 P3557。请扮演投资研究助理。围绕“金融场景057-多方协作”中的研报、风险、组合任务，面向新手用户，列出关键问题并给出优先级。请用PRD片段输出，并从“风险”角度做重点判断。要求：兼顾成本和效果；指出最容易忽略的细节；最后给出3条可立即执行的下一步。
3558,金融,投资研究助理,一线执行团队,表格,增长,预算有限,任务编号 P3558。请扮演投资研究助理。围绕“金融场景058-预算有限”中的研报、风险、组合任务，面向一线执行团队，生成三种风格完全不同的版本。请用表格输出，并从“增长”角度做重点判断。要求：指出最容易忽略的细节；避免专业黑话；最后给出3条可立即执行的下一步。
3559,金融,投资研究助理,开发团队,邮件草稿,短期落地,初创团队,任务编号 P3559。请扮演投资研究助理。围绕“金融场景059-初创团队”中的研报、风险、组合任务，面向开发团队，把复杂内容改写成新手也能懂的说明。请用邮件草稿输出，并从“短期落地”角度做重点判断。要求：包含可执行下一步；用中文输出；最后给出3条可立即执行的下一步。
3560,金融,投资研究助理,客服团队,路线图,成本,需要扩张,任务编号 P3560。请扮演投资研究助理。围绕“金融场景060-需要扩张”中的研报、风险、组合任务，面向客服团队，设计一个从零到一的工作流。请用路线图输出，并从“成本”角度做重点判断。要求：输出可直接复制使用；兼顾成本和效果；最后给出3条可立即执行的下一步。
3561,金融,投资研究助理,家长,PRD片段,可维护性,新市场验证,任务编号 P3561。请扮演投资研究助理。围绕“金融场景061-新市场验证”中的研报、风险、组合任务，面向家长，创建检查清单并标注常见坑。请用PRD片段输出，并从“可维护性”角度做重点判断。要求：保持中立客观；避免虚构事实；最后给出3条可立即执行的下一步。
3562,金融,投资研究助理,非技术读者,表格,长期价值,竞品压力,任务编号 P3562。请扮演投资研究助理。围绕“金融场景062-竞品压力”中的研报、风险、组合任务，面向非技术读者，模拟专家评审并指出改进点。请用表格输出，并从“长期价值”角度做重点判断。要求：先给结论再解释；包含失败预案；最后给出3条可立即执行的下一步。
3563,金融,投资研究助理,中小企业主,邮件草稿,质量,准备上线,任务编号 P3563。请扮演投资研究助理。围绕“金融场景063-准备上线”中的研报、风险、组合任务，面向中小企业主，根据目标用户重写表达。请用邮件草稿输出，并从“质量”角度做重点判断。要求：包含失败预案；语言简洁，不说空话；最后给出3条可立即执行的下一步。
3564,金融,投资研究助理,资深从业者,路线图,用户体验,高不确定性,任务编号 P3564。请扮演投资研究助理。围绕“金融场景064-高不确定性”中的研报、风险、组合任务，面向资深从业者，提炼核心洞察并给出行动建议。请用路线图输出，并从“用户体验”角度做重点判断。要求：用中文输出；按难易度排序；最后给出3条可立即执行的下一步。
3565,金融,投资研究助理,自由职业者,PRD片段,学习曲线,远程协作,任务编号 P3565。请扮演投资研究助理。围绕“金融场景065-远程协作”中的研报、风险、组合任务，面向自由职业者，设计一套可量化指标。请用PRD片段输出，并从“学习曲线”角度做重点判断。要求：标注假设和不确定性；先给结论再解释；最后给出3条可立即执行的下一步。
3566,金融,投资研究助理,设计团队,表格,效率,个人项目,任务编号 P3566。请扮演投资研究助理。围绕“金融场景066-个人项目”中的研报、风险、组合任务，面向设计团队，把零散想法整理成结构化大纲。请用表格输出，并从“效率”角度做重点判断。要求：按影响力排序；给出示例输入输出；最后给出3条可立即执行的下一步。
3567,金融,投资研究助理,投资人,邮件草稿,风险,质量波动,任务编号 P3567。请扮演投资研究助理。围绕“金融场景067-质量波动”中的研报、风险、组合任务，面向投资人，生成可直接使用的模板。请用邮件草稿输出，并从“风险”角度做重点判断。要求：必要时提出澄清问题；给出至少一个反例；最后给出3条可立即执行的下一步。
3568,金融,投资研究助理,海外用户,路线图,增长,用户流失,任务编号 P3568。请扮演投资研究助理。围绕“金融场景068-用户流失”中的研报、风险、组合任务，面向海外用户，做一次反向推理找出隐藏风险。请用路线图输出，并从“增长”角度做重点判断。要求：给出至少一个反例；保持中立客观；最后给出3条可立即执行的下一步。
3569,金融,投资研究助理,专家评审,PRD片段,短期落地,内部培训,任务编号 P3569。请扮演投资研究助理。围绕“金融场景069-内部培训”中的研报、风险、组合任务，面向专家评审，给出低成本试验方案。请用PRD片段输出，并从“短期落地”角度做重点判断。要求：按难易度排序；适合在一天内开始执行；最后给出3条可立即执行的下一步。
3570,金融,投资研究助理,大学生,表格,成本,需要复盘,任务编号 P3570。请扮演投资研究助理。围绕“金融场景070-需要复盘”中的研报、风险、组合任务，面向大学生，创建对比表并推荐选择。请用表格输出，并从“成本”角度做重点判断。要求：避免虚构事实；必要时提出澄清问题；最后给出3条可立即执行的下一步。
3571,金融,投资研究助理,管理层,邮件草稿,可维护性,时间紧迫,任务编号 P3571。请扮演投资研究助理。围绕“金融场景071-时间紧迫”中的研报、风险、组合任务，面向管理层，把长内容压缩成高密度摘要。请用邮件草稿输出，并从“可维护性”角度做重点判断。要求：避免专业黑话；输出可直接复制使用；最后给出3条可立即执行的下一步。
3572,金融,投资研究助理,内容创作者,路线图,长期价值,成熟企业,任务编号 P3572。请扮演投资研究助理。围绕“金融场景072-成熟企业”中的研报、风险、组合任务，面向内容创作者，提出10个创新方向并排序。请用路线图输出，并从“长期价值”角度做重点判断。要求：包含衡量标准；提供简短版本和完整版本；最后给出3条可立即执行的下一步。
3573,金融,投资研究助理,销售团队,PRD片段,质量,需要降本,任务编号 P3573。请扮演投资研究助理。围绕“金融场景073-需要降本”中的研报、风险、组合任务，面向销售团队，设计30天训练计划。请用PRD片段输出，并从“质量”角度做重点判断。要求：提供简短版本和完整版本；按影响力排序；最后给出3条可立即执行的下一步。
3574,金融,投资研究助理,教师,表格,用户体验,流程混乱,任务编号 P3574。请扮演投资研究助理。围绕“金融场景074-流程混乱”中的研报、风险、组合任务，面向教师，构建决策树帮助判断下一步。请用表格输出，并从“用户体验”角度做重点判断。要求：适合在一天内开始执行；包含可执行下一步；最后给出3条可立即执行的下一步。
3575,金融,投资研究助理,本地用户,邮件草稿,学习曲线,数据不足,任务编号 P3575。请扮演投资研究助理。围绕“金融场景075-数据不足”中的研报、风险、组合任务，面向本地用户，生成会议讨论提纲。请用邮件草稿输出，并从“学习曲线”角度做重点判断。要求：给出示例输入输出；包含衡量标准；最后给出3条可立即执行的下一步。
3576,金融,投资研究助理,创始人,路线图,效率,公开发布,任务编号 P3576。请扮演投资研究助理。围绕“金融场景076-公开发布”中的研报、风险、组合任务，面向创始人，写一份面向管理层的简报。请用路线图输出，并从“效率”角度做重点判断。要求：语言简洁，不说空话；标注假设和不确定性；最后给出3条可立即执行的下一步。
3577,金融,投资研究助理,新手用户,PRD片段,风险,多方协作,任务编号 P3577。请扮演投资研究助理。围绕“金融场景077-多方协作”中的研报、风险、组合任务，面向新手用户，写一份面向执行者的操作手册。请用PRD片段输出，并从“风险”角度做重点判断。要求：兼顾成本和效果；指出最容易忽略的细节；最后给出3条可立即执行的下一步。
3578,金融,投资研究助理,一线执行团队,表格,增长,预算有限,任务编号 P3578。请扮演投资研究助理。围绕“金融场景078-预算有限”中的研报、风险、组合任务，面向一线执行团队，建立评估打分表。请用表格输出，并从“增长”角度做重点判断。要求：指出最容易忽略的细节；避免专业黑话；最后给出3条可立即执行的下一步。
3579,金融,投资研究助理,开发团队,邮件草稿,短期落地,初创团队,任务编号 P3579。请扮演投资研究助理。围绕“金融场景079-初创团队”中的研报、风险、组合任务，面向开发团队，提出自动化改造思路。请用邮件草稿输出，并从“短期落地”角度做重点判断。要求：包含可执行下一步；用中文输出；最后给出3条可立即执行的下一步。
3580,金融,投资研究助理,客服团队,路线图,成本,需要扩张,任务编号 P3580。请扮演投资研究助理。围绕“金融场景080-需要扩张”中的研报、风险、组合任务，面向客服团队，设计用户调研问题。请用路线图输出，并从“成本”角度做重点判断。要求：输出可直接复制使用；兼顾成本和效果；最后给出3条可立即执行的下一步。
3581,金融,投资研究助理,家长,PRD片段,可维护性,新市场验证,任务编号 P3581。请扮演投资研究助理。围绕“金融场景081-新市场验证”中的研报、风险、组合任务，面向家长，模拟用户反馈并归纳模式。请用PRD片段输出，并从“可维护性”角度做重点判断。要求：保持中立客观；避免虚构事实；最后给出3条可立即执行的下一步。
3582,金融,投资研究助理,非技术读者,表格,长期价值,竞品压力,任务编号 P3582。请扮演投资研究助理。围绕“金融场景082-竞品压力”中的研报、风险、组合任务，面向非技术读者，生成故障排查路径。请用表格输出，并从“长期价值”角度做重点判断。要求：先给结论再解释；包含失败预案；最后给出3条可立即执行的下一步。
3583,金融,投资研究助理,中小企业主,邮件草稿,质量,准备上线,任务编号 P3583。请扮演投资研究助理。围绕“金融场景083-准备上线”中的研报、风险、组合任务，面向中小企业主，把目标拆成里程碑。请用邮件草稿输出，并从“质量”角度做重点判断。要求：包含失败预案；语言简洁，不说空话；最后给出3条可立即执行的下一步。
3584,金融,投资研究助理,资深从业者,路线图,用户体验,高不确定性,任务编号 P3584。请扮演投资研究助理。围绕“金融场景084-高不确定性”中的研报、风险、组合任务，面向资深从业者，提出可复用命名规范。请用路线图输出，并从“用户体验”角度做重点判断。要求：用中文输出；按难易度排序；最后给出3条可立即执行的下一步。
3585,金融,投资研究助理,自由职业者,PRD片段,学习曲线,远程协作,任务编号 P3585。请扮演投资研究助理。围绕“金融场景085-远程协作”中的研报、风险、组合任务，面向自由职业者，创建风险登记册。请用PRD片段输出，并从“学习曲线”角度做重点判断。要求：标注假设和不确定性；先给结论再解释；最后给出3条可立即执行的下一步。
3586,金融,投资研究助理,设计团队,表格,效率,个人项目,任务编号 P3586。请扮演投资研究助理。围绕“金融场景086-个人项目”中的研报、风险、组合任务，面向设计团队，制定一份可执行方案。请用表格输出，并从“效率”角度做重点判断。要求：按影响力排序；给出示例输入输出；最后给出3条可立即执行的下一步。
3587,金融,投资研究助理,投资人,邮件草稿,风险,质量波动,任务编号 P3587。请扮演投资研究助理。围绕“金融场景087-质量波动”中的研报、风险、组合任务，面向投资人，列出关键问题并给出优先级。请用邮件草稿输出，并从“风险”角度做重点判断。要求：必要时提出澄清问题；给出至少一个反例；最后给出3条可立即执行的下一步。
3588,金融,投资研究助理,海外用户,路线图,增长,用户流失,任务编号 P3588。请扮演投资研究助理。围绕“金融场景088-用户流失”中的研报、风险、组合任务，面向海外用户，生成三种风格完全不同的版本。请用路线图输出，并从“增长”角度做重点判断。要求：给出至少一个反例；保持中立客观；最后给出3条可立即执行的下一步。
3589,金融,投资研究助理,专家评审,PRD片段,短期落地,内部培训,任务编号 P3589。请扮演投资研究助理。围绕“金融场景089-内部培训”中的研报、风险、组合任务，面向专家评审，把复杂内容改写成新手也能懂的说明。请用PRD片段输出，并从“短期落地”角度做重点判断。要求：按难易度排序；适合在一天内开始执行；最后给出3条可立即执行的下一步。
3590,金融,投资研究助理,大学生,表格,成本,需要复盘,任务编号 P3590。请扮演投资研究助理。围绕“金融场景090-需要复盘”中的研报、风险、组合任务，面向大学生，设计一个从零到一的工作流。请用表格输出，并从“成本”角度做重点判断。要求：避免虚构事实；必要时提出澄清问题；最后给出3条可立即执行的下一步。
3591,金融,投资研究助理,管理层,邮件草稿,可维护性,时间紧迫,任务编号 P3591。请扮演投资研究助理。围绕“金融场景091-时间紧迫”中的研报、风险、组合任务，面向管理层，创建检查清单并标注常见坑。请用邮件草稿输出，并从“可维护性”角度做重点判断。要求：避免专业黑话；输出可直接复制使用；最后给出3条可立即执行的下一步。
3592,金融,投资研究助理,内容创作者,路线图,长期价值,成熟企业,任务编号 P3592。请扮演投资研究助理。围绕“金融场景092-成熟企业”中的研报、风险、组合任务，面向内容创作者，模拟专家评审并指出改进点。请用路线图输出，并从“长期价值”角度做重点判断。要求：包含衡量标准；提供简短版本和完整版本；最后给出3条可立即执行的下一步。
3593,金融,投资研究助理,销售团队,PRD片段,质量,需要降本,任务编号 P3593。请扮演投资研究助理。围绕“金融场景093-需要降本”中的研报、风险、组合任务，面向销售团队，根据目标用户重写表达。请用PRD片段输出，并从“质量”角度做重点判断。要求：提供简短版本和完整版本；按影响力排序；最后给出3条可立即执行的下一步。
3594,金融,投资研究助理,教师,表格,用户体验,流程混乱,任务编号 P3594。请扮演投资研究助理。围绕“金融场景094-流程混乱”中的研报、风险、组合任务，面向教师，提炼核心洞察并给出行动建议。请用表格输出，并从“用户体验”角度做重点判断。要求：适合在一天内开始执行；包含可执行下一步；最后给出3条可立即执行的下一步。
3595,金融,投资研究助理,本地用户,邮件草稿,学习曲线,数据不足,任务编号 P3595。请扮演投资研究助理。围绕“金融场景095-数据不足”中的研报、风险、组合任务，面向本地用户，设计一套可量化指标。请用邮件草稿输出，并从“学习曲线”角度做重点判断。要求：给出示例输入输出；包含衡量标准；最后给出3条可立即执行的下一步。
3596,金融,投资研究助理,创始人,路线图,效率,公开发布,任务编号 P3596。请扮演投资研究助理。围绕“金融场景096-公开发布”中的研报、风险、组合任务，面向创始人，把零散想法整理成结构化大纲。请用路线图输出，并从“效率”角度做重点判断。要求：语言简洁，不说空话；标注假设和不确定性；最后给出3条可立即执行的下一步。
3597,金融,投资研究助理,新手用户,PRD片段,风险,多方协作,任务编号 P3597。请扮演投资研究助理。围绕“金融场景097-多方协作”中的研报、风险、组合任务，面向新手用户，生成可直接使用的模板。请用PRD片段输出，并从“风险”角度做重点判断。要求：兼顾成本和效果；指出最容易忽略的细节；最后给出3条可立即执行的下一步。
3598,金融,投资研究助理,一线执行团队,表格,增长,预算有限,任务编号 P3598。请扮演投资研究助理。围绕“金融场景098-预算有限”中的研报、风险、组合任务，面向一线执行团队，做一次反向推理找出隐藏风险。请用表格输出，并从“增长”角度做重点判断。要求：指出最容易忽略的细节；避免专业黑话；最后给出3条可立即执行的下一步。
3599,金融,投资研究助理,开发团队,邮件草稿,短期落地,初创团队,任务编号 P3599。请扮演投资研究助理。围绕“金融场景099-初创团队”中的研报、风险、组合任务，面向开发团队，给出低成本试验方案。请用邮件草稿输出，并从“短期落地”角度做重点判断。要求：包含可执行下一步；用中文输出；最后给出3条可立即执行的下一步。
3600,金融,投资研究助理,客服团队,路线图,成本,需要扩张,任务编号 P3600。请扮演投资研究助理。围绕“金融场景100-需要扩张”中的研报、风险、组合任务，面向客服团队，创建对比表并推荐选择。请用路线图输出，并从“成本”角度做重点判断。要求：输出可直接复制使用；兼顾成本和效果；最后给出3条可立即执行的下一步。
3601,政策,公共政策分析师,海外用户,演讲稿,增长,流程混乱,任务编号 P3601。请扮演公共政策分析师。围绕“政策场景001-流程混乱”中的政策解读、影响评估任务，面向海外用户，模拟专家评审并指出改进点。请用演讲稿输出，并从“增长”角度做重点判断。要求：用中文输出；提供简短版本和完整版本；最后给出3条可立即执行的下一步。
3602,政策,公共政策分析师,专家评审,编号清单,短期落地,数据不足,任务编号 P3602。请扮演公共政策分析师。围绕“政策场景002-数据不足”中的政策解读、影响评估任务，面向专家评审，根据目标用户重写表达。请用编号清单输出，并从“短期落地”角度做重点判断。要求：标注假设和不确定性；按影响力排序；最后给出3条可立即执行的下一步。
3603,政策,公共政策分析师,大学生,对话脚本,成本,公开发布,任务编号 P3603。请扮演公共政策分析师。围绕“政策场景003-公开发布”中的政策解读、影响评估任务，面向大学生，提炼核心洞察并给出行动建议。请用对话脚本输出，并从“成本”角度做重点判断。要求：按影响力排序；包含可执行下一步；最后给出3条可立即执行的下一步。
3604,政策,公共政策分析师,管理层,FAQ,可维护性,多方协作,任务编号 P3604。请扮演公共政策分析师。围绕“政策场景004-多方协作”中的政策解读、影响评估任务，面向管理层，设计一套可量化指标。请用FAQ输出，并从“可维护性”角度做重点判断。要求：必要时提出澄清问题；包含衡量标准；最后给出3条可立即执行的下一步。
3605,政策,公共政策分析师,内容创作者,演讲稿,长期价值,预算有限,任务编号 P3605。请扮演公共政策分析师。围绕“政策场景005-预算有限”中的政策解读、影响评估任务，面向内容创作者，把零散想法整理成结构化大纲。请用演讲稿输出，并从“长期价值”角度做重点判断。要求：给出至少一个反例；标注假设和不确定性；最后给出3条可立即执行的下一步。
3606,政策,公共政策分析师,销售团队,编号清单,质量,初创团队,任务编号 P3606。请扮演公共政策分析师。围绕“政策场景006-初创团队”中的政策解读、影响评估任务，面向销售团队，生成可直接使用的模板。请用编号清单输出，并从“质量”角度做重点判断。要求：按难易度排序；指出最容易忽略的细节；最后给出3条可立即执行的下一步。
3607,政策,公共政策分析师,教师,对话脚本,用户体验,需要扩张,任务编号 P3607。请扮演公共政策分析师。围绕“政策场景007-需要扩张”中的政策解读、影响评估任务，面向教师，做一次反向推理找出隐藏风险。请用对话脚本输出，并从“用户体验”角度做重点判断。要求：避免虚构事实；避免专业黑话；最后给出3条可立即执行的下一步。
3608,政策,公共政策分析师,本地用户,FAQ,学习曲线,新市场验证,任务编号 P3608。请扮演公共政策分析师。围绕“政策场景008-新市场验证”中的政策解读、影响评估任务，面向本地用户，给出低成本试验方案。请用FAQ输出，并从“学习曲线”角度做重点判断。要求：避免专业黑话；用中文输出；最后给出3条可立即执行的下一步。
3609,政策,公共政策分析师,创始人,演讲稿,效率,竞品压力,任务编号 P3609。请扮演公共政策分析师。围绕“政策场景009-竞品压力”中的政策解读、影响评估任务，面向创始人，创建对比表并推荐选择。请用演讲稿输出，并从“效率”角度做重点判断。要求：包含衡量标准；兼顾成本和效果；最后给出3条可立即执行的下一步。
3610,政策,公共政策分析师,新手用户,编号清单,风险,准备上线,任务编号 P3610。请扮演公共政策分析师。围绕“政策场景010-准备上线”中的政策解读、影响评估任务，面向新手用户，把长内容压缩成高密度摘要。请用编号清单输出，并从“风险”角度做重点判断。要求：提供简短版本和完整版本；避免虚构事实；最后给出3条可立即执行的下一步。
3611,政策,公共政策分析师,一线执行团队,对话脚本,增长,高不确定性,任务编号 P3611。请扮演公共政策分析师。围绕“政策场景011-高不确定性”中的政策解读、影响评估任务，面向一线执行团队，提出10个创新方向并排序。请用对话脚本输出，并从“增长”角度做重点判断。要求：适合在一天内开始执行；包含失败预案；最后给出3条可立即执行的下一步。
3612,政策,公共政策分析师,开发团队,FAQ,短期落地,远程协作,任务编号 P3612。请扮演公共政策分析师。围绕“政策场景012-远程协作”中的政策解读、影响评估任务，面向开发团队，设计30天训练计划。请用FAQ输出，并从“短期落地”角度做重点判断。要求：给出示例输入输出；语言简洁，不说空话；最后给出3条可立即执行的下一步。
3613,政策,公共政策分析师,客服团队,演讲稿,成本,个人项目,任务编号 P3613。请扮演公共政策分析师。围绕“政策场景013-个人项目”中的政策解读、影响评估任务，面向客服团队，构建决策树帮助判断下一步。请用演讲稿输出，并从“成本”角度做重点判断。要求：语言简洁，不说空话；按难易度排序；最后给出3条可立即执行的下一步。
3614,政策,公共政策分析师,家长,编号清单,可维护性,质量波动,任务编号 P3614。请扮演公共政策分析师。围绕“政策场景014-质量波动”中的政策解读、影响评估任务，面向家长，生成会议讨论提纲。请用编号清单输出，并从“可维护性”角度做重点判断。要求：兼顾成本和效果；先给结论再解释；最后给出3条可立即执行的下一步。
3615,政策,公共政策分析师,非技术读者,对话脚本,长期价值,用户流失,任务编号 P3615。请扮演公共政策分析师。围绕“政策场景015-用户流失”中的政策解读、影响评估任务，面向非技术读者，写一份面向管理层的简报。请用对话脚本输出，并从“长期价值”角度做重点判断。要求：指出最容易忽略的细节；给出示例输入输出；最后给出3条可立即执行的下一步。
3616,政策,公共政策分析师,中小企业主,FAQ,质量,内部培训,任务编号 P3616。请扮演公共政策分析师。围绕“政策场景016-内部培训”中的政策解读、影响评估任务，面向中小企业主，写一份面向执行者的操作手册。请用FAQ输出，并从“质量”角度做重点判断。要求：包含可执行下一步；给出至少一个反例；最后给出3条可立即执行的下一步。
3617,政策,公共政策分析师,资深从业者,演讲稿,用户体验,需要复盘,任务编号 P3617。请扮演公共政策分析师。围绕“政策场景017-需要复盘”中的政策解读、影响评估任务，面向资深从业者，建立评估打分表。请用演讲稿输出，并从“用户体验”角度做重点判断。要求：输出可直接复制使用；保持中立客观；最后给出3条可立即执行的下一步。
3618,政策,公共政策分析师,自由职业者,编号清单,学习曲线,时间紧迫,任务编号 P3618。请扮演公共政策分析师。围绕“政策场景018-时间紧迫”中的政策解读、影响评估任务，面向自由职业者，提出自动化改造思路。请用编号清单输出，并从“学习曲线”角度做重点判断。要求：保持中立客观；适合在一天内开始执行；最后给出3条可立即执行的下一步。
3619,政策,公共政策分析师,设计团队,对话脚本,效率,成熟企业,任务编号 P3619。请扮演公共政策分析师。围绕“政策场景019-成熟企业”中的政策解读、影响评估任务，面向设计团队，设计用户调研问题。请用对话脚本输出，并从“效率”角度做重点判断。要求：先给结论再解释；必要时提出澄清问题；最后给出3条可立即执行的下一步。
3620,政策,公共政策分析师,投资人,FAQ,风险,需要降本,任务编号 P3620。请扮演公共政策分析师。围绕“政策场景020-需要降本”中的政策解读、影响评估任务，面向投资人，模拟用户反馈并归纳模式。请用FAQ输出，并从“风险”角度做重点判断。要求：包含失败预案；输出可直接复制使用；最后给出3条可立即执行的下一步。
3621,政策,公共政策分析师,海外用户,演讲稿,增长,流程混乱,任务编号 P3621。请扮演公共政策分析师。围绕“政策场景021-流程混乱”中的政策解读、影响评估任务，面向海外用户，生成故障排查路径。请用演讲稿输出，并从“增长”角度做重点判断。要求：用中文输出；提供简短版本和完整版本；最后给出3条可立即执行的下一步。
3622,政策,公共政策分析师,专家评审,编号清单,短期落地,数据不足,任务编号 P3622。请扮演公共政策分析师。围绕“政策场景022-数据不足”中的政策解读、影响评估任务，面向专家评审，把目标拆成里程碑。请用编号清单输出，并从“短期落地”角度做重点判断。要求：标注假设和不确定性；按影响力排序；最后给出3条可立即执行的下一步。
3623,政策,公共政策分析师,大学生,对话脚本,成本,公开发布,任务编号 P3623。请扮演公共政策分析师。围绕“政策场景023-公开发布”中的政策解读、影响评估任务，面向大学生，提出可复用命名规范。请用对话脚本输出，并从“成本”角度做重点判断。要求：按影响力排序；包含可执行下一步；最后给出3条可立即执行的下一步。
3624,政策,公共政策分析师,管理层,FAQ,可维护性,多方协作,任务编号 P3624。请扮演公共政策分析师。围绕“政策场景024-多方协作”中的政策解读、影响评估任务，面向管理层，创建风险登记册。请用FAQ输出，并从“可维护性”角度做重点判断。要求：必要时提出澄清问题；包含衡量标准；最后给出3条可立即执行的下一步。
3625,政策,公共政策分析师,内容创作者,演讲稿,长期价值,预算有限,任务编号 P3625。请扮演公共政策分析师。围绕“政策场景025-预算有限”中的政策解读、影响评估任务，面向内容创作者，制定一份可执行方案。请用演讲稿输出，并从“长期价值”角度做重点判断。要求：给出至少一个反例；标注假设和不确定性；最后给出3条可立即执行的下一步。
3626,政策,公共政策分析师,销售团队,编号清单,质量,初创团队,任务编号 P3626。请扮演公共政策分析师。围绕“政策场景026-初创团队”中的政策解读、影响评估任务，面向销售团队，列出关键问题并给出优先级。请用编号清单输出，并从“质量”角度做重点判断。要求：按难易度排序；指出最容易忽略的细节；最后给出3条可立即执行的下一步。
3627,政策,公共政策分析师,教师,对话脚本,用户体验,需要扩张,任务编号 P3627。请扮演公共政策分析师。围绕“政策场景027-需要扩张”中的政策解读、影响评估任务，面向教师，生成三种风格完全不同的版本。请用对话脚本输出，并从“用户体验”角度做重点判断。要求：避免虚构事实；避免专业黑话；最后给出3条可立即执行的下一步。
3628,政策,公共政策分析师,本地用户,FAQ,学习曲线,新市场验证,任务编号 P3628。请扮演公共政策分析师。围绕“政策场景028-新市场验证”中的政策解读、影响评估任务，面向本地用户，把复杂内容改写成新手也能懂的说明。请用FAQ输出，并从“学习曲线”角度做重点判断。要求：避免专业黑话；用中文输出；最后给出3条可立即执行的下一步。
3629,政策,公共政策分析师,创始人,演讲稿,效率,竞品压力,任务编号 P3629。请扮演公共政策分析师。围绕“政策场景029-竞品压力”中的政策解读、影响评估任务，面向创始人，设计一个从零到一的工作流。请用演讲稿输出，并从“效率”角度做重点判断。要求：包含衡量标准；兼顾成本和效果；最后给出3条可立即执行的下一步。
3630,政策,公共政策分析师,新手用户,编号清单,风险,准备上线,任务编号 P3630。请扮演公共政策分析师。围绕“政策场景030-准备上线”中的政策解读、影响评估任务，面向新手用户，创建检查清单并标注常见坑。请用编号清单输出，并从“风险”角度做重点判断。要求：提供简短版本和完整版本；避免虚构事实；最后给出3条可立即执行的下一步。
3631,政策,公共政策分析师,一线执行团队,对话脚本,增长,高不确定性,任务编号 P3631。请扮演公共政策分析师。围绕“政策场景031-高不确定性”中的政策解读、影响评估任务，面向一线执行团队，模拟专家评审并指出改进点。请用对话脚本输出，并从“增长”角度做重点判断。要求：适合在一天内开始执行；包含失败预案；最后给出3条可立即执行的下一步。
3632,政策,公共政策分析师,开发团队,FAQ,短期落地,远程协作,任务编号 P3632。请扮演公共政策分析师。围绕“政策场景032-远程协作”中的政策解读、影响评估任务，面向开发团队，根据目标用户重写表达。请用FAQ输出，并从“短期落地”角度做重点判断。要求：给出示例输入输出；语言简洁，不说空话；最后给出3条可立即执行的下一步。
3633,政策,公共政策分析师,客服团队,演讲稿,成本,个人项目,任务编号 P3633。请扮演公共政策分析师。围绕“政策场景033-个人项目”中的政策解读、影响评估任务，面向客服团队，提炼核心洞察并给出行动建议。请用演讲稿输出，并从“成本”角度做重点判断。要求：语言简洁，不说空话；按难易度排序；最后给出3条可立即执行的下一步。
3634,政策,公共政策分析师,家长,编号清单,可维护性,质量波动,任务编号 P3634。请扮演公共政策分析师。围绕“政策场景034-质量波动”中的政策解读、影响评估任务，面向家长，设计一套可量化指标。请用编号清单输出，并从“可维护性”角度做重点判断。要求：兼顾成本和效果；先给结论再解释；最后给出3条可立即执行的下一步。
3635,政策,公共政策分析师,非技术读者,对话脚本,长期价值,用户流失,任务编号 P3635。请扮演公共政策分析师。围绕“政策场景035-用户流失”中的政策解读、影响评估任务，面向非技术读者，把零散想法整理成结构化大纲。请用对话脚本输出，并从“长期价值”角度做重点判断。要求：指出最容易忽略的细节；给出示例输入输出；最后给出3条可立即执行的下一步。
3636,政策,公共政策分析师,中小企业主,FAQ,质量,内部培训,任务编号 P3636。请扮演公共政策分析师。围绕“政策场景036-内部培训”中的政策解读、影响评估任务，面向中小企业主，生成可直接使用的模板。请用FAQ输出，并从“质量”角度做重点判断。要求：包含可执行下一步；给出至少一个反例；最后给出3条可立即执行的下一步。
3637,政策,公共政策分析师,资深从业者,演讲稿,用户体验,需要复盘,任务编号 P3637。请扮演公共政策分析师。围绕“政策场景037-需要复盘”中的政策解读、影响评估任务，面向资深从业者，做一次反向推理找出隐藏风险。请用演讲稿输出，并从“用户体验”角度做重点判断。要求：输出可直接复制使用；保持中立客观；最后给出3条可立即执行的下一步。
3638,政策,公共政策分析师,自由职业者,编号清单,学习曲线,时间紧迫,任务编号 P3638。请扮演公共政策分析师。围绕“政策场景038-时间紧迫”中的政策解读、影响评估任务，面向自由职业者，给出低成本试验方案。请用编号清单输出，并从“学习曲线”角度做重点判断。要求：保持中立客观；适合在一天内开始执行；最后给出3条可立即执行的下一步。
3639,政策,公共政策分析师,设计团队,对话脚本,效率,成熟企业,任务编号 P3639。请扮演公共政策分析师。围绕“政策场景039-成熟企业”中的政策解读、影响评估任务，面向设计团队，创建对比表并推荐选择。请用对话脚本输出，并从“效率”角度做重点判断。要求：先给结论再解释；必要时提出澄清问题；最后给出3条可立即执行的下一步。
3640,政策,公共政策分析师,投资人,FAQ,风险,需要降本,任务编号 P3640。请扮演公共政策分析师。围绕“政策场景040-需要降本”中的政策解读、影响评估任务，面向投资人，把长内容压缩成高密度摘要。请用FAQ输出，并从“风险”角度做重点判断。要求：包含失败预案；输出可直接复制使用；最后给出3条可立即执行的下一步。
3641,政策,公共政策分析师,海外用户,演讲稿,增长,流程混乱,任务编号 P3641。请扮演公共政策分析师。围绕“政策场景041-流程混乱”中的政策解读、影响评估任务，面向海外用户，提出10个创新方向并排序。请用演讲稿输出，并从“增长”角度做重点判断。要求：用中文输出；提供简短版本和完整版本；最后给出3条可立即执行的下一步。
3642,政策,公共政策分析师,专家评审,编号清单,短期落地,数据不足,任务编号 P3642。请扮演公共政策分析师。围绕“政策场景042-数据不足”中的政策解读、影响评估任务，面向专家评审，设计30天训练计划。请用编号清单输出，并从“短期落地”角度做重点判断。要求：标注假设和不确定性；按影响力排序；最后给出3条可立即执行的下一步。
3643,政策,公共政策分析师,大学生,对话脚本,成本,公开发布,任务编号 P3643。请扮演公共政策分析师。围绕“政策场景043-公开发布”中的政策解读、影响评估任务，面向大学生，构建决策树帮助判断下一步。请用对话脚本输出，并从“成本”角度做重点判断。要求：按影响力排序；包含可执行下一步；最后给出3条可立即执行的下一步。
3644,政策,公共政策分析师,管理层,FAQ,可维护性,多方协作,任务编号 P3644。请扮演公共政策分析师。围绕“政策场景044-多方协作”中的政策解读、影响评估任务，面向管理层，生成会议讨论提纲。请用FAQ输出，并从“可维护性”角度做重点判断。要求：必要时提出澄清问题；包含衡量标准；最后给出3条可立即执行的下一步。
3645,政策,公共政策分析师,内容创作者,演讲稿,长期价值,预算有限,任务编号 P3645。请扮演公共政策分析师。围绕“政策场景045-预算有限”中的政策解读、影响评估任务，面向内容创作者，写一份面向管理层的简报。请用演讲稿输出，并从“长期价值”角度做重点判断。要求：给出至少一个反例；标注假设和不确定性；最后给出3条可立即执行的下一步。
3646,政策,公共政策分析师,销售团队,编号清单,质量,初创团队,任务编号 P3646。请扮演公共政策分析师。围绕“政策场景046-初创团队”中的政策解读、影响评估任务，面向销售团队，写一份面向执行者的操作手册。请用编号清单输出，并从“质量”角度做重点判断。要求：按难易度排序；指出最容易忽略的细节；最后给出3条可立即执行的下一步。
3647,政策,公共政策分析师,教师,对话脚本,用户体验,需要扩张,任务编号 P3647。请扮演公共政策分析师。围绕“政策场景047-需要扩张”中的政策解读、影响评估任务，面向教师，建立评估打分表。请用对话脚本输出，并从“用户体验”角度做重点判断。要求：避免虚构事实；避免专业黑话；最后给出3条可立即执行的下一步。
3648,政策,公共政策分析师,本地用户,FAQ,学习曲线,新市场验证,任务编号 P3648。请扮演公共政策分析师。围绕“政策场景048-新市场验证”中的政策解读、影响评估任务，面向本地用户，提出自动化改造思路。请用FAQ输出，并从“学习曲线”角度做重点判断。要求：避免专业黑话；用中文输出；最后给出3条可立即执行的下一步。
3649,政策,公共政策分析师,创始人,演讲稿,效率,竞品压力,任务编号 P3649。请扮演公共政策分析师。围绕“政策场景049-竞品压力”中的政策解读、影响评估任务，面向创始人，设计用户调研问题。请用演讲稿输出，并从“效率”角度做重点判断。要求：包含衡量标准；兼顾成本和效果；最后给出3条可立即执行的下一步。
3650,政策,公共政策分析师,新手用户,编号清单,风险,准备上线,任务编号 P3650。请扮演公共政策分析师。围绕“政策场景050-准备上线”中的政策解读、影响评估任务，面向新手用户，模拟用户反馈并归纳模式。请用编号清单输出，并从“风险”角度做重点判断。要求：提供简短版本和完整版本；避免虚构事实；最后给出3条可立即执行的下一步。
3651,政策,公共政策分析师,一线执行团队,对话脚本,增长,高不确定性,任务编号 P3651。请扮演公共政策分析师。围绕“政策场景051-高不确定性”中的政策解读、影响评估任务，面向一线执行团队，生成故障排查路径。请用对话脚本输出，并从“增长”角度做重点判断。要求：适合在一天内开始执行；包含失败预案；最后给出3条可立即执行的下一步。
3652,政策,公共政策分析师,开发团队,FAQ,短期落地,远程协作,任务编号 P3652。请扮演公共政策分析师。围绕“政策场景052-远程协作”中的政策解读、影响评估任务，面向开发团队，把目标拆成里程碑。请用FAQ输出，并从“短期落地”角度做重点判断。要求：给出示例输入输出；语言简洁，不说空话；最后给出3条可立即执行的下一步。
3653,政策,公共政策分析师,客服团队,演讲稿,成本,个人项目,任务编号 P3653。请扮演公共政策分析师。围绕“政策场景053-个人项目”中的政策解读、影响评估任务，面向客服团队，提出可复用命名规范。请用演讲稿输出，并从“成本”角度做重点判断。要求：语言简洁，不说空话；按难易度排序；最后给出3条可立即执行的下一步。
3654,政策,公共政策分析师,家长,编号清单,可维护性,质量波动,任务编号 P3654。请扮演公共政策分析师。围绕“政策场景054-质量波动”中的政策解读、影响评估任务，面向家长，创建风险登记册。请用编号清单输出，并从“可维护性”角度做重点判断。要求：兼顾成本和效果；先给结论再解释；最后给出3条可立即执行的下一步。
3655,政策,公共政策分析师,非技术读者,对话脚本,长期价值,用户流失,任务编号 P3655。请扮演公共政策分析师。围绕“政策场景055-用户流失”中的政策解读、影响评估任务，面向非技术读者，制定一份可执行方案。请用对话脚本输出，并从“长期价值”角度做重点判断。要求：指出最容易忽略的细节；给出示例输入输出；最后给出3条可立即执行的下一步。
3656,政策,公共政策分析师,中小企业主,FAQ,质量,内部培训,任务编号 P3656。请扮演公共政策分析师。围绕“政策场景056-内部培训”中的政策解读、影响评估任务，面向中小企业主，列出关键问题并给出优先级。请用FAQ输出，并从“质量”角度做重点判断。要求：包含可执行下一步；给出至少一个反例；最后给出3条可立即执行的下一步。
3657,政策,公共政策分析师,资深从业者,演讲稿,用户体验,需要复盘,任务编号 P3657。请扮演公共政策分析师。围绕“政策场景057-需要复盘”中的政策解读、影响评估任务，面向资深从业者，生成三种风格完全不同的版本。请用演讲稿输出，并从“用户体验”角度做重点判断。要求：输出可直接复制使用；保持中立客观；最后给出3条可立即执行的下一步。
3658,政策,公共政策分析师,自由职业者,编号清单,学习曲线,时间紧迫,任务编号 P3658。请扮演公共政策分析师。围绕“政策场景058-时间紧迫”中的政策解读、影响评估任务，面向自由职业者，把复杂内容改写成新手也能懂的说明。请用编号清单输出，并从“学习曲线”角度做重点判断。要求：保持中立客观；适合在一天内开始执行；最后给出3条可立即执行的下一步。
3659,政策,公共政策分析师,设计团队,对话脚本,效率,成熟企业,任务编号 P3659。请扮演公共政策分析师。围绕“政策场景059-成熟企业”中的政策解读、影响评估任务，面向设计团队，设计一个从零到一的工作流。请用对话脚本输出，并从“效率”角度做重点判断。要求：先给结论再解释；必要时提出澄清问题；最后给出3条可立即执行的下一步。
3660,政策,公共政策分析师,投资人,FAQ,风险,需要降本,任务编号 P3660。请扮演公共政策分析师。围绕“政策场景060-需要降本”中的政策解读、影响评估任务，面向投资人，创建检查清单并标注常见坑。请用FAQ输出，并从“风险”角度做重点判断。要求：包含失败预案；输出可直接复制使用；最后给出3条可立即执行的下一步。
3661,政策,公共政策分析师,海外用户,演讲稿,增长,流程混乱,任务编号 P3661。请扮演公共政策分析师。围绕“政策场景061-流程混乱”中的政策解读、影响评估任务，面向海外用户，模拟专家评审并指出改进点。请用演讲稿输出，并从“增长”角度做重点判断。要求：用中文输出；提供简短版本和完整版本；最后给出3条可立即执行的下一步。
3662,政策,公共政策分析师,专家评审,编号清单,短期落地,数据不足,任务编号 P3662。请扮演公共政策分析师。围绕“政策场景062-数据不足”中的政策解读、影响评估任务，面向专家评审，根据目标用户重写表达。请用编号清单输出，并从“短期落地”角度做重点判断。要求：标注假设和不确定性；按影响力排序；最后给出3条可立即执行的下一步。
3663,政策,公共政策分析师,大学生,对话脚本,成本,公开发布,任务编号 P3663。请扮演公共政策分析师。围绕“政策场景063-公开发布”中的政策解读、影响评估任务，面向大学生，提炼核心洞察并给出行动建议。请用对话脚本输出，并从“成本”角度做重点判断。要求：按影响力排序；包含可执行下一步；最后给出3条可立即执行的下一步。
3664,政策,公共政策分析师,管理层,FAQ,可维护性,多方协作,任务编号 P3664。请扮演公共政策分析师。围绕“政策场景064-多方协作”中的政策解读、影响评估任务，面向管理层，设计一套可量化指标。请用FAQ输出，并从“可维护性”角度做重点判断。要求：必要时提出澄清问题；包含衡量标准；最后给出3条可立即执行的下一步。
3665,政策,公共政策分析师,内容创作者,演讲稿,长期价值,预算有限,任务编号 P3665。请扮演公共政策分析师。围绕“政策场景065-预算有限”中的政策解读、影响评估任务，面向内容创作者，把零散想法整理成结构化大纲。请用演讲稿输出，并从“长期价值”角度做重点判断。要求：给出至少一个反例；标注假设和不确定性；最后给出3条可立即执行的下一步。
3666,政策,公共政策分析师,销售团队,编号清单,质量,初创团队,任务编号 P3666。请扮演公共政策分析师。围绕“政策场景066-初创团队”中的政策解读、影响评估任务，面向销售团队，生成可直接使用的模板。请用编号清单输出，并从“质量”角度做重点判断。要求：按难易度排序；指出最容易忽略的细节；最后给出3条可立即执行的下一步。
3667,政策,公共政策分析师,教师,对话脚本,用户体验,需要扩张,任务编号 P3667。请扮演公共政策分析师。围绕“政策场景067-需要扩张”中的政策解读、影响评估任务，面向教师，做一次反向推理找出隐藏风险。请用对话脚本输出，并从“用户体验”角度做重点判断。要求：避免虚构事实；避免专业黑话；最后给出3条可立即执行的下一步。
3668,政策,公共政策分析师,本地用户,FAQ,学习曲线,新市场验证,任务编号 P3668。请扮演公共政策分析师。围绕“政策场景068-新市场验证”中的政策解读、影响评估任务，面向本地用户，给出低成本试验方案。请用FAQ输出，并从“学习曲线”角度做重点判断。要求：避免专业黑话；用中文输出；最后给出3条可立即执行的下一步。
3669,政策,公共政策分析师,创始人,演讲稿,效率,竞品压力,任务编号 P3669。请扮演公共政策分析师。围绕“政策场景069-竞品压力”中的政策解读、影响评估任务，面向创始人，创建对比表并推荐选择。请用演讲稿输出，并从“效率”角度做重点判断。要求：包含衡量标准；兼顾成本和效果；最后给出3条可立即执行的下一步。
3670,政策,公共政策分析师,新手用户,编号清单,风险,准备上线,任务编号 P3670。请扮演公共政策分析师。围绕“政策场景070-准备上线”中的政策解读、影响评估任务，面向新手用户，把长内容压缩成高密度摘要。请用编号清单输出，并从“风险”角度做重点判断。要求：提供简短版本和完整版本；避免虚构事实；最后给出3条可立即执行的下一步。
3671,政策,公共政策分析师,一线执行团队,对话脚本,增长,高不确定性,任务编号 P3671。请扮演公共政策分析师。围绕“政策场景071-高不确定性”中的政策解读、影响评估任务，面向一线执行团队，提出10个创新方向并排序。请用对话脚本输出，并从“增长”角度做重点判断。要求：适合在一天内开始执行；包含失败预案；最后给出3条可立即执行的下一步。
3672,政策,公共政策分析师,开发团队,FAQ,短期落地,远程协作,任务编号 P3672。请扮演公共政策分析师。围绕“政策场景072-远程协作”中的政策解读、影响评估任务，面向开发团队，设计30天训练计划。请用FAQ输出，并从“短期落地”角度做重点判断。要求：给出示例输入输出；语言简洁，不说空话；最后给出3条可立即执行的下一步。
3673,政策,公共政策分析师,客服团队,演讲稿,成本,个人项目,任务编号 P3673。请扮演公共政策分析师。围绕“政策场景073-个人项目”中的政策解读、影响评估任务，面向客服团队，构建决策树帮助判断下一步。请用演讲稿输出，并从“成本”角度做重点判断。要求：语言简洁，不说空话；按难易度排序；最后给出3条可立即执行的下一步。
3674,政策,公共政策分析师,家长,编号清单,可维护性,质量波动,任务编号 P3674。请扮演公共政策分析师。围绕“政策场景074-质量波动”中的政策解读、影响评估任务，面向家长，生成会议讨论提纲。请用编号清单输出，并从“可维护性”角度做重点判断。要求：兼顾成本和效果；先给结论再解释；最后给出3条可立即执行的下一步。
3675,政策,公共政策分析师,非技术读者,对话脚本,长期价值,用户流失,任务编号 P3675。请扮演公共政策分析师。围绕“政策场景075-用户流失”中的政策解读、影响评估任务，面向非技术读者，写一份面向管理层的简报。请用对话脚本输出，并从“长期价值”角度做重点判断。要求：指出最容易忽略的细节；给出示例输入输出；最后给出3条可立即执行的下一步。
3676,政策,公共政策分析师,中小企业主,FAQ,质量,内部培训,任务编号 P3676。请扮演公共政策分析师。围绕“政策场景076-内部培训”中的政策解读、影响评估任务，面向中小企业主，写一份面向执行者的操作手册。请用FAQ输出，并从“质量”角度做重点判断。要求：包含可执行下一步；给出至少一个反例；最后给出3条可立即执行的下一步。
3677,政策,公共政策分析师,资深从业者,演讲稿,用户体验,需要复盘,任务编号 P3677。请扮演公共政策分析师。围绕“政策场景077-需要复盘”中的政策解读、影响评估任务，面向资深从业者，建立评估打分表。请用演讲稿输出，并从“用户体验”角度做重点判断。要求：输出可直接复制使用；保持中立客观；最后给出3条可立即执行的下一步。
3678,政策,公共政策分析师,自由职业者,编号清单,学习曲线,时间紧迫,任务编号 P3678。请扮演公共政策分析师。围绕“政策场景078-时间紧迫”中的政策解读、影响评估任务，面向自由职业者，提出自动化改造思路。请用编号清单输出，并从“学习曲线”角度做重点判断。要求：保持中立客观；适合在一天内开始执行；最后给出3条可立即执行的下一步。
3679,政策,公共政策分析师,设计团队,对话脚本,效率,成熟企业,任务编号 P3679。请扮演公共政策分析师。围绕“政策场景079-成熟企业”中的政策解读、影响评估任务，面向设计团队，设计用户调研问题。请用对话脚本输出，并从“效率”角度做重点判断。要求：先给结论再解释；必要时提出澄清问题；最后给出3条可立即执行的下一步。
3680,政策,公共政策分析师,投资人,FAQ,风险,需要降本,任务编号 P3680。请扮演公共政策分析师。围绕“政策场景080-需要降本”中的政策解读、影响评估任务，面向投资人，模拟用户反馈并归纳模式。请用FAQ输出，并从“风险”角度做重点判断。要求：包含失败预案；输出可直接复制使用；最后给出3条可立即执行的下一步。
3681,政策,公共政策分析师,海外用户,演讲稿,增长,流程混乱,任务编号 P3681。请扮演公共政策分析师。围绕“政策场景081-流程混乱”中的政策解读、影响评估任务，面向海外用户，生成故障排查路径。请用演讲稿输出，并从“增长”角度做重点判断。要求：用中文输出；提供简短版本和完整版本；最后给出3条可立即执行的下一步。
3682,政策,公共政策分析师,专家评审,编号清单,短期落地,数据不足,任务编号 P3682。请扮演公共政策分析师。围绕“政策场景082-数据不足”中的政策解读、影响评估任务，面向专家评审，把目标拆成里程碑。请用编号清单输出，并从“短期落地”角度做重点判断。要求：标注假设和不确定性；按影响力排序；最后给出3条可立即执行的下一步。
3683,政策,公共政策分析师,大学生,对话脚本,成本,公开发布,任务编号 P3683。请扮演公共政策分析师。围绕“政策场景083-公开发布”中的政策解读、影响评估任务，面向大学生，提出可复用命名规范。请用对话脚本输出，并从“成本”角度做重点判断。要求：按影响力排序；包含可执行下一步；最后给出3条可立即执行的下一步。
3684,政策,公共政策分析师,管理层,FAQ,可维护性,多方协作,任务编号 P3684。请扮演公共政策分析师。围绕“政策场景084-多方协作”中的政策解读、影响评估任务，面向管理层，创建风险登记册。请用FAQ输出，并从“可维护性”角度做重点判断。要求：必要时提出澄清问题；包含衡量标准；最后给出3条可立即执行的下一步。
3685,政策,公共政策分析师,内容创作者,演讲稿,长期价值,预算有限,任务编号 P3685。请扮演公共政策分析师。围绕“政策场景085-预算有限”中的政策解读、影响评估任务，面向内容创作者，制定一份可执行方案。请用演讲稿输出，并从“长期价值”角度做重点判断。要求：给出至少一个反例；标注假设和不确定性；最后给出3条可立即执行的下一步。
3686,政策,公共政策分析师,销售团队,编号清单,质量,初创团队,任务编号 P3686。请扮演公共政策分析师。围绕“政策场景086-初创团队”中的政策解读、影响评估任务，面向销售团队，列出关键问题并给出优先级。请用编号清单输出，并从“质量”角度做重点判断。要求：按难易度排序；指出最容易忽略的细节；最后给出3条可立即执行的下一步。
3687,政策,公共政策分析师,教师,对话脚本,用户体验,需要扩张,任务编号 P3687。请扮演公共政策分析师。围绕“政策场景087-需要扩张”中的政策解读、影响评估任务，面向教师，生成三种风格完全不同的版本。请用对话脚本输出，并从“用户体验”角度做重点判断。要求：避免虚构事实；避免专业黑话；最后给出3条可立即执行的下一步。
3688,政策,公共政策分析师,本地用户,FAQ,学习曲线,新市场验证,任务编号 P3688。请扮演公共政策分析师。围绕“政策场景088-新市场验证”中的政策解读、影响评估任务，面向本地用户，把复杂内容改写成新手也能懂的说明。请用FAQ输出，并从“学习曲线”角度做重点判断。要求：避免专业黑话；用中文输出；最后给出3条可立即执行的下一步。
3689,政策,公共政策分析师,创始人,演讲稿,效率,竞品压力,任务编号 P3689。请扮演公共政策分析师。围绕“政策场景089-竞品压力”中的政策解读、影响评估任务，面向创始人，设计一个从零到一的工作流。请用演讲稿输出，并从“效率”角度做重点判断。要求：包含衡量标准；兼顾成本和效果；最后给出3条可立即执行的下一步。
3690,政策,公共政策分析师,新手用户,编号清单,风险,准备上线,任务编号 P3690。请扮演公共政策分析师。围绕“政策场景090-准备上线”中的政策解读、影响评估任务，面向新手用户，创建检查清单并标注常见坑。请用编号清单输出，并从“风险”角度做重点判断。要求：提供简短版本和完整版本；避免虚构事实；最后给出3条可立即执行的下一步。
3691,政策,公共政策分析师,一线执行团队,对话脚本,增长,高不确定性,任务编号 P3691。请扮演公共政策分析师。围绕“政策场景091-高不确定性”中的政策解读、影响评估任务，面向一线执行团队，模拟专家评审并指出改进点。请用对话脚本输出，并从“增长”角度做重点判断。要求：适合在一天内开始执行；包含失败预案；最后给出3条可立即执行的下一步。
3692,政策,公共政策分析师,开发团队,FAQ,短期落地,远程协作,任务编号 P3692。请扮演公共政策分析师。围绕“政策场景092-远程协作”中的政策解读、影响评估任务，面向开发团队，根据目标用户重写表达。请用FAQ输出，并从“短期落地”角度做重点判断。要求：给出示例输入输出；语言简洁，不说空话；最后给出3条可立即执行的下一步。
3693,政策,公共政策分析师,客服团队,演讲稿,成本,个人项目,任务编号 P3693。请扮演公共政策分析师。围绕“政策场景093-个人项目”中的政策解读、影响评估任务，面向客服团队，提炼核心洞察并给出行动建议。请用演讲稿输出，并从“成本”角度做重点判断。要求：语言简洁，不说空话；按难易度排序；最后给出3条可立即执行的下一步。
3694,政策,公共政策分析师,家长,编号清单,可维护性,质量波动,任务编号 P3694。请扮演公共政策分析师。围绕“政策场景094-质量波动”中的政策解读、影响评估任务，面向家长，设计一套可量化指标。请用编号清单输出，并从“可维护性”角度做重点判断。要求：兼顾成本和效果；先给结论再解释；最后给出3条可立即执行的下一步。
3695,政策,公共政策分析师,非技术读者,对话脚本,长期价值,用户流失,任务编号 P3695。请扮演公共政策分析师。围绕“政策场景095-用户流失”中的政策解读、影响评估任务，面向非技术读者，把零散想法整理成结构化大纲。请用对话脚本输出，并从“长期价值”角度做重点判断。要求：指出最容易忽略的细节；给出示例输入输出；最后给出3条可立即执行的下一步。
3696,政策,公共政策分析师,中小企业主,FAQ,质量,内部培训,任务编号 P3696。请扮演公共政策分析师。围绕“政策场景096-内部培训”中的政策解读、影响评估任务，面向中小企业主，生成可直接使用的模板。请用FAQ输出，并从“质量”角度做重点判断。要求：包含可执行下一步；给出至少一个反例；最后给出3条可立即执行的下一步。
3697,政策,公共政策分析师,资深从业者,演讲稿,用户体验,需要复盘,任务编号 P3697。请扮演公共政策分析师。围绕“政策场景097-需要复盘”中的政策解读、影响评估任务，面向资深从业者，做一次反向推理找出隐藏风险。请用演讲稿输出，并从“用户体验”角度做重点判断。要求：输出可直接复制使用；保持中立客观；最后给出3条可立即执行的下一步。
3698,政策,公共政策分析师,自由职业者,编号清单,学习曲线,时间紧迫,任务编号 P3698。请扮演公共政策分析师。围绕“政策场景098-时间紧迫”中的政策解读、影响评估任务，面向自由职业者，给出低成本试验方案。请用编号清单输出，并从“学习曲线”角度做重点判断。要求：保持中立客观；适合在一天内开始执行；最后给出3条可立即执行的下一步。
3699,政策,公共政策分析师,设计团队,对话脚本,效率,成熟企业,任务编号 P3699。请扮演公共政策分析师。围绕“政策场景099-成熟企业”中的政策解读、影响评估任务，面向设计团队，创建对比表并推荐选择。请用对话脚本输出，并从“效率”角度做重点判断。要求：先给结论再解释；必要时提出澄清问题；最后给出3条可立即执行的下一步。
3700,政策,公共政策分析师,投资人,FAQ,风险,需要降本,任务编号 P3700。请扮演公共政策分析师。围绕“政策场景100-需要降本”中的政策解读、影响评估任务，面向投资人，把长内容压缩成高密度摘要。请用FAQ输出，并从“风险”角度做重点判断。要求：包含失败预案；输出可直接复制使用；最后给出3条可立即执行的下一步。
3701,环保,可持续发展顾问,本地用户,短视频脚本,学习曲线,质量波动,任务编号 P3701。请扮演可持续发展顾问。围绕“环保场景001-质量波动”中的减排、ESG、方案任务，面向本地用户，根据目标用户重写表达。请用短视频脚本输出，并从“学习曲线”角度做重点判断。要求：必要时提出澄清问题；语言简洁，不说空话；最后给出3条可立即执行的下一步。
3702,环保,可持续发展顾问,创始人,Markdown大纲,效率,用户流失,任务编号 P3702。请扮演可持续发展顾问。围绕“环保场景002-用户流失”中的减排、ESG、方案任务，面向创始人，提炼核心洞察并给出行动建议。请用Markdown大纲输出，并从“效率”角度做重点判断。要求：给出至少一个反例；按难易度排序；最后给出3条可立即执行的下一步。
3703,环保,可持续发展顾问,新手用户,JSON结构,风险,内部培训,任务编号 P3703。请扮演可持续发展顾问。围绕“环保场景003-内部培训”中的减排、ESG、方案任务，面向新手用户，设计一套可量化指标。请用JSON结构输出，并从“风险”角度做重点判断。要求：按难易度排序；先给结论再解释；最后给出3条可立即执行的下一步。
3704,环保,可持续发展顾问,一线执行团队,复盘报告,增长,需要复盘,任务编号 P3704。请扮演可持续发展顾问。围绕“环保场景004-需要复盘”中的减排、ESG、方案任务，面向一线执行团队，把零散想法整理成结构化大纲。请用复盘报告输出，并从“增长”角度做重点判断。要求：避免虚构事实；给出示例输入输出；最后给出3条可立即执行的下一步。
3705,环保,可持续发展顾问,开发团队,短视频脚本,短期落地,时间紧迫,任务编号 P3705。请扮演可持续发展顾问。围绕“环保场景005-时间紧迫”中的减排、ESG、方案任务，面向开发团队，生成可直接使用的模板。请用短视频脚本输出，并从“短期落地”角度做重点判断。要求：避免专业黑话；给出至少一个反例；最后给出3条可立即执行的下一步。
3706,环保,可持续发展顾问,客服团队,Markdown大纲,成本,成熟企业,任务编号 P3706。请扮演可持续发展顾问。围绕“环保场景006-成熟企业”中的减排、ESG、方案任务，面向客服团队，做一次反向推理找出隐藏风险。请用Markdown大纲输出，并从“成本”角度做重点判断。要求：包含衡量标准；保持中立客观；最后给出3条可立即执行的下一步。
3707,环保,可持续发展顾问,家长,JSON结构,可维护性,需要降本,任务编号 P3707。请扮演可持续发展顾问。围绕“环保场景007-需要降本”中的减排、ESG、方案任务，面向家长，给出低成本试验方案。请用JSON结构输出，并从“可维护性”角度做重点判断。要求：提供简短版本和完整版本；适合在一天内开始执行；最后给出3条可立即执行的下一步。
3708,环保,可持续发展顾问,非技术读者,复盘报告,长期价值,流程混乱,任务编号 P3708。请扮演可持续发展顾问。围绕“环保场景008-流程混乱”中的减排、ESG、方案任务，面向非技术读者，创建对比表并推荐选择。请用复盘报告输出，并从“长期价值”角度做重点判断。要求：适合在一天内开始执行；必要时提出澄清问题；最后给出3条可立即执行的下一步。
3709,环保,可持续发展顾问,中小企业主,短视频脚本,质量,数据不足,任务编号 P3709。请扮演可持续发展顾问。围绕“环保场景009-数据不足”中的减排、ESG、方案任务，面向中小企业主，把长内容压缩成高密度摘要。请用短视频脚本输出，并从“质量”角度做重点判断。要求：给出示例输入输出；输出可直接复制使用；最后给出3条可立即执行的下一步。
3710,环保,可持续发展顾问,资深从业者,Markdown大纲,用户体验,公开发布,任务编号 P3710。请扮演可持续发展顾问。围绕“环保场景010-公开发布”中的减排、ESG、方案任务，面向资深从业者，提出10个创新方向并排序。请用Markdown大纲输出，并从“用户体验”角度做重点判断。要求：语言简洁，不说空话；提供简短版本和完整版本；最后给出3条可立即执行的下一步。
3711,环保,可持续发展顾问,自由职业者,JSON结构,学习曲线,多方协作,任务编号 P3711。请扮演可持续发展顾问。围绕“环保场景011-多方协作”中的减排、ESG、方案任务，面向自由职业者，设计30天训练计划。请用JSON结构输出，并从“学习曲线”角度做重点判断。要求：兼顾成本和效果；按影响力排序；最后给出3条可立即执行的下一步。
3712,环保,可持续发展顾问,设计团队,复盘报告,效率,预算有限,任务编号 P3712。请扮演可持续发展顾问。围绕“环保场景012-预算有限”中的减排、ESG、方案任务，面向设计团队，构建决策树帮助判断下一步。请用复盘报告输出，并从“效率”角度做重点判断。要求：指出最容易忽略的细节；包含可执行下一步；最后给出3条可立即执行的下一步。
3713,环保,可持续发展顾问,投资人,短视频脚本,风险,初创团队,任务编号 P3713。请扮演可持续发展顾问。围绕“环保场景013-初创团队”中的减排、ESG、方案任务，面向投资人，生成会议讨论提纲。请用短视频脚本输出，并从“风险”角度做重点判断。要求：包含可执行下一步；包含衡量标准；最后给出3条可立即执行的下一步。
3714,环保,可持续发展顾问,海外用户,Markdown大纲,增长,需要扩张,任务编号 P3714。请扮演可持续发展顾问。围绕“环保场景014-需要扩张”中的减排、ESG、方案任务，面向海外用户，写一份面向管理层的简报。请用Markdown大纲输出，并从“增长”角度做重点判断。要求：输出可直接复制使用；标注假设和不确定性；最后给出3条可立即执行的下一步。
3715,环保,可持续发展顾问,专家评审,JSON结构,短期落地,新市场验证,任务编号 P3715。请扮演可持续发展顾问。围绕“环保场景015-新市场验证”中的减排、ESG、方案任务，面向专家评审，写一份面向执行者的操作手册。请用JSON结构输出，并从“短期落地”角度做重点判断。要求：保持中立客观；指出最容易忽略的细节；最后给出3条可立即执行的下一步。
3716,环保,可持续发展顾问,大学生,复盘报告,成本,竞品压力,任务编号 P3716。请扮演可持续发展顾问。围绕“环保场景016-竞品压力”中的减排、ESG、方案任务，面向大学生，建立评估打分表。请用复盘报告输出，并从“成本”角度做重点判断。要求：先给结论再解释；避免专业黑话；最后给出3条可立即执行的下一步。
3717,环保,可持续发展顾问,管理层,短视频脚本,可维护性,准备上线,任务编号 P3717。请扮演可持续发展顾问。围绕“环保场景017-准备上线”中的减排、ESG、方案任务，面向管理层，提出自动化改造思路。请用短视频脚本输出，并从“可维护性”角度做重点判断。要求：包含失败预案；用中文输出；最后给出3条可立即执行的下一步。
3718,环保,可持续发展顾问,内容创作者,Markdown大纲,长期价值,高不确定性,任务编号 P3718。请扮演可持续发展顾问。围绕“环保场景018-高不确定性”中的减排、ESG、方案任务，面向内容创作者，设计用户调研问题。请用Markdown大纲输出，并从“长期价值”角度做重点判断。要求：用中文输出；兼顾成本和效果；最后给出3条可立即执行的下一步。
3719,环保,可持续发展顾问,销售团队,JSON结构,质量,远程协作,任务编号 P3719。请扮演可持续发展顾问。围绕“环保场景019-远程协作”中的减排、ESG、方案任务，面向销售团队，模拟用户反馈并归纳模式。请用JSON结构输出，并从“质量”角度做重点判断。要求：标注假设和不确定性；避免虚构事实；最后给出3条可立即执行的下一步。
3720,环保,可持续发展顾问,教师,复盘报告,用户体验,个人项目,任务编号 P3720。请扮演可持续发展顾问。围绕“环保场景020-个人项目”中的减排、ESG、方案任务，面向教师，生成故障排查路径。请用复盘报告输出，并从“用户体验”角度做重点判断。要求：按影响力排序；包含失败预案；最后给出3条可立即执行的下一步。
3721,环保,可持续发展顾问,本地用户,短视频脚本,学习曲线,质量波动,任务编号 P3721。请扮演可持续发展顾问。围绕“环保场景021-质量波动”中的减排、ESG、方案任务，面向本地用户，把目标拆成里程碑。请用短视频脚本输出，并从“学习曲线”角度做重点判断。要求：必要时提出澄清问题；语言简洁，不说空话；最后给出3条可立即执行的下一步。
3722,环保,可持续发展顾问,创始人,Markdown大纲,效率,用户流失,任务编号 P3722。请扮演可持续发展顾问。围绕“环保场景022-用户流失”中的减排、ESG、方案任务，面向创始人，提出可复用命名规范。请用Markdown大纲输出，并从“效率”角度做重点判断。要求：给出至少一个反例；按难易度排序；最后给出3条可立即执行的下一步。
3723,环保,可持续发展顾问,新手用户,JSON结构,风险,内部培训,任务编号 P3723。请扮演可持续发展顾问。围绕“环保场景023-内部培训”中的减排、ESG、方案任务，面向新手用户，创建风险登记册。请用JSON结构输出，并从“风险”角度做重点判断。要求：按难易度排序；先给结论再解释；最后给出3条可立即执行的下一步。
3724,环保,可持续发展顾问,一线执行团队,复盘报告,增长,需要复盘,任务编号 P3724。请扮演可持续发展顾问。围绕“环保场景024-需要复盘”中的减排、ESG、方案任务，面向一线执行团队，制定一份可执行方案。请用复盘报告输出，并从“增长”角度做重点判断。要求：避免虚构事实；给出示例输入输出；最后给出3条可立即执行的下一步。
3725,环保,可持续发展顾问,开发团队,短视频脚本,短期落地,时间紧迫,任务编号 P3725。请扮演可持续发展顾问。围绕“环保场景025-时间紧迫”中的减排、ESG、方案任务，面向开发团队，列出关键问题并给出优先级。请用短视频脚本输出，并从“短期落地”角度做重点判断。要求：避免专业黑话；给出至少一个反例；最后给出3条可立即执行的下一步。
3726,环保,可持续发展顾问,客服团队,Markdown大纲,成本,成熟企业,任务编号 P3726。请扮演可持续发展顾问。围绕“环保场景026-成熟企业”中的减排、ESG、方案任务，面向客服团队，生成三种风格完全不同的版本。请用Markdown大纲输出，并从“成本”角度做重点判断。要求：包含衡量标准；保持中立客观；最后给出3条可立即执行的下一步。
3727,环保,可持续发展顾问,家长,JSON结构,可维护性,需要降本,任务编号 P3727。请扮演可持续发展顾问。围绕“环保场景027-需要降本”中的减排、ESG、方案任务，面向家长，把复杂内容改写成新手也能懂的说明。请用JSON结构输出，并从“可维护性”角度做重点判断。要求：提供简短版本和完整版本；适合在一天内开始执行；最后给出3条可立即执行的下一步。
3728,环保,可持续发展顾问,非技术读者,复盘报告,长期价值,流程混乱,任务编号 P3728。请扮演可持续发展顾问。围绕“环保场景028-流程混乱”中的减排、ESG、方案任务，面向非技术读者，设计一个从零到一的工作流。请用复盘报告输出，并从“长期价值”角度做重点判断。要求：适合在一天内开始执行；必要时提出澄清问题；最后给出3条可立即执行的下一步。
3729,环保,可持续发展顾问,中小企业主,短视频脚本,质量,数据不足,任务编号 P3729。请扮演可持续发展顾问。围绕“环保场景029-数据不足”中的减排、ESG、方案任务，面向中小企业主，创建检查清单并标注常见坑。请用短视频脚本输出，并从“质量”角度做重点判断。要求：给出示例输入输出；输出可直接复制使用；最后给出3条可立即执行的下一步。
3730,环保,可持续发展顾问,资深从业者,Markdown大纲,用户体验,公开发布,任务编号 P3730。请扮演可持续发展顾问。围绕“环保场景030-公开发布”中的减排、ESG、方案任务，面向资深从业者，模拟专家评审并指出改进点。请用Markdown大纲输出，并从“用户体验”角度做重点判断。要求：语言简洁，不说空话；提供简短版本和完整版本；最后给出3条可立即执行的下一步。
3731,环保,可持续发展顾问,自由职业者,JSON结构,学习曲线,多方协作,任务编号 P3731。请扮演可持续发展顾问。围绕“环保场景031-多方协作”中的减排、ESG、方案任务，面向自由职业者，根据目标用户重写表达。请用JSON结构输出，并从“学习曲线”角度做重点判断。要求：兼顾成本和效果；按影响力排序；最后给出3条可立即执行的下一步。
3732,环保,可持续发展顾问,设计团队,复盘报告,效率,预算有限,任务编号 P3732。请扮演可持续发展顾问。围绕“环保场景032-预算有限”中的减排、ESG、方案任务，面向设计团队，提炼核心洞察并给出行动建议。请用复盘报告输出，并从“效率”角度做重点判断。要求：指出最容易忽略的细节；包含可执行下一步；最后给出3条可立即执行的下一步。
3733,环保,可持续发展顾问,投资人,短视频脚本,风险,初创团队,任务编号 P3733。请扮演可持续发展顾问。围绕“环保场景033-初创团队”中的减排、ESG、方案任务，面向投资人，设计一套可量化指标。请用短视频脚本输出，并从“风险”角度做重点判断。要求：包含可执行下一步；包含衡量标准；最后给出3条可立即执行的下一步。
3734,环保,可持续发展顾问,海外用户,Markdown大纲,增长,需要扩张,任务编号 P3734。请扮演可持续发展顾问。围绕“环保场景034-需要扩张”中的减排、ESG、方案任务，面向海外用户，把零散想法整理成结构化大纲。请用Markdown大纲输出，并从“增长”角度做重点判断。要求：输出可直接复制使用；标注假设和不确定性；最后给出3条可立即执行的下一步。
3735,环保,可持续发展顾问,专家评审,JSON结构,短期落地,新市场验证,任务编号 P3735。请扮演可持续发展顾问。围绕“环保场景035-新市场验证”中的减排、ESG、方案任务，面向专家评审，生成可直接使用的模板。请用JSON结构输出，并从“短期落地”角度做重点判断。要求：保持中立客观；指出最容易忽略的细节；最后给出3条可立即执行的下一步。
3736,环保,可持续发展顾问,大学生,复盘报告,成本,竞品压力,任务编号 P3736。请扮演可持续发展顾问。围绕“环保场景036-竞品压力”中的减排、ESG、方案任务，面向大学生，做一次反向推理找出隐藏风险。请用复盘报告输出，并从“成本”角度做重点判断。要求：先给结论再解释；避免专业黑话；最后给出3条可立即执行的下一步。
3737,环保,可持续发展顾问,管理层,短视频脚本,可维护性,准备上线,任务编号 P3737。请扮演可持续发展顾问。围绕“环保场景037-准备上线”中的减排、ESG、方案任务，面向管理层，给出低成本试验方案。请用短视频脚本输出，并从“可维护性”角度做重点判断。要求：包含失败预案；用中文输出；最后给出3条可立即执行的下一步。
3738,环保,可持续发展顾问,内容创作者,Markdown大纲,长期价值,高不确定性,任务编号 P3738。请扮演可持续发展顾问。围绕“环保场景038-高不确定性”中的减排、ESG、方案任务，面向内容创作者，创建对比表并推荐选择。请用Markdown大纲输出，并从“长期价值”角度做重点判断。要求：用中文输出；兼顾成本和效果；最后给出3条可立即执行的下一步。
3739,环保,可持续发展顾问,销售团队,JSON结构,质量,远程协作,任务编号 P3739。请扮演可持续发展顾问。围绕“环保场景039-远程协作”中的减排、ESG、方案任务，面向销售团队，把长内容压缩成高密度摘要。请用JSON结构输出，并从“质量”角度做重点判断。要求：标注假设和不确定性；避免虚构事实；最后给出3条可立即执行的下一步。
3740,环保,可持续发展顾问,教师,复盘报告,用户体验,个人项目,任务编号 P3740。请扮演可持续发展顾问。围绕“环保场景040-个人项目”中的减排、ESG、方案任务，面向教师，提出10个创新方向并排序。请用复盘报告输出，并从“用户体验”角度做重点判断。要求：按影响力排序；包含失败预案；最后给出3条可立即执行的下一步。
3741,环保,可持续发展顾问,本地用户,短视频脚本,学习曲线,质量波动,任务编号 P3741。请扮演可持续发展顾问。围绕“环保场景041-质量波动”中的减排、ESG、方案任务，面向本地用户，设计30天训练计划。请用短视频脚本输出，并从“学习曲线”角度做重点判断。要求：必要时提出澄清问题；语言简洁，不说空话；最后给出3条可立即执行的下一步。
3742,环保,可持续发展顾问,创始人,Markdown大纲,效率,用户流失,任务编号 P3742。请扮演可持续发展顾问。围绕“环保场景042-用户流失”中的减排、ESG、方案任务，面向创始人，构建决策树帮助判断下一步。请用Markdown大纲输出，并从“效率”角度做重点判断。要求：给出至少一个反例；按难易度排序；最后给出3条可立即执行的下一步。
3743,环保,可持续发展顾问,新手用户,JSON结构,风险,内部培训,任务编号 P3743。请扮演可持续发展顾问。围绕“环保场景043-内部培训”中的减排、ESG、方案任务，面向新手用户，生成会议讨论提纲。请用JSON结构输出，并从“风险”角度做重点判断。要求：按难易度排序；先给结论再解释；最后给出3条可立即执行的下一步。
3744,环保,可持续发展顾问,一线执行团队,复盘报告,增长,需要复盘,任务编号 P3744。请扮演可持续发展顾问。围绕“环保场景044-需要复盘”中的减排、ESG、方案任务，面向一线执行团队，写一份面向管理层的简报。请用复盘报告输出，并从“增长”角度做重点判断。要求：避免虚构事实；给出示例输入输出；最后给出3条可立即执行的下一步。
3745,环保,可持续发展顾问,开发团队,短视频脚本,短期落地,时间紧迫,任务编号 P3745。请扮演可持续发展顾问。围绕“环保场景045-时间紧迫”中的减排、ESG、方案任务，面向开发团队，写一份面向执行者的操作手册。请用短视频脚本输出，并从“短期落地”角度做重点判断。要求：避免专业黑话；给出至少一个反例；最后给出3条可立即执行的下一步。
3746,环保,可持续发展顾问,客服团队,Markdown大纲,成本,成熟企业,任务编号 P3746。请扮演可持续发展顾问。围绕“环保场景046-成熟企业”中的减排、ESG、方案任务，面向客服团队，建立评估打分表。请用Markdown大纲输出，并从“成本”角度做重点判断。要求：包含衡量标准；保持中立客观；最后给出3条可立即执行的下一步。
3747,环保,可持续发展顾问,家长,JSON结构,可维护性,需要降本,任务编号 P3747。请扮演可持续发展顾问。围绕“环保场景047-需要降本”中的减排、ESG、方案任务，面向家长，提出自动化改造思路。请用JSON结构输出，并从“可维护性”角度做重点判断。要求：提供简短版本和完整版本；适合在一天内开始执行；最后给出3条可立即执行的下一步。
3748,环保,可持续发展顾问,非技术读者,复盘报告,长期价值,流程混乱,任务编号 P3748。请扮演可持续发展顾问。围绕“环保场景048-流程混乱”中的减排、ESG、方案任务，面向非技术读者，设计用户调研问题。请用复盘报告输出，并从“长期价值”角度做重点判断。要求：适合在一天内开始执行；必要时提出澄清问题；最后给出3条可立即执行的下一步。
3749,环保,可持续发展顾问,中小企业主,短视频脚本,质量,数据不足,任务编号 P3749。请扮演可持续发展顾问。围绕“环保场景049-数据不足”中的减排、ESG、方案任务，面向中小企业主，模拟用户反馈并归纳模式。请用短视频脚本输出，并从“质量”角度做重点判断。要求：给出示例输入输出；输出可直接复制使用；最后给出3条可立即执行的下一步。
3750,环保,可持续发展顾问,资深从业者,Markdown大纲,用户体验,公开发布,任务编号 P3750。请扮演可持续发展顾问。围绕“环保场景050-公开发布”中的减排、ESG、方案任务，面向资深从业者，生成故障排查路径。请用Markdown大纲输出，并从“用户体验”角度做重点判断。要求：语言简洁，不说空话；提供简短版本和完整版本；最后给出3条可立即执行的下一步。
3751,环保,可持续发展顾问,自由职业者,JSON结构,学习曲线,多方协作,任务编号 P3751。请扮演可持续发展顾问。围绕“环保场景051-多方协作”中的减排、ESG、方案任务，面向自由职业者，把目标拆成里程碑。请用JSON结构输出，并从“学习曲线”角度做重点判断。要求：兼顾成本和效果；按影响力排序；最后给出3条可立即执行的下一步。
3752,环保,可持续发展顾问,设计团队,复盘报告,效率,预算有限,任务编号 P3752。请扮演可持续发展顾问。围绕“环保场景052-预算有限”中的减排、ESG、方案任务，面向设计团队，提出可复用命名规范。请用复盘报告输出，并从“效率”角度做重点判断。要求：指出最容易忽略的细节；包含可执行下一步；最后给出3条可立即执行的下一步。
3753,环保,可持续发展顾问,投资人,短视频脚本,风险,初创团队,任务编号 P3753。请扮演可持续发展顾问。围绕“环保场景053-初创团队”中的减排、ESG、方案任务，面向投资人，创建风险登记册。请用短视频脚本输出，并从“风险”角度做重点判断。要求：包含可执行下一步；包含衡量标准；最后给出3条可立即执行的下一步。
3754,环保,可持续发展顾问,海外用户,Markdown大纲,增长,需要扩张,任务编号 P3754。请扮演可持续发展顾问。围绕“环保场景054-需要扩张”中的减排、ESG、方案任务，面向海外用户，制定一份可执行方案。请用Markdown大纲输出，并从“增长”角度做重点判断。要求：输出可直接复制使用；标注假设和不确定性；最后给出3条可立即执行的下一步。
3755,环保,可持续发展顾问,专家评审,JSON结构,短期落地,新市场验证,任务编号 P3755。请扮演可持续发展顾问。围绕“环保场景055-新市场验证”中的减排、ESG、方案任务，面向专家评审，列出关键问题并给出优先级。请用JSON结构输出，并从“短期落地”角度做重点判断。要求：保持中立客观；指出最容易忽略的细节；最后给出3条可立即执行的下一步。
3756,环保,可持续发展顾问,大学生,复盘报告,成本,竞品压力,任务编号 P3756。请扮演可持续发展顾问。围绕“环保场景056-竞品压力”中的减排、ESG、方案任务，面向大学生，生成三种风格完全不同的版本。请用复盘报告输出，并从“成本”角度做重点判断。要求：先给结论再解释；避免专业黑话；最后给出3条可立即执行的下一步。
3757,环保,可持续发展顾问,管理层,短视频脚本,可维护性,准备上线,任务编号 P3757。请扮演可持续发展顾问。围绕“环保场景057-准备上线”中的减排、ESG、方案任务，面向管理层，把复杂内容改写成新手也能懂的说明。请用短视频脚本输出，并从“可维护性”角度做重点判断。要求：包含失败预案；用中文输出；最后给出3条可立即执行的下一步。
3758,环保,可持续发展顾问,内容创作者,Markdown大纲,长期价值,高不确定性,任务编号 P3758。请扮演可持续发展顾问。围绕“环保场景058-高不确定性”中的减排、ESG、方案任务，面向内容创作者，设计一个从零到一的工作流。请用Markdown大纲输出，并从“长期价值”角度做重点判断。要求：用中文输出；兼顾成本和效果；最后给出3条可立即执行的下一步。
3759,环保,可持续发展顾问,销售团队,JSON结构,质量,远程协作,任务编号 P3759。请扮演可持续发展顾问。围绕“环保场景059-远程协作”中的减排、ESG、方案任务，面向销售团队，创建检查清单并标注常见坑。请用JSON结构输出，并从“质量”角度做重点判断。要求：标注假设和不确定性；避免虚构事实；最后给出3条可立即执行的下一步。
3760,环保,可持续发展顾问,教师,复盘报告,用户体验,个人项目,任务编号 P3760。请扮演可持续发展顾问。围绕“环保场景060-个人项目”中的减排、ESG、方案任务，面向教师，模拟专家评审并指出改进点。请用复盘报告输出，并从“用户体验”角度做重点判断。要求：按影响力排序；包含失败预案；最后给出3条可立即执行的下一步。
3761,环保,可持续发展顾问,本地用户,短视频脚本,学习曲线,质量波动,任务编号 P3761。请扮演可持续发展顾问。围绕“环保场景061-质量波动”中的减排、ESG、方案任务，面向本地用户，根据目标用户重写表达。请用短视频脚本输出，并从“学习曲线”角度做重点判断。要求：必要时提出澄清问题；语言简洁，不说空话；最后给出3条可立即执行的下一步。
3762,环保,可持续发展顾问,创始人,Markdown大纲,效率,用户流失,任务编号 P3762。请扮演可持续发展顾问。围绕“环保场景062-用户流失”中的减排、ESG、方案任务，面向创始人，提炼核心洞察并给出行动建议。请用Markdown大纲输出，并从“效率”角度做重点判断。要求：给出至少一个反例；按难易度排序；最后给出3条可立即执行的下一步。
3763,环保,可持续发展顾问,新手用户,JSON结构,风险,内部培训,任务编号 P3763。请扮演可持续发展顾问。围绕“环保场景063-内部培训”中的减排、ESG、方案任务，面向新手用户，设计一套可量化指标。请用JSON结构输出，并从“风险”角度做重点判断。要求：按难易度排序；先给结论再解释；最后给出3条可立即执行的下一步。
3764,环保,可持续发展顾问,一线执行团队,复盘报告,增长,需要复盘,任务编号 P3764。请扮演可持续发展顾问。围绕“环保场景064-需要复盘”中的减排、ESG、方案任务，面向一线执行团队，把零散想法整理成结构化大纲。请用复盘报告输出，并从“增长”角度做重点判断。要求：避免虚构事实；给出示例输入输出；最后给出3条可立即执行的下一步。
3765,环保,可持续发展顾问,开发团队,短视频脚本,短期落地,时间紧迫,任务编号 P3765。请扮演可持续发展顾问。围绕“环保场景065-时间紧迫”中的减排、ESG、方案任务，面向开发团队，生成可直接使用的模板。请用短视频脚本输出，并从“短期落地”角度做重点判断。要求：避免专业黑话；给出至少一个反例；最后给出3条可立即执行的下一步。
3766,环保,可持续发展顾问,客服团队,Markdown大纲,成本,成熟企业,任务编号 P3766。请扮演可持续发展顾问。围绕“环保场景066-成熟企业”中的减排、ESG、方案任务，面向客服团队，做一次反向推理找出隐藏风险。请用Markdown大纲输出，并从“成本”角度做重点判断。要求：包含衡量标准；保持中立客观；最后给出3条可立即执行的下一步。
3767,环保,可持续发展顾问,家长,JSON结构,可维护性,需要降本,任务编号 P3767。请扮演可持续发展顾问。围绕“环保场景067-需要降本”中的减排、ESG、方案任务，面向家长，给出低成本试验方案。请用JSON结构输出，并从“可维护性”角度做重点判断。要求：提供简短版本和完整版本；适合在一天内开始执行；最后给出3条可立即执行的下一步。
3768,环保,可持续发展顾问,非技术读者,复盘报告,长期价值,流程混乱,任务编号 P3768。请扮演可持续发展顾问。围绕“环保场景068-流程混乱”中的减排、ESG、方案任务，面向非技术读者，创建对比表并推荐选择。请用复盘报告输出，并从“长期价值”角度做重点判断。要求：适合在一天内开始执行；必要时提出澄清问题；最后给出3条可立即执行的下一步。
3769,环保,可持续发展顾问,中小企业主,短视频脚本,质量,数据不足,任务编号 P3769。请扮演可持续发展顾问。围绕“环保场景069-数据不足”中的减排、ESG、方案任务，面向中小企业主，把长内容压缩成高密度摘要。请用短视频脚本输出，并从“质量”角度做重点判断。要求：给出示例输入输出；输出可直接复制使用；最后给出3条可立即执行的下一步。
3770,环保,可持续发展顾问,资深从业者,Markdown大纲,用户体验,公开发布,任务编号 P3770。请扮演可持续发展顾问。围绕“环保场景070-公开发布”中的减排、ESG、方案任务，面向资深从业者，提出10个创新方向并排序。请用Markdown大纲输出，并从“用户体验”角度做重点判断。要求：语言简洁，不说空话；提供简短版本和完整版本；最后给出3条可立即执行的下一步。
3771,环保,可持续发展顾问,自由职业者,JSON结构,学习曲线,多方协作,任务编号 P3771。请扮演可持续发展顾问。围绕“环保场景071-多方协作”中的减排、ESG、方案任务，面向自由职业者，设计30天训练计划。请用JSON结构输出，并从“学习曲线”角度做重点判断。要求：兼顾成本和效果；按影响力排序；最后给出3条可立即执行的下一步。
3772,环保,可持续发展顾问,设计团队,复盘报告,效率,预算有限,任务编号 P3772。请扮演可持续发展顾问。围绕“环保场景072-预算有限”中的减排、ESG、方案任务，面向设计团队，构建决策树帮助判断下一步。请用复盘报告输出，并从“效率”角度做重点判断。要求：指出最容易忽略的细节；包含可执行下一步；最后给出3条可立即执行的下一步。
3773,环保,可持续发展顾问,投资人,短视频脚本,风险,初创团队,任务编号 P3773。请扮演可持续发展顾问。围绕“环保场景073-初创团队”中的减排、ESG、方案任务，面向投资人，生成会议讨论提纲。请用短视频脚本输出，并从“风险”角度做重点判断。要求：包含可执行下一步；包含衡量标准；最后给出3条可立即执行的下一步。
3774,环保,可持续发展顾问,海外用户,Markdown大纲,增长,需要扩张,任务编号 P3774。请扮演可持续发展顾问。围绕“环保场景074-需要扩张”中的减排、ESG、方案任务，面向海外用户，写一份面向管理层的简报。请用Markdown大纲输出，并从“增长”角度做重点判断。要求：输出可直接复制使用；标注假设和不确定性；最后给出3条可立即执行的下一步。
3775,环保,可持续发展顾问,专家评审,JSON结构,短期落地,新市场验证,任务编号 P3775。请扮演可持续发展顾问。围绕“环保场景075-新市场验证”中的减排、ESG、方案任务，面向专家评审，写一份面向执行者的操作手册。请用JSON结构输出，并从“短期落地”角度做重点判断。要求：保持中立客观；指出最容易忽略的细节；最后给出3条可立即执行的下一步。
3776,环保,可持续发展顾问,大学生,复盘报告,成本,竞品压力,任务编号 P3776。请扮演可持续发展顾问。围绕“环保场景076-竞品压力”中的减排、ESG、方案任务，面向大学生，建立评估打分表。请用复盘报告输出，并从“成本”角度做重点判断。要求：先给结论再解释；避免专业黑话；最后给出3条可立即执行的下一步。
3777,环保,可持续发展顾问,管理层,短视频脚本,可维护性,准备上线,任务编号 P3777。请扮演可持续发展顾问。围绕“环保场景077-准备上线”中的减排、ESG、方案任务，面向管理层，提出自动化改造思路。请用短视频脚本输出，并从“可维护性”角度做重点判断。要求：包含失败预案；用中文输出；最后给出3条可立即执行的下一步。
3778,环保,可持续发展顾问,内容创作者,Markdown大纲,长期价值,高不确定性,任务编号 P3778。请扮演可持续发展顾问。围绕“环保场景078-高不确定性”中的减排、ESG、方案任务，面向内容创作者，设计用户调研问题。请用Markdown大纲输出，并从“长期价值”角度做重点判断。要求：用中文输出；兼顾成本和效果；最后给出3条可立即执行的下一步。
3779,环保,可持续发展顾问,销售团队,JSON结构,质量,远程协作,任务编号 P3779。请扮演可持续发展顾问。围绕“环保场景079-远程协作”中的减排、ESG、方案任务，面向销售团队，模拟用户反馈并归纳模式。请用JSON结构输出，并从“质量”角度做重点判断。要求：标注假设和不确定性；避免虚构事实；最后给出3条可立即执行的下一步。
3780,环保,可持续发展顾问,教师,复盘报告,用户体验,个人项目,任务编号 P3780。请扮演可持续发展顾问。围绕“环保场景080-个人项目”中的减排、ESG、方案任务，面向教师，生成故障排查路径。请用复盘报告输出，并从“用户体验”角度做重点判断。要求：按影响力排序；包含失败预案；最后给出3条可立即执行的下一步。
3781,环保,可持续发展顾问,本地用户,短视频脚本,学习曲线,质量波动,任务编号 P3781。请扮演可持续发展顾问。围绕“环保场景081-质量波动”中的减排、ESG、方案任务，面向本地用户，把目标拆成里程碑。请用短视频脚本输出，并从“学习曲线”角度做重点判断。要求：必要时提出澄清问题；语言简洁，不说空话；最后给出3条可立即执行的下一步。
3782,环保,可持续发展顾问,创始人,Markdown大纲,效率,用户流失,任务编号 P3782。请扮演可持续发展顾问。围绕“环保场景082-用户流失”中的减排、ESG、方案任务，面向创始人，提出可复用命名规范。请用Markdown大纲输出，并从“效率”角度做重点判断。要求：给出至少一个反例；按难易度排序；最后给出3条可立即执行的下一步。
3783,环保,可持续发展顾问,新手用户,JSON结构,风险,内部培训,任务编号 P3783。请扮演可持续发展顾问。围绕“环保场景083-内部培训”中的减排、ESG、方案任务，面向新手用户，创建风险登记册。请用JSON结构输出，并从“风险”角度做重点判断。要求：按难易度排序；先给结论再解释；最后给出3条可立即执行的下一步。
3784,环保,可持续发展顾问,一线执行团队,复盘报告,增长,需要复盘,任务编号 P3784。请扮演可持续发展顾问。围绕“环保场景084-需要复盘”中的减排、ESG、方案任务，面向一线执行团队，制定一份可执行方案。请用复盘报告输出，并从“增长”角度做重点判断。要求：避免虚构事实；给出示例输入输出；最后给出3条可立即执行的下一步。
3785,环保,可持续发展顾问,开发团队,短视频脚本,短期落地,时间紧迫,任务编号 P3785。请扮演可持续发展顾问。围绕“环保场景085-时间紧迫”中的减排、ESG、方案任务，面向开发团队，列出关键问题并给出优先级。请用短视频脚本输出，并从“短期落地”角度做重点判断。要求：避免专业黑话；给出至少一个反例；最后给出3条可立即执行的下一步。
3786,环保,可持续发展顾问,客服团队,Markdown大纲,成本,成熟企业,任务编号 P3786。请扮演可持续发展顾问。围绕“环保场景086-成熟企业”中的减排、ESG、方案任务，面向客服团队，生成三种风格完全不同的版本。请用Markdown大纲输出，并从“成本”角度做重点判断。要求：包含衡量标准；保持中立客观；最后给出3条可立即执行的下一步。
3787,环保,可持续发展顾问,家长,JSON结构,可维护性,需要降本,任务编号 P3787。请扮演可持续发展顾问。围绕“环保场景087-需要降本”中的减排、ESG、方案任务，面向家长，把复杂内容改写成新手也能懂的说明。请用JSON结构输出，并从“可维护性”角度做重点判断。要求：提供简短版本和完整版本；适合在一天内开始执行；最后给出3条可立即执行的下一步。
3788,环保,可持续发展顾问,非技术读者,复盘报告,长期价值,流程混乱,任务编号 P3788。请扮演可持续发展顾问。围绕“环保场景088-流程混乱”中的减排、ESG、方案任务，面向非技术读者，设计一个从零到一的工作流。请用复盘报告输出，并从“长期价值”角度做重点判断。要求：适合在一天内开始执行；必要时提出澄清问题；最后给出3条可立即执行的下一步。
3789,环保,可持续发展顾问,中小企业主,短视频脚本,质量,数据不足,任务编号 P3789。请扮演可持续发展顾问。围绕“环保场景089-数据不足”中的减排、ESG、方案任务，面向中小企业主，创建检查清单并标注常见坑。请用短视频脚本输出，并从“质量”角度做重点判断。要求：给出示例输入输出；输出可直接复制使用；最后给出3条可立即执行的下一步。
3790,环保,可持续发展顾问,资深从业者,Markdown大纲,用户体验,公开发布,任务编号 P3790。请扮演可持续发展顾问。围绕“环保场景090-公开发布”中的减排、ESG、方案任务，面向资深从业者，模拟专家评审并指出改进点。请用Markdown大纲输出，并从“用户体验”角度做重点判断。要求：语言简洁，不说空话；提供简短版本和完整版本；最后给出3条可立即执行的下一步。
3791,环保,可持续发展顾问,自由职业者,JSON结构,学习曲线,多方协作,任务编号 P3791。请扮演可持续发展顾问。围绕“环保场景091-多方协作”中的减排、ESG、方案任务，面向自由职业者，根据目标用户重写表达。请用JSON结构输出，并从“学习曲线”角度做重点判断。要求：兼顾成本和效果；按影响力排序；最后给出3条可立即执行的下一步。
3792,环保,可持续发展顾问,设计团队,复盘报告,效率,预算有限,任务编号 P3792。请扮演可持续发展顾问。围绕“环保场景092-预算有限”中的减排、ESG、方案任务，面向设计团队，提炼核心洞察并给出行动建议。请用复盘报告输出，并从“效率”角度做重点判断。要求：指出最容易忽略的细节；包含可执行下一步；最后给出3条可立即执行的下一步。
3793,环保,可持续发展顾问,投资人,短视频脚本,风险,初创团队,任务编号 P3793。请扮演可持续发展顾问。围绕“环保场景093-初创团队”中的减排、ESG、方案任务，面向投资人，设计一套可量化指标。请用短视频脚本输出，并从“风险”角度做重点判断。要求：包含可执行下一步；包含衡量标准；最后给出3条可立即执行的下一步。
3794,环保,可持续发展顾问,海外用户,Markdown大纲,增长,需要扩张,任务编号 P3794。请扮演可持续发展顾问。围绕“环保场景094-需要扩张”中的减排、ESG、方案任务，面向海外用户，把零散想法整理成结构化大纲。请用Markdown大纲输出，并从“增长”角度做重点判断。要求：输出可直接复制使用；标注假设和不确定性；最后给出3条可立即执行的下一步。
3795,环保,可持续发展顾问,专家评审,JSON结构,短期落地,新市场验证,任务编号 P3795。请扮演可持续发展顾问。围绕“环保场景095-新市场验证”中的减排、ESG、方案任务，面向专家评审，生成可直接使用的模板。请用JSON结构输出，并从“短期落地”角度做重点判断。要求：保持中立客观；指出最容易忽略的细节；最后给出3条可立即执行的下一步。
3796,环保,可持续发展顾问,大学生,复盘报告,成本,竞品压力,任务编号 P3796。请扮演可持续发展顾问。围绕“环保场景096-竞品压力”中的减排、ESG、方案任务，面向大学生，做一次反向推理找出隐藏风险。请用复盘报告输出，并从“成本”角度做重点判断。要求：先给结论再解释；避免专业黑话；最后给出3条可立即执行的下一步。
3797,环保,可持续发展顾问,管理层,短视频脚本,可维护性,准备上线,任务编号 P3797。请扮演可持续发展顾问。围绕“环保场景097-准备上线”中的减排、ESG、方案任务，面向管理层，给出低成本试验方案。请用短视频脚本输出，并从“可维护性”角度做重点判断。要求：包含失败预案；用中文输出；最后给出3条可立即执行的下一步。
3798,环保,可持续发展顾问,内容创作者,Markdown大纲,长期价值,高不确定性,任务编号 P3798。请扮演可持续发展顾问。围绕“环保场景098-高不确定性”中的减排、ESG、方案任务，面向内容创作者，创建对比表并推荐选择。请用Markdown大纲输出，并从“长期价值”角度做重点判断。要求：用中文输出；兼顾成本和效果；最后给出3条可立即执行的下一步。
3799,环保,可持续发展顾问,销售团队,JSON结构,质量,远程协作,任务编号 P3799。请扮演可持续发展顾问。围绕“环保场景099-远程协作”中的减排、ESG、方案任务，面向销售团队，把长内容压缩成高密度摘要。请用JSON结构输出，并从“质量”角度做重点判断。要求：标注假设和不确定性；避免虚构事实；最后给出3条可立即执行的下一步。
3800,环保,可持续发展顾问,教师,复盘报告,用户体验,个人项目,任务编号 P3800。请扮演可持续发展顾问。围绕“环保场景100-个人项目”中的减排、ESG、方案任务，面向教师，提出10个创新方向并排序。请用复盘报告输出，并从“用户体验”角度做重点判断。要求：按影响力排序；包含失败预案；最后给出3条可立即执行的下一步。
3801,制造,精益生产顾问,非技术读者,检查清单,长期价值,需要扩张,任务编号 P3801。请扮演精益生产顾问。围绕“制造场景001-需要扩张”中的流程、质量、供应链任务，面向非技术读者，提炼核心洞察并给出行动建议。请用检查清单输出，并从“长期价值”角度做重点判断。要求：避免虚构事实；包含可执行下一步；最后给出3条可立即执行的下一步。
3802,制造,精益生产顾问,中小企业主,SOP步骤,质量,新市场验证,任务编号 P3802。请扮演精益生产顾问。围绕“制造场景002-新市场验证”中的流程、质量、供应链任务，面向中小企业主，设计一套可量化指标。请用SOP步骤输出，并从“质量”角度做重点判断。要求：避免专业黑话；包含衡量标准；最后给出3条可立即执行的下一步。
3803,制造,精益生产顾问,资深从业者,看板任务,用户体验,竞品压力,任务编号 P3803。请扮演精益生产顾问。围绕“制造场景003-竞品压力”中的流程、质量、供应链任务，面向资深从业者，把零散想法整理成结构化大纲。请用看板任务输出，并从“用户体验”角度做重点判断。要求：包含衡量标准；标注假设和不确定性；最后给出3条可立即执行的下一步。
3804,制造,精益生产顾问,自由职业者,实验计划,学习曲线,准备上线,任务编号 P3804。请扮演精益生产顾问。围绕“制造场景004-准备上线”中的流程、质量、供应链任务，面向自由职业者，生成可直接使用的模板。请用实验计划输出，并从“学习曲线”角度做重点判断。要求：提供简短版本和完整版本；指出最容易忽略的细节；最后给出3条可立即执行的下一步。
3805,制造,精益生产顾问,设计团队,检查清单,效率,高不确定性,任务编号 P3805。请扮演精益生产顾问。围绕“制造场景005-高不确定性”中的流程、质量、供应链任务，面向设计团队，做一次反向推理找出隐藏风险。请用检查清单输出，并从“效率”角度做重点判断。要求：适合在一天内开始执行；避免专业黑话；最后给出3条可立即执行的下一步。
3806,制造,精益生产顾问,投资人,SOP步骤,风险,远程协作,任务编号 P3806。请扮演精益生产顾问。围绕“制造场景006-远程协作”中的流程、质量、供应链任务，面向投资人，给出低成本试验方案。请用SOP步骤输出，并从“风险”角度做重点判断。要求：给出示例输入输出；用中文输出；最后给出3条可立即执行的下一步。
3807,制造,精益生产顾问,海外用户,看板任务,增长,个人项目,任务编号 P3807。请扮演精益生产顾问。围绕“制造场景007-个人项目”中的流程、质量、供应链任务，面向海外用户，创建对比表并推荐选择。请用看板任务输出，并从“增长”角度做重点判断。要求：语言简洁，不说空话；兼顾成本和效果；最后给出3条可立即执行的下一步。
3808,制造,精益生产顾问,专家评审,实验计划,短期落地,质量波动,任务编号 P3808。请扮演精益生产顾问。围绕“制造场景008-质量波动”中的流程、质量、供应链任务，面向专家评审，把长内容压缩成高密度摘要。请用实验计划输出，并从“短期落地”角度做重点判断。要求：兼顾成本和效果；避免虚构事实；最后给出3条可立即执行的下一步。
3809,制造,精益生产顾问,大学生,检查清单,成本,用户流失,任务编号 P3809。请扮演精益生产顾问。围绕“制造场景009-用户流失”中的流程、质量、供应链任务，面向大学生，提出10个创新方向并排序。请用检查清单输出，并从“成本”角度做重点判断。要求：指出最容易忽略的细节；包含失败预案；最后给出3条可立即执行的下一步。
3810,制造,精益生产顾问,管理层,SOP步骤,可维护性,内部培训,任务编号 P3810。请扮演精益生产顾问。围绕“制造场景010-内部培训”中的流程、质量、供应链任务，面向管理层，设计30天训练计划。请用SOP步骤输出，并从“可维护性”角度做重点判断。要求：包含可执行下一步；语言简洁，不说空话；最后给出3条可立即执行的下一步。
3811,制造,精益生产顾问,内容创作者,看板任务,长期价值,需要复盘,任务编号 P3811。请扮演精益生产顾问。围绕“制造场景011-需要复盘”中的流程、质量、供应链任务，面向内容创作者，构建决策树帮助判断下一步。请用看板任务输出，并从“长期价值”角度做重点判断。要求：输出可直接复制使用；按难易度排序；最后给出3条可立即执行的下一步。
3812,制造,精益生产顾问,销售团队,实验计划,质量,时间紧迫,任务编号 P3812。请扮演精益生产顾问。围绕“制造场景012-时间紧迫”中的流程、质量、供应链任务，面向销售团队，生成会议讨论提纲。请用实验计划输出，并从“质量”角度做重点判断。要求：保持中立客观；先给结论再解释；最后给出3条可立即执行的下一步。
3813,制造,精益生产顾问,教师,检查清单,用户体验,成熟企业,任务编号 P3813。请扮演精益生产顾问。围绕“制造场景013-成熟企业”中的流程、质量、供应链任务，面向教师，写一份面向管理层的简报。请用检查清单输出，并从“用户体验”角度做重点判断。要求：先给结论再解释；给出示例输入输出；最后给出3条可立即执行的下一步。
3814,制造,精益生产顾问,本地用户,SOP步骤,学习曲线,需要降本,任务编号 P3814。请扮演精益生产顾问。围绕“制造场景014-需要降本”中的流程、质量、供应链任务，面向本地用户，写一份面向执行者的操作手册。请用SOP步骤输出，并从“学习曲线”角度做重点判断。要求：包含失败预案；给出至少一个反例；最后给出3条可立即执行的下一步。
3815,制造,精益生产顾问,创始人,看板任务,效率,流程混乱,任务编号 P3815。请扮演精益生产顾问。围绕“制造场景015-流程混乱”中的流程、质量、供应链任务，面向创始人，建立评估打分表。请用看板任务输出，并从“效率”角度做重点判断。要求：用中文输出；保持中立客观；最后给出3条可立即执行的下一步。
3816,制造,精益生产顾问,新手用户,实验计划,风险,数据不足,任务编号 P3816。请扮演精益生产顾问。围绕“制造场景016-数据不足”中的流程、质量、供应链任务，面向新手用户，提出自动化改造思路。请用实验计划输出，并从“风险”角度做重点判断。要求：标注假设和不确定性；适合在一天内开始执行；最后给出3条可立即执行的下一步。
3817,制造,精益生产顾问,一线执行团队,检查清单,增长,公开发布,任务编号 P3817。请扮演精益生产顾问。围绕“制造场景017-公开发布”中的流程、质量、供应链任务，面向一线执行团队，设计用户调研问题。请用检查清单输出，并从“增长”角度做重点判断。要求：按影响力排序；必要时提出澄清问题；最后给出3条可立即执行的下一步。
3818,制造,精益生产顾问,开发团队,SOP步骤,短期落地,多方协作,任务编号 P3818。请扮演精益生产顾问。围绕“制造场景018-多方协作”中的流程、质量、供应链任务，面向开发团队，模拟用户反馈并归纳模式。请用SOP步骤输出，并从“短期落地”角度做重点判断。要求：必要时提出澄清问题；输出可直接复制使用；最后给出3条可立即执行的下一步。
3819,制造,精益生产顾问,客服团队,看板任务,成本,预算有限,任务编号 P3819。请扮演精益生产顾问。围绕“制造场景019-预算有限”中的流程、质量、供应链任务，面向客服团队，生成故障排查路径。请用看板任务输出，并从“成本”角度做重点判断。要求：给出至少一个反例；提供简短版本和完整版本；最后给出3条可立即执行的下一步。
3820,制造,精益生产顾问,家长,实验计划,可维护性,初创团队,任务编号 P3820。请扮演精益生产顾问。围绕“制造场景020-初创团队”中的流程、质量、供应链任务，面向家长，把目标拆成里程碑。请用实验计划输出，并从“可维护性”角度做重点判断。要求：按难易度排序；按影响力排序；最后给出3条可立即执行的下一步。
3821,制造,精益生产顾问,非技术读者,检查清单,长期价值,需要扩张,任务编号 P3821。请扮演精益生产顾问。围绕“制造场景021-需要扩张”中的流程、质量、供应链任务，面向非技术读者，提出可复用命名规范。请用检查清单输出，并从“长期价值”角度做重点判断。要求：避免虚构事实；包含可执行下一步；最后给出3条可立即执行的下一步。
3822,制造,精益生产顾问,中小企业主,SOP步骤,质量,新市场验证,任务编号 P3822。请扮演精益生产顾问。围绕“制造场景022-新市场验证”中的流程、质量、供应链任务，面向中小企业主，创建风险登记册。请用SOP步骤输出，并从“质量”角度做重点判断。要求：避免专业黑话；包含衡量标准；最后给出3条可立即执行的下一步。
3823,制造,精益生产顾问,资深从业者,看板任务,用户体验,竞品压力,任务编号 P3823。请扮演精益生产顾问。围绕“制造场景023-竞品压力”中的流程、质量、供应链任务，面向资深从业者，制定一份可执行方案。请用看板任务输出，并从“用户体验”角度做重点判断。要求：包含衡量标准；标注假设和不确定性；最后给出3条可立即执行的下一步。
3824,制造,精益生产顾问,自由职业者,实验计划,学习曲线,准备上线,任务编号 P3824。请扮演精益生产顾问。围绕“制造场景024-准备上线”中的流程、质量、供应链任务，面向自由职业者，列出关键问题并给出优先级。请用实验计划输出，并从“学习曲线”角度做重点判断。要求：提供简短版本和完整版本；指出最容易忽略的细节；最后给出3条可立即执行的下一步。
3825,制造,精益生产顾问,设计团队,检查清单,效率,高不确定性,任务编号 P3825。请扮演精益生产顾问。围绕“制造场景025-高不确定性”中的流程、质量、供应链任务，面向设计团队，生成三种风格完全不同的版本。请用检查清单输出，并从“效率”角度做重点判断。要求：适合在一天内开始执行；避免专业黑话；最后给出3条可立即执行的下一步。
3826,制造,精益生产顾问,投资人,SOP步骤,风险,远程协作,任务编号 P3826。请扮演精益生产顾问。围绕“制造场景026-远程协作”中的流程、质量、供应链任务，面向投资人，把复杂内容改写成新手也能懂的说明。请用SOP步骤输出，并从“风险”角度做重点判断。要求：给出示例输入输出；用中文输出；最后给出3条可立即执行的下一步。
3827,制造,精益生产顾问,海外用户,看板任务,增长,个人项目,任务编号 P3827。请扮演精益生产顾问。围绕“制造场景027-个人项目”中的流程、质量、供应链任务，面向海外用户，设计一个从零到一的工作流。请用看板任务输出，并从“增长”角度做重点判断。要求：语言简洁，不说空话；兼顾成本和效果；最后给出3条可立即执行的下一步。
3828,制造,精益生产顾问,专家评审,实验计划,短期落地,质量波动,任务编号 P3828。请扮演精益生产顾问。围绕“制造场景028-质量波动”中的流程、质量、供应链任务，面向专家评审，创建检查清单并标注常见坑。请用实验计划输出，并从“短期落地”角度做重点判断。要求：兼顾成本和效果；避免虚构事实；最后给出3条可立即执行的下一步。
3829,制造,精益生产顾问,大学生,检查清单,成本,用户流失,任务编号 P3829。请扮演精益生产顾问。围绕“制造场景029-用户流失”中的流程、质量、供应链任务，面向大学生，模拟专家评审并指出改进点。请用检查清单输出，并从“成本”角度做重点判断。要求：指出最容易忽略的细节；包含失败预案；最后给出3条可立即执行的下一步。
3830,制造,精益生产顾问,管理层,SOP步骤,可维护性,内部培训,任务编号 P3830。请扮演精益生产顾问。围绕“制造场景030-内部培训”中的流程、质量、供应链任务，面向管理层，根据目标用户重写表达。请用SOP步骤输出，并从“可维护性”角度做重点判断。要求：包含可执行下一步；语言简洁，不说空话；最后给出3条可立即执行的下一步。
3831,制造,精益生产顾问,内容创作者,看板任务,长期价值,需要复盘,任务编号 P3831。请扮演精益生产顾问。围绕“制造场景031-需要复盘”中的流程、质量、供应链任务，面向内容创作者，提炼核心洞察并给出行动建议。请用看板任务输出，并从“长期价值”角度做重点判断。要求：输出可直接复制使用；按难易度排序；最后给出3条可立即执行的下一步。
3832,制造,精益生产顾问,销售团队,实验计划,质量,时间紧迫,任务编号 P3832。请扮演精益生产顾问。围绕“制造场景032-时间紧迫”中的流程、质量、供应链任务，面向销售团队，设计一套可量化指标。请用实验计划输出，并从“质量”角度做重点判断。要求：保持中立客观；先给结论再解释；最后给出3条可立即执行的下一步。
3833,制造,精益生产顾问,教师,检查清单,用户体验,成熟企业,任务编号 P3833。请扮演精益生产顾问。围绕“制造场景033-成熟企业”中的流程、质量、供应链任务，面向教师，把零散想法整理成结构化大纲。请用检查清单输出，并从“用户体验”角度做重点判断。要求：先给结论再解释；给出示例输入输出；最后给出3条可立即执行的下一步。
3834,制造,精益生产顾问,本地用户,SOP步骤,学习曲线,需要降本,任务编号 P3834。请扮演精益生产顾问。围绕“制造场景034-需要降本”中的流程、质量、供应链任务，面向本地用户，生成可直接使用的模板。请用SOP步骤输出，并从“学习曲线”角度做重点判断。要求：包含失败预案；给出至少一个反例；最后给出3条可立即执行的下一步。
3835,制造,精益生产顾问,创始人,看板任务,效率,流程混乱,任务编号 P3835。请扮演精益生产顾问。围绕“制造场景035-流程混乱”中的流程、质量、供应链任务，面向创始人，做一次反向推理找出隐藏风险。请用看板任务输出，并从“效率”角度做重点判断。要求：用中文输出；保持中立客观；最后给出3条可立即执行的下一步。
3836,制造,精益生产顾问,新手用户,实验计划,风险,数据不足,任务编号 P3836。请扮演精益生产顾问。围绕“制造场景036-数据不足”中的流程、质量、供应链任务，面向新手用户，给出低成本试验方案。请用实验计划输出，并从“风险”角度做重点判断。要求：标注假设和不确定性；适合在一天内开始执行；最后给出3条可立即执行的下一步。
3837,制造,精益生产顾问,一线执行团队,检查清单,增长,公开发布,任务编号 P3837。请扮演精益生产顾问。围绕“制造场景037-公开发布”中的流程、质量、供应链任务，面向一线执行团队，创建对比表并推荐选择。请用检查清单输出，并从“增长”角度做重点判断。要求：按影响力排序；必要时提出澄清问题；最后给出3条可立即执行的下一步。
3838,制造,精益生产顾问,开发团队,SOP步骤,短期落地,多方协作,任务编号 P3838。请扮演精益生产顾问。围绕“制造场景038-多方协作”中的流程、质量、供应链任务，面向开发团队，把长内容压缩成高密度摘要。请用SOP步骤输出，并从“短期落地”角度做重点判断。要求：必要时提出澄清问题；输出可直接复制使用；最后给出3条可立即执行的下一步。
3839,制造,精益生产顾问,客服团队,看板任务,成本,预算有限,任务编号 P3839。请扮演精益生产顾问。围绕“制造场景039-预算有限”中的流程、质量、供应链任务，面向客服团队，提出10个创新方向并排序。请用看板任务输出，并从“成本”角度做重点判断。要求：给出至少一个反例；提供简短版本和完整版本；最后给出3条可立即执行的下一步。
3840,制造,精益生产顾问,家长,实验计划,可维护性,初创团队,任务编号 P3840。请扮演精益生产顾问。围绕“制造场景040-初创团队”中的流程、质量、供应链任务，面向家长，设计30天训练计划。请用实验计划输出，并从“可维护性”角度做重点判断。要求：按难易度排序；按影响力排序；最后给出3条可立即执行的下一步。
3841,制造,精益生产顾问,非技术读者,检查清单,长期价值,需要扩张,任务编号 P3841。请扮演精益生产顾问。围绕“制造场景041-需要扩张”中的流程、质量、供应链任务，面向非技术读者，构建决策树帮助判断下一步。请用检查清单输出，并从“长期价值”角度做重点判断。要求：避免虚构事实；包含可执行下一步；最后给出3条可立即执行的下一步。
3842,制造,精益生产顾问,中小企业主,SOP步骤,质量,新市场验证,任务编号 P3842。请扮演精益生产顾问。围绕“制造场景042-新市场验证”中的流程、质量、供应链任务，面向中小企业主，生成会议讨论提纲。请用SOP步骤输出，并从“质量”角度做重点判断。要求：避免专业黑话；包含衡量标准；最后给出3条可立即执行的下一步。
3843,制造,精益生产顾问,资深从业者,看板任务,用户体验,竞品压力,任务编号 P3843。请扮演精益生产顾问。围绕“制造场景043-竞品压力”中的流程、质量、供应链任务，面向资深从业者，写一份面向管理层的简报。请用看板任务输出，并从“用户体验”角度做重点判断。要求：包含衡量标准；标注假设和不确定性；最后给出3条可立即执行的下一步。
3844,制造,精益生产顾问,自由职业者,实验计划,学习曲线,准备上线,任务编号 P3844。请扮演精益生产顾问。围绕“制造场景044-准备上线”中的流程、质量、供应链任务，面向自由职业者，写一份面向执行者的操作手册。请用实验计划输出，并从“学习曲线”角度做重点判断。要求：提供简短版本和完整版本；指出最容易忽略的细节；最后给出3条可立即执行的下一步。
3845,制造,精益生产顾问,设计团队,检查清单,效率,高不确定性,任务编号 P3845。请扮演精益生产顾问。围绕“制造场景045-高不确定性”中的流程、质量、供应链任务，面向设计团队，建立评估打分表。请用检查清单输出，并从“效率”角度做重点判断。要求：适合在一天内开始执行；避免专业黑话；最后给出3条可立即执行的下一步。
3846,制造,精益生产顾问,投资人,SOP步骤,风险,远程协作,任务编号 P3846。请扮演精益生产顾问。围绕“制造场景046-远程协作”中的流程、质量、供应链任务，面向投资人，提出自动化改造思路。请用SOP步骤输出，并从“风险”角度做重点判断。要求：给出示例输入输出；用中文输出；最后给出3条可立即执行的下一步。
3847,制造,精益生产顾问,海外用户,看板任务,增长,个人项目,任务编号 P3847。请扮演精益生产顾问。围绕“制造场景047-个人项目”中的流程、质量、供应链任务，面向海外用户，设计用户调研问题。请用看板任务输出，并从“增长”角度做重点判断。要求：语言简洁，不说空话；兼顾成本和效果；最后给出3条可立即执行的下一步。
3848,制造,精益生产顾问,专家评审,实验计划,短期落地,质量波动,任务编号 P3848。请扮演精益生产顾问。围绕“制造场景048-质量波动”中的流程、质量、供应链任务，面向专家评审，模拟用户反馈并归纳模式。请用实验计划输出，并从“短期落地”角度做重点判断。要求：兼顾成本和效果；避免虚构事实；最后给出3条可立即执行的下一步。
3849,制造,精益生产顾问,大学生,检查清单,成本,用户流失,任务编号 P3849。请扮演精益生产顾问。围绕“制造场景049-用户流失”中的流程、质量、供应链任务，面向大学生，生成故障排查路径。请用检查清单输出，并从“成本”角度做重点判断。要求：指出最容易忽略的细节；包含失败预案；最后给出3条可立即执行的下一步。
3850,制造,精益生产顾问,管理层,SOP步骤,可维护性,内部培训,任务编号 P3850。请扮演精益生产顾问。围绕“制造场景050-内部培训”中的流程、质量、供应链任务，面向管理层，把目标拆成里程碑。请用SOP步骤输出，并从“可维护性”角度做重点判断。要求：包含可执行下一步；语言简洁，不说空话；最后给出3条可立即执行的下一步。
3851,制造,精益生产顾问,内容创作者,看板任务,长期价值,需要复盘,任务编号 P3851。请扮演精益生产顾问。围绕“制造场景051-需要复盘”中的流程、质量、供应链任务，面向内容创作者，提出可复用命名规范。请用看板任务输出，并从“长期价值”角度做重点判断。要求：输出可直接复制使用；按难易度排序；最后给出3条可立即执行的下一步。
3852,制造,精益生产顾问,销售团队,实验计划,质量,时间紧迫,任务编号 P3852。请扮演精益生产顾问。围绕“制造场景052-时间紧迫”中的流程、质量、供应链任务，面向销售团队，创建风险登记册。请用实验计划输出，并从“质量”角度做重点判断。要求：保持中立客观；先给结论再解释；最后给出3条可立即执行的下一步。
3853,制造,精益生产顾问,教师,检查清单,用户体验,成熟企业,任务编号 P3853。请扮演精益生产顾问。围绕“制造场景053-成熟企业”中的流程、质量、供应链任务，面向教师，制定一份可执行方案。请用检查清单输出，并从“用户体验”角度做重点判断。要求：先给结论再解释；给出示例输入输出；最后给出3条可立即执行的下一步。
3854,制造,精益生产顾问,本地用户,SOP步骤,学习曲线,需要降本,任务编号 P3854。请扮演精益生产顾问。围绕“制造场景054-需要降本”中的流程、质量、供应链任务，面向本地用户，列出关键问题并给出优先级。请用SOP步骤输出，并从“学习曲线”角度做重点判断。要求：包含失败预案；给出至少一个反例；最后给出3条可立即执行的下一步。
3855,制造,精益生产顾问,创始人,看板任务,效率,流程混乱,任务编号 P3855。请扮演精益生产顾问。围绕“制造场景055-流程混乱”中的流程、质量、供应链任务，面向创始人，生成三种风格完全不同的版本。请用看板任务输出，并从“效率”角度做重点判断。要求：用中文输出；保持中立客观；最后给出3条可立即执行的下一步。
3856,制造,精益生产顾问,新手用户,实验计划,风险,数据不足,任务编号 P3856。请扮演精益生产顾问。围绕“制造场景056-数据不足”中的流程、质量、供应链任务，面向新手用户，把复杂内容改写成新手也能懂的说明。请用实验计划输出，并从“风险”角度做重点判断。要求：标注假设和不确定性；适合在一天内开始执行；最后给出3条可立即执行的下一步。
3857,制造,精益生产顾问,一线执行团队,检查清单,增长,公开发布,任务编号 P3857。请扮演精益生产顾问。围绕“制造场景057-公开发布”中的流程、质量、供应链任务，面向一线执行团队，设计一个从零到一的工作流。请用检查清单输出，并从“增长”角度做重点判断。要求：按影响力排序；必要时提出澄清问题；最后给出3条可立即执行的下一步。
3858,制造,精益生产顾问,开发团队,SOP步骤,短期落地,多方协作,任务编号 P3858。请扮演精益生产顾问。围绕“制造场景058-多方协作”中的流程、质量、供应链任务，面向开发团队，创建检查清单并标注常见坑。请用SOP步骤输出，并从“短期落地”角度做重点判断。要求：必要时提出澄清问题；输出可直接复制使用；最后给出3条可立即执行的下一步。
3859,制造,精益生产顾问,客服团队,看板任务,成本,预算有限,任务编号 P3859。请扮演精益生产顾问。围绕“制造场景059-预算有限”中的流程、质量、供应链任务，面向客服团队，模拟专家评审并指出改进点。请用看板任务输出，并从“成本”角度做重点判断。要求：给出至少一个反例；提供简短版本和完整版本；最后给出3条可立即执行的下一步。
3860,制造,精益生产顾问,家长,实验计划,可维护性,初创团队,任务编号 P3860。请扮演精益生产顾问。围绕“制造场景060-初创团队”中的流程、质量、供应链任务，面向家长，根据目标用户重写表达。请用实验计划输出，并从“可维护性”角度做重点判断。要求：按难易度排序；按影响力排序；最后给出3条可立即执行的下一步。
3861,制造,精益生产顾问,非技术读者,检查清单,长期价值,需要扩张,任务编号 P3861。请扮演精益生产顾问。围绕“制造场景061-需要扩张”中的流程、质量、供应链任务，面向非技术读者，提炼核心洞察并给出行动建议。请用检查清单输出，并从“长期价值”角度做重点判断。要求：避免虚构事实；包含可执行下一步；最后给出3条可立即执行的下一步。
3862,制造,精益生产顾问,中小企业主,SOP步骤,质量,新市场验证,任务编号 P3862。请扮演精益生产顾问。围绕“制造场景062-新市场验证”中的流程、质量、供应链任务，面向中小企业主，设计一套可量化指标。请用SOP步骤输出，并从“质量”角度做重点判断。要求：避免专业黑话；包含衡量标准；最后给出3条可立即执行的下一步。
3863,制造,精益生产顾问,资深从业者,看板任务,用户体验,竞品压力,任务编号 P3863。请扮演精益生产顾问。围绕“制造场景063-竞品压力”中的流程、质量、供应链任务，面向资深从业者，把零散想法整理成结构化大纲。请用看板任务输出，并从“用户体验”角度做重点判断。要求：包含衡量标准；标注假设和不确定性；最后给出3条可立即执行的下一步。
3864,制造,精益生产顾问,自由职业者,实验计划,学习曲线,准备上线,任务编号 P3864。请扮演精益生产顾问。围绕“制造场景064-准备上线”中的流程、质量、供应链任务，面向自由职业者，生成可直接使用的模板。请用实验计划输出，并从“学习曲线”角度做重点判断。要求：提供简短版本和完整版本；指出最容易忽略的细节；最后给出3条可立即执行的下一步。
3865,制造,精益生产顾问,设计团队,检查清单,效率,高不确定性,任务编号 P3865。请扮演精益生产顾问。围绕“制造场景065-高不确定性”中的流程、质量、供应链任务，面向设计团队，做一次反向推理找出隐藏风险。请用检查清单输出，并从“效率”角度做重点判断。要求：适合在一天内开始执行；避免专业黑话；最后给出3条可立即执行的下一步。
3866,制造,精益生产顾问,投资人,SOP步骤,风险,远程协作,任务编号 P3866。请扮演精益生产顾问。围绕“制造场景066-远程协作”中的流程、质量、供应链任务，面向投资人，给出低成本试验方案。请用SOP步骤输出，并从“风险”角度做重点判断。要求：给出示例输入输出；用中文输出；最后给出3条可立即执行的下一步。
3867,制造,精益生产顾问,海外用户,看板任务,增长,个人项目,任务编号 P3867。请扮演精益生产顾问。围绕“制造场景067-个人项目”中的流程、质量、供应链任务，面向海外用户，创建对比表并推荐选择。请用看板任务输出，并从“增长”角度做重点判断。要求：语言简洁，不说空话；兼顾成本和效果；最后给出3条可立即执行的下一步。
3868,制造,精益生产顾问,专家评审,实验计划,短期落地,质量波动,任务编号 P3868。请扮演精益生产顾问。围绕“制造场景068-质量波动”中的流程、质量、供应链任务，面向专家评审，把长内容压缩成高密度摘要。请用实验计划输出，并从“短期落地”角度做重点判断。要求：兼顾成本和效果；避免虚构事实；最后给出3条可立即执行的下一步。
3869,制造,精益生产顾问,大学生,检查清单,成本,用户流失,任务编号 P3869。请扮演精益生产顾问。围绕“制造场景069-用户流失”中的流程、质量、供应链任务，面向大学生，提出10个创新方向并排序。请用检查清单输出，并从“成本”角度做重点判断。要求：指出最容易忽略的细节；包含失败预案；最后给出3条可立即执行的下一步。
3870,制造,精益生产顾问,管理层,SOP步骤,可维护性,内部培训,任务编号 P3870。请扮演精益生产顾问。围绕“制造场景070-内部培训”中的流程、质量、供应链任务，面向管理层，设计30天训练计划。请用SOP步骤输出，并从“可维护性”角度做重点判断。要求：包含可执行下一步；语言简洁，不说空话；最后给出3条可立即执行的下一步。
3871,制造,精益生产顾问,内容创作者,看板任务,长期价值,需要复盘,任务编号 P3871。请扮演精益生产顾问。围绕“制造场景071-需要复盘”中的流程、质量、供应链任务，面向内容创作者，构建决策树帮助判断下一步。请用看板任务输出，并从“长期价值”角度做重点判断。要求：输出可直接复制使用；按难易度排序；最后给出3条可立即执行的下一步。
3872,制造,精益生产顾问,销售团队,实验计划,质量,时间紧迫,任务编号 P3872。请扮演精益生产顾问。围绕“制造场景072-时间紧迫”中的流程、质量、供应链任务，面向销售团队，生成会议讨论提纲。请用实验计划输出，并从“质量”角度做重点判断。要求：保持中立客观；先给结论再解释；最后给出3条可立即执行的下一步。
3873,制造,精益生产顾问,教师,检查清单,用户体验,成熟企业,任务编号 P3873。请扮演精益生产顾问。围绕“制造场景073-成熟企业”中的流程、质量、供应链任务，面向教师，写一份面向管理层的简报。请用检查清单输出，并从“用户体验”角度做重点判断。要求：先给结论再解释；给出示例输入输出；最后给出3条可立即执行的下一步。
3874,制造,精益生产顾问,本地用户,SOP步骤,学习曲线,需要降本,任务编号 P3874。请扮演精益生产顾问。围绕“制造场景074-需要降本”中的流程、质量、供应链任务，面向本地用户，写一份面向执行者的操作手册。请用SOP步骤输出，并从“学习曲线”角度做重点判断。要求：包含失败预案；给出至少一个反例；最后给出3条可立即执行的下一步。
3875,制造,精益生产顾问,创始人,看板任务,效率,流程混乱,任务编号 P3875。请扮演精益生产顾问。围绕“制造场景075-流程混乱”中的流程、质量、供应链任务，面向创始人，建立评估打分表。请用看板任务输出，并从“效率”角度做重点判断。要求：用中文输出；保持中立客观；最后给出3条可立即执行的下一步。
3876,制造,精益生产顾问,新手用户,实验计划,风险,数据不足,任务编号 P3876。请扮演精益生产顾问。围绕“制造场景076-数据不足”中的流程、质量、供应链任务，面向新手用户，提出自动化改造思路。请用实验计划输出，并从“风险”角度做重点判断。要求：标注假设和不确定性；适合在一天内开始执行；最后给出3条可立即执行的下一步。
3877,制造,精益生产顾问,一线执行团队,检查清单,增长,公开发布,任务编号 P3877。请扮演精益生产顾问。围绕“制造场景077-公开发布”中的流程、质量、供应链任务，面向一线执行团队，设计用户调研问题。请用检查清单输出，并从“增长”角度做重点判断。要求：按影响力排序；必要时提出澄清问题；最后给出3条可立即执行的下一步。
3878,制造,精益生产顾问,开发团队,SOP步骤,短期落地,多方协作,任务编号 P3878。请扮演精益生产顾问。围绕“制造场景078-多方协作”中的流程、质量、供应链任务，面向开发团队，模拟用户反馈并归纳模式。请用SOP步骤输出，并从“短期落地”角度做重点判断。要求：必要时提出澄清问题；输出可直接复制使用；最后给出3条可立即执行的下一步。
3879,制造,精益生产顾问,客服团队,看板任务,成本,预算有限,任务编号 P3879。请扮演精益生产顾问。围绕“制造场景079-预算有限”中的流程、质量、供应链任务，面向客服团队，生成故障排查路径。请用看板任务输出，并从“成本”角度做重点判断。要求：给出至少一个反例；提供简短版本和完整版本；最后给出3条可立即执行的下一步。
3880,制造,精益生产顾问,家长,实验计划,可维护性,初创团队,任务编号 P3880。请扮演精益生产顾问。围绕“制造场景080-初创团队”中的流程、质量、供应链任务，面向家长，把目标拆成里程碑。请用实验计划输出，并从“可维护性”角度做重点判断。要求：按难易度排序；按影响力排序；最后给出3条可立即执行的下一步。
3881,制造,精益生产顾问,非技术读者,检查清单,长期价值,需要扩张,任务编号 P3881。请扮演精益生产顾问。围绕“制造场景081-需要扩张”中的流程、质量、供应链任务，面向非技术读者，提出可复用命名规范。请用检查清单输出，并从“长期价值”角度做重点判断。要求：避免虚构事实；包含可执行下一步；最后给出3条可立即执行的下一步。
3882,制造,精益生产顾问,中小企业主,SOP步骤,质量,新市场验证,任务编号 P3882。请扮演精益生产顾问。围绕“制造场景082-新市场验证”中的流程、质量、供应链任务，面向中小企业主，创建风险登记册。请用SOP步骤输出，并从“质量”角度做重点判断。要求：避免专业黑话；包含衡量标准；最后给出3条可立即执行的下一步。
3883,制造,精益生产顾问,资深从业者,看板任务,用户体验,竞品压力,任务编号 P3883。请扮演精益生产顾问。围绕“制造场景083-竞品压力”中的流程、质量、供应链任务，面向资深从业者，制定一份可执行方案。请用看板任务输出，并从“用户体验”角度做重点判断。要求：包含衡量标准；标注假设和不确定性；最后给出3条可立即执行的下一步。
3884,制造,精益生产顾问,自由职业者,实验计划,学习曲线,准备上线,任务编号 P3884。请扮演精益生产顾问。围绕“制造场景084-准备上线”中的流程、质量、供应链任务，面向自由职业者，列出关键问题并给出优先级。请用实验计划输出，并从“学习曲线”角度做重点判断。要求：提供简短版本和完整版本；指出最容易忽略的细节；最后给出3条可立即执行的下一步。
3885,制造,精益生产顾问,设计团队,检查清单,效率,高不确定性,任务编号 P3885。请扮演精益生产顾问。围绕“制造场景085-高不确定性”中的流程、质量、供应链任务，面向设计团队，生成三种风格完全不同的版本。请用检查清单输出，并从“效率”角度做重点判断。要求：适合在一天内开始执行；避免专业黑话；最后给出3条可立即执行的下一步。
3886,制造,精益生产顾问,投资人,SOP步骤,风险,远程协作,任务编号 P3886。请扮演精益生产顾问。围绕“制造场景086-远程协作”中的流程、质量、供应链任务，面向投资人，把复杂内容改写成新手也能懂的说明。请用SOP步骤输出，并从“风险”角度做重点判断。要求：给出示例输入输出；用中文输出；最后给出3条可立即执行的下一步。
3887,制造,精益生产顾问,海外用户,看板任务,增长,个人项目,任务编号 P3887。请扮演精益生产顾问。围绕“制造场景087-个人项目”中的流程、质量、供应链任务，面向海外用户，设计一个从零到一的工作流。请用看板任务输出，并从“增长”角度做重点判断。要求：语言简洁，不说空话；兼顾成本和效果；最后给出3条可立即执行的下一步。
3888,制造,精益生产顾问,专家评审,实验计划,短期落地,质量波动,任务编号 P3888。请扮演精益生产顾问。围绕“制造场景088-质量波动”中的流程、质量、供应链任务，面向专家评审，创建检查清单并标注常见坑。请用实验计划输出，并从“短期落地”角度做重点判断。要求：兼顾成本和效果；避免虚构事实；最后给出3条可立即执行的下一步。
3889,制造,精益生产顾问,大学生,检查清单,成本,用户流失,任务编号 P3889。请扮演精益生产顾问。围绕“制造场景089-用户流失”中的流程、质量、供应链任务，面向大学生，模拟专家评审并指出改进点。请用检查清单输出，并从“成本”角度做重点判断。要求：指出最容易忽略的细节；包含失败预案；最后给出3条可立即执行的下一步。
3890,制造,精益生产顾问,管理层,SOP步骤,可维护性,内部培训,任务编号 P3890。请扮演精益生产顾问。围绕“制造场景090-内部培训”中的流程、质量、供应链任务，面向管理层，根据目标用户重写表达。请用SOP步骤输出，并从“可维护性”角度做重点判断。要求：包含可执行下一步；语言简洁，不说空话；最后给出3条可立即执行的下一步。
3891,制造,精益生产顾问,内容创作者,看板任务,长期价值,需要复盘,任务编号 P3891。请扮演精益生产顾问。围绕“制造场景091-需要复盘”中的流程、质量、供应链任务，面向内容创作者，提炼核心洞察并给出行动建议。请用看板任务输出，并从“长期价值”角度做重点判断。要求：输出可直接复制使用；按难易度排序；最后给出3条可立即执行的下一步。
3892,制造,精益生产顾问,销售团队,实验计划,质量,时间紧迫,任务编号 P3892。请扮演精益生产顾问。围绕“制造场景092-时间紧迫”中的流程、质量、供应链任务，面向销售团队，设计一套可量化指标。请用实验计划输出，并从“质量”角度做重点判断。要求：保持中立客观；先给结论再解释；最后给出3条可立即执行的下一步。
3893,制造,精益生产顾问,教师,检查清单,用户体验,成熟企业,任务编号 P3893。请扮演精益生产顾问。围绕“制造场景093-成熟企业”中的流程、质量、供应链任务，面向教师，把零散想法整理成结构化大纲。请用检查清单输出，并从“用户体验”角度做重点判断。要求：先给结论再解释；给出示例输入输出；最后给出3条可立即执行的下一步。
3894,制造,精益生产顾问,本地用户,SOP步骤,学习曲线,需要降本,任务编号 P3894。请扮演精益生产顾问。围绕“制造场景094-需要降本”中的流程、质量、供应链任务，面向本地用户，生成可直接使用的模板。请用SOP步骤输出，并从“学习曲线”角度做重点判断。要求：包含失败预案；给出至少一个反例；最后给出3条可立即执行的下一步。
3895,制造,精益生产顾问,创始人,看板任务,效率,流程混乱,任务编号 P3895。请扮演精益生产顾问。围绕“制造场景095-流程混乱”中的流程、质量、供应链任务，面向创始人，做一次反向推理找出隐藏风险。请用看板任务输出，并从“效率”角度做重点判断。要求：用中文输出；保持中立客观；最后给出3条可立即执行的下一步。
3896,制造,精益生产顾问,新手用户,实验计划,风险,数据不足,任务编号 P3896。请扮演精益生产顾问。围绕“制造场景096-数据不足”中的流程、质量、供应链任务，面向新手用户，给出低成本试验方案。请用实验计划输出，并从“风险”角度做重点判断。要求：标注假设和不确定性；适合在一天内开始执行；最后给出3条可立即执行的下一步。
3897,制造,精益生产顾问,一线执行团队,检查清单,增长,公开发布,任务编号 P3897。请扮演精益生产顾问。围绕“制造场景097-公开发布”中的流程、质量、供应链任务，面向一线执行团队，创建对比表并推荐选择。请用检查清单输出，并从“增长”角度做重点判断。要求：按影响力排序；必要时提出澄清问题；最后给出3条可立即执行的下一步。
3898,制造,精益生产顾问,开发团队,SOP步骤,短期落地,多方协作,任务编号 P3898。请扮演精益生产顾问。围绕“制造场景098-多方协作”中的流程、质量、供应链任务，面向开发团队，把长内容压缩成高密度摘要。请用SOP步骤输出，并从“短期落地”角度做重点判断。要求：必要时提出澄清问题；输出可直接复制使用；最后给出3条可立即执行的下一步。
3899,制造,精益生产顾问,客服团队,看板任务,成本,预算有限,任务编号 P3899。请扮演精益生产顾问。围绕“制造场景099-预算有限”中的流程、质量、供应链任务，面向客服团队，提出10个创新方向并排序。请用看板任务输出，并从“成本”角度做重点判断。要求：给出至少一个反例；提供简短版本和完整版本；最后给出3条可立即执行的下一步。
3900,制造,精益生产顾问,家长,实验计划,可维护性,初创团队,任务编号 P3900。请扮演精益生产顾问。围绕“制造场景100-初创团队”中的流程、质量、供应链任务，面向家长，设计30天训练计划。请用实验计划输出，并从“可维护性”角度做重点判断。要求：按难易度排序；按影响力排序；最后给出3条可立即执行的下一步。
3901,物流,供应链规划师,专家评审,对比分析,短期落地,需要降本,任务编号 P3901。请扮演供应链规划师。围绕“物流场景001-需要降本”中的仓储、运输、成本任务，面向专家评审，设计一套可量化指标。请用对比分析输出，并从“短期落地”角度做重点判断。要求：提供简短版本和完整版本；先给结论再解释；最后给出3条可立即执行的下一步。
3902,物流,供应链规划师,大学生,一页纸简报,成本,流程混乱,任务编号 P3902。请扮演供应链规划师。围绕“物流场景002-流程混乱”中的仓储、运输、成本任务，面向大学生，把零散想法整理成结构化大纲。请用一页纸简报输出，并从“成本”角度做重点判断。要求：适合在一天内开始执行；给出示例输入输出；最后给出3条可立即执行的下一步。
3903,物流,供应链规划师,管理层,评分矩阵,可维护性,数据不足,任务编号 P3903。请扮演供应链规划师。围绕“物流场景003-数据不足”中的仓储、运输、成本任务，面向管理层，生成可直接使用的模板。请用评分矩阵输出，并从“可维护性”角度做重点判断。要求：给出示例输入输出；给出至少一个反例；最后给出3条可立即执行的下一步。
3904,物流,供应链规划师,内容创作者,用户故事,长期价值,公开发布,任务编号 P3904。请扮演供应链规划师。围绕“物流场景004-公开发布”中的仓储、运输、成本任务，面向内容创作者，做一次反向推理找出隐藏风险。请用用户故事输出，并从“长期价值”角度做重点判断。要求：语言简洁，不说空话；保持中立客观；最后给出3条可立即执行的下一步。
3905,物流,供应链规划师,销售团队,对比分析,质量,多方协作,任务编号 P3905。请扮演供应链规划师。围绕“物流场景005-多方协作”中的仓储、运输、成本任务，面向销售团队，给出低成本试验方案。请用对比分析输出，并从“质量”角度做重点判断。要求：兼顾成本和效果；适合在一天内开始执行；最后给出3条可立即执行的下一步。
3906,物流,供应链规划师,教师,一页纸简报,用户体验,预算有限,任务编号 P3906。请扮演供应链规划师。围绕“物流场景006-预算有限”中的仓储、运输、成本任务，面向教师，创建对比表并推荐选择。请用一页纸简报输出，并从“用户体验”角度做重点判断。要求：指出最容易忽略的细节；必要时提出澄清问题；最后给出3条可立即执行的下一步。
3907,物流,供应链规划师,本地用户,评分矩阵,学习曲线,初创团队,任务编号 P3907。请扮演供应链规划师。围绕“物流场景007-初创团队”中的仓储、运输、成本任务，面向本地用户，把长内容压缩成高密度摘要。请用评分矩阵输出，并从“学习曲线”角度做重点判断。要求：包含可执行下一步；输出可直接复制使用；最后给出3条可立即执行的下一步。
3908,物流,供应链规划师,创始人,用户故事,效率,需要扩张,任务编号 P3908。请扮演供应链规划师。围绕“物流场景008-需要扩张”中的仓储、运输、成本任务，面向创始人，提出10个创新方向并排序。请用用户故事输出，并从“效率”角度做重点判断。要求：输出可直接复制使用；提供简短版本和完整版本；最后给出3条可立即执行的下一步。
3909,物流,供应链规划师,新手用户,对比分析,风险,新市场验证,任务编号 P3909。请扮演供应链规划师。围绕“物流场景009-新市场验证”中的仓储、运输、成本任务，面向新手用户，设计30天训练计划。请用对比分析输出，并从“风险”角度做重点判断。要求：保持中立客观；按影响力排序；最后给出3条可立即执行的下一步。
3910,物流,供应链规划师,一线执行团队,一页纸简报,增长,竞品压力,任务编号 P3910。请扮演供应链规划师。围绕“物流场景010-竞品压力”中的仓储、运输、成本任务，面向一线执行团队，构建决策树帮助判断下一步。请用一页纸简报输出，并从“增长”角度做重点判断。要求：先给结论再解释；包含可执行下一步；最后给出3条可立即执行的下一步。
3911,物流,供应链规划师,开发团队,评分矩阵,短期落地,准备上线,任务编号 P3911。请扮演供应链规划师。围绕“物流场景011-准备上线”中的仓储、运输、成本任务，面向开发团队，生成会议讨论提纲。请用评分矩阵输出，并从“短期落地”角度做重点判断。要求：包含失败预案；包含衡量标准；最后给出3条可立即执行的下一步。
3912,物流,供应链规划师,客服团队,用户故事,成本,高不确定性,任务编号 P3912。请扮演供应链规划师。围绕“物流场景012-高不确定性”中的仓储、运输、成本任务，面向客服团队，写一份面向管理层的简报。请用用户故事输出，并从“成本”角度做重点判断。要求：用中文输出；标注假设和不确定性；最后给出3条可立即执行的下一步。
3913,物流,供应链规划师,家长,对比分析,可维护性,远程协作,任务编号 P3913。请扮演供应链规划师。围绕“物流场景013-远程协作”中的仓储、运输、成本任务，面向家长，写一份面向执行者的操作手册。请用对比分析输出，并从“可维护性”角度做重点判断。要求：标注假设和不确定性；指出最容易忽略的细节；最后给出3条可立即执行的下一步。
3914,物流,供应链规划师,非技术读者,一页纸简报,长期价值,个人项目,任务编号 P3914。请扮演供应链规划师。围绕“物流场景014-个人项目”中的仓储、运输、成本任务，面向非技术读者，建立评估打分表。请用一页纸简报输出，并从“长期价值”角度做重点判断。要求：按影响力排序；避免专业黑话；最后给出3条可立即执行的下一步。
3915,物流,供应链规划师,中小企业主,评分矩阵,质量,质量波动,任务编号 P3915。请扮演供应链规划师。围绕“物流场景015-质量波动”中的仓储、运输、成本任务，面向中小企业主，提出自动化改造思路。请用评分矩阵输出，并从“质量”角度做重点判断。要求：必要时提出澄清问题；用中文输出；最后给出3条可立即执行的下一步。
3916,物流,供应链规划师,资深从业者,用户故事,用户体验,用户流失,任务编号 P3916。请扮演供应链规划师。围绕“物流场景016-用户流失”中的仓储、运输、成本任务，面向资深从业者，设计用户调研问题。请用用户故事输出，并从“用户体验”角度做重点判断。要求：给出至少一个反例；兼顾成本和效果；最后给出3条可立即执行的下一步。
3917,物流,供应链规划师,自由职业者,对比分析,学习曲线,内部培训,任务编号 P3917。请扮演供应链规划师。围绕“物流场景017-内部培训”中的仓储、运输、成本任务，面向自由职业者，模拟用户反馈并归纳模式。请用对比分析输出，并从“学习曲线”角度做重点判断。要求：按难易度排序；避免虚构事实；最后给出3条可立即执行的下一步。
3918,物流,供应链规划师,设计团队,一页纸简报,效率,需要复盘,任务编号 P3918。请扮演供应链规划师。围绕“物流场景018-需要复盘”中的仓储、运输、成本任务，面向设计团队，生成故障排查路径。请用一页纸简报输出，并从“效率”角度做重点判断。要求：避免虚构事实；包含失败预案；最后给出3条可立即执行的下一步。
3919,物流,供应链规划师,投资人,评分矩阵,风险,时间紧迫,任务编号 P3919。请扮演供应链规划师。围绕“物流场景019-时间紧迫”中的仓储、运输、成本任务，面向投资人，把目标拆成里程碑。请用评分矩阵输出，并从“风险”角度做重点判断。要求：避免专业黑话；语言简洁，不说空话；最后给出3条可立即执行的下一步。
3920,物流,供应链规划师,海外用户,用户故事,增长,成熟企业,任务编号 P3920。请扮演供应链规划师。围绕“物流场景020-成熟企业”中的仓储、运输、成本任务，面向海外用户，提出可复用命名规范。请用用户故事输出，并从“增长”角度做重点判断。要求：包含衡量标准；按难易度排序；最后给出3条可立即执行的下一步。
3921,物流,供应链规划师,专家评审,对比分析,短期落地,需要降本,任务编号 P3921。请扮演供应链规划师。围绕“物流场景021-需要降本”中的仓储、运输、成本任务，面向专家评审，创建风险登记册。请用对比分析输出，并从“短期落地”角度做重点判断。要求：提供简短版本和完整版本；先给结论再解释；最后给出3条可立即执行的下一步。
3922,物流,供应链规划师,大学生,一页纸简报,成本,流程混乱,任务编号 P3922。请扮演供应链规划师。围绕“物流场景022-流程混乱”中的仓储、运输、成本任务，面向大学生，制定一份可执行方案。请用一页纸简报输出，并从“成本”角度做重点判断。要求：适合在一天内开始执行；给出示例输入输出；最后给出3条可立即执行的下一步。
3923,物流,供应链规划师,管理层,评分矩阵,可维护性,数据不足,任务编号 P3923。请扮演供应链规划师。围绕“物流场景023-数据不足”中的仓储、运输、成本任务，面向管理层，列出关键问题并给出优先级。请用评分矩阵输出，并从“可维护性”角度做重点判断。要求：给出示例输入输出；给出至少一个反例；最后给出3条可立即执行的下一步。
3924,物流,供应链规划师,内容创作者,用户故事,长期价值,公开发布,任务编号 P3924。请扮演供应链规划师。围绕“物流场景024-公开发布”中的仓储、运输、成本任务，面向内容创作者，生成三种风格完全不同的版本。请用用户故事输出，并从“长期价值”角度做重点判断。要求：语言简洁，不说空话；保持中立客观；最后给出3条可立即执行的下一步。
3925,物流,供应链规划师,销售团队,对比分析,质量,多方协作,任务编号 P3925。请扮演供应链规划师。围绕“物流场景025-多方协作”中的仓储、运输、成本任务，面向销售团队，把复杂内容改写成新手也能懂的说明。请用对比分析输出，并从“质量”角度做重点判断。要求：兼顾成本和效果；适合在一天内开始执行；最后给出3条可立即执行的下一步。
3926,物流,供应链规划师,教师,一页纸简报,用户体验,预算有限,任务编号 P3926。请扮演供应链规划师。围绕“物流场景026-预算有限”中的仓储、运输、成本任务，面向教师，设计一个从零到一的工作流。请用一页纸简报输出，并从“用户体验”角度做重点判断。要求：指出最容易忽略的细节；必要时提出澄清问题；最后给出3条可立即执行的下一步。
3927,物流,供应链规划师,本地用户,评分矩阵,学习曲线,初创团队,任务编号 P3927。请扮演供应链规划师。围绕“物流场景027-初创团队”中的仓储、运输、成本任务，面向本地用户，创建检查清单并标注常见坑。请用评分矩阵输出，并从“学习曲线”角度做重点判断。要求：包含可执行下一步；输出可直接复制使用；最后给出3条可立即执行的下一步。
3928,物流,供应链规划师,创始人,用户故事,效率,需要扩张,任务编号 P3928。请扮演供应链规划师。围绕“物流场景028-需要扩张”中的仓储、运输、成本任务，面向创始人，模拟专家评审并指出改进点。请用用户故事输出，并从“效率”角度做重点判断。要求：输出可直接复制使用；提供简短版本和完整版本；最后给出3条可立即执行的下一步。
3929,物流,供应链规划师,新手用户,对比分析,风险,新市场验证,任务编号 P3929。请扮演供应链规划师。围绕“物流场景029-新市场验证”中的仓储、运输、成本任务，面向新手用户，根据目标用户重写表达。请用对比分析输出，并从“风险”角度做重点判断。要求：保持中立客观；按影响力排序；最后给出3条可立即执行的下一步。
3930,物流,供应链规划师,一线执行团队,一页纸简报,增长,竞品压力,任务编号 P3930。请扮演供应链规划师。围绕“物流场景030-竞品压力”中的仓储、运输、成本任务，面向一线执行团队，提炼核心洞察并给出行动建议。请用一页纸简报输出，并从“增长”角度做重点判断。要求：先给结论再解释；包含可执行下一步；最后给出3条可立即执行的下一步。
3931,物流,供应链规划师,开发团队,评分矩阵,短期落地,准备上线,任务编号 P3931。请扮演供应链规划师。围绕“物流场景031-准备上线”中的仓储、运输、成本任务，面向开发团队，设计一套可量化指标。请用评分矩阵输出，并从“短期落地”角度做重点判断。要求：包含失败预案；包含衡量标准；最后给出3条可立即执行的下一步。
3932,物流,供应链规划师,客服团队,用户故事,成本,高不确定性,任务编号 P3932。请扮演供应链规划师。围绕“物流场景032-高不确定性”中的仓储、运输、成本任务，面向客服团队，把零散想法整理成结构化大纲。请用用户故事输出，并从“成本”角度做重点判断。要求：用中文输出；标注假设和不确定性；最后给出3条可立即执行的下一步。
3933,物流,供应链规划师,家长,对比分析,可维护性,远程协作,任务编号 P3933。请扮演供应链规划师。围绕“物流场景033-远程协作”中的仓储、运输、成本任务，面向家长，生成可直接使用的模板。请用对比分析输出，并从“可维护性”角度做重点判断。要求：标注假设和不确定性；指出最容易忽略的细节；最后给出3条可立即执行的下一步。
3934,物流,供应链规划师,非技术读者,一页纸简报,长期价值,个人项目,任务编号 P3934。请扮演供应链规划师。围绕“物流场景034-个人项目”中的仓储、运输、成本任务，面向非技术读者，做一次反向推理找出隐藏风险。请用一页纸简报输出，并从“长期价值”角度做重点判断。要求：按影响力排序；避免专业黑话；最后给出3条可立即执行的下一步。
3935,物流,供应链规划师,中小企业主,评分矩阵,质量,质量波动,任务编号 P3935。请扮演供应链规划师。围绕“物流场景035-质量波动”中的仓储、运输、成本任务，面向中小企业主，给出低成本试验方案。请用评分矩阵输出，并从“质量”角度做重点判断。要求：必要时提出澄清问题；用中文输出；最后给出3条可立即执行的下一步。
3936,物流,供应链规划师,资深从业者,用户故事,用户体验,用户流失,任务编号 P3936。请扮演供应链规划师。围绕“物流场景036-用户流失”中的仓储、运输、成本任务，面向资深从业者，创建对比表并推荐选择。请用用户故事输出，并从“用户体验”角度做重点判断。要求：给出至少一个反例；兼顾成本和效果；最后给出3条可立即执行的下一步。
3937,物流,供应链规划师,自由职业者,对比分析,学习曲线,内部培训,任务编号 P3937。请扮演供应链规划师。围绕“物流场景037-内部培训”中的仓储、运输、成本任务，面向自由职业者，把长内容压缩成高密度摘要。请用对比分析输出，并从“学习曲线”角度做重点判断。要求：按难易度排序；避免虚构事实；最后给出3条可立即执行的下一步。
3938,物流,供应链规划师,设计团队,一页纸简报,效率,需要复盘,任务编号 P3938。请扮演供应链规划师。围绕“物流场景038-需要复盘”中的仓储、运输、成本任务，面向设计团队，提出10个创新方向并排序。请用一页纸简报输出，并从“效率”角度做重点判断。要求：避免虚构事实；包含失败预案；最后给出3条可立即执行的下一步。
3939,物流,供应链规划师,投资人,评分矩阵,风险,时间紧迫,任务编号 P3939。请扮演供应链规划师。围绕“物流场景039-时间紧迫”中的仓储、运输、成本任务，面向投资人，设计30天训练计划。请用评分矩阵输出，并从“风险”角度做重点判断。要求：避免专业黑话；语言简洁，不说空话；最后给出3条可立即执行的下一步。
3940,物流,供应链规划师,海外用户,用户故事,增长,成熟企业,任务编号 P3940。请扮演供应链规划师。围绕“物流场景040-成熟企业”中的仓储、运输、成本任务，面向海外用户，构建决策树帮助判断下一步。请用用户故事输出，并从“增长”角度做重点判断。要求：包含衡量标准；按难易度排序；最后给出3条可立即执行的下一步。
3941,物流,供应链规划师,专家评审,对比分析,短期落地,需要降本,任务编号 P3941。请扮演供应链规划师。围绕“物流场景041-需要降本”中的仓储、运输、成本任务，面向专家评审，生成会议讨论提纲。请用对比分析输出，并从“短期落地”角度做重点判断。要求：提供简短版本和完整版本；先给结论再解释；最后给出3条可立即执行的下一步。
3942,物流,供应链规划师,大学生,一页纸简报,成本,流程混乱,任务编号 P3942。请扮演供应链规划师。围绕“物流场景042-流程混乱”中的仓储、运输、成本任务，面向大学生，写一份面向管理层的简报。请用一页纸简报输出，并从“成本”角度做重点判断。要求：适合在一天内开始执行；给出示例输入输出；最后给出3条可立即执行的下一步。
3943,物流,供应链规划师,管理层,评分矩阵,可维护性,数据不足,任务编号 P3943。请扮演供应链规划师。围绕“物流场景043-数据不足”中的仓储、运输、成本任务，面向管理层，写一份面向执行者的操作手册。请用评分矩阵输出，并从“可维护性”角度做重点判断。要求：给出示例输入输出；给出至少一个反例；最后给出3条可立即执行的下一步。
3944,物流,供应链规划师,内容创作者,用户故事,长期价值,公开发布,任务编号 P3944。请扮演供应链规划师。围绕“物流场景044-公开发布”中的仓储、运输、成本任务，面向内容创作者，建立评估打分表。请用用户故事输出，并从“长期价值”角度做重点判断。要求：语言简洁，不说空话；保持中立客观；最后给出3条可立即执行的下一步。
3945,物流,供应链规划师,销售团队,对比分析,质量,多方协作,任务编号 P3945。请扮演供应链规划师。围绕“物流场景045-多方协作”中的仓储、运输、成本任务，面向销售团队，提出自动化改造思路。请用对比分析输出，并从“质量”角度做重点判断。要求：兼顾成本和效果；适合在一天内开始执行；最后给出3条可立即执行的下一步。
3946,物流,供应链规划师,教师,一页纸简报,用户体验,预算有限,任务编号 P3946。请扮演供应链规划师。围绕“物流场景046-预算有限”中的仓储、运输、成本任务，面向教师，设计用户调研问题。请用一页纸简报输出，并从“用户体验”角度做重点判断。要求：指出最容易忽略的细节；必要时提出澄清问题；最后给出3条可立即执行的下一步。
3947,物流,供应链规划师,本地用户,评分矩阵,学习曲线,初创团队,任务编号 P3947。请扮演供应链规划师。围绕“物流场景047-初创团队”中的仓储、运输、成本任务，面向本地用户，模拟用户反馈并归纳模式。请用评分矩阵输出，并从“学习曲线”角度做重点判断。要求：包含可执行下一步；输出可直接复制使用；最后给出3条可立即执行的下一步。
3948,物流,供应链规划师,创始人,用户故事,效率,需要扩张,任务编号 P3948。请扮演供应链规划师。围绕“物流场景048-需要扩张”中的仓储、运输、成本任务，面向创始人，生成故障排查路径。请用用户故事输出，并从“效率”角度做重点判断。要求：输出可直接复制使用；提供简短版本和完整版本；最后给出3条可立即执行的下一步。
3949,物流,供应链规划师,新手用户,对比分析,风险,新市场验证,任务编号 P3949。请扮演供应链规划师。围绕“物流场景049-新市场验证”中的仓储、运输、成本任务，面向新手用户，把目标拆成里程碑。请用对比分析输出，并从“风险”角度做重点判断。要求：保持中立客观；按影响力排序；最后给出3条可立即执行的下一步。
3950,物流,供应链规划师,一线执行团队,一页纸简报,增长,竞品压力,任务编号 P3950。请扮演供应链规划师。围绕“物流场景050-竞品压力”中的仓储、运输、成本任务，面向一线执行团队，提出可复用命名规范。请用一页纸简报输出，并从“增长”角度做重点判断。要求：先给结论再解释；包含可执行下一步；最后给出3条可立即执行的下一步。
3951,物流,供应链规划师,开发团队,评分矩阵,短期落地,准备上线,任务编号 P3951。请扮演供应链规划师。围绕“物流场景051-准备上线”中的仓储、运输、成本任务，面向开发团队，创建风险登记册。请用评分矩阵输出，并从“短期落地”角度做重点判断。要求：包含失败预案；包含衡量标准；最后给出3条可立即执行的下一步。
3952,物流,供应链规划师,客服团队,用户故事,成本,高不确定性,任务编号 P3952。请扮演供应链规划师。围绕“物流场景052-高不确定性”中的仓储、运输、成本任务，面向客服团队，制定一份可执行方案。请用用户故事输出，并从“成本”角度做重点判断。要求：用中文输出；标注假设和不确定性；最后给出3条可立即执行的下一步。
3953,物流,供应链规划师,家长,对比分析,可维护性,远程协作,任务编号 P3953。请扮演供应链规划师。围绕“物流场景053-远程协作”中的仓储、运输、成本任务，面向家长，列出关键问题并给出优先级。请用对比分析输出，并从“可维护性”角度做重点判断。要求：标注假设和不确定性；指出最容易忽略的细节；最后给出3条可立即执行的下一步。
3954,物流,供应链规划师,非技术读者,一页纸简报,长期价值,个人项目,任务编号 P3954。请扮演供应链规划师。围绕“物流场景054-个人项目”中的仓储、运输、成本任务，面向非技术读者，生成三种风格完全不同的版本。请用一页纸简报输出，并从“长期价值”角度做重点判断。要求：按影响力排序；避免专业黑话；最后给出3条可立即执行的下一步。
3955,物流,供应链规划师,中小企业主,评分矩阵,质量,质量波动,任务编号 P3955。请扮演供应链规划师。围绕“物流场景055-质量波动”中的仓储、运输、成本任务，面向中小企业主，把复杂内容改写成新手也能懂的说明。请用评分矩阵输出，并从“质量”角度做重点判断。要求：必要时提出澄清问题；用中文输出；最后给出3条可立即执行的下一步。
3956,物流,供应链规划师,资深从业者,用户故事,用户体验,用户流失,任务编号 P3956。请扮演供应链规划师。围绕“物流场景056-用户流失”中的仓储、运输、成本任务，面向资深从业者，设计一个从零到一的工作流。请用用户故事输出，并从“用户体验”角度做重点判断。要求：给出至少一个反例；兼顾成本和效果；最后给出3条可立即执行的下一步。
3957,物流,供应链规划师,自由职业者,对比分析,学习曲线,内部培训,任务编号 P3957。请扮演供应链规划师。围绕“物流场景057-内部培训”中的仓储、运输、成本任务，面向自由职业者，创建检查清单并标注常见坑。请用对比分析输出，并从“学习曲线”角度做重点判断。要求：按难易度排序；避免虚构事实；最后给出3条可立即执行的下一步。
3958,物流,供应链规划师,设计团队,一页纸简报,效率,需要复盘,任务编号 P3958。请扮演供应链规划师。围绕“物流场景058-需要复盘”中的仓储、运输、成本任务，面向设计团队，模拟专家评审并指出改进点。请用一页纸简报输出，并从“效率”角度做重点判断。要求：避免虚构事实；包含失败预案；最后给出3条可立即执行的下一步。
3959,物流,供应链规划师,投资人,评分矩阵,风险,时间紧迫,任务编号 P3959。请扮演供应链规划师。围绕“物流场景059-时间紧迫”中的仓储、运输、成本任务，面向投资人，根据目标用户重写表达。请用评分矩阵输出，并从“风险”角度做重点判断。要求：避免专业黑话；语言简洁，不说空话；最后给出3条可立即执行的下一步。
3960,物流,供应链规划师,海外用户,用户故事,增长,成熟企业,任务编号 P3960。请扮演供应链规划师。围绕“物流场景060-成熟企业”中的仓储、运输、成本任务，面向海外用户，提炼核心洞察并给出行动建议。请用用户故事输出，并从“增长”角度做重点判断。要求：包含衡量标准；按难易度排序；最后给出3条可立即执行的下一步。
3961,物流,供应链规划师,专家评审,对比分析,短期落地,需要降本,任务编号 P3961。请扮演供应链规划师。围绕“物流场景061-需要降本”中的仓储、运输、成本任务，面向专家评审，设计一套可量化指标。请用对比分析输出，并从“短期落地”角度做重点判断。要求：提供简短版本和完整版本；先给结论再解释；最后给出3条可立即执行的下一步。
3962,物流,供应链规划师,大学生,一页纸简报,成本,流程混乱,任务编号 P3962。请扮演供应链规划师。围绕“物流场景062-流程混乱”中的仓储、运输、成本任务，面向大学生，把零散想法整理成结构化大纲。请用一页纸简报输出，并从“成本”角度做重点判断。要求：适合在一天内开始执行；给出示例输入输出；最后给出3条可立即执行的下一步。
3963,物流,供应链规划师,管理层,评分矩阵,可维护性,数据不足,任务编号 P3963。请扮演供应链规划师。围绕“物流场景063-数据不足”中的仓储、运输、成本任务，面向管理层，生成可直接使用的模板。请用评分矩阵输出，并从“可维护性”角度做重点判断。要求：给出示例输入输出；给出至少一个反例；最后给出3条可立即执行的下一步。
3964,物流,供应链规划师,内容创作者,用户故事,长期价值,公开发布,任务编号 P3964。请扮演供应链规划师。围绕“物流场景064-公开发布”中的仓储、运输、成本任务，面向内容创作者，做一次反向推理找出隐藏风险。请用用户故事输出，并从“长期价值”角度做重点判断。要求：语言简洁，不说空话；保持中立客观；最后给出3条可立即执行的下一步。
3965,物流,供应链规划师,销售团队,对比分析,质量,多方协作,任务编号 P3965。请扮演供应链规划师。围绕“物流场景065-多方协作”中的仓储、运输、成本任务，面向销售团队，给出低成本试验方案。请用对比分析输出，并从“质量”角度做重点判断。要求：兼顾成本和效果；适合在一天内开始执行；最后给出3条可立即执行的下一步。
3966,物流,供应链规划师,教师,一页纸简报,用户体验,预算有限,任务编号 P3966。请扮演供应链规划师。围绕“物流场景066-预算有限”中的仓储、运输、成本任务，面向教师，创建对比表并推荐选择。请用一页纸简报输出，并从“用户体验”角度做重点判断。要求：指出最容易忽略的细节；必要时提出澄清问题；最后给出3条可立即执行的下一步。
3967,物流,供应链规划师,本地用户,评分矩阵,学习曲线,初创团队,任务编号 P3967。请扮演供应链规划师。围绕“物流场景067-初创团队”中的仓储、运输、成本任务，面向本地用户，把长内容压缩成高密度摘要。请用评分矩阵输出，并从“学习曲线”角度做重点判断。要求：包含可执行下一步；输出可直接复制使用；最后给出3条可立即执行的下一步。
3968,物流,供应链规划师,创始人,用户故事,效率,需要扩张,任务编号 P3968。请扮演供应链规划师。围绕“物流场景068-需要扩张”中的仓储、运输、成本任务，面向创始人，提出10个创新方向并排序。请用用户故事输出，并从“效率”角度做重点判断。要求：输出可直接复制使用；提供简短版本和完整版本；最后给出3条可立即执行的下一步。
3969,物流,供应链规划师,新手用户,对比分析,风险,新市场验证,任务编号 P3969。请扮演供应链规划师。围绕“物流场景069-新市场验证”中的仓储、运输、成本任务，面向新手用户，设计30天训练计划。请用对比分析输出，并从“风险”角度做重点判断。要求：保持中立客观；按影响力排序；最后给出3条可立即执行的下一步。
3970,物流,供应链规划师,一线执行团队,一页纸简报,增长,竞品压力,任务编号 P3970。请扮演供应链规划师。围绕“物流场景070-竞品压力”中的仓储、运输、成本任务，面向一线执行团队，构建决策树帮助判断下一步。请用一页纸简报输出，并从“增长”角度做重点判断。要求：先给结论再解释；包含可执行下一步；最后给出3条可立即执行的下一步。
3971,物流,供应链规划师,开发团队,评分矩阵,短期落地,准备上线,任务编号 P3971。请扮演供应链规划师。围绕“物流场景071-准备上线”中的仓储、运输、成本任务，面向开发团队，生成会议讨论提纲。请用评分矩阵输出，并从“短期落地”角度做重点判断。要求：包含失败预案；包含衡量标准；最后给出3条可立即执行的下一步。
3972,物流,供应链规划师,客服团队,用户故事,成本,高不确定性,任务编号 P3972。请扮演供应链规划师。围绕“物流场景072-高不确定性”中的仓储、运输、成本任务，面向客服团队，写一份面向管理层的简报。请用用户故事输出，并从“成本”角度做重点判断。要求：用中文输出；标注假设和不确定性；最后给出3条可立即执行的下一步。
3973,物流,供应链规划师,家长,对比分析,可维护性,远程协作,任务编号 P3973。请扮演供应链规划师。围绕“物流场景073-远程协作”中的仓储、运输、成本任务，面向家长，写一份面向执行者的操作手册。请用对比分析输出，并从“可维护性”角度做重点判断。要求：标注假设和不确定性；指出最容易忽略的细节；最后给出3条可立即执行的下一步。
3974,物流,供应链规划师,非技术读者,一页纸简报,长期价值,个人项目,任务编号 P3974。请扮演供应链规划师。围绕“物流场景074-个人项目”中的仓储、运输、成本任务，面向非技术读者，建立评估打分表。请用一页纸简报输出，并从“长期价值”角度做重点判断。要求：按影响力排序；避免专业黑话；最后给出3条可立即执行的下一步。
3975,物流,供应链规划师,中小企业主,评分矩阵,质量,质量波动,任务编号 P3975。请扮演供应链规划师。围绕“物流场景075-质量波动”中的仓储、运输、成本任务，面向中小企业主，提出自动化改造思路。请用评分矩阵输出，并从“质量”角度做重点判断。要求：必要时提出澄清问题；用中文输出；最后给出3条可立即执行的下一步。
3976,物流,供应链规划师,资深从业者,用户故事,用户体验,用户流失,任务编号 P3976。请扮演供应链规划师。围绕“物流场景076-用户流失”中的仓储、运输、成本任务，面向资深从业者，设计用户调研问题。请用用户故事输出，并从“用户体验”角度做重点判断。要求：给出至少一个反例；兼顾成本和效果；最后给出3条可立即执行的下一步。
3977,物流,供应链规划师,自由职业者,对比分析,学习曲线,内部培训,任务编号 P3977。请扮演供应链规划师。围绕“物流场景077-内部培训”中的仓储、运输、成本任务，面向自由职业者，模拟用户反馈并归纳模式。请用对比分析输出，并从“学习曲线”角度做重点判断。要求：按难易度排序；避免虚构事实；最后给出3条可立即执行的下一步。
3978,物流,供应链规划师,设计团队,一页纸简报,效率,需要复盘,任务编号 P3978。请扮演供应链规划师。围绕“物流场景078-需要复盘”中的仓储、运输、成本任务，面向设计团队，生成故障排查路径。请用一页纸简报输出，并从“效率”角度做重点判断。要求：避免虚构事实；包含失败预案；最后给出3条可立即执行的下一步。
3979,物流,供应链规划师,投资人,评分矩阵,风险,时间紧迫,任务编号 P3979。请扮演供应链规划师。围绕“物流场景079-时间紧迫”中的仓储、运输、成本任务，面向投资人，把目标拆成里程碑。请用评分矩阵输出，并从“风险”角度做重点判断。要求：避免专业黑话；语言简洁，不说空话；最后给出3条可立即执行的下一步。
3980,物流,供应链规划师,海外用户,用户故事,增长,成熟企业,任务编号 P3980。请扮演供应链规划师。围绕“物流场景080-成熟企业”中的仓储、运输、成本任务，面向海外用户，提出可复用命名规范。请用用户故事输出，并从“增长”角度做重点判断。要求：包含衡量标准；按难易度排序；最后给出3条可立即执行的下一步。
3981,物流,供应链规划师,专家评审,对比分析,短期落地,需要降本,任务编号 P3981。请扮演供应链规划师。围绕“物流场景081-需要降本”中的仓储、运输、成本任务，面向专家评审，创建风险登记册。请用对比分析输出，并从“短期落地”角度做重点判断。要求：提供简短版本和完整版本；先给结论再解释；最后给出3条可立即执行的下一步。
3982,物流,供应链规划师,大学生,一页纸简报,成本,流程混乱,任务编号 P3982。请扮演供应链规划师。围绕“物流场景082-流程混乱”中的仓储、运输、成本任务，面向大学生，制定一份可执行方案。请用一页纸简报输出，并从“成本”角度做重点判断。要求：适合在一天内开始执行；给出示例输入输出；最后给出3条可立即执行的下一步。
3983,物流,供应链规划师,管理层,评分矩阵,可维护性,数据不足,任务编号 P3983。请扮演供应链规划师。围绕“物流场景083-数据不足”中的仓储、运输、成本任务，面向管理层，列出关键问题并给出优先级。请用评分矩阵输出，并从“可维护性”角度做重点判断。要求：给出示例输入输出；给出至少一个反例；最后给出3条可立即执行的下一步。
3984,物流,供应链规划师,内容创作者,用户故事,长期价值,公开发布,任务编号 P3984。请扮演供应链规划师。围绕“物流场景084-公开发布”中的仓储、运输、成本任务，面向内容创作者，生成三种风格完全不同的版本。请用用户故事输出，并从“长期价值”角度做重点判断。要求：语言简洁，不说空话；保持中立客观；最后给出3条可立即执行的下一步。
3985,物流,供应链规划师,销售团队,对比分析,质量,多方协作,任务编号 P3985。请扮演供应链规划师。围绕“物流场景085-多方协作”中的仓储、运输、成本任务，面向销售团队，把复杂内容改写成新手也能懂的说明。请用对比分析输出，并从“质量”角度做重点判断。要求：兼顾成本和效果；适合在一天内开始执行；最后给出3条可立即执行的下一步。
3986,物流,供应链规划师,教师,一页纸简报,用户体验,预算有限,任务编号 P3986。请扮演供应链规划师。围绕“物流场景086-预算有限”中的仓储、运输、成本任务，面向教师，设计一个从零到一的工作流。请用一页纸简报输出，并从“用户体验”角度做重点判断。要求：指出最容易忽略的细节；必要时提出澄清问题；最后给出3条可立即执行的下一步。
3987,物流,供应链规划师,本地用户,评分矩阵,学习曲线,初创团队,任务编号 P3987。请扮演供应链规划师。围绕“物流场景087-初创团队”中的仓储、运输、成本任务，面向本地用户，创建检查清单并标注常见坑。请用评分矩阵输出，并从“学习曲线”角度做重点判断。要求：包含可执行下一步；输出可直接复制使用；最后给出3条可立即执行的下一步。
3988,物流,供应链规划师,创始人,用户故事,效率,需要扩张,任务编号 P3988。请扮演供应链规划师。围绕“物流场景088-需要扩张”中的仓储、运输、成本任务，面向创始人，模拟专家评审并指出改进点。请用用户故事输出，并从“效率”角度做重点判断。要求：输出可直接复制使用；提供简短版本和完整版本；最后给出3条可立即执行的下一步。
3989,物流,供应链规划师,新手用户,对比分析,风险,新市场验证,任务编号 P3989。请扮演供应链规划师。围绕“物流场景089-新市场验证”中的仓储、运输、成本任务，面向新手用户，根据目标用户重写表达。请用对比分析输出，并从“风险”角度做重点判断。要求：保持中立客观；按影响力排序；最后给出3条可立即执行的下一步。
3990,物流,供应链规划师,一线执行团队,一页纸简报,增长,竞品压力,任务编号 P3990。请扮演供应链规划师。围绕“物流场景090-竞品压力”中的仓储、运输、成本任务，面向一线执行团队，提炼核心洞察并给出行动建议。请用一页纸简报输出，并从“增长”角度做重点判断。要求：先给结论再解释；包含可执行下一步；最后给出3条可立即执行的下一步。
3991,物流,供应链规划师,开发团队,评分矩阵,短期落地,准备上线,任务编号 P3991。请扮演供应链规划师。围绕“物流场景091-准备上线”中的仓储、运输、成本任务，面向开发团队，设计一套可量化指标。请用评分矩阵输出，并从“短期落地”角度做重点判断。要求：包含失败预案；包含衡量标准；最后给出3条可立即执行的下一步。
3992,物流,供应链规划师,客服团队,用户故事,成本,高不确定性,任务编号 P3992。请扮演供应链规划师。围绕“物流场景092-高不确定性”中的仓储、运输、成本任务，面向客服团队，把零散想法整理成结构化大纲。请用用户故事输出，并从“成本”角度做重点判断。要求：用中文输出；标注假设和不确定性；最后给出3条可立即执行的下一步。
3993,物流,供应链规划师,家长,对比分析,可维护性,远程协作,任务编号 P3993。请扮演供应链规划师。围绕“物流场景093-远程协作”中的仓储、运输、成本任务，面向家长，生成可直接使用的模板。请用对比分析输出，并从“可维护性”角度做重点判断。要求：标注假设和不确定性；指出最容易忽略的细节；最后给出3条可立即执行的下一步。
3994,物流,供应链规划师,非技术读者,一页纸简报,长期价值,个人项目,任务编号 P3994。请扮演供应链规划师。围绕“物流场景094-个人项目”中的仓储、运输、成本任务，面向非技术读者，做一次反向推理找出隐藏风险。请用一页纸简报输出，并从“长期价值”角度做重点判断。要求：按影响力排序；避免专业黑话；最后给出3条可立即执行的下一步。
3995,物流,供应链规划师,中小企业主,评分矩阵,质量,质量波动,任务编号 P3995。请扮演供应链规划师。围绕“物流场景095-质量波动”中的仓储、运输、成本任务，面向中小企业主，给出低成本试验方案。请用评分矩阵输出，并从“质量”角度做重点判断。要求：必要时提出澄清问题；用中文输出；最后给出3条可立即执行的下一步。
3996,物流,供应链规划师,资深从业者,用户故事,用户体验,用户流失,任务编号 P3996。请扮演供应链规划师。围绕“物流场景096-用户流失”中的仓储、运输、成本任务，面向资深从业者，创建对比表并推荐选择。请用用户故事输出，并从“用户体验”角度做重点判断。要求：给出至少一个反例；兼顾成本和效果；最后给出3条可立即执行的下一步。
3997,物流,供应链规划师,自由职业者,对比分析,学习曲线,内部培训,任务编号 P3997。请扮演供应链规划师。围绕“物流场景097-内部培训”中的仓储、运输、成本任务，面向自由职业者，把长内容压缩成高密度摘要。请用对比分析输出，并从“学习曲线”角度做重点判断。要求：按难易度排序；避免虚构事实；最后给出3条可立即执行的下一步。
3998,物流,供应链规划师,设计团队,一页纸简报,效率,需要复盘,任务编号 P3998。请扮演供应链规划师。围绕“物流场景098-需要复盘”中的仓储、运输、成本任务，面向设计团队，提出10个创新方向并排序。请用一页纸简报输出，并从“效率”角度做重点判断。要求：避免虚构事实；包含失败预案；最后给出3条可立即执行的下一步。
3999,物流,供应链规划师,投资人,评分矩阵,风险,时间紧迫,任务编号 P3999。请扮演供应链规划师。围绕“物流场景099-时间紧迫”中的仓储、运输、成本任务，面向投资人，设计30天训练计划。请用评分矩阵输出，并从“风险”角度做重点判断。要求：避免专业黑话；语言简洁，不说空话；最后给出3条可立即执行的下一步。
4000,物流,供应链规划师,海外用户,用户故事,增长,成熟企业,任务编号 P4000。请扮演供应链规划师。围绕“物流场景100-成熟企业”中的仓储、运输、成本任务，面向海外用户，构建决策树帮助判断下一步。请用用户故事输出，并从“增长”角度做重点判断。要求：包含衡量标准；按难易度排序；最后给出3条可立即执行的下一步。
4001,安全,安全工程师,创始人,表格,效率,个人项目,任务编号 P4001。请扮演安全工程师。围绕“安全场景001-个人项目”中的威胁建模、审计、响应任务，面向创始人，把零散想法整理成结构化大纲。请用表格输出，并从“效率”角度做重点判断。要求：语言简洁，不说空话；标注假设和不确定性；最后给出3条可立即执行的下一步。
4002,安全,安全工程师,新手用户,邮件草稿,风险,质量波动,任务编号 P4002。请扮演安全工程师。围绕“安全场景002-质量波动”中的威胁建模、审计、响应任务，面向新手用户，生成可直接使用的模板。请用邮件草稿输出，并从“风险”角度做重点判断。要求：兼顾成本和效果；指出最容易忽略的细节；最后给出3条可立即执行的下一步。
4003,安全,安全工程师,一线执行团队,路线图,增长,用户流失,任务编号 P4003。请扮演安全工程师。围绕“安全场景003-用户流失”中的威胁建模、审计、响应任务，面向一线执行团队，做一次反向推理找出隐藏风险。请用路线图输出，并从“增长”角度做重点判断。要求：指出最容易忽略的细节；避免专业黑话；最后给出3条可立即执行的下一步。
4004,安全,安全工程师,开发团队,PRD片段,短期落地,内部培训,任务编号 P4004。请扮演安全工程师。围绕“安全场景004-内部培训”中的威胁建模、审计、响应任务，面向开发团队，给出低成本试验方案。请用PRD片段输出，并从“短期落地”角度做重点判断。要求：包含可执行下一步；用中文输出；最后给出3条可立即执行的下一步。
4005,安全,安全工程师,客服团队,表格,成本,需要复盘,任务编号 P4005。请扮演安全工程师。围绕“安全场景005-需要复盘”中的威胁建模、审计、响应任务，面向客服团队，创建对比表并推荐选择。请用表格输出，并从“成本”角度做重点判断。要求：输出可直接复制使用；兼顾成本和效果；最后给出3条可立即执行的下一步。
4006,安全,安全工程师,家长,邮件草稿,可维护性,时间紧迫,任务编号 P4006。请扮演安全工程师。围绕“安全场景006-时间紧迫”中的威胁建模、审计、响应任务，面向家长，把长内容压缩成高密度摘要。请用邮件草稿输出，并从“可维护性”角度做重点判断。要求：保持中立客观；避免虚构事实；最后给出3条可立即执行的下一步。
4007,安全,安全工程师,非技术读者,路线图,长期价值,成熟企业,任务编号 P4007。请扮演安全工程师。围绕“安全场景007-成熟企业”中的威胁建模、审计、响应任务，面向非技术读者，提出10个创新方向并排序。请用路线图输出，并从“长期价值”角度做重点判断。要求：先给结论再解释；包含失败预案；最后给出3条可立即执行的下一步。
4008,安全,安全工程师,中小企业主,PRD片段,质量,需要降本,任务编号 P4008。请扮演安全工程师。围绕“安全场景008-需要降本”中的威胁建模、审计、响应任务，面向中小企业主，设计30天训练计划。请用PRD片段输出，并从“质量”角度做重点判断。要求：包含失败预案；语言简洁，不说空话；最后给出3条可立即执行的下一步。
4009,安全,安全工程师,资深从业者,表格,用户体验,流程混乱,任务编号 P4009。请扮演安全工程师。围绕“安全场景009-流程混乱”中的威胁建模、审计、响应任务，面向资深从业者，构建决策树帮助判断下一步。请用表格输出，并从“用户体验”角度做重点判断。要求：用中文输出；按难易度排序；最后给出3条可立即执行的下一步。
4010,安全,安全工程师,自由职业者,邮件草稿,学习曲线,数据不足,任务编号 P4010。请扮演安全工程师。围绕“安全场景010-数据不足”中的威胁建模、审计、响应任务，面向自由职业者，生成会议讨论提纲。请用邮件草稿输出，并从“学习曲线”角度做重点判断。要求：标注假设和不确定性；先给结论再解释；最后给出3条可立即执行的下一步。
4011,安全,安全工程师,设计团队,路线图,效率,公开发布,任务编号 P4011。请扮演安全工程师。围绕“安全场景011-公开发布”中的威胁建模、审计、响应任务，面向设计团队，写一份面向管理层的简报。请用路线图输出，并从“效率”角度做重点判断。要求：按影响力排序；给出示例输入输出；最后给出3条可立即执行的下一步。
4012,安全,安全工程师,投资人,PRD片段,风险,多方协作,任务编号 P4012。请扮演安全工程师。围绕“安全场景012-多方协作”中的威胁建模、审计、响应任务，面向投资人，写一份面向执行者的操作手册。请用PRD片段输出，并从“风险”角度做重点判断。要求：必要时提出澄清问题；给出至少一个反例；最后给出3条可立即执行的下一步。
4013,安全,安全工程师,海外用户,表格,增长,预算有限,任务编号 P4013。请扮演安全工程师。围绕“安全场景013-预算有限”中的威胁建模、审计、响应任务，面向海外用户，建立评估打分表。请用表格输出，并从“增长”角度做重点判断。要求：给出至少一个反例；保持中立客观；最后给出3条可立即执行的下一步。
4014,安全,安全工程师,专家评审,邮件草稿,短期落地,初创团队,任务编号 P4014。请扮演安全工程师。围绕“安全场景014-初创团队”中的威胁建模、审计、响应任务，面向专家评审，提出自动化改造思路。请用邮件草稿输出，并从“短期落地”角度做重点判断。要求：按难易度排序；适合在一天内开始执行；最后给出3条可立即执行的下一步。
4015,安全,安全工程师,大学生,路线图,成本,需要扩张,任务编号 P4015。请扮演安全工程师。围绕“安全场景015-需要扩张”中的威胁建模、审计、响应任务，面向大学生，设计用户调研问题。请用路线图输出，并从“成本”角度做重点判断。要求：避免虚构事实；必要时提出澄清问题；最后给出3条可立即执行的下一步。
4016,安全,安全工程师,管理层,PRD片段,可维护性,新市场验证,任务编号 P4016。请扮演安全工程师。围绕“安全场景016-新市场验证”中的威胁建模、审计、响应任务，面向管理层，模拟用户反馈并归纳模式。请用PRD片段输出，并从“可维护性”角度做重点判断。要求：避免专业黑话；输出可直接复制使用；最后给出3条可立即执行的下一步。
4017,安全,安全工程师,内容创作者,表格,长期价值,竞品压力,任务编号 P4017。请扮演安全工程师。围绕“安全场景017-竞品压力”中的威胁建模、审计、响应任务，面向内容创作者，生成故障排查路径。请用表格输出，并从“长期价值”角度做重点判断。要求：包含衡量标准；提供简短版本和完整版本；最后给出3条可立即执行的下一步。
4018,安全,安全工程师,销售团队,邮件草稿,质量,准备上线,任务编号 P4018。请扮演安全工程师。围绕“安全场景018-准备上线”中的威胁建模、审计、响应任务，面向销售团队，把目标拆成里程碑。请用邮件草稿输出，并从“质量”角度做重点判断。要求：提供简短版本和完整版本；按影响力排序；最后给出3条可立即执行的下一步。
4019,安全,安全工程师,教师,路线图,用户体验,高不确定性,任务编号 P4019。请扮演安全工程师。围绕“安全场景019-高不确定性”中的威胁建模、审计、响应任务，面向教师，提出可复用命名规范。请用路线图输出，并从“用户体验”角度做重点判断。要求：适合在一天内开始执行；包含可执行下一步；最后给出3条可立即执行的下一步。
4020,安全,安全工程师,本地用户,PRD片段,学习曲线,远程协作,任务编号 P4020。请扮演安全工程师。围绕“安全场景020-远程协作”中的威胁建模、审计、响应任务，面向本地用户，创建风险登记册。请用PRD片段输出，并从“学习曲线”角度做重点判断。要求：给出示例输入输出；包含衡量标准；最后给出3条可立即执行的下一步。
4021,安全,安全工程师,创始人,表格,效率,个人项目,任务编号 P4021。请扮演安全工程师。围绕“安全场景021-个人项目”中的威胁建模、审计、响应任务，面向创始人，制定一份可执行方案。请用表格输出，并从“效率”角度做重点判断。要求：语言简洁，不说空话；标注假设和不确定性；最后给出3条可立即执行的下一步。
4022,安全,安全工程师,新手用户,邮件草稿,风险,质量波动,任务编号 P4022。请扮演安全工程师。围绕“安全场景022-质量波动”中的威胁建模、审计、响应任务，面向新手用户，列出关键问题并给出优先级。请用邮件草稿输出，并从“风险”角度做重点判断。要求：兼顾成本和效果；指出最容易忽略的细节；最后给出3条可立即执行的下一步。
4023,安全,安全工程师,一线执行团队,路线图,增长,用户流失,任务编号 P4023。请扮演安全工程师。围绕“安全场景023-用户流失”中的威胁建模、审计、响应任务，面向一线执行团队，生成三种风格完全不同的版本。请用路线图输出，并从“增长”角度做重点判断。要求：指出最容易忽略的细节；避免专业黑话；最后给出3条可立即执行的下一步。
4024,安全,安全工程师,开发团队,PRD片段,短期落地,内部培训,任务编号 P4024。请扮演安全工程师。围绕“安全场景024-内部培训”中的威胁建模、审计、响应任务，面向开发团队，把复杂内容改写成新手也能懂的说明。请用PRD片段输出，并从“短期落地”角度做重点判断。要求：包含可执行下一步；用中文输出；最后给出3条可立即执行的下一步。
4025,安全,安全工程师,客服团队,表格,成本,需要复盘,任务编号 P4025。请扮演安全工程师。围绕“安全场景025-需要复盘”中的威胁建模、审计、响应任务，面向客服团队，设计一个从零到一的工作流。请用表格输出，并从“成本”角度做重点判断。要求：输出可直接复制使用；兼顾成本和效果；最后给出3条可立即执行的下一步。
4026,安全,安全工程师,家长,邮件草稿,可维护性,时间紧迫,任务编号 P4026。请扮演安全工程师。围绕“安全场景026-时间紧迫”中的威胁建模、审计、响应任务，面向家长，创建检查清单并标注常见坑。请用邮件草稿输出，并从“可维护性”角度做重点判断。要求：保持中立客观；避免虚构事实；最后给出3条可立即执行的下一步。
4027,安全,安全工程师,非技术读者,路线图,长期价值,成熟企业,任务编号 P4027。请扮演安全工程师。围绕“安全场景027-成熟企业”中的威胁建模、审计、响应任务，面向非技术读者，模拟专家评审并指出改进点。请用路线图输出，并从“长期价值”角度做重点判断。要求：先给结论再解释；包含失败预案；最后给出3条可立即执行的下一步。
4028,安全,安全工程师,中小企业主,PRD片段,质量,需要降本,任务编号 P4028。请扮演安全工程师。围绕“安全场景028-需要降本”中的威胁建模、审计、响应任务，面向中小企业主，根据目标用户重写表达。请用PRD片段输出，并从“质量”角度做重点判断。要求：包含失败预案；语言简洁，不说空话；最后给出3条可立即执行的下一步。
4029,安全,安全工程师,资深从业者,表格,用户体验,流程混乱,任务编号 P4029。请扮演安全工程师。围绕“安全场景029-流程混乱”中的威胁建模、审计、响应任务，面向资深从业者，提炼核心洞察并给出行动建议。请用表格输出，并从“用户体验”角度做重点判断。要求：用中文输出；按难易度排序；最后给出3条可立即执行的下一步。
4030,安全,安全工程师,自由职业者,邮件草稿,学习曲线,数据不足,任务编号 P4030。请扮演安全工程师。围绕“安全场景030-数据不足”中的威胁建模、审计、响应任务，面向自由职业者，设计一套可量化指标。请用邮件草稿输出，并从“学习曲线”角度做重点判断。要求：标注假设和不确定性；先给结论再解释；最后给出3条可立即执行的下一步。
4031,安全,安全工程师,设计团队,路线图,效率,公开发布,任务编号 P4031。请扮演安全工程师。围绕“安全场景031-公开发布”中的威胁建模、审计、响应任务，面向设计团队，把零散想法整理成结构化大纲。请用路线图输出，并从“效率”角度做重点判断。要求：按影响力排序；给出示例输入输出；最后给出3条可立即执行的下一步。
4032,安全,安全工程师,投资人,PRD片段,风险,多方协作,任务编号 P4032。请扮演安全工程师。围绕“安全场景032-多方协作”中的威胁建模、审计、响应任务，面向投资人，生成可直接使用的模板。请用PRD片段输出，并从“风险”角度做重点判断。要求：必要时提出澄清问题；给出至少一个反例；最后给出3条可立即执行的下一步。
4033,安全,安全工程师,海外用户,表格,增长,预算有限,任务编号 P4033。请扮演安全工程师。围绕“安全场景033-预算有限”中的威胁建模、审计、响应任务，面向海外用户，做一次反向推理找出隐藏风险。请用表格输出，并从“增长”角度做重点判断。要求：给出至少一个反例；保持中立客观；最后给出3条可立即执行的下一步。
4034,安全,安全工程师,专家评审,邮件草稿,短期落地,初创团队,任务编号 P4034。请扮演安全工程师。围绕“安全场景034-初创团队”中的威胁建模、审计、响应任务，面向专家评审，给出低成本试验方案。请用邮件草稿输出，并从“短期落地”角度做重点判断。要求：按难易度排序；适合在一天内开始执行；最后给出3条可立即执行的下一步。
4035,安全,安全工程师,大学生,路线图,成本,需要扩张,任务编号 P4035。请扮演安全工程师。围绕“安全场景035-需要扩张”中的威胁建模、审计、响应任务，面向大学生，创建对比表并推荐选择。请用路线图输出，并从“成本”角度做重点判断。要求：避免虚构事实；必要时提出澄清问题；最后给出3条可立即执行的下一步。
4036,安全,安全工程师,管理层,PRD片段,可维护性,新市场验证,任务编号 P4036。请扮演安全工程师。围绕“安全场景036-新市场验证”中的威胁建模、审计、响应任务，面向管理层，把长内容压缩成高密度摘要。请用PRD片段输出，并从“可维护性”角度做重点判断。要求：避免专业黑话；输出可直接复制使用；最后给出3条可立即执行的下一步。
4037,安全,安全工程师,内容创作者,表格,长期价值,竞品压力,任务编号 P4037。请扮演安全工程师。围绕“安全场景037-竞品压力”中的威胁建模、审计、响应任务，面向内容创作者，提出10个创新方向并排序。请用表格输出，并从“长期价值”角度做重点判断。要求：包含衡量标准；提供简短版本和完整版本；最后给出3条可立即执行的下一步。
4038,安全,安全工程师,销售团队,邮件草稿,质量,准备上线,任务编号 P4038。请扮演安全工程师。围绕“安全场景038-准备上线”中的威胁建模、审计、响应任务，面向销售团队，设计30天训练计划。请用邮件草稿输出，并从“质量”角度做重点判断。要求：提供简短版本和完整版本；按影响力排序；最后给出3条可立即执行的下一步。
4039,安全,安全工程师,教师,路线图,用户体验,高不确定性,任务编号 P4039。请扮演安全工程师。围绕“安全场景039-高不确定性”中的威胁建模、审计、响应任务，面向教师，构建决策树帮助判断下一步。请用路线图输出，并从“用户体验”角度做重点判断。要求：适合在一天内开始执行；包含可执行下一步；最后给出3条可立即执行的下一步。
4040,安全,安全工程师,本地用户,PRD片段,学习曲线,远程协作,任务编号 P4040。请扮演安全工程师。围绕“安全场景040-远程协作”中的威胁建模、审计、响应任务，面向本地用户，生成会议讨论提纲。请用PRD片段输出，并从“学习曲线”角度做重点判断。要求：给出示例输入输出；包含衡量标准；最后给出3条可立即执行的下一步。
4041,安全,安全工程师,创始人,表格,效率,个人项目,任务编号 P4041。请扮演安全工程师。围绕“安全场景041-个人项目”中的威胁建模、审计、响应任务，面向创始人，写一份面向管理层的简报。请用表格输出，并从“效率”角度做重点判断。要求：语言简洁，不说空话；标注假设和不确定性；最后给出3条可立即执行的下一步。
4042,安全,安全工程师,新手用户,邮件草稿,风险,质量波动,任务编号 P4042。请扮演安全工程师。围绕“安全场景042-质量波动”中的威胁建模、审计、响应任务，面向新手用户，写一份面向执行者的操作手册。请用邮件草稿输出，并从“风险”角度做重点判断。要求：兼顾成本和效果；指出最容易忽略的细节；最后给出3条可立即执行的下一步。
4043,安全,安全工程师,一线执行团队,路线图,增长,用户流失,任务编号 P4043。请扮演安全工程师。围绕“安全场景043-用户流失”中的威胁建模、审计、响应任务，面向一线执行团队，建立评估打分表。请用路线图输出，并从“增长”角度做重点判断。要求：指出最容易忽略的细节；避免专业黑话；最后给出3条可立即执行的下一步。
4044,安全,安全工程师,开发团队,PRD片段,短期落地,内部培训,任务编号 P4044。请扮演安全工程师。围绕“安全场景044-内部培训”中的威胁建模、审计、响应任务，面向开发团队，提出自动化改造思路。请用PRD片段输出，并从“短期落地”角度做重点判断。要求：包含可执行下一步；用中文输出；最后给出3条可立即执行的下一步。
4045,安全,安全工程师,客服团队,表格,成本,需要复盘,任务编号 P4045。请扮演安全工程师。围绕“安全场景045-需要复盘”中的威胁建模、审计、响应任务，面向客服团队，设计用户调研问题。请用表格输出，并从“成本”角度做重点判断。要求：输出可直接复制使用；兼顾成本和效果；最后给出3条可立即执行的下一步。
4046,安全,安全工程师,家长,邮件草稿,可维护性,时间紧迫,任务编号 P4046。请扮演安全工程师。围绕“安全场景046-时间紧迫”中的威胁建模、审计、响应任务，面向家长，模拟用户反馈并归纳模式。请用邮件草稿输出，并从“可维护性”角度做重点判断。要求：保持中立客观；避免虚构事实；最后给出3条可立即执行的下一步。
4047,安全,安全工程师,非技术读者,路线图,长期价值,成熟企业,任务编号 P4047。请扮演安全工程师。围绕“安全场景047-成熟企业”中的威胁建模、审计、响应任务，面向非技术读者，生成故障排查路径。请用路线图输出，并从“长期价值”角度做重点判断。要求：先给结论再解释；包含失败预案；最后给出3条可立即执行的下一步。
4048,安全,安全工程师,中小企业主,PRD片段,质量,需要降本,任务编号 P4048。请扮演安全工程师。围绕“安全场景048-需要降本”中的威胁建模、审计、响应任务，面向中小企业主，把目标拆成里程碑。请用PRD片段输出，并从“质量”角度做重点判断。要求：包含失败预案；语言简洁，不说空话；最后给出3条可立即执行的下一步。
4049,安全,安全工程师,资深从业者,表格,用户体验,流程混乱,任务编号 P4049。请扮演安全工程师。围绕“安全场景049-流程混乱”中的威胁建模、审计、响应任务，面向资深从业者，提出可复用命名规范。请用表格输出，并从“用户体验”角度做重点判断。要求：用中文输出；按难易度排序；最后给出3条可立即执行的下一步。
4050,安全,安全工程师,自由职业者,邮件草稿,学习曲线,数据不足,任务编号 P4050。请扮演安全工程师。围绕“安全场景050-数据不足”中的威胁建模、审计、响应任务，面向自由职业者，创建风险登记册。请用邮件草稿输出，并从“学习曲线”角度做重点判断。要求：标注假设和不确定性；先给结论再解释；最后给出3条可立即执行的下一步。
4051,安全,安全工程师,设计团队,路线图,效率,公开发布,任务编号 P4051。请扮演安全工程师。围绕“安全场景051-公开发布”中的威胁建模、审计、响应任务，面向设计团队，制定一份可执行方案。请用路线图输出，并从“效率”角度做重点判断。要求：按影响力排序；给出示例输入输出；最后给出3条可立即执行的下一步。
4052,安全,安全工程师,投资人,PRD片段,风险,多方协作,任务编号 P4052。请扮演安全工程师。围绕“安全场景052-多方协作”中的威胁建模、审计、响应任务，面向投资人，列出关键问题并给出优先级。请用PRD片段输出，并从“风险”角度做重点判断。要求：必要时提出澄清问题；给出至少一个反例；最后给出3条可立即执行的下一步。
4053,安全,安全工程师,海外用户,表格,增长,预算有限,任务编号 P4053。请扮演安全工程师。围绕“安全场景053-预算有限”中的威胁建模、审计、响应任务，面向海外用户，生成三种风格完全不同的版本。请用表格输出，并从“增长”角度做重点判断。要求：给出至少一个反例；保持中立客观；最后给出3条可立即执行的下一步。
4054,安全,安全工程师,专家评审,邮件草稿,短期落地,初创团队,任务编号 P4054。请扮演安全工程师。围绕“安全场景054-初创团队”中的威胁建模、审计、响应任务，面向专家评审，把复杂内容改写成新手也能懂的说明。请用邮件草稿输出，并从“短期落地”角度做重点判断。要求：按难易度排序；适合在一天内开始执行；最后给出3条可立即执行的下一步。
4055,安全,安全工程师,大学生,路线图,成本,需要扩张,任务编号 P4055。请扮演安全工程师。围绕“安全场景055-需要扩张”中的威胁建模、审计、响应任务，面向大学生，设计一个从零到一的工作流。请用路线图输出，并从“成本”角度做重点判断。要求：避免虚构事实；必要时提出澄清问题；最后给出3条可立即执行的下一步。
4056,安全,安全工程师,管理层,PRD片段,可维护性,新市场验证,任务编号 P4056。请扮演安全工程师。围绕“安全场景056-新市场验证”中的威胁建模、审计、响应任务，面向管理层，创建检查清单并标注常见坑。请用PRD片段输出，并从“可维护性”角度做重点判断。要求：避免专业黑话；输出可直接复制使用；最后给出3条可立即执行的下一步。
4057,安全,安全工程师,内容创作者,表格,长期价值,竞品压力,任务编号 P4057。请扮演安全工程师。围绕“安全场景057-竞品压力”中的威胁建模、审计、响应任务，面向内容创作者，模拟专家评审并指出改进点。请用表格输出，并从“长期价值”角度做重点判断。要求：包含衡量标准；提供简短版本和完整版本；最后给出3条可立即执行的下一步。
4058,安全,安全工程师,销售团队,邮件草稿,质量,准备上线,任务编号 P4058。请扮演安全工程师。围绕“安全场景058-准备上线”中的威胁建模、审计、响应任务，面向销售团队，根据目标用户重写表达。请用邮件草稿输出，并从“质量”角度做重点判断。要求：提供简短版本和完整版本；按影响力排序；最后给出3条可立即执行的下一步。
4059,安全,安全工程师,教师,路线图,用户体验,高不确定性,任务编号 P4059。请扮演安全工程师。围绕“安全场景059-高不确定性”中的威胁建模、审计、响应任务，面向教师，提炼核心洞察并给出行动建议。请用路线图输出，并从“用户体验”角度做重点判断。要求：适合在一天内开始执行；包含可执行下一步；最后给出3条可立即执行的下一步。
4060,安全,安全工程师,本地用户,PRD片段,学习曲线,远程协作,任务编号 P4060。请扮演安全工程师。围绕“安全场景060-远程协作”中的威胁建模、审计、响应任务，面向本地用户，设计一套可量化指标。请用PRD片段输出，并从“学习曲线”角度做重点判断。要求：给出示例输入输出；包含衡量标准；最后给出3条可立即执行的下一步。
4061,安全,安全工程师,创始人,表格,效率,个人项目,任务编号 P4061。请扮演安全工程师。围绕“安全场景061-个人项目”中的威胁建模、审计、响应任务，面向创始人，把零散想法整理成结构化大纲。请用表格输出，并从“效率”角度做重点判断。要求：语言简洁，不说空话；标注假设和不确定性；最后给出3条可立即执行的下一步。
4062,安全,安全工程师,新手用户,邮件草稿,风险,质量波动,任务编号 P4062。请扮演安全工程师。围绕“安全场景062-质量波动”中的威胁建模、审计、响应任务，面向新手用户，生成可直接使用的模板。请用邮件草稿输出，并从“风险”角度做重点判断。要求：兼顾成本和效果；指出最容易忽略的细节；最后给出3条可立即执行的下一步。
4063,安全,安全工程师,一线执行团队,路线图,增长,用户流失,任务编号 P4063。请扮演安全工程师。围绕“安全场景063-用户流失”中的威胁建模、审计、响应任务，面向一线执行团队，做一次反向推理找出隐藏风险。请用路线图输出，并从“增长”角度做重点判断。要求：指出最容易忽略的细节；避免专业黑话；最后给出3条可立即执行的下一步。
4064,安全,安全工程师,开发团队,PRD片段,短期落地,内部培训,任务编号 P4064。请扮演安全工程师。围绕“安全场景064-内部培训”中的威胁建模、审计、响应任务，面向开发团队，给出低成本试验方案。请用PRD片段输出，并从“短期落地”角度做重点判断。要求：包含可执行下一步；用中文输出；最后给出3条可立即执行的下一步。
4065,安全,安全工程师,客服团队,表格,成本,需要复盘,任务编号 P4065。请扮演安全工程师。围绕“安全场景065-需要复盘”中的威胁建模、审计、响应任务，面向客服团队，创建对比表并推荐选择。请用表格输出，并从“成本”角度做重点判断。要求：输出可直接复制使用；兼顾成本和效果；最后给出3条可立即执行的下一步。
4066,安全,安全工程师,家长,邮件草稿,可维护性,时间紧迫,任务编号 P4066。请扮演安全工程师。围绕“安全场景066-时间紧迫”中的威胁建模、审计、响应任务，面向家长，把长内容压缩成高密度摘要。请用邮件草稿输出，并从“可维护性”角度做重点判断。要求：保持中立客观；避免虚构事实；最后给出3条可立即执行的下一步。
4067,安全,安全工程师,非技术读者,路线图,长期价值,成熟企业,任务编号 P4067。请扮演安全工程师。围绕“安全场景067-成熟企业”中的威胁建模、审计、响应任务，面向非技术读者，提出10个创新方向并排序。请用路线图输出，并从“长期价值”角度做重点判断。要求：先给结论再解释；包含失败预案；最后给出3条可立即执行的下一步。
4068,安全,安全工程师,中小企业主,PRD片段,质量,需要降本,任务编号 P4068。请扮演安全工程师。围绕“安全场景068-需要降本”中的威胁建模、审计、响应任务，面向中小企业主，设计30天训练计划。请用PRD片段输出，并从“质量”角度做重点判断。要求：包含失败预案；语言简洁，不说空话；最后给出3条可立即执行的下一步。
4069,安全,安全工程师,资深从业者,表格,用户体验,流程混乱,任务编号 P4069。请扮演安全工程师。围绕“安全场景069-流程混乱”中的威胁建模、审计、响应任务，面向资深从业者，构建决策树帮助判断下一步。请用表格输出，并从“用户体验”角度做重点判断。要求：用中文输出；按难易度排序；最后给出3条可立即执行的下一步。
4070,安全,安全工程师,自由职业者,邮件草稿,学习曲线,数据不足,任务编号 P4070。请扮演安全工程师。围绕“安全场景070-数据不足”中的威胁建模、审计、响应任务，面向自由职业者，生成会议讨论提纲。请用邮件草稿输出，并从“学习曲线”角度做重点判断。要求：标注假设和不确定性；先给结论再解释；最后给出3条可立即执行的下一步。
4071,安全,安全工程师,设计团队,路线图,效率,公开发布,任务编号 P4071。请扮演安全工程师。围绕“安全场景071-公开发布”中的威胁建模、审计、响应任务，面向设计团队，写一份面向管理层的简报。请用路线图输出，并从“效率”角度做重点判断。要求：按影响力排序；给出示例输入输出；最后给出3条可立即执行的下一步。
4072,安全,安全工程师,投资人,PRD片段,风险,多方协作,任务编号 P4072。请扮演安全工程师。围绕“安全场景072-多方协作”中的威胁建模、审计、响应任务，面向投资人，写一份面向执行者的操作手册。请用PRD片段输出，并从“风险”角度做重点判断。要求：必要时提出澄清问题；给出至少一个反例；最后给出3条可立即执行的下一步。
4073,安全,安全工程师,海外用户,表格,增长,预算有限,任务编号 P4073。请扮演安全工程师。围绕“安全场景073-预算有限”中的威胁建模、审计、响应任务，面向海外用户，建立评估打分表。请用表格输出，并从“增长”角度做重点判断。要求：给出至少一个反例；保持中立客观；最后给出3条可立即执行的下一步。
4074,安全,安全工程师,专家评审,邮件草稿,短期落地,初创团队,任务编号 P4074。请扮演安全工程师。围绕“安全场景074-初创团队”中的威胁建模、审计、响应任务，面向专家评审，提出自动化改造思路。请用邮件草稿输出，并从“短期落地”角度做重点判断。要求：按难易度排序；适合在一天内开始执行；最后给出3条可立即执行的下一步。
4075,安全,安全工程师,大学生,路线图,成本,需要扩张,任务编号 P4075。请扮演安全工程师。围绕“安全场景075-需要扩张”中的威胁建模、审计、响应任务，面向大学生，设计用户调研问题。请用路线图输出，并从“成本”角度做重点判断。要求：避免虚构事实；必要时提出澄清问题；最后给出3条可立即执行的下一步。
4076,安全,安全工程师,管理层,PRD片段,可维护性,新市场验证,任务编号 P4076。请扮演安全工程师。围绕“安全场景076-新市场验证”中的威胁建模、审计、响应任务，面向管理层，模拟用户反馈并归纳模式。请用PRD片段输出，并从“可维护性”角度做重点判断。要求：避免专业黑话；输出可直接复制使用；最后给出3条可立即执行的下一步。
4077,安全,安全工程师,内容创作者,表格,长期价值,竞品压力,任务编号 P4077。请扮演安全工程师。围绕“安全场景077-竞品压力”中的威胁建模、审计、响应任务，面向内容创作者，生成故障排查路径。请用表格输出，并从“长期价值”角度做重点判断。要求：包含衡量标准；提供简短版本和完整版本；最后给出3条可立即执行的下一步。
4078,安全,安全工程师,销售团队,邮件草稿,质量,准备上线,任务编号 P4078。请扮演安全工程师。围绕“安全场景078-准备上线”中的威胁建模、审计、响应任务，面向销售团队，把目标拆成里程碑。请用邮件草稿输出，并从“质量”角度做重点判断。要求：提供简短版本和完整版本；按影响力排序；最后给出3条可立即执行的下一步。
4079,安全,安全工程师,教师,路线图,用户体验,高不确定性,任务编号 P4079。请扮演安全工程师。围绕“安全场景079-高不确定性”中的威胁建模、审计、响应任务，面向教师，提出可复用命名规范。请用路线图输出，并从“用户体验”角度做重点判断。要求：适合在一天内开始执行；包含可执行下一步；最后给出3条可立即执行的下一步。
4080,安全,安全工程师,本地用户,PRD片段,学习曲线,远程协作,任务编号 P4080。请扮演安全工程师。围绕“安全场景080-远程协作”中的威胁建模、审计、响应任务，面向本地用户，创建风险登记册。请用PRD片段输出，并从“学习曲线”角度做重点判断。要求：给出示例输入输出；包含衡量标准；最后给出3条可立即执行的下一步。
4081,安全,安全工程师,创始人,表格,效率,个人项目,任务编号 P4081。请扮演安全工程师。围绕“安全场景081-个人项目”中的威胁建模、审计、响应任务，面向创始人，制定一份可执行方案。请用表格输出，并从“效率”角度做重点判断。要求：语言简洁，不说空话；标注假设和不确定性；最后给出3条可立即执行的下一步。
4082,安全,安全工程师,新手用户,邮件草稿,风险,质量波动,任务编号 P4082。请扮演安全工程师。围绕“安全场景082-质量波动”中的威胁建模、审计、响应任务，面向新手用户，列出关键问题并给出优先级。请用邮件草稿输出，并从“风险”角度做重点判断。要求：兼顾成本和效果；指出最容易忽略的细节；最后给出3条可立即执行的下一步。
4083,安全,安全工程师,一线执行团队,路线图,增长,用户流失,任务编号 P4083。请扮演安全工程师。围绕“安全场景083-用户流失”中的威胁建模、审计、响应任务，面向一线执行团队，生成三种风格完全不同的版本。请用路线图输出，并从“增长”角度做重点判断。要求：指出最容易忽略的细节；避免专业黑话；最后给出3条可立即执行的下一步。
4084,安全,安全工程师,开发团队,PRD片段,短期落地,内部培训,任务编号 P4084。请扮演安全工程师。围绕“安全场景084-内部培训”中的威胁建模、审计、响应任务，面向开发团队，把复杂内容改写成新手也能懂的说明。请用PRD片段输出，并从“短期落地”角度做重点判断。要求：包含可执行下一步；用中文输出；最后给出3条可立即执行的下一步。
4085,安全,安全工程师,客服团队,表格,成本,需要复盘,任务编号 P4085。请扮演安全工程师。围绕“安全场景085-需要复盘”中的威胁建模、审计、响应任务，面向客服团队，设计一个从零到一的工作流。请用表格输出，并从“成本”角度做重点判断。要求：输出可直接复制使用；兼顾成本和效果；最后给出3条可立即执行的下一步。
4086,安全,安全工程师,家长,邮件草稿,可维护性,时间紧迫,任务编号 P4086。请扮演安全工程师。围绕“安全场景086-时间紧迫”中的威胁建模、审计、响应任务，面向家长，创建检查清单并标注常见坑。请用邮件草稿输出，并从“可维护性”角度做重点判断。要求：保持中立客观；避免虚构事实；最后给出3条可立即执行的下一步。
4087,安全,安全工程师,非技术读者,路线图,长期价值,成熟企业,任务编号 P4087。请扮演安全工程师。围绕“安全场景087-成熟企业”中的威胁建模、审计、响应任务，面向非技术读者，模拟专家评审并指出改进点。请用路线图输出，并从“长期价值”角度做重点判断。要求：先给结论再解释；包含失败预案；最后给出3条可立即执行的下一步。
4088,安全,安全工程师,中小企业主,PRD片段,质量,需要降本,任务编号 P4088。请扮演安全工程师。围绕“安全场景088-需要降本”中的威胁建模、审计、响应任务，面向中小企业主，根据目标用户重写表达。请用PRD片段输出，并从“质量”角度做重点判断。要求：包含失败预案；语言简洁，不说空话；最后给出3条可立即执行的下一步。
4089,安全,安全工程师,资深从业者,表格,用户体验,流程混乱,任务编号 P4089。请扮演安全工程师。围绕“安全场景089-流程混乱”中的威胁建模、审计、响应任务，面向资深从业者，提炼核心洞察并给出行动建议。请用表格输出，并从“用户体验”角度做重点判断。要求：用中文输出；按难易度排序；最后给出3条可立即执行的下一步。
4090,安全,安全工程师,自由职业者,邮件草稿,学习曲线,数据不足,任务编号 P4090。请扮演安全工程师。围绕“安全场景090-数据不足”中的威胁建模、审计、响应任务，面向自由职业者，设计一套可量化指标。请用邮件草稿输出，并从“学习曲线”角度做重点判断。要求：标注假设和不确定性；先给结论再解释；最后给出3条可立即执行的下一步。
4091,安全,安全工程师,设计团队,路线图,效率,公开发布,任务编号 P4091。请扮演安全工程师。围绕“安全场景091-公开发布”中的威胁建模、审计、响应任务，面向设计团队，把零散想法整理成结构化大纲。请用路线图输出，并从“效率”角度做重点判断。要求：按影响力排序；给出示例输入输出；最后给出3条可立即执行的下一步。
4092,安全,安全工程师,投资人,PRD片段,风险,多方协作,任务编号 P4092。请扮演安全工程师。围绕“安全场景092-多方协作”中的威胁建模、审计、响应任务，面向投资人，生成可直接使用的模板。请用PRD片段输出，并从“风险”角度做重点判断。要求：必要时提出澄清问题；给出至少一个反例；最后给出3条可立即执行的下一步。
4093,安全,安全工程师,海外用户,表格,增长,预算有限,任务编号 P4093。请扮演安全工程师。围绕“安全场景093-预算有限”中的威胁建模、审计、响应任务，面向海外用户，做一次反向推理找出隐藏风险。请用表格输出，并从“增长”角度做重点判断。要求：给出至少一个反例；保持中立客观；最后给出3条可立即执行的下一步。
4094,安全,安全工程师,专家评审,邮件草稿,短期落地,初创团队,任务编号 P4094。请扮演安全工程师。围绕“安全场景094-初创团队”中的威胁建模、审计、响应任务，面向专家评审，给出低成本试验方案。请用邮件草稿输出，并从“短期落地”角度做重点判断。要求：按难易度排序；适合在一天内开始执行；最后给出3条可立即执行的下一步。
4095,安全,安全工程师,大学生,路线图,成本,需要扩张,任务编号 P4095。请扮演安全工程师。围绕“安全场景095-需要扩张”中的威胁建模、审计、响应任务，面向大学生，创建对比表并推荐选择。请用路线图输出，并从“成本”角度做重点判断。要求：避免虚构事实；必要时提出澄清问题；最后给出3条可立即执行的下一步。
4096,安全,安全工程师,管理层,PRD片段,可维护性,新市场验证,任务编号 P4096。请扮演安全工程师。围绕“安全场景096-新市场验证”中的威胁建模、审计、响应任务，面向管理层，把长内容压缩成高密度摘要。请用PRD片段输出，并从“可维护性”角度做重点判断。要求：避免专业黑话；输出可直接复制使用；最后给出3条可立即执行的下一步。
4097,安全,安全工程师,内容创作者,表格,长期价值,竞品压力,任务编号 P4097。请扮演安全工程师。围绕“安全场景097-竞品压力”中的威胁建模、审计、响应任务，面向内容创作者，提出10个创新方向并排序。请用表格输出，并从“长期价值”角度做重点判断。要求：包含衡量标准；提供简短版本和完整版本；最后给出3条可立即执行的下一步。
4098,安全,安全工程师,销售团队,邮件草稿,质量,准备上线,任务编号 P4098。请扮演安全工程师。围绕“安全场景098-准备上线”中的威胁建模、审计、响应任务，面向销售团队，设计30天训练计划。请用邮件草稿输出，并从“质量”角度做重点判断。要求：提供简短版本和完整版本；按影响力排序；最后给出3条可立即执行的下一步。
4099,安全,安全工程师,教师,路线图,用户体验,高不确定性,任务编号 P4099。请扮演安全工程师。围绕“安全场景099-高不确定性”中的威胁建模、审计、响应任务，面向教师，构建决策树帮助判断下一步。请用路线图输出，并从“用户体验”角度做重点判断。要求：适合在一天内开始执行；包含可执行下一步；最后给出3条可立即执行的下一步。
4100,安全,安全工程师,本地用户,PRD片段,学习曲线,远程协作,任务编号 P4100。请扮演安全工程师。围绕“安全场景100-远程协作”中的威胁建模、审计、响应任务，面向本地用户，生成会议讨论提纲。请用PRD片段输出，并从“学习曲线”角度做重点判断。要求：给出示例输入输出；包含衡量标准；最后给出3条可立即执行的下一步。
4101,AI,AI应用架构师,中小企业主,编号清单,质量,初创团队,任务编号 P4101。请扮演AI应用架构师。围绕“AI场景001-初创团队”中的智能体、RAG、评测任务，面向中小企业主，生成可直接使用的模板。请用编号清单输出，并从“质量”角度做重点判断。要求：包含可执行下一步；给出至少一个反例；最后给出3条可立即执行的下一步。
4102,AI,AI应用架构师,资深从业者,对话脚本,用户体验,需要扩张,任务编号 P4102。请扮演AI应用架构师。围绕“AI场景002-需要扩张”中的智能体、RAG、评测任务，面向资深从业者，做一次反向推理找出隐藏风险。请用对话脚本输出，并从“用户体验”角度做重点判断。要求：输出可直接复制使用；保持中立客观；最后给出3条可立即执行的下一步。
4103,AI,AI应用架构师,自由职业者,FAQ,学习曲线,新市场验证,任务编号 P4103。请扮演AI应用架构师。围绕“AI场景003-新市场验证”中的智能体、RAG、评测任务，面向自由职业者，给出低成本试验方案。请用FAQ输出，并从“学习曲线”角度做重点判断。要求：保持中立客观；适合在一天内开始执行；最后给出3条可立即执行的下一步。
4104,AI,AI应用架构师,设计团队,演讲稿,效率,竞品压力,任务编号 P4104。请扮演AI应用架构师。围绕“AI场景004-竞品压力”中的智能体、RAG、评测任务，面向设计团队，创建对比表并推荐选择。请用演讲稿输出，并从“效率”角度做重点判断。要求：先给结论再解释；必要时提出澄清问题；最后给出3条可立即执行的下一步。
4105,AI,AI应用架构师,投资人,编号清单,风险,准备上线,任务编号 P4105。请扮演AI应用架构师。围绕“AI场景005-准备上线”中的智能体、RAG、评测任务，面向投资人，把长内容压缩成高密度摘要。请用编号清单输出，并从“风险”角度做重点判断。要求：包含失败预案；输出可直接复制使用；最后给出3条可立即执行的下一步。
4106,AI,AI应用架构师,海外用户,对话脚本,增长,高不确定性,任务编号 P4106。请扮演AI应用架构师。围绕“AI场景006-高不确定性”中的智能体、RAG、评测任务，面向海外用户，提出10个创新方向并排序。请用对话脚本输出，并从“增长”角度做重点判断。要求：用中文输出；提供简短版本和完整版本；最后给出3条可立即执行的下一步。
4107,AI,AI应用架构师,专家评审,FAQ,短期落地,远程协作,任务编号 P4107。请扮演AI应用架构师。围绕“AI场景007-远程协作”中的智能体、RAG、评测任务，面向专家评审，设计30天训练计划。请用FAQ输出，并从“短期落地”角度做重点判断。要求：标注假设和不确定性；按影响力排序；最后给出3条可立即执行的下一步。
4108,AI,AI应用架构师,大学生,演讲稿,成本,个人项目,任务编号 P4108。请扮演AI应用架构师。围绕“AI场景008-个人项目”中的智能体、RAG、评测任务，面向大学生，构建决策树帮助判断下一步。请用演讲稿输出，并从“成本”角度做重点判断。要求：按影响力排序；包含可执行下一步；最后给出3条可立即执行的下一步。
4109,AI,AI应用架构师,管理层,编号清单,可维护性,质量波动,任务编号 P4109。请扮演AI应用架构师。围绕“AI场景009-质量波动”中的智能体、RAG、评测任务，面向管理层，生成会议讨论提纲。请用编号清单输出，并从“可维护性”角度做重点判断。要求：必要时提出澄清问题；包含衡量标准；最后给出3条可立即执行的下一步。
4110,AI,AI应用架构师,内容创作者,对话脚本,长期价值,用户流失,任务编号 P4110。请扮演AI应用架构师。围绕“AI场景010-用户流失”中的智能体、RAG、评测任务，面向内容创作者，写一份面向管理层的简报。请用对话脚本输出，并从“长期价值”角度做重点判断。要求：给出至少一个反例；标注假设和不确定性；最后给出3条可立即执行的下一步。
4111,AI,AI应用架构师,销售团队,FAQ,质量,内部培训,任务编号 P4111。请扮演AI应用架构师。围绕“AI场景011-内部培训”中的智能体、RAG、评测任务，面向销售团队，写一份面向执行者的操作手册。请用FAQ输出，并从“质量”角度做重点判断。要求：按难易度排序；指出最容易忽略的细节；最后给出3条可立即执行的下一步。
4112,AI,AI应用架构师,教师,演讲稿,用户体验,需要复盘,任务编号 P4112。请扮演AI应用架构师。围绕“AI场景012-需要复盘”中的智能体、RAG、评测任务，面向教师，建立评估打分表。请用演讲稿输出，并从“用户体验”角度做重点判断。要求：避免虚构事实；避免专业黑话；最后给出3条可立即执行的下一步。
4113,AI,AI应用架构师,本地用户,编号清单,学习曲线,时间紧迫,任务编号 P4113。请扮演AI应用架构师。围绕“AI场景013-时间紧迫”中的智能体、RAG、评测任务，面向本地用户，提出自动化改造思路。请用编号清单输出，并从“学习曲线”角度做重点判断。要求：避免专业黑话；用中文输出；最后给出3条可立即执行的下一步。
4114,AI,AI应用架构师,创始人,对话脚本,效率,成熟企业,任务编号 P4114。请扮演AI应用架构师。围绕“AI场景014-成熟企业”中的智能体、RAG、评测任务，面向创始人，设计用户调研问题。请用对话脚本输出，并从“效率”角度做重点判断。要求：包含衡量标准；兼顾成本和效果；最后给出3条可立即执行的下一步。
4115,AI,AI应用架构师,新手用户,FAQ,风险,需要降本,任务编号 P4115。请扮演AI应用架构师。围绕“AI场景015-需要降本”中的智能体、RAG、评测任务，面向新手用户，模拟用户反馈并归纳模式。请用FAQ输出，并从“风险”角度做重点判断。要求：提供简短版本和完整版本；避免虚构事实；最后给出3条可立即执行的下一步。
4116,AI,AI应用架构师,一线执行团队,演讲稿,增长,流程混乱,任务编号 P4116。请扮演AI应用架构师。围绕“AI场景016-流程混乱”中的智能体、RAG、评测任务，面向一线执行团队，生成故障排查路径。请用演讲稿输出，并从“增长”角度做重点判断。要求：适合在一天内开始执行；包含失败预案；最后给出3条可立即执行的下一步。
4117,AI,AI应用架构师,开发团队,编号清单,短期落地,数据不足,任务编号 P4117。请扮演AI应用架构师。围绕“AI场景017-数据不足”中的智能体、RAG、评测任务，面向开发团队，把目标拆成里程碑。请用编号清单输出，并从“短期落地”角度做重点判断。要求：给出示例输入输出；语言简洁，不说空话；最后给出3条可立即执行的下一步。
4118,AI,AI应用架构师,客服团队,对话脚本,成本,公开发布,任务编号 P4118。请扮演AI应用架构师。围绕“AI场景018-公开发布”中的智能体、RAG、评测任务，面向客服团队，提出可复用命名规范。请用对话脚本输出，并从“成本”角度做重点判断。要求：语言简洁，不说空话；按难易度排序；最后给出3条可立即执行的下一步。
4119,AI,AI应用架构师,家长,FAQ,可维护性,多方协作,任务编号 P4119。请扮演AI应用架构师。围绕“AI场景019-多方协作”中的智能体、RAG、评测任务，面向家长，创建风险登记册。请用FAQ输出，并从“可维护性”角度做重点判断。要求：兼顾成本和效果；先给结论再解释；最后给出3条可立即执行的下一步。
4120,AI,AI应用架构师,非技术读者,演讲稿,长期价值,预算有限,任务编号 P4120。请扮演AI应用架构师。围绕“AI场景020-预算有限”中的智能体、RAG、评测任务，面向非技术读者，制定一份可执行方案。请用演讲稿输出，并从“长期价值”角度做重点判断。要求：指出最容易忽略的细节；给出示例输入输出；最后给出3条可立即执行的下一步。
4121,AI,AI应用架构师,中小企业主,编号清单,质量,初创团队,任务编号 P4121。请扮演AI应用架构师。围绕“AI场景021-初创团队”中的智能体、RAG、评测任务，面向中小企业主，列出关键问题并给出优先级。请用编号清单输出，并从“质量”角度做重点判断。要求：包含可执行下一步；给出至少一个反例；最后给出3条可立即执行的下一步。
4122,AI,AI应用架构师,资深从业者,对话脚本,用户体验,需要扩张,任务编号 P4122。请扮演AI应用架构师。围绕“AI场景022-需要扩张”中的智能体、RAG、评测任务，面向资深从业者，生成三种风格完全不同的版本。请用对话脚本输出，并从“用户体验”角度做重点判断。要求：输出可直接复制使用；保持中立客观；最后给出3条可立即执行的下一步。
4123,AI,AI应用架构师,自由职业者,FAQ,学习曲线,新市场验证,任务编号 P4123。请扮演AI应用架构师。围绕“AI场景023-新市场验证”中的智能体、RAG、评测任务，面向自由职业者，把复杂内容改写成新手也能懂的说明。请用FAQ输出，并从“学习曲线”角度做重点判断。要求：保持中立客观；适合在一天内开始执行；最后给出3条可立即执行的下一步。
4124,AI,AI应用架构师,设计团队,演讲稿,效率,竞品压力,任务编号 P4124。请扮演AI应用架构师。围绕“AI场景024-竞品压力”中的智能体、RAG、评测任务，面向设计团队，设计一个从零到一的工作流。请用演讲稿输出，并从“效率”角度做重点判断。要求：先给结论再解释；必要时提出澄清问题；最后给出3条可立即执行的下一步。
4125,AI,AI应用架构师,投资人,编号清单,风险,准备上线,任务编号 P4125。请扮演AI应用架构师。围绕“AI场景025-准备上线”中的智能体、RAG、评测任务，面向投资人，创建检查清单并标注常见坑。请用编号清单输出，并从“风险”角度做重点判断。要求：包含失败预案；输出可直接复制使用；最后给出3条可立即执行的下一步。
4126,AI,AI应用架构师,海外用户,对话脚本,增长,高不确定性,任务编号 P4126。请扮演AI应用架构师。围绕“AI场景026-高不确定性”中的智能体、RAG、评测任务，面向海外用户，模拟专家评审并指出改进点。请用对话脚本输出，并从“增长”角度做重点判断。要求：用中文输出；提供简短版本和完整版本；最后给出3条可立即执行的下一步。
4127,AI,AI应用架构师,专家评审,FAQ,短期落地,远程协作,任务编号 P4127。请扮演AI应用架构师。围绕“AI场景027-远程协作”中的智能体、RAG、评测任务，面向专家评审，根据目标用户重写表达。请用FAQ输出，并从“短期落地”角度做重点判断。要求：标注假设和不确定性；按影响力排序；最后给出3条可立即执行的下一步。
4128,AI,AI应用架构师,大学生,演讲稿,成本,个人项目,任务编号 P4128。请扮演AI应用架构师。围绕“AI场景028-个人项目”中的智能体、RAG、评测任务，面向大学生，提炼核心洞察并给出行动建议。请用演讲稿输出，并从“成本”角度做重点判断。要求：按影响力排序；包含可执行下一步；最后给出3条可立即执行的下一步。
4129,AI,AI应用架构师,管理层,编号清单,可维护性,质量波动,任务编号 P4129。请扮演AI应用架构师。围绕“AI场景029-质量波动”中的智能体、RAG、评测任务，面向管理层，设计一套可量化指标。请用编号清单输出，并从“可维护性”角度做重点判断。要求：必要时提出澄清问题；包含衡量标准；最后给出3条可立即执行的下一步。
4130,AI,AI应用架构师,内容创作者,对话脚本,长期价值,用户流失,任务编号 P4130。请扮演AI应用架构师。围绕“AI场景030-用户流失”中的智能体、RAG、评测任务，面向内容创作者，把零散想法整理成结构化大纲。请用对话脚本输出，并从“长期价值”角度做重点判断。要求：给出至少一个反例；标注假设和不确定性；最后给出3条可立即执行的下一步。
4131,AI,AI应用架构师,销售团队,FAQ,质量,内部培训,任务编号 P4131。请扮演AI应用架构师。围绕“AI场景031-内部培训”中的智能体、RAG、评测任务，面向销售团队，生成可直接使用的模板。请用FAQ输出，并从“质量”角度做重点判断。要求：按难易度排序；指出最容易忽略的细节；最后给出3条可立即执行的下一步。
4132,AI,AI应用架构师,教师,演讲稿,用户体验,需要复盘,任务编号 P4132。请扮演AI应用架构师。围绕“AI场景032-需要复盘”中的智能体、RAG、评测任务，面向教师，做一次反向推理找出隐藏风险。请用演讲稿输出，并从“用户体验”角度做重点判断。要求：避免虚构事实；避免专业黑话；最后给出3条可立即执行的下一步。
4133,AI,AI应用架构师,本地用户,编号清单,学习曲线,时间紧迫,任务编号 P4133。请扮演AI应用架构师。围绕“AI场景033-时间紧迫”中的智能体、RAG、评测任务，面向本地用户，给出低成本试验方案。请用编号清单输出，并从“学习曲线”角度做重点判断。要求：避免专业黑话；用中文输出；最后给出3条可立即执行的下一步。
4134,AI,AI应用架构师,创始人,对话脚本,效率,成熟企业,任务编号 P4134。请扮演AI应用架构师。围绕“AI场景034-成熟企业”中的智能体、RAG、评测任务，面向创始人，创建对比表并推荐选择。请用对话脚本输出，并从“效率”角度做重点判断。要求：包含衡量标准；兼顾成本和效果；最后给出3条可立即执行的下一步。
4135,AI,AI应用架构师,新手用户,FAQ,风险,需要降本,任务编号 P4135。请扮演AI应用架构师。围绕“AI场景035-需要降本”中的智能体、RAG、评测任务，面向新手用户，把长内容压缩成高密度摘要。请用FAQ输出，并从“风险”角度做重点判断。要求：提供简短版本和完整版本；避免虚构事实；最后给出3条可立即执行的下一步。
4136,AI,AI应用架构师,一线执行团队,演讲稿,增长,流程混乱,任务编号 P4136。请扮演AI应用架构师。围绕“AI场景036-流程混乱”中的智能体、RAG、评测任务，面向一线执行团队，提出10个创新方向并排序。请用演讲稿输出，并从“增长”角度做重点判断。要求：适合在一天内开始执行；包含失败预案；最后给出3条可立即执行的下一步。
4137,AI,AI应用架构师,开发团队,编号清单,短期落地,数据不足,任务编号 P4137。请扮演AI应用架构师。围绕“AI场景037-数据不足”中的智能体、RAG、评测任务，面向开发团队，设计30天训练计划。请用编号清单输出，并从“短期落地”角度做重点判断。要求：给出示例输入输出；语言简洁，不说空话；最后给出3条可立即执行的下一步。
4138,AI,AI应用架构师,客服团队,对话脚本,成本,公开发布,任务编号 P4138。请扮演AI应用架构师。围绕“AI场景038-公开发布”中的智能体、RAG、评测任务，面向客服团队，构建决策树帮助判断下一步。请用对话脚本输出，并从“成本”角度做重点判断。要求：语言简洁，不说空话；按难易度排序；最后给出3条可立即执行的下一步。
4139,AI,AI应用架构师,家长,FAQ,可维护性,多方协作,任务编号 P4139。请扮演AI应用架构师。围绕“AI场景039-多方协作”中的智能体、RAG、评测任务，面向家长，生成会议讨论提纲。请用FAQ输出，并从“可维护性”角度做重点判断。要求：兼顾成本和效果；先给结论再解释；最后给出3条可立即执行的下一步。
4140,AI,AI应用架构师,非技术读者,演讲稿,长期价值,预算有限,任务编号 P4140。请扮演AI应用架构师。围绕“AI场景040-预算有限”中的智能体、RAG、评测任务，面向非技术读者，写一份面向管理层的简报。请用演讲稿输出，并从“长期价值”角度做重点判断。要求：指出最容易忽略的细节；给出示例输入输出；最后给出3条可立即执行的下一步。
4141,AI,AI应用架构师,中小企业主,编号清单,质量,初创团队,任务编号 P4141。请扮演AI应用架构师。围绕“AI场景041-初创团队”中的智能体、RAG、评测任务，面向中小企业主，写一份面向执行者的操作手册。请用编号清单输出，并从“质量”角度做重点判断。要求：包含可执行下一步；给出至少一个反例；最后给出3条可立即执行的下一步。
4142,AI,AI应用架构师,资深从业者,对话脚本,用户体验,需要扩张,任务编号 P4142。请扮演AI应用架构师。围绕“AI场景042-需要扩张”中的智能体、RAG、评测任务，面向资深从业者，建立评估打分表。请用对话脚本输出，并从“用户体验”角度做重点判断。要求：输出可直接复制使用；保持中立客观；最后给出3条可立即执行的下一步。
4143,AI,AI应用架构师,自由职业者,FAQ,学习曲线,新市场验证,任务编号 P4143。请扮演AI应用架构师。围绕“AI场景043-新市场验证”中的智能体、RAG、评测任务，面向自由职业者，提出自动化改造思路。请用FAQ输出，并从“学习曲线”角度做重点判断。要求：保持中立客观；适合在一天内开始执行；最后给出3条可立即执行的下一步。
4144,AI,AI应用架构师,设计团队,演讲稿,效率,竞品压力,任务编号 P4144。请扮演AI应用架构师。围绕“AI场景044-竞品压力”中的智能体、RAG、评测任务，面向设计团队，设计用户调研问题。请用演讲稿输出，并从“效率”角度做重点判断。要求：先给结论再解释；必要时提出澄清问题；最后给出3条可立即执行的下一步。
4145,AI,AI应用架构师,投资人,编号清单,风险,准备上线,任务编号 P4145。请扮演AI应用架构师。围绕“AI场景045-准备上线”中的智能体、RAG、评测任务，面向投资人，模拟用户反馈并归纳模式。请用编号清单输出，并从“风险”角度做重点判断。要求：包含失败预案；输出可直接复制使用；最后给出3条可立即执行的下一步。
4146,AI,AI应用架构师,海外用户,对话脚本,增长,高不确定性,任务编号 P4146。请扮演AI应用架构师。围绕“AI场景046-高不确定性”中的智能体、RAG、评测任务，面向海外用户，生成故障排查路径。请用对话脚本输出，并从“增长”角度做重点判断。要求：用中文输出；提供简短版本和完整版本；最后给出3条可立即执行的下一步。
4147,AI,AI应用架构师,专家评审,FAQ,短期落地,远程协作,任务编号 P4147。请扮演AI应用架构师。围绕“AI场景047-远程协作”中的智能体、RAG、评测任务，面向专家评审，把目标拆成里程碑。请用FAQ输出，并从“短期落地”角度做重点判断。要求：标注假设和不确定性；按影响力排序；最后给出3条可立即执行的下一步。
4148,AI,AI应用架构师,大学生,演讲稿,成本,个人项目,任务编号 P4148。请扮演AI应用架构师。围绕“AI场景048-个人项目”中的智能体、RAG、评测任务，面向大学生，提出可复用命名规范。请用演讲稿输出，并从“成本”角度做重点判断。要求：按影响力排序；包含可执行下一步；最后给出3条可立即执行的下一步。
4149,AI,AI应用架构师,管理层,编号清单,可维护性,质量波动,任务编号 P4149。请扮演AI应用架构师。围绕“AI场景049-质量波动”中的智能体、RAG、评测任务，面向管理层，创建风险登记册。请用编号清单输出，并从“可维护性”角度做重点判断。要求：必要时提出澄清问题；包含衡量标准；最后给出3条可立即执行的下一步。
4150,AI,AI应用架构师,内容创作者,对话脚本,长期价值,用户流失,任务编号 P4150。请扮演AI应用架构师。围绕“AI场景050-用户流失”中的智能体、RAG、评测任务，面向内容创作者，制定一份可执行方案。请用对话脚本输出，并从“长期价值”角度做重点判断。要求：给出至少一个反例；标注假设和不确定性；最后给出3条可立即执行的下一步。
4151,AI,AI应用架构师,销售团队,FAQ,质量,内部培训,任务编号 P4151。请扮演AI应用架构师。围绕“AI场景051-内部培训”中的智能体、RAG、评测任务，面向销售团队，列出关键问题并给出优先级。请用FAQ输出，并从“质量”角度做重点判断。要求：按难易度排序；指出最容易忽略的细节；最后给出3条可立即执行的下一步。
4152,AI,AI应用架构师,教师,演讲稿,用户体验,需要复盘,任务编号 P4152。请扮演AI应用架构师。围绕“AI场景052-需要复盘”中的智能体、RAG、评测任务，面向教师，生成三种风格完全不同的版本。请用演讲稿输出，并从“用户体验”角度做重点判断。要求：避免虚构事实；避免专业黑话；最后给出3条可立即执行的下一步。
4153,AI,AI应用架构师,本地用户,编号清单,学习曲线,时间紧迫,任务编号 P4153。请扮演AI应用架构师。围绕“AI场景053-时间紧迫”中的智能体、RAG、评测任务，面向本地用户，把复杂内容改写成新手也能懂的说明。请用编号清单输出，并从“学习曲线”角度做重点判断。要求：避免专业黑话；用中文输出；最后给出3条可立即执行的下一步。
4154,AI,AI应用架构师,创始人,对话脚本,效率,成熟企业,任务编号 P4154。请扮演AI应用架构师。围绕“AI场景054-成熟企业”中的智能体、RAG、评测任务，面向创始人，设计一个从零到一的工作流。请用对话脚本输出，并从“效率”角度做重点判断。要求：包含衡量标准；兼顾成本和效果；最后给出3条可立即执行的下一步。
4155,AI,AI应用架构师,新手用户,FAQ,风险,需要降本,任务编号 P4155。请扮演AI应用架构师。围绕“AI场景055-需要降本”中的智能体、RAG、评测任务，面向新手用户，创建检查清单并标注常见坑。请用FAQ输出，并从“风险”角度做重点判断。要求：提供简短版本和完整版本；避免虚构事实；最后给出3条可立即执行的下一步。
4156,AI,AI应用架构师,一线执行团队,演讲稿,增长,流程混乱,任务编号 P4156。请扮演AI应用架构师。围绕“AI场景056-流程混乱”中的智能体、RAG、评测任务，面向一线执行团队，模拟专家评审并指出改进点。请用演讲稿输出，并从“增长”角度做重点判断。要求：适合在一天内开始执行；包含失败预案；最后给出3条可立即执行的下一步。
4157,AI,AI应用架构师,开发团队,编号清单,短期落地,数据不足,任务编号 P4157。请扮演AI应用架构师。围绕“AI场景057-数据不足”中的智能体、RAG、评测任务，面向开发团队，根据目标用户重写表达。请用编号清单输出，并从“短期落地”角度做重点判断。要求：给出示例输入输出；语言简洁，不说空话；最后给出3条可立即执行的下一步。
4158,AI,AI应用架构师,客服团队,对话脚本,成本,公开发布,任务编号 P4158。请扮演AI应用架构师。围绕“AI场景058-公开发布”中的智能体、RAG、评测任务，面向客服团队，提炼核心洞察并给出行动建议。请用对话脚本输出，并从“成本”角度做重点判断。要求：语言简洁，不说空话；按难易度排序；最后给出3条可立即执行的下一步。
4159,AI,AI应用架构师,家长,FAQ,可维护性,多方协作,任务编号 P4159。请扮演AI应用架构师。围绕“AI场景059-多方协作”中的智能体、RAG、评测任务，面向家长，设计一套可量化指标。请用FAQ输出，并从“可维护性”角度做重点判断。要求：兼顾成本和效果；先给结论再解释；最后给出3条可立即执行的下一步。
4160,AI,AI应用架构师,非技术读者,演讲稿,长期价值,预算有限,任务编号 P4160。请扮演AI应用架构师。围绕“AI场景060-预算有限”中的智能体、RAG、评测任务，面向非技术读者，把零散想法整理成结构化大纲。请用演讲稿输出，并从“长期价值”角度做重点判断。要求：指出最容易忽略的细节；给出示例输入输出；最后给出3条可立即执行的下一步。
4161,AI,AI应用架构师,中小企业主,编号清单,质量,初创团队,任务编号 P4161。请扮演AI应用架构师。围绕“AI场景061-初创团队”中的智能体、RAG、评测任务，面向中小企业主，生成可直接使用的模板。请用编号清单输出，并从“质量”角度做重点判断。要求：包含可执行下一步；给出至少一个反例；最后给出3条可立即执行的下一步。
4162,AI,AI应用架构师,资深从业者,对话脚本,用户体验,需要扩张,任务编号 P4162。请扮演AI应用架构师。围绕“AI场景062-需要扩张”中的智能体、RAG、评测任务，面向资深从业者，做一次反向推理找出隐藏风险。请用对话脚本输出，并从“用户体验”角度做重点判断。要求：输出可直接复制使用；保持中立客观；最后给出3条可立即执行的下一步。
4163,AI,AI应用架构师,自由职业者,FAQ,学习曲线,新市场验证,任务编号 P4163。请扮演AI应用架构师。围绕“AI场景063-新市场验证”中的智能体、RAG、评测任务，面向自由职业者，给出低成本试验方案。请用FAQ输出，并从“学习曲线”角度做重点判断。要求：保持中立客观；适合在一天内开始执行；最后给出3条可立即执行的下一步。
4164,AI,AI应用架构师,设计团队,演讲稿,效率,竞品压力,任务编号 P4164。请扮演AI应用架构师。围绕“AI场景064-竞品压力”中的智能体、RAG、评测任务，面向设计团队，创建对比表并推荐选择。请用演讲稿输出，并从“效率”角度做重点判断。要求：先给结论再解释；必要时提出澄清问题；最后给出3条可立即执行的下一步。
4165,AI,AI应用架构师,投资人,编号清单,风险,准备上线,任务编号 P4165。请扮演AI应用架构师。围绕“AI场景065-准备上线”中的智能体、RAG、评测任务，面向投资人，把长内容压缩成高密度摘要。请用编号清单输出，并从“风险”角度做重点判断。要求：包含失败预案；输出可直接复制使用；最后给出3条可立即执行的下一步。
4166,AI,AI应用架构师,海外用户,对话脚本,增长,高不确定性,任务编号 P4166。请扮演AI应用架构师。围绕“AI场景066-高不确定性”中的智能体、RAG、评测任务，面向海外用户，提出10个创新方向并排序。请用对话脚本输出，并从“增长”角度做重点判断。要求：用中文输出；提供简短版本和完整版本；最后给出3条可立即执行的下一步。
4167,AI,AI应用架构师,专家评审,FAQ,短期落地,远程协作,任务编号 P4167。请扮演AI应用架构师。围绕“AI场景067-远程协作”中的智能体、RAG、评测任务，面向专家评审，设计30天训练计划。请用FAQ输出，并从“短期落地”角度做重点判断。要求：标注假设和不确定性；按影响力排序；最后给出3条可立即执行的下一步。
4168,AI,AI应用架构师,大学生,演讲稿,成本,个人项目,任务编号 P4168。请扮演AI应用架构师。围绕“AI场景068-个人项目”中的智能体、RAG、评测任务，面向大学生，构建决策树帮助判断下一步。请用演讲稿输出，并从“成本”角度做重点判断。要求：按影响力排序；包含可执行下一步；最后给出3条可立即执行的下一步。
4169,AI,AI应用架构师,管理层,编号清单,可维护性,质量波动,任务编号 P4169。请扮演AI应用架构师。围绕“AI场景069-质量波动”中的智能体、RAG、评测任务，面向管理层，生成会议讨论提纲。请用编号清单输出，并从“可维护性”角度做重点判断。要求：必要时提出澄清问题；包含衡量标准；最后给出3条可立即执行的下一步。
4170,AI,AI应用架构师,内容创作者,对话脚本,长期价值,用户流失,任务编号 P4170。请扮演AI应用架构师。围绕“AI场景070-用户流失”中的智能体、RAG、评测任务，面向内容创作者，写一份面向管理层的简报。请用对话脚本输出，并从“长期价值”角度做重点判断。要求：给出至少一个反例；标注假设和不确定性；最后给出3条可立即执行的下一步。
4171,AI,AI应用架构师,销售团队,FAQ,质量,内部培训,任务编号 P4171。请扮演AI应用架构师。围绕“AI场景071-内部培训”中的智能体、RAG、评测任务，面向销售团队，写一份面向执行者的操作手册。请用FAQ输出，并从“质量”角度做重点判断。要求：按难易度排序；指出最容易忽略的细节；最后给出3条可立即执行的下一步。
4172,AI,AI应用架构师,教师,演讲稿,用户体验,需要复盘,任务编号 P4172。请扮演AI应用架构师。围绕“AI场景072-需要复盘”中的智能体、RAG、评测任务，面向教师，建立评估打分表。请用演讲稿输出，并从“用户体验”角度做重点判断。要求：避免虚构事实；避免专业黑话；最后给出3条可立即执行的下一步。
4173,AI,AI应用架构师,本地用户,编号清单,学习曲线,时间紧迫,任务编号 P4173。请扮演AI应用架构师。围绕“AI场景073-时间紧迫”中的智能体、RAG、评测任务，面向本地用户，提出自动化改造思路。请用编号清单输出，并从“学习曲线”角度做重点判断。要求：避免专业黑话；用中文输出；最后给出3条可立即执行的下一步。
4174,AI,AI应用架构师,创始人,对话脚本,效率,成熟企业,任务编号 P4174。请扮演AI应用架构师。围绕“AI场景074-成熟企业”中的智能体、RAG、评测任务，面向创始人，设计用户调研问题。请用对话脚本输出，并从“效率”角度做重点判断。要求：包含衡量标准；兼顾成本和效果；最后给出3条可立即执行的下一步。
4175,AI,AI应用架构师,新手用户,FAQ,风险,需要降本,任务编号 P4175。请扮演AI应用架构师。围绕“AI场景075-需要降本”中的智能体、RAG、评测任务，面向新手用户，模拟用户反馈并归纳模式。请用FAQ输出，并从“风险”角度做重点判断。要求：提供简短版本和完整版本；避免虚构事实；最后给出3条可立即执行的下一步。
4176,AI,AI应用架构师,一线执行团队,演讲稿,增长,流程混乱,任务编号 P4176。请扮演AI应用架构师。围绕“AI场景076-流程混乱”中的智能体、RAG、评测任务，面向一线执行团队，生成故障排查路径。请用演讲稿输出，并从“增长”角度做重点判断。要求：适合在一天内开始执行；包含失败预案；最后给出3条可立即执行的下一步。
4177,AI,AI应用架构师,开发团队,编号清单,短期落地,数据不足,任务编号 P4177。请扮演AI应用架构师。围绕“AI场景077-数据不足”中的智能体、RAG、评测任务，面向开发团队，把目标拆成里程碑。请用编号清单输出，并从“短期落地”角度做重点判断。要求：给出示例输入输出；语言简洁，不说空话；最后给出3条可立即执行的下一步。
4178,AI,AI应用架构师,客服团队,对话脚本,成本,公开发布,任务编号 P4178。请扮演AI应用架构师。围绕“AI场景078-公开发布”中的智能体、RAG、评测任务，面向客服团队，提出可复用命名规范。请用对话脚本输出，并从“成本”角度做重点判断。要求：语言简洁，不说空话；按难易度排序；最后给出3条可立即执行的下一步。
4179,AI,AI应用架构师,家长,FAQ,可维护性,多方协作,任务编号 P4179。请扮演AI应用架构师。围绕“AI场景079-多方协作”中的智能体、RAG、评测任务，面向家长，创建风险登记册。请用FAQ输出，并从“可维护性”角度做重点判断。要求：兼顾成本和效果；先给结论再解释；最后给出3条可立即执行的下一步。
4180,AI,AI应用架构师,非技术读者,演讲稿,长期价值,预算有限,任务编号 P4180。请扮演AI应用架构师。围绕“AI场景080-预算有限”中的智能体、RAG、评测任务，面向非技术读者，制定一份可执行方案。请用演讲稿输出，并从“长期价值”角度做重点判断。要求：指出最容易忽略的细节；给出示例输入输出；最后给出3条可立即执行的下一步。
4181,AI,AI应用架构师,中小企业主,编号清单,质量,初创团队,任务编号 P4181。请扮演AI应用架构师。围绕“AI场景081-初创团队”中的智能体、RAG、评测任务，面向中小企业主，列出关键问题并给出优先级。请用编号清单输出，并从“质量”角度做重点判断。要求：包含可执行下一步；给出至少一个反例；最后给出3条可立即执行的下一步。
4182,AI,AI应用架构师,资深从业者,对话脚本,用户体验,需要扩张,任务编号 P4182。请扮演AI应用架构师。围绕“AI场景082-需要扩张”中的智能体、RAG、评测任务，面向资深从业者，生成三种风格完全不同的版本。请用对话脚本输出，并从“用户体验”角度做重点判断。要求：输出可直接复制使用；保持中立客观；最后给出3条可立即执行的下一步。
4183,AI,AI应用架构师,自由职业者,FAQ,学习曲线,新市场验证,任务编号 P4183。请扮演AI应用架构师。围绕“AI场景083-新市场验证”中的智能体、RAG、评测任务，面向自由职业者，把复杂内容改写成新手也能懂的说明。请用FAQ输出，并从“学习曲线”角度做重点判断。要求：保持中立客观；适合在一天内开始执行；最后给出3条可立即执行的下一步。
4184,AI,AI应用架构师,设计团队,演讲稿,效率,竞品压力,任务编号 P4184。请扮演AI应用架构师。围绕“AI场景084-竞品压力”中的智能体、RAG、评测任务，面向设计团队，设计一个从零到一的工作流。请用演讲稿输出，并从“效率”角度做重点判断。要求：先给结论再解释；必要时提出澄清问题；最后给出3条可立即执行的下一步。
4185,AI,AI应用架构师,投资人,编号清单,风险,准备上线,任务编号 P4185。请扮演AI应用架构师。围绕“AI场景085-准备上线”中的智能体、RAG、评测任务，面向投资人，创建检查清单并标注常见坑。请用编号清单输出，并从“风险”角度做重点判断。要求：包含失败预案；输出可直接复制使用；最后给出3条可立即执行的下一步。
4186,AI,AI应用架构师,海外用户,对话脚本,增长,高不确定性,任务编号 P4186。请扮演AI应用架构师。围绕“AI场景086-高不确定性”中的智能体、RAG、评测任务，面向海外用户，模拟专家评审并指出改进点。请用对话脚本输出，并从“增长”角度做重点判断。要求：用中文输出；提供简短版本和完整版本；最后给出3条可立即执行的下一步。
4187,AI,AI应用架构师,专家评审,FAQ,短期落地,远程协作,任务编号 P4187。请扮演AI应用架构师。围绕“AI场景087-远程协作”中的智能体、RAG、评测任务，面向专家评审，根据目标用户重写表达。请用FAQ输出，并从“短期落地”角度做重点判断。要求：标注假设和不确定性；按影响力排序；最后给出3条可立即执行的下一步。
4188,AI,AI应用架构师,大学生,演讲稿,成本,个人项目,任务编号 P4188。请扮演AI应用架构师。围绕“AI场景088-个人项目”中的智能体、RAG、评测任务，面向大学生，提炼核心洞察并给出行动建议。请用演讲稿输出，并从“成本”角度做重点判断。要求：按影响力排序；包含可执行下一步；最后给出3条可立即执行的下一步。
4189,AI,AI应用架构师,管理层,编号清单,可维护性,质量波动,任务编号 P4189。请扮演AI应用架构师。围绕“AI场景089-质量波动”中的智能体、RAG、评测任务，面向管理层，设计一套可量化指标。请用编号清单输出，并从“可维护性”角度做重点判断。要求：必要时提出澄清问题；包含衡量标准；最后给出3条可立即执行的下一步。
4190,AI,AI应用架构师,内容创作者,对话脚本,长期价值,用户流失,任务编号 P4190。请扮演AI应用架构师。围绕“AI场景090-用户流失”中的智能体、RAG、评测任务，面向内容创作者，把零散想法整理成结构化大纲。请用对话脚本输出，并从“长期价值”角度做重点判断。要求：给出至少一个反例；标注假设和不确定性；最后给出3条可立即执行的下一步。
4191,AI,AI应用架构师,销售团队,FAQ,质量,内部培训,任务编号 P4191。请扮演AI应用架构师。围绕“AI场景091-内部培训”中的智能体、RAG、评测任务，面向销售团队，生成可直接使用的模板。请用FAQ输出，并从“质量”角度做重点判断。要求：按难易度排序；指出最容易忽略的细节；最后给出3条可立即执行的下一步。
4192,AI,AI应用架构师,教师,演讲稿,用户体验,需要复盘,任务编号 P4192。请扮演AI应用架构师。围绕“AI场景092-需要复盘”中的智能体、RAG、评测任务，面向教师，做一次反向推理找出隐藏风险。请用演讲稿输出，并从“用户体验”角度做重点判断。要求：避免虚构事实；避免专业黑话；最后给出3条可立即执行的下一步。
4193,AI,AI应用架构师,本地用户,编号清单,学习曲线,时间紧迫,任务编号 P4193。请扮演AI应用架构师。围绕“AI场景093-时间紧迫”中的智能体、RAG、评测任务，面向本地用户，给出低成本试验方案。请用编号清单输出，并从“学习曲线”角度做重点判断。要求：避免专业黑话；用中文输出；最后给出3条可立即执行的下一步。
4194,AI,AI应用架构师,创始人,对话脚本,效率,成熟企业,任务编号 P4194。请扮演AI应用架构师。围绕“AI场景094-成熟企业”中的智能体、RAG、评测任务，面向创始人，创建对比表并推荐选择。请用对话脚本输出，并从“效率”角度做重点判断。要求：包含衡量标准；兼顾成本和效果；最后给出3条可立即执行的下一步。
4195,AI,AI应用架构师,新手用户,FAQ,风险,需要降本,任务编号 P4195。请扮演AI应用架构师。围绕“AI场景095-需要降本”中的智能体、RAG、评测任务，面向新手用户，把长内容压缩成高密度摘要。请用FAQ输出，并从“风险”角度做重点判断。要求：提供简短版本和完整版本；避免虚构事实；最后给出3条可立即执行的下一步。
4196,AI,AI应用架构师,一线执行团队,演讲稿,增长,流程混乱,任务编号 P4196。请扮演AI应用架构师。围绕“AI场景096-流程混乱”中的智能体、RAG、评测任务，面向一线执行团队，提出10个创新方向并排序。请用演讲稿输出，并从“增长”角度做重点判断。要求：适合在一天内开始执行；包含失败预案；最后给出3条可立即执行的下一步。
4197,AI,AI应用架构师,开发团队,编号清单,短期落地,数据不足,任务编号 P4197。请扮演AI应用架构师。围绕“AI场景097-数据不足”中的智能体、RAG、评测任务，面向开发团队，设计30天训练计划。请用编号清单输出，并从“短期落地”角度做重点判断。要求：给出示例输入输出；语言简洁，不说空话；最后给出3条可立即执行的下一步。
4198,AI,AI应用架构师,客服团队,对话脚本,成本,公开发布,任务编号 P4198。请扮演AI应用架构师。围绕“AI场景098-公开发布”中的智能体、RAG、评测任务，面向客服团队，构建决策树帮助判断下一步。请用对话脚本输出，并从“成本”角度做重点判断。要求：语言简洁，不说空话；按难易度排序；最后给出3条可立即执行的下一步。
4199,AI,AI应用架构师,家长,FAQ,可维护性,多方协作,任务编号 P4199。请扮演AI应用架构师。围绕“AI场景099-多方协作”中的智能体、RAG、评测任务，面向家长，生成会议讨论提纲。请用FAQ输出，并从“可维护性”角度做重点判断。要求：兼顾成本和效果；先给结论再解释；最后给出3条可立即执行的下一步。
4200,AI,AI应用架构师,非技术读者,演讲稿,长期价值,预算有限,任务编号 P4200。请扮演AI应用架构师。围绕“AI场景100-预算有限”中的智能体、RAG、评测任务，面向非技术读者，写一份面向管理层的简报。请用演讲稿输出，并从“长期价值”角度做重点判断。要求：指出最容易忽略的细节；给出示例输入输出；最后给出3条可立即执行的下一步。
4201,提示工程,Prompt工程师,大学生,Markdown大纲,成本,成熟企业,任务编号 P4201。请扮演Prompt工程师。围绕“提示工程场景001-成熟企业”中的系统提示、Few-shot、约束任务，面向大学生，做一次反向推理找出隐藏风险。请用Markdown大纲输出，并从“成本”角度做重点判断。要求：先给结论再解释；避免专业黑话；最后给出3条可立即执行的下一步。
4202,提示工程,Prompt工程师,管理层,JSON结构,可维护性,需要降本,任务编号 P4202。请扮演Prompt工程师。围绕“提示工程场景002-需要降本”中的系统提示、Few-shot、约束任务，面向管理层，给出低成本试验方案。请用JSON结构输出，并从“可维护性”角度做重点判断。要求：包含失败预案；用中文输出；最后给出3条可立即执行的下一步。
4203,提示工程,Prompt工程师,内容创作者,复盘报告,长期价值,流程混乱,任务编号 P4203。请扮演Prompt工程师。围绕“提示工程场景003-流程混乱”中的系统提示、Few-shot、约束任务，面向内容创作者，创建对比表并推荐选择。请用复盘报告输出，并从“长期价值”角度做重点判断。要求：用中文输出；兼顾成本和效果；最后给出3条可立即执行的下一步。
4204,提示工程,Prompt工程师,销售团队,短视频脚本,质量,数据不足,任务编号 P4204。请扮演Prompt工程师。围绕“提示工程场景004-数据不足”中的系统提示、Few-shot、约束任务，面向销售团队，把长内容压缩成高密度摘要。请用短视频脚本输出，并从“质量”角度做重点判断。要求：标注假设和不确定性；避免虚构事实；最后给出3条可立即执行的下一步。
4205,提示工程,Prompt工程师,教师,Markdown大纲,用户体验,公开发布,任务编号 P4205。请扮演Prompt工程师。围绕“提示工程场景005-公开发布”中的系统提示、Few-shot、约束任务，面向教师，提出10个创新方向并排序。请用Markdown大纲输出，并从“用户体验”角度做重点判断。要求：按影响力排序；包含失败预案；最后给出3条可立即执行的下一步。
4206,提示工程,Prompt工程师,本地用户,JSON结构,学习曲线,多方协作,任务编号 P4206。请扮演Prompt工程师。围绕“提示工程场景006-多方协作”中的系统提示、Few-shot、约束任务，面向本地用户，设计30天训练计划。请用JSON结构输出，并从“学习曲线”角度做重点判断。要求：必要时提出澄清问题；语言简洁，不说空话；最后给出3条可立即执行的下一步。
4207,提示工程,Prompt工程师,创始人,复盘报告,效率,预算有限,任务编号 P4207。请扮演Prompt工程师。围绕“提示工程场景007-预算有限”中的系统提示、Few-shot、约束任务，面向创始人，构建决策树帮助判断下一步。请用复盘报告输出，并从“效率”角度做重点判断。要求：给出至少一个反例；按难易度排序；最后给出3条可立即执行的下一步。
4208,提示工程,Prompt工程师,新手用户,短视频脚本,风险,初创团队,任务编号 P4208。请扮演Prompt工程师。围绕“提示工程场景008-初创团队”中的系统提示、Few-shot、约束任务，面向新手用户，生成会议讨论提纲。请用短视频脚本输出，并从“风险”角度做重点判断。要求：按难易度排序；先给结论再解释；最后给出3条可立即执行的下一步。
4209,提示工程,Prompt工程师,一线执行团队,Markdown大纲,增长,需要扩张,任务编号 P4209。请扮演Prompt工程师。围绕“提示工程场景009-需要扩张”中的系统提示、Few-shot、约束任务，面向一线执行团队，写一份面向管理层的简报。请用Markdown大纲输出，并从“增长”角度做重点判断。要求：避免虚构事实；给出示例输入输出；最后给出3条可立即执行的下一步。
4210,提示工程,Prompt工程师,开发团队,JSON结构,短期落地,新市场验证,任务编号 P4210。请扮演Prompt工程师。围绕“提示工程场景010-新市场验证”中的系统提示、Few-shot、约束任务，面向开发团队，写一份面向执行者的操作手册。请用JSON结构输出，并从“短期落地”角度做重点判断。要求：避免专业黑话；给出至少一个反例；最后给出3条可立即执行的下一步。
4211,提示工程,Prompt工程师,客服团队,复盘报告,成本,竞品压力,任务编号 P4211。请扮演Prompt工程师。围绕“提示工程场景011-竞品压力”中的系统提示、Few-shot、约束任务，面向客服团队，建立评估打分表。请用复盘报告输出，并从“成本”角度做重点判断。要求：包含衡量标准；保持中立客观；最后给出3条可立即执行的下一步。
4212,提示工程,Prompt工程师,家长,短视频脚本,可维护性,准备上线,任务编号 P4212。请扮演Prompt工程师。围绕“提示工程场景012-准备上线”中的系统提示、Few-shot、约束任务，面向家长，提出自动化改造思路。请用短视频脚本输出，并从“可维护性”角度做重点判断。要求：提供简短版本和完整版本；适合在一天内开始执行；最后给出3条可立即执行的下一步。
4213,提示工程,Prompt工程师,非技术读者,Markdown大纲,长期价值,高不确定性,任务编号 P4213。请扮演Prompt工程师。围绕“提示工程场景013-高不确定性”中的系统提示、Few-shot、约束任务，面向非技术读者，设计用户调研问题。请用Markdown大纲输出，并从“长期价值”角度做重点判断。要求：适合在一天内开始执行；必要时提出澄清问题；最后给出3条可立即执行的下一步。
4214,提示工程,Prompt工程师,中小企业主,JSON结构,质量,远程协作,任务编号 P4214。请扮演Prompt工程师。围绕“提示工程场景014-远程协作”中的系统提示、Few-shot、约束任务，面向中小企业主，模拟用户反馈并归纳模式。请用JSON结构输出，并从“质量”角度做重点判断。要求：给出示例输入输出；输出可直接复制使用；最后给出3条可立即执行的下一步。
4215,提示工程,Prompt工程师,资深从业者,复盘报告,用户体验,个人项目,任务编号 P4215。请扮演Prompt工程师。围绕“提示工程场景015-个人项目”中的系统提示、Few-shot、约束任务，面向资深从业者，生成故障排查路径。请用复盘报告输出，并从“用户体验”角度做重点判断。要求：语言简洁，不说空话；提供简短版本和完整版本；最后给出3条可立即执行的下一步。
4216,提示工程,Prompt工程师,自由职业者,短视频脚本,学习曲线,质量波动,任务编号 P4216。请扮演Prompt工程师。围绕“提示工程场景016-质量波动”中的系统提示、Few-shot、约束任务，面向自由职业者，把目标拆成里程碑。请用短视频脚本输出，并从“学习曲线”角度做重点判断。要求：兼顾成本和效果；按影响力排序；最后给出3条可立即执行的下一步。
4217,提示工程,Prompt工程师,设计团队,Markdown大纲,效率,用户流失,任务编号 P4217。请扮演Prompt工程师。围绕“提示工程场景017-用户流失”中的系统提示、Few-shot、约束任务，面向设计团队，提出可复用命名规范。请用Markdown大纲输出，并从“效率”角度做重点判断。要求：指出最容易忽略的细节；包含可执行下一步；最后给出3条可立即执行的下一步。
4218,提示工程,Prompt工程师,投资人,JSON结构,风险,内部培训,任务编号 P4218。请扮演Prompt工程师。围绕“提示工程场景018-内部培训”中的系统提示、Few-shot、约束任务，面向投资人，创建风险登记册。请用JSON结构输出，并从“风险”角度做重点判断。要求：包含可执行下一步；包含衡量标准；最后给出3条可立即执行的下一步。
4219,提示工程,Prompt工程师,海外用户,复盘报告,增长,需要复盘,任务编号 P4219。请扮演Prompt工程师。围绕“提示工程场景019-需要复盘”中的系统提示、Few-shot、约束任务，面向海外用户，制定一份可执行方案。请用复盘报告输出，并从“增长”角度做重点判断。要求：输出可直接复制使用；标注假设和不确定性；最后给出3条可立即执行的下一步。
4220,提示工程,Prompt工程师,专家评审,短视频脚本,短期落地,时间紧迫,任务编号 P4220。请扮演Prompt工程师。围绕“提示工程场景020-时间紧迫”中的系统提示、Few-shot、约束任务，面向专家评审，列出关键问题并给出优先级。请用短视频脚本输出，并从“短期落地”角度做重点判断。要求：保持中立客观；指出最容易忽略的细节；最后给出3条可立即执行的下一步。
4221,提示工程,Prompt工程师,大学生,Markdown大纲,成本,成熟企业,任务编号 P4221。请扮演Prompt工程师。围绕“提示工程场景021-成熟企业”中的系统提示、Few-shot、约束任务，面向大学生，生成三种风格完全不同的版本。请用Markdown大纲输出，并从“成本”角度做重点判断。要求：先给结论再解释；避免专业黑话；最后给出3条可立即执行的下一步。
4222,提示工程,Prompt工程师,管理层,JSON结构,可维护性,需要降本,任务编号 P4222。请扮演Prompt工程师。围绕“提示工程场景022-需要降本”中的系统提示、Few-shot、约束任务，面向管理层，把复杂内容改写成新手也能懂的说明。请用JSON结构输出，并从“可维护性”角度做重点判断。要求：包含失败预案；用中文输出；最后给出3条可立即执行的下一步。
4223,提示工程,Prompt工程师,内容创作者,复盘报告,长期价值,流程混乱,任务编号 P4223。请扮演Prompt工程师。围绕“提示工程场景023-流程混乱”中的系统提示、Few-shot、约束任务，面向内容创作者，设计一个从零到一的工作流。请用复盘报告输出，并从“长期价值”角度做重点判断。要求：用中文输出；兼顾成本和效果；最后给出3条可立即执行的下一步。
4224,提示工程,Prompt工程师,销售团队,短视频脚本,质量,数据不足,任务编号 P4224。请扮演Prompt工程师。围绕“提示工程场景024-数据不足”中的系统提示、Few-shot、约束任务，面向销售团队，创建检查清单并标注常见坑。请用短视频脚本输出，并从“质量”角度做重点判断。要求：标注假设和不确定性；避免虚构事实；最后给出3条可立即执行的下一步。
4225,提示工程,Prompt工程师,教师,Markdown大纲,用户体验,公开发布,任务编号 P4225。请扮演Prompt工程师。围绕“提示工程场景025-公开发布”中的系统提示、Few-shot、约束任务，面向教师，模拟专家评审并指出改进点。请用Markdown大纲输出，并从“用户体验”角度做重点判断。要求：按影响力排序；包含失败预案；最后给出3条可立即执行的下一步。
4226,提示工程,Prompt工程师,本地用户,JSON结构,学习曲线,多方协作,任务编号 P4226。请扮演Prompt工程师。围绕“提示工程场景026-多方协作”中的系统提示、Few-shot、约束任务，面向本地用户，根据目标用户重写表达。请用JSON结构输出，并从“学习曲线”角度做重点判断。要求：必要时提出澄清问题；语言简洁，不说空话；最后给出3条可立即执行的下一步。
4227,提示工程,Prompt工程师,创始人,复盘报告,效率,预算有限,任务编号 P4227。请扮演Prompt工程师。围绕“提示工程场景027-预算有限”中的系统提示、Few-shot、约束任务，面向创始人，提炼核心洞察并给出行动建议。请用复盘报告输出，并从“效率”角度做重点判断。要求：给出至少一个反例；按难易度排序；最后给出3条可立即执行的下一步。
4228,提示工程,Prompt工程师,新手用户,短视频脚本,风险,初创团队,任务编号 P4228。请扮演Prompt工程师。围绕“提示工程场景028-初创团队”中的系统提示、Few-shot、约束任务，面向新手用户，设计一套可量化指标。请用短视频脚本输出，并从“风险”角度做重点判断。要求：按难易度排序；先给结论再解释；最后给出3条可立即执行的下一步。
4229,提示工程,Prompt工程师,一线执行团队,Markdown大纲,增长,需要扩张,任务编号 P4229。请扮演Prompt工程师。围绕“提示工程场景029-需要扩张”中的系统提示、Few-shot、约束任务，面向一线执行团队，把零散想法整理成结构化大纲。请用Markdown大纲输出，并从“增长”角度做重点判断。要求：避免虚构事实；给出示例输入输出；最后给出3条可立即执行的下一步。
4230,提示工程,Prompt工程师,开发团队,JSON结构,短期落地,新市场验证,任务编号 P4230。请扮演Prompt工程师。围绕“提示工程场景030-新市场验证”中的系统提示、Few-shot、约束任务，面向开发团队，生成可直接使用的模板。请用JSON结构输出，并从“短期落地”角度做重点判断。要求：避免专业黑话；给出至少一个反例；最后给出3条可立即执行的下一步。
4231,提示工程,Prompt工程师,客服团队,复盘报告,成本,竞品压力,任务编号 P4231。请扮演Prompt工程师。围绕“提示工程场景031-竞品压力”中的系统提示、Few-shot、约束任务，面向客服团队，做一次反向推理找出隐藏风险。请用复盘报告输出，并从“成本”角度做重点判断。要求：包含衡量标准；保持中立客观；最后给出3条可立即执行的下一步。
4232,提示工程,Prompt工程师,家长,短视频脚本,可维护性,准备上线,任务编号 P4232。请扮演Prompt工程师。围绕“提示工程场景032-准备上线”中的系统提示、Few-shot、约束任务，面向家长，给出低成本试验方案。请用短视频脚本输出，并从“可维护性”角度做重点判断。要求：提供简短版本和完整版本；适合在一天内开始执行；最后给出3条可立即执行的下一步。
4233,提示工程,Prompt工程师,非技术读者,Markdown大纲,长期价值,高不确定性,任务编号 P4233。请扮演Prompt工程师。围绕“提示工程场景033-高不确定性”中的系统提示、Few-shot、约束任务，面向非技术读者，创建对比表并推荐选择。请用Markdown大纲输出，并从“长期价值”角度做重点判断。要求：适合在一天内开始执行；必要时提出澄清问题；最后给出3条可立即执行的下一步。
4234,提示工程,Prompt工程师,中小企业主,JSON结构,质量,远程协作,任务编号 P4234。请扮演Prompt工程师。围绕“提示工程场景034-远程协作”中的系统提示、Few-shot、约束任务，面向中小企业主，把长内容压缩成高密度摘要。请用JSON结构输出，并从“质量”角度做重点判断。要求：给出示例输入输出；输出可直接复制使用；最后给出3条可立即执行的下一步。
4235,提示工程,Prompt工程师,资深从业者,复盘报告,用户体验,个人项目,任务编号 P4235。请扮演Prompt工程师。围绕“提示工程场景035-个人项目”中的系统提示、Few-shot、约束任务，面向资深从业者，提出10个创新方向并排序。请用复盘报告输出，并从“用户体验”角度做重点判断。要求：语言简洁，不说空话；提供简短版本和完整版本；最后给出3条可立即执行的下一步。
4236,提示工程,Prompt工程师,自由职业者,短视频脚本,学习曲线,质量波动,任务编号 P4236。请扮演Prompt工程师。围绕“提示工程场景036-质量波动”中的系统提示、Few-shot、约束任务，面向自由职业者，设计30天训练计划。请用短视频脚本输出，并从“学习曲线”角度做重点判断。要求：兼顾成本和效果；按影响力排序；最后给出3条可立即执行的下一步。
4237,提示工程,Prompt工程师,设计团队,Markdown大纲,效率,用户流失,任务编号 P4237。请扮演Prompt工程师。围绕“提示工程场景037-用户流失”中的系统提示、Few-shot、约束任务，面向设计团队，构建决策树帮助判断下一步。请用Markdown大纲输出，并从“效率”角度做重点判断。要求：指出最容易忽略的细节；包含可执行下一步；最后给出3条可立即执行的下一步。
4238,提示工程,Prompt工程师,投资人,JSON结构,风险,内部培训,任务编号 P4238。请扮演Prompt工程师。围绕“提示工程场景038-内部培训”中的系统提示、Few-shot、约束任务，面向投资人，生成会议讨论提纲。请用JSON结构输出，并从“风险”角度做重点判断。要求：包含可执行下一步；包含衡量标准；最后给出3条可立即执行的下一步。
4239,提示工程,Prompt工程师,海外用户,复盘报告,增长,需要复盘,任务编号 P4239。请扮演Prompt工程师。围绕“提示工程场景039-需要复盘”中的系统提示、Few-shot、约束任务，面向海外用户，写一份面向管理层的简报。请用复盘报告输出，并从“增长”角度做重点判断。要求：输出可直接复制使用；标注假设和不确定性；最后给出3条可立即执行的下一步。
4240,提示工程,Prompt工程师,专家评审,短视频脚本,短期落地,时间紧迫,任务编号 P4240。请扮演Prompt工程师。围绕“提示工程场景040-时间紧迫”中的系统提示、Few-shot、约束任务，面向专家评审，写一份面向执行者的操作手册。请用短视频脚本输出，并从“短期落地”角度做重点判断。要求：保持中立客观；指出最容易忽略的细节；最后给出3条可立即执行的下一步。
4241,提示工程,Prompt工程师,大学生,Markdown大纲,成本,成熟企业,任务编号 P4241。请扮演Prompt工程师。围绕“提示工程场景041-成熟企业”中的系统提示、Few-shot、约束任务，面向大学生，建立评估打分表。请用Markdown大纲输出，并从“成本”角度做重点判断。要求：先给结论再解释；避免专业黑话；最后给出3条可立即执行的下一步。
4242,提示工程,Prompt工程师,管理层,JSON结构,可维护性,需要降本,任务编号 P4242。请扮演Prompt工程师。围绕“提示工程场景042-需要降本”中的系统提示、Few-shot、约束任务，面向管理层，提出自动化改造思路。请用JSON结构输出，并从“可维护性”角度做重点判断。要求：包含失败预案；用中文输出；最后给出3条可立即执行的下一步。
4243,提示工程,Prompt工程师,内容创作者,复盘报告,长期价值,流程混乱,任务编号 P4243。请扮演Prompt工程师。围绕“提示工程场景043-流程混乱”中的系统提示、Few-shot、约束任务，面向内容创作者，设计用户调研问题。请用复盘报告输出，并从“长期价值”角度做重点判断。要求：用中文输出；兼顾成本和效果；最后给出3条可立即执行的下一步。
4244,提示工程,Prompt工程师,销售团队,短视频脚本,质量,数据不足,任务编号 P4244。请扮演Prompt工程师。围绕“提示工程场景044-数据不足”中的系统提示、Few-shot、约束任务，面向销售团队，模拟用户反馈并归纳模式。请用短视频脚本输出，并从“质量”角度做重点判断。要求：标注假设和不确定性；避免虚构事实；最后给出3条可立即执行的下一步。
4245,提示工程,Prompt工程师,教师,Markdown大纲,用户体验,公开发布,任务编号 P4245。请扮演Prompt工程师。围绕“提示工程场景045-公开发布”中的系统提示、Few-shot、约束任务，面向教师，生成故障排查路径。请用Markdown大纲输出，并从“用户体验”角度做重点判断。要求：按影响力排序；包含失败预案；最后给出3条可立即执行的下一步。
4246,提示工程,Prompt工程师,本地用户,JSON结构,学习曲线,多方协作,任务编号 P4246。请扮演Prompt工程师。围绕“提示工程场景046-多方协作”中的系统提示、Few-shot、约束任务，面向本地用户，把目标拆成里程碑。请用JSON结构输出，并从“学习曲线”角度做重点判断。要求：必要时提出澄清问题；语言简洁，不说空话；最后给出3条可立即执行的下一步。
4247,提示工程,Prompt工程师,创始人,复盘报告,效率,预算有限,任务编号 P4247。请扮演Prompt工程师。围绕“提示工程场景047-预算有限”中的系统提示、Few-shot、约束任务，面向创始人，提出可复用命名规范。请用复盘报告输出，并从“效率”角度做重点判断。要求：给出至少一个反例；按难易度排序；最后给出3条可立即执行的下一步。
4248,提示工程,Prompt工程师,新手用户,短视频脚本,风险,初创团队,任务编号 P4248。请扮演Prompt工程师。围绕“提示工程场景048-初创团队”中的系统提示、Few-shot、约束任务，面向新手用户，创建风险登记册。请用短视频脚本输出，并从“风险”角度做重点判断。要求：按难易度排序；先给结论再解释；最后给出3条可立即执行的下一步。
4249,提示工程,Prompt工程师,一线执行团队,Markdown大纲,增长,需要扩张,任务编号 P4249。请扮演Prompt工程师。围绕“提示工程场景049-需要扩张”中的系统提示、Few-shot、约束任务，面向一线执行团队，制定一份可执行方案。请用Markdown大纲输出，并从“增长”角度做重点判断。要求：避免虚构事实；给出示例输入输出；最后给出3条可立即执行的下一步。
4250,提示工程,Prompt工程师,开发团队,JSON结构,短期落地,新市场验证,任务编号 P4250。请扮演Prompt工程师。围绕“提示工程场景050-新市场验证”中的系统提示、Few-shot、约束任务，面向开发团队，列出关键问题并给出优先级。请用JSON结构输出，并从“短期落地”角度做重点判断。要求：避免专业黑话；给出至少一个反例；最后给出3条可立即执行的下一步。
4251,提示工程,Prompt工程师,客服团队,复盘报告,成本,竞品压力,任务编号 P4251。请扮演Prompt工程师。围绕“提示工程场景051-竞品压力”中的系统提示、Few-shot、约束任务，面向客服团队，生成三种风格完全不同的版本。请用复盘报告输出，并从“成本”角度做重点判断。要求：包含衡量标准；保持中立客观；最后给出3条可立即执行的下一步。
4252,提示工程,Prompt工程师,家长,短视频脚本,可维护性,准备上线,任务编号 P4252。请扮演Prompt工程师。围绕“提示工程场景052-准备上线”中的系统提示、Few-shot、约束任务，面向家长，把复杂内容改写成新手也能懂的说明。请用短视频脚本输出，并从“可维护性”角度做重点判断。要求：提供简短版本和完整版本；适合在一天内开始执行；最后给出3条可立即执行的下一步。
4253,提示工程,Prompt工程师,非技术读者,Markdown大纲,长期价值,高不确定性,任务编号 P4253。请扮演Prompt工程师。围绕“提示工程场景053-高不确定性”中的系统提示、Few-shot、约束任务，面向非技术读者，设计一个从零到一的工作流。请用Markdown大纲输出，并从“长期价值”角度做重点判断。要求：适合在一天内开始执行；必要时提出澄清问题；最后给出3条可立即执行的下一步。
4254,提示工程,Prompt工程师,中小企业主,JSON结构,质量,远程协作,任务编号 P4254。请扮演Prompt工程师。围绕“提示工程场景054-远程协作”中的系统提示、Few-shot、约束任务，面向中小企业主，创建检查清单并标注常见坑。请用JSON结构输出，并从“质量”角度做重点判断。要求：给出示例输入输出；输出可直接复制使用；最后给出3条可立即执行的下一步。
4255,提示工程,Prompt工程师,资深从业者,复盘报告,用户体验,个人项目,任务编号 P4255。请扮演Prompt工程师。围绕“提示工程场景055-个人项目”中的系统提示、Few-shot、约束任务，面向资深从业者，模拟专家评审并指出改进点。请用复盘报告输出，并从“用户体验”角度做重点判断。要求：语言简洁，不说空话；提供简短版本和完整版本；最后给出3条可立即执行的下一步。
4256,提示工程,Prompt工程师,自由职业者,短视频脚本,学习曲线,质量波动,任务编号 P4256。请扮演Prompt工程师。围绕“提示工程场景056-质量波动”中的系统提示、Few-shot、约束任务，面向自由职业者，根据目标用户重写表达。请用短视频脚本输出，并从“学习曲线”角度做重点判断。要求：兼顾成本和效果；按影响力排序；最后给出3条可立即执行的下一步。
4257,提示工程,Prompt工程师,设计团队,Markdown大纲,效率,用户流失,任务编号 P4257。请扮演Prompt工程师。围绕“提示工程场景057-用户流失”中的系统提示、Few-shot、约束任务，面向设计团队，提炼核心洞察并给出行动建议。请用Markdown大纲输出，并从“效率”角度做重点判断。要求：指出最容易忽略的细节；包含可执行下一步；最后给出3条可立即执行的下一步。
4258,提示工程,Prompt工程师,投资人,JSON结构,风险,内部培训,任务编号 P4258。请扮演Prompt工程师。围绕“提示工程场景058-内部培训”中的系统提示、Few-shot、约束任务，面向投资人，设计一套可量化指标。请用JSON结构输出，并从“风险”角度做重点判断。要求：包含可执行下一步；包含衡量标准；最后给出3条可立即执行的下一步。
4259,提示工程,Prompt工程师,海外用户,复盘报告,增长,需要复盘,任务编号 P4259。请扮演Prompt工程师。围绕“提示工程场景059-需要复盘”中的系统提示、Few-shot、约束任务，面向海外用户，把零散想法整理成结构化大纲。请用复盘报告输出，并从“增长”角度做重点判断。要求：输出可直接复制使用；标注假设和不确定性；最后给出3条可立即执行的下一步。
4260,提示工程,Prompt工程师,专家评审,短视频脚本,短期落地,时间紧迫,任务编号 P4260。请扮演Prompt工程师。围绕“提示工程场景060-时间紧迫”中的系统提示、Few-shot、约束任务，面向专家评审，生成可直接使用的模板。请用短视频脚本输出，并从“短期落地”角度做重点判断。要求：保持中立客观；指出最容易忽略的细节；最后给出3条可立即执行的下一步。
4261,提示工程,Prompt工程师,大学生,Markdown大纲,成本,成熟企业,任务编号 P4261。请扮演Prompt工程师。围绕“提示工程场景061-成熟企业”中的系统提示、Few-shot、约束任务，面向大学生，做一次反向推理找出隐藏风险。请用Markdown大纲输出，并从“成本”角度做重点判断。要求：先给结论再解释；避免专业黑话；最后给出3条可立即执行的下一步。
4262,提示工程,Prompt工程师,管理层,JSON结构,可维护性,需要降本,任务编号 P4262。请扮演Prompt工程师。围绕“提示工程场景062-需要降本”中的系统提示、Few-shot、约束任务，面向管理层，给出低成本试验方案。请用JSON结构输出，并从“可维护性”角度做重点判断。要求：包含失败预案；用中文输出；最后给出3条可立即执行的下一步。
4263,提示工程,Prompt工程师,内容创作者,复盘报告,长期价值,流程混乱,任务编号 P4263。请扮演Prompt工程师。围绕“提示工程场景063-流程混乱”中的系统提示、Few-shot、约束任务，面向内容创作者，创建对比表并推荐选择。请用复盘报告输出，并从“长期价值”角度做重点判断。要求：用中文输出；兼顾成本和效果；最后给出3条可立即执行的下一步。
4264,提示工程,Prompt工程师,销售团队,短视频脚本,质量,数据不足,任务编号 P4264。请扮演Prompt工程师。围绕“提示工程场景064-数据不足”中的系统提示、Few-shot、约束任务，面向销售团队，把长内容压缩成高密度摘要。请用短视频脚本输出，并从“质量”角度做重点判断。要求：标注假设和不确定性；避免虚构事实；最后给出3条可立即执行的下一步。
4265,提示工程,Prompt工程师,教师,Markdown大纲,用户体验,公开发布,任务编号 P4265。请扮演Prompt工程师。围绕“提示工程场景065-公开发布”中的系统提示、Few-shot、约束任务，面向教师，提出10个创新方向并排序。请用Markdown大纲输出，并从“用户体验”角度做重点判断。要求：按影响力排序；包含失败预案；最后给出3条可立即执行的下一步。
4266,提示工程,Prompt工程师,本地用户,JSON结构,学习曲线,多方协作,任务编号 P4266。请扮演Prompt工程师。围绕“提示工程场景066-多方协作”中的系统提示、Few-shot、约束任务，面向本地用户，设计30天训练计划。请用JSON结构输出，并从“学习曲线”角度做重点判断。要求：必要时提出澄清问题；语言简洁，不说空话；最后给出3条可立即执行的下一步。
4267,提示工程,Prompt工程师,创始人,复盘报告,效率,预算有限,任务编号 P4267。请扮演Prompt工程师。围绕“提示工程场景067-预算有限”中的系统提示、Few-shot、约束任务，面向创始人，构建决策树帮助判断下一步。请用复盘报告输出，并从“效率”角度做重点判断。要求：给出至少一个反例；按难易度排序；最后给出3条可立即执行的下一步。
4268,提示工程,Prompt工程师,新手用户,短视频脚本,风险,初创团队,任务编号 P4268。请扮演Prompt工程师。围绕“提示工程场景068-初创团队”中的系统提示、Few-shot、约束任务，面向新手用户，生成会议讨论提纲。请用短视频脚本输出，并从“风险”角度做重点判断。要求：按难易度排序；先给结论再解释；最后给出3条可立即执行的下一步。
4269,提示工程,Prompt工程师,一线执行团队,Markdown大纲,增长,需要扩张,任务编号 P4269。请扮演Prompt工程师。围绕“提示工程场景069-需要扩张”中的系统提示、Few-shot、约束任务，面向一线执行团队，写一份面向管理层的简报。请用Markdown大纲输出，并从“增长”角度做重点判断。要求：避免虚构事实；给出示例输入输出；最后给出3条可立即执行的下一步。
4270,提示工程,Prompt工程师,开发团队,JSON结构,短期落地,新市场验证,任务编号 P4270。请扮演Prompt工程师。围绕“提示工程场景070-新市场验证”中的系统提示、Few-shot、约束任务，面向开发团队，写一份面向执行者的操作手册。请用JSON结构输出，并从“短期落地”角度做重点判断。要求：避免专业黑话；给出至少一个反例；最后给出3条可立即执行的下一步。
4271,提示工程,Prompt工程师,客服团队,复盘报告,成本,竞品压力,任务编号 P4271。请扮演Prompt工程师。围绕“提示工程场景071-竞品压力”中的系统提示、Few-shot、约束任务，面向客服团队，建立评估打分表。请用复盘报告输出，并从“成本”角度做重点判断。要求：包含衡量标准；保持中立客观；最后给出3条可立即执行的下一步。
4272,提示工程,Prompt工程师,家长,短视频脚本,可维护性,准备上线,任务编号 P4272。请扮演Prompt工程师。围绕“提示工程场景072-准备上线”中的系统提示、Few-shot、约束任务，面向家长，提出自动化改造思路。请用短视频脚本输出，并从“可维护性”角度做重点判断。要求：提供简短版本和完整版本；适合在一天内开始执行；最后给出3条可立即执行的下一步。
4273,提示工程,Prompt工程师,非技术读者,Markdown大纲,长期价值,高不确定性,任务编号 P4273。请扮演Prompt工程师。围绕“提示工程场景073-高不确定性”中的系统提示、Few-shot、约束任务，面向非技术读者，设计用户调研问题。请用Markdown大纲输出，并从“长期价值”角度做重点判断。要求：适合在一天内开始执行；必要时提出澄清问题；最后给出3条可立即执行的下一步。
4274,提示工程,Prompt工程师,中小企业主,JSON结构,质量,远程协作,任务编号 P4274。请扮演Prompt工程师。围绕“提示工程场景074-远程协作”中的系统提示、Few-shot、约束任务，面向中小企业主，模拟用户反馈并归纳模式。请用JSON结构输出，并从“质量”角度做重点判断。要求：给出示例输入输出；输出可直接复制使用；最后给出3条可立即执行的下一步。
4275,提示工程,Prompt工程师,资深从业者,复盘报告,用户体验,个人项目,任务编号 P4275。请扮演Prompt工程师。围绕“提示工程场景075-个人项目”中的系统提示、Few-shot、约束任务，面向资深从业者，生成故障排查路径。请用复盘报告输出，并从“用户体验”角度做重点判断。要求：语言简洁，不说空话；提供简短版本和完整版本；最后给出3条可立即执行的下一步。
4276,提示工程,Prompt工程师,自由职业者,短视频脚本,学习曲线,质量波动,任务编号 P4276。请扮演Prompt工程师。围绕“提示工程场景076-质量波动”中的系统提示、Few-shot、约束任务，面向自由职业者，把目标拆成里程碑。请用短视频脚本输出，并从“学习曲线”角度做重点判断。要求：兼顾成本和效果；按影响力排序；最后给出3条可立即执行的下一步。
4277,提示工程,Prompt工程师,设计团队,Markdown大纲,效率,用户流失,任务编号 P4277。请扮演Prompt工程师。围绕“提示工程场景077-用户流失”中的系统提示、Few-shot、约束任务，面向设计团队，提出可复用命名规范。请用Markdown大纲输出，并从“效率”角度做重点判断。要求：指出最容易忽略的细节；包含可执行下一步；最后给出3条可立即执行的下一步。
4278,提示工程,Prompt工程师,投资人,JSON结构,风险,内部培训,任务编号 P4278。请扮演Prompt工程师。围绕“提示工程场景078-内部培训”中的系统提示、Few-shot、约束任务，面向投资人，创建风险登记册。请用JSON结构输出，并从“风险”角度做重点判断。要求：包含可执行下一步；包含衡量标准；最后给出3条可立即执行的下一步。
4279,提示工程,Prompt工程师,海外用户,复盘报告,增长,需要复盘,任务编号 P4279。请扮演Prompt工程师。围绕“提示工程场景079-需要复盘”中的系统提示、Few-shot、约束任务，面向海外用户，制定一份可执行方案。请用复盘报告输出，并从“增长”角度做重点判断。要求：输出可直接复制使用；标注假设和不确定性；最后给出3条可立即执行的下一步。
4280,提示工程,Prompt工程师,专家评审,短视频脚本,短期落地,时间紧迫,任务编号 P4280。请扮演Prompt工程师。围绕“提示工程场景080-时间紧迫”中的系统提示、Few-shot、约束任务，面向专家评审，列出关键问题并给出优先级。请用短视频脚本输出，并从“短期落地”角度做重点判断。要求：保持中立客观；指出最容易忽略的细节；最后给出3条可立即执行的下一步。
4281,提示工程,Prompt工程师,大学生,Markdown大纲,成本,成熟企业,任务编号 P4281。请扮演Prompt工程师。围绕“提示工程场景081-成熟企业”中的系统提示、Few-shot、约束任务，面向大学生，生成三种风格完全不同的版本。请用Markdown大纲输出，并从“成本”角度做重点判断。要求：先给结论再解释；避免专业黑话；最后给出3条可立即执行的下一步。
4282,提示工程,Prompt工程师,管理层,JSON结构,可维护性,需要降本,任务编号 P4282。请扮演Prompt工程师。围绕“提示工程场景082-需要降本”中的系统提示、Few-shot、约束任务，面向管理层，把复杂内容改写成新手也能懂的说明。请用JSON结构输出，并从“可维护性”角度做重点判断。要求：包含失败预案；用中文输出；最后给出3条可立即执行的下一步。
4283,提示工程,Prompt工程师,内容创作者,复盘报告,长期价值,流程混乱,任务编号 P4283。请扮演Prompt工程师。围绕“提示工程场景083-流程混乱”中的系统提示、Few-shot、约束任务，面向内容创作者，设计一个从零到一的工作流。请用复盘报告输出，并从“长期价值”角度做重点判断。要求：用中文输出；兼顾成本和效果；最后给出3条可立即执行的下一步。
4284,提示工程,Prompt工程师,销售团队,短视频脚本,质量,数据不足,任务编号 P4284。请扮演Prompt工程师。围绕“提示工程场景084-数据不足”中的系统提示、Few-shot、约束任务，面向销售团队，创建检查清单并标注常见坑。请用短视频脚本输出，并从“质量”角度做重点判断。要求：标注假设和不确定性；避免虚构事实；最后给出3条可立即执行的下一步。
4285,提示工程,Prompt工程师,教师,Markdown大纲,用户体验,公开发布,任务编号 P4285。请扮演Prompt工程师。围绕“提示工程场景085-公开发布”中的系统提示、Few-shot、约束任务，面向教师，模拟专家评审并指出改进点。请用Markdown大纲输出，并从“用户体验”角度做重点判断。要求：按影响力排序；包含失败预案；最后给出3条可立即执行的下一步。
4286,提示工程,Prompt工程师,本地用户,JSON结构,学习曲线,多方协作,任务编号 P4286。请扮演Prompt工程师。围绕“提示工程场景086-多方协作”中的系统提示、Few-shot、约束任务，面向本地用户，根据目标用户重写表达。请用JSON结构输出，并从“学习曲线”角度做重点判断。要求：必要时提出澄清问题；语言简洁，不说空话；最后给出3条可立即执行的下一步。
4287,提示工程,Prompt工程师,创始人,复盘报告,效率,预算有限,任务编号 P4287。请扮演Prompt工程师。围绕“提示工程场景087-预算有限”中的系统提示、Few-shot、约束任务，面向创始人，提炼核心洞察并给出行动建议。请用复盘报告输出，并从“效率”角度做重点判断。要求：给出至少一个反例；按难易度排序；最后给出3条可立即执行的下一步。
4288,提示工程,Prompt工程师,新手用户,短视频脚本,风险,初创团队,任务编号 P4288。请扮演Prompt工程师。围绕“提示工程场景088-初创团队”中的系统提示、Few-shot、约束任务，面向新手用户，设计一套可量化指标。请用短视频脚本输出，并从“风险”角度做重点判断。要求：按难易度排序；先给结论再解释；最后给出3条可立即执行的下一步。
4289,提示工程,Prompt工程师,一线执行团队,Markdown大纲,增长,需要扩张,任务编号 P4289。请扮演Prompt工程师。围绕“提示工程场景089-需要扩张”中的系统提示、Few-shot、约束任务，面向一线执行团队，把零散想法整理成结构化大纲。请用Markdown大纲输出，并从“增长”角度做重点判断。要求：避免虚构事实；给出示例输入输出；最后给出3条可立即执行的下一步。
4290,提示工程,Prompt工程师,开发团队,JSON结构,短期落地,新市场验证,任务编号 P4290。请扮演Prompt工程师。围绕“提示工程场景090-新市场验证”中的系统提示、Few-shot、约束任务，面向开发团队，生成可直接使用的模板。请用JSON结构输出，并从“短期落地”角度做重点判断。要求：避免专业黑话；给出至少一个反例；最后给出3条可立即执行的下一步。
4291,提示工程,Prompt工程师,客服团队,复盘报告,成本,竞品压力,任务编号 P4291。请扮演Prompt工程师。围绕“提示工程场景091-竞品压力”中的系统提示、Few-shot、约束任务，面向客服团队，做一次反向推理找出隐藏风险。请用复盘报告输出，并从“成本”角度做重点判断。要求：包含衡量标准；保持中立客观；最后给出3条可立即执行的下一步。
4292,提示工程,Prompt工程师,家长,短视频脚本,可维护性,准备上线,任务编号 P4292。请扮演Prompt工程师。围绕“提示工程场景092-准备上线”中的系统提示、Few-shot、约束任务，面向家长，给出低成本试验方案。请用短视频脚本输出，并从“可维护性”角度做重点判断。要求：提供简短版本和完整版本；适合在一天内开始执行；最后给出3条可立即执行的下一步。
4293,提示工程,Prompt工程师,非技术读者,Markdown大纲,长期价值,高不确定性,任务编号 P4293。请扮演Prompt工程师。围绕“提示工程场景093-高不确定性”中的系统提示、Few-shot、约束任务，面向非技术读者，创建对比表并推荐选择。请用Markdown大纲输出，并从“长期价值”角度做重点判断。要求：适合在一天内开始执行；必要时提出澄清问题；最后给出3条可立即执行的下一步。
4294,提示工程,Prompt工程师,中小企业主,JSON结构,质量,远程协作,任务编号 P4294。请扮演Prompt工程师。围绕“提示工程场景094-远程协作”中的系统提示、Few-shot、约束任务，面向中小企业主，把长内容压缩成高密度摘要。请用JSON结构输出，并从“质量”角度做重点判断。要求：给出示例输入输出；输出可直接复制使用；最后给出3条可立即执行的下一步。
4295,提示工程,Prompt工程师,资深从业者,复盘报告,用户体验,个人项目,任务编号 P4295。请扮演Prompt工程师。围绕“提示工程场景095-个人项目”中的系统提示、Few-shot、约束任务，面向资深从业者，提出10个创新方向并排序。请用复盘报告输出，并从“用户体验”角度做重点判断。要求：语言简洁，不说空话；提供简短版本和完整版本；最后给出3条可立即执行的下一步。
4296,提示工程,Prompt工程师,自由职业者,短视频脚本,学习曲线,质量波动,任务编号 P4296。请扮演Prompt工程师。围绕“提示工程场景096-质量波动”中的系统提示、Few-shot、约束任务，面向自由职业者，设计30天训练计划。请用短视频脚本输出，并从“学习曲线”角度做重点判断。要求：兼顾成本和效果；按影响力排序；最后给出3条可立即执行的下一步。
4297,提示工程,Prompt工程师,设计团队,Markdown大纲,效率,用户流失,任务编号 P4297。请扮演Prompt工程师。围绕“提示工程场景097-用户流失”中的系统提示、Few-shot、约束任务，面向设计团队，构建决策树帮助判断下一步。请用Markdown大纲输出，并从“效率”角度做重点判断。要求：指出最容易忽略的细节；包含可执行下一步；最后给出3条可立即执行的下一步。
4298,提示工程,Prompt工程师,投资人,JSON结构,风险,内部培训,任务编号 P4298。请扮演Prompt工程师。围绕“提示工程场景098-内部培训”中的系统提示、Few-shot、约束任务，面向投资人，生成会议讨论提纲。请用JSON结构输出，并从“风险”角度做重点判断。要求：包含可执行下一步；包含衡量标准；最后给出3条可立即执行的下一步。
4299,提示工程,Prompt工程师,海外用户,复盘报告,增长,需要复盘,任务编号 P4299。请扮演Prompt工程师。围绕“提示工程场景099-需要复盘”中的系统提示、Few-shot、约束任务，面向海外用户，写一份面向管理层的简报。请用复盘报告输出，并从“增长”角度做重点判断。要求：输出可直接复制使用；标注假设和不确定性；最后给出3条可立即执行的下一步。
4300,提示工程,Prompt工程师,专家评审,短视频脚本,短期落地,时间紧迫,任务编号 P4300。请扮演Prompt工程师。围绕“提示工程场景100-时间紧迫”中的系统提示、Few-shot、约束任务，面向专家评审，写一份面向执行者的操作手册。请用短视频脚本输出，并从“短期落地”角度做重点判断。要求：保持中立客观；指出最容易忽略的细节；最后给出3条可立即执行的下一步。
4301,个人效率,效率教练,新手用户,SOP步骤,风险,远程协作,任务编号 P4301。请扮演效率教练。围绕“个人效率场景001-远程协作”中的计划、复盘、自动化任务，面向新手用户，给出低成本试验方案。请用SOP步骤输出，并从“风险”角度做重点判断。要求：标注假设和不确定性；适合在一天内开始执行；最后给出3条可立即执行的下一步。
4302,个人效率,效率教练,一线执行团队,看板任务,增长,个人项目,任务编号 P4302。请扮演效率教练。围绕“个人效率场景002-个人项目”中的计划、复盘、自动化任务，面向一线执行团队，创建对比表并推荐选择。请用看板任务输出，并从“增长”角度做重点判断。要求：按影响力排序；必要时提出澄清问题；最后给出3条可立即执行的下一步。
4303,个人效率,效率教练,开发团队,实验计划,短期落地,质量波动,任务编号 P4303。请扮演效率教练。围绕“个人效率场景003-质量波动”中的计划、复盘、自动化任务，面向开发团队，把长内容压缩成高密度摘要。请用实验计划输出，并从“短期落地”角度做重点判断。要求：必要时提出澄清问题；输出可直接复制使用；最后给出3条可立即执行的下一步。
4304,个人效率,效率教练,客服团队,检查清单,成本,用户流失,任务编号 P4304。请扮演效率教练。围绕“个人效率场景004-用户流失”中的计划、复盘、自动化任务，面向客服团队，提出10个创新方向并排序。请用检查清单输出，并从“成本”角度做重点判断。要求：给出至少一个反例；提供简短版本和完整版本；最后给出3条可立即执行的下一步。
4305,个人效率,效率教练,家长,SOP步骤,可维护性,内部培训,任务编号 P4305。请扮演效率教练。围绕“个人效率场景005-内部培训”中的计划、复盘、自动化任务，面向家长，设计30天训练计划。请用SOP步骤输出，并从“可维护性”角度做重点判断。要求：按难易度排序；按影响力排序；最后给出3条可立即执行的下一步。
4306,个人效率,效率教练,非技术读者,看板任务,长期价值,需要复盘,任务编号 P4306。请扮演效率教练。围绕“个人效率场景006-需要复盘”中的计划、复盘、自动化任务，面向非技术读者，构建决策树帮助判断下一步。请用看板任务输出，并从“长期价值”角度做重点判断。要求：避免虚构事实；包含可执行下一步；最后给出3条可立即执行的下一步。
4307,个人效率,效率教练,中小企业主,实验计划,质量,时间紧迫,任务编号 P4307。请扮演效率教练。围绕“个人效率场景007-时间紧迫”中的计划、复盘、自动化任务，面向中小企业主，生成会议讨论提纲。请用实验计划输出，并从“质量”角度做重点判断。要求：避免专业黑话；包含衡量标准；最后给出3条可立即执行的下一步。
4308,个人效率,效率教练,资深从业者,检查清单,用户体验,成熟企业,任务编号 P4308。请扮演效率教练。围绕“个人效率场景008-成熟企业”中的计划、复盘、自动化任务，面向资深从业者，写一份面向管理层的简报。请用检查清单输出，并从“用户体验”角度做重点判断。要求：包含衡量标准；标注假设和不确定性；最后给出3条可立即执行的下一步。
4309,个人效率,效率教练,自由职业者,SOP步骤,学习曲线,需要降本,任务编号 P4309。请扮演效率教练。围绕“个人效率场景009-需要降本”中的计划、复盘、自动化任务，面向自由职业者，写一份面向执行者的操作手册。请用SOP步骤输出，并从“学习曲线”角度做重点判断。要求：提供简短版本和完整版本；指出最容易忽略的细节；最后给出3条可立即执行的下一步。
4310,个人效率,效率教练,设计团队,看板任务,效率,流程混乱,任务编号 P4310。请扮演效率教练。围绕“个人效率场景010-流程混乱”中的计划、复盘、自动化任务，面向设计团队，建立评估打分表。请用看板任务输出，并从“效率”角度做重点判断。要求：适合在一天内开始执行；避免专业黑话；最后给出3条可立即执行的下一步。
4311,个人效率,效率教练,投资人,实验计划,风险,数据不足,任务编号 P4311。请扮演效率教练。围绕“个人效率场景011-数据不足”中的计划、复盘、自动化任务，面向投资人，提出自动化改造思路。请用实验计划输出，并从“风险”角度做重点判断。要求：给出示例输入输出；用中文输出；最后给出3条可立即执行的下一步。
4312,个人效率,效率教练,海外用户,检查清单,增长,公开发布,任务编号 P4312。请扮演效率教练。围绕“个人效率场景012-公开发布”中的计划、复盘、自动化任务，面向海外用户，设计用户调研问题。请用检查清单输出，并从“增长”角度做重点判断。要求：语言简洁，不说空话；兼顾成本和效果；最后给出3条可立即执行的下一步。
4313,个人效率,效率教练,专家评审,SOP步骤,短期落地,多方协作,任务编号 P4313。请扮演效率教练。围绕“个人效率场景013-多方协作”中的计划、复盘、自动化任务，面向专家评审，模拟用户反馈并归纳模式。请用SOP步骤输出，并从“短期落地”角度做重点判断。要求：兼顾成本和效果；避免虚构事实；最后给出3条可立即执行的下一步。
4314,个人效率,效率教练,大学生,看板任务,成本,预算有限,任务编号 P4314。请扮演效率教练。围绕“个人效率场景014-预算有限”中的计划、复盘、自动化任务，面向大学生，生成故障排查路径。请用看板任务输出，并从“成本”角度做重点判断。要求：指出最容易忽略的细节；包含失败预案；最后给出3条可立即执行的下一步。
4315,个人效率,效率教练,管理层,实验计划,可维护性,初创团队,任务编号 P4315。请扮演效率教练。围绕“个人效率场景015-初创团队”中的计划、复盘、自动化任务，面向管理层，把目标拆成里程碑。请用实验计划输出，并从“可维护性”角度做重点判断。要求：包含可执行下一步；语言简洁，不说空话；最后给出3条可立即执行的下一步。
4316,个人效率,效率教练,内容创作者,检查清单,长期价值,需要扩张,任务编号 P4316。请扮演效率教练。围绕“个人效率场景016-需要扩张”中的计划、复盘、自动化任务，面向内容创作者，提出可复用命名规范。请用检查清单输出，并从“长期价值”角度做重点判断。要求：输出可直接复制使用；按难易度排序；最后给出3条可立即执行的下一步。
4317,个人效率,效率教练,销售团队,SOP步骤,质量,新市场验证,任务编号 P4317。请扮演效率教练。围绕“个人效率场景017-新市场验证”中的计划、复盘、自动化任务，面向销售团队，创建风险登记册。请用SOP步骤输出，并从“质量”角度做重点判断。要求：保持中立客观；先给结论再解释；最后给出3条可立即执行的下一步。
4318,个人效率,效率教练,教师,看板任务,用户体验,竞品压力,任务编号 P4318。请扮演效率教练。围绕“个人效率场景018-竞品压力”中的计划、复盘、自动化任务，面向教师，制定一份可执行方案。请用看板任务输出，并从“用户体验”角度做重点判断。要求：先给结论再解释；给出示例输入输出；最后给出3条可立即执行的下一步。
4319,个人效率,效率教练,本地用户,实验计划,学习曲线,准备上线,任务编号 P4319。请扮演效率教练。围绕“个人效率场景019-准备上线”中的计划、复盘、自动化任务，面向本地用户，列出关键问题并给出优先级。请用实验计划输出，并从“学习曲线”角度做重点判断。要求：包含失败预案；给出至少一个反例；最后给出3条可立即执行的下一步。
4320,个人效率,效率教练,创始人,检查清单,效率,高不确定性,任务编号 P4320。请扮演效率教练。围绕“个人效率场景020-高不确定性”中的计划、复盘、自动化任务，面向创始人，生成三种风格完全不同的版本。请用检查清单输出，并从“效率”角度做重点判断。要求：用中文输出；保持中立客观；最后给出3条可立即执行的下一步。
4321,个人效率,效率教练,新手用户,SOP步骤,风险,远程协作,任务编号 P4321。请扮演效率教练。围绕“个人效率场景021-远程协作”中的计划、复盘、自动化任务，面向新手用户，把复杂内容改写成新手也能懂的说明。请用SOP步骤输出，并从“风险”角度做重点判断。要求：标注假设和不确定性；适合在一天内开始执行；最后给出3条可立即执行的下一步。
4322,个人效率,效率教练,一线执行团队,看板任务,增长,个人项目,任务编号 P4322。请扮演效率教练。围绕“个人效率场景022-个人项目”中的计划、复盘、自动化任务，面向一线执行团队，设计一个从零到一的工作流。请用看板任务输出，并从“增长”角度做重点判断。要求：按影响力排序；必要时提出澄清问题；最后给出3条可立即执行的下一步。
4323,个人效率,效率教练,开发团队,实验计划,短期落地,质量波动,任务编号 P4323。请扮演效率教练。围绕“个人效率场景023-质量波动”中的计划、复盘、自动化任务，面向开发团队，创建检查清单并标注常见坑。请用实验计划输出，并从“短期落地”角度做重点判断。要求：必要时提出澄清问题；输出可直接复制使用；最后给出3条可立即执行的下一步。
4324,个人效率,效率教练,客服团队,检查清单,成本,用户流失,任务编号 P4324。请扮演效率教练。围绕“个人效率场景024-用户流失”中的计划、复盘、自动化任务，面向客服团队，模拟专家评审并指出改进点。请用检查清单输出，并从“成本”角度做重点判断。要求：给出至少一个反例；提供简短版本和完整版本；最后给出3条可立即执行的下一步。
4325,个人效率,效率教练,家长,SOP步骤,可维护性,内部培训,任务编号 P4325。请扮演效率教练。围绕“个人效率场景025-内部培训”中的计划、复盘、自动化任务，面向家长，根据目标用户重写表达。请用SOP步骤输出，并从“可维护性”角度做重点判断。要求：按难易度排序；按影响力排序；最后给出3条可立即执行的下一步。
4326,个人效率,效率教练,非技术读者,看板任务,长期价值,需要复盘,任务编号 P4326。请扮演效率教练。围绕“个人效率场景026-需要复盘”中的计划、复盘、自动化任务，面向非技术读者，提炼核心洞察并给出行动建议。请用看板任务输出，并从“长期价值”角度做重点判断。要求：避免虚构事实；包含可执行下一步；最后给出3条可立即执行的下一步。
4327,个人效率,效率教练,中小企业主,实验计划,质量,时间紧迫,任务编号 P4327。请扮演效率教练。围绕“个人效率场景027-时间紧迫”中的计划、复盘、自动化任务，面向中小企业主，设计一套可量化指标。请用实验计划输出，并从“质量”角度做重点判断。要求：避免专业黑话；包含衡量标准；最后给出3条可立即执行的下一步。
4328,个人效率,效率教练,资深从业者,检查清单,用户体验,成熟企业,任务编号 P4328。请扮演效率教练。围绕“个人效率场景028-成熟企业”中的计划、复盘、自动化任务，面向资深从业者，把零散想法整理成结构化大纲。请用检查清单输出，并从“用户体验”角度做重点判断。要求：包含衡量标准；标注假设和不确定性；最后给出3条可立即执行的下一步。
4329,个人效率,效率教练,自由职业者,SOP步骤,学习曲线,需要降本,任务编号 P4329。请扮演效率教练。围绕“个人效率场景029-需要降本”中的计划、复盘、自动化任务，面向自由职业者，生成可直接使用的模板。请用SOP步骤输出，并从“学习曲线”角度做重点判断。要求：提供简短版本和完整版本；指出最容易忽略的细节；最后给出3条可立即执行的下一步。
4330,个人效率,效率教练,设计团队,看板任务,效率,流程混乱,任务编号 P4330。请扮演效率教练。围绕“个人效率场景030-流程混乱”中的计划、复盘、自动化任务，面向设计团队，做一次反向推理找出隐藏风险。请用看板任务输出，并从“效率”角度做重点判断。要求：适合在一天内开始执行；避免专业黑话；最后给出3条可立即执行的下一步。
4331,个人效率,效率教练,投资人,实验计划,风险,数据不足,任务编号 P4331。请扮演效率教练。围绕“个人效率场景031-数据不足”中的计划、复盘、自动化任务，面向投资人，给出低成本试验方案。请用实验计划输出，并从“风险”角度做重点判断。要求：给出示例输入输出；用中文输出；最后给出3条可立即执行的下一步。
4332,个人效率,效率教练,海外用户,检查清单,增长,公开发布,任务编号 P4332。请扮演效率教练。围绕“个人效率场景032-公开发布”中的计划、复盘、自动化任务，面向海外用户，创建对比表并推荐选择。请用检查清单输出，并从“增长”角度做重点判断。要求：语言简洁，不说空话；兼顾成本和效果；最后给出3条可立即执行的下一步。
4333,个人效率,效率教练,专家评审,SOP步骤,短期落地,多方协作,任务编号 P4333。请扮演效率教练。围绕“个人效率场景033-多方协作”中的计划、复盘、自动化任务，面向专家评审，把长内容压缩成高密度摘要。请用SOP步骤输出，并从“短期落地”角度做重点判断。要求：兼顾成本和效果；避免虚构事实；最后给出3条可立即执行的下一步。
4334,个人效率,效率教练,大学生,看板任务,成本,预算有限,任务编号 P4334。请扮演效率教练。围绕“个人效率场景034-预算有限”中的计划、复盘、自动化任务，面向大学生，提出10个创新方向并排序。请用看板任务输出，并从“成本”角度做重点判断。要求：指出最容易忽略的细节；包含失败预案；最后给出3条可立即执行的下一步。
4335,个人效率,效率教练,管理层,实验计划,可维护性,初创团队,任务编号 P4335。请扮演效率教练。围绕“个人效率场景035-初创团队”中的计划、复盘、自动化任务，面向管理层，设计30天训练计划。请用实验计划输出，并从“可维护性”角度做重点判断。要求：包含可执行下一步；语言简洁，不说空话；最后给出3条可立即执行的下一步。
4336,个人效率,效率教练,内容创作者,检查清单,长期价值,需要扩张,任务编号 P4336。请扮演效率教练。围绕“个人效率场景036-需要扩张”中的计划、复盘、自动化任务，面向内容创作者，构建决策树帮助判断下一步。请用检查清单输出，并从“长期价值”角度做重点判断。要求：输出可直接复制使用；按难易度排序；最后给出3条可立即执行的下一步。
4337,个人效率,效率教练,销售团队,SOP步骤,质量,新市场验证,任务编号 P4337。请扮演效率教练。围绕“个人效率场景037-新市场验证”中的计划、复盘、自动化任务，面向销售团队，生成会议讨论提纲。请用SOP步骤输出，并从“质量”角度做重点判断。要求：保持中立客观；先给结论再解释；最后给出3条可立即执行的下一步。
4338,个人效率,效率教练,教师,看板任务,用户体验,竞品压力,任务编号 P4338。请扮演效率教练。围绕“个人效率场景038-竞品压力”中的计划、复盘、自动化任务，面向教师，写一份面向管理层的简报。请用看板任务输出，并从“用户体验”角度做重点判断。要求：先给结论再解释；给出示例输入输出；最后给出3条可立即执行的下一步。
4339,个人效率,效率教练,本地用户,实验计划,学习曲线,准备上线,任务编号 P4339。请扮演效率教练。围绕“个人效率场景039-准备上线”中的计划、复盘、自动化任务，面向本地用户，写一份面向执行者的操作手册。请用实验计划输出，并从“学习曲线”角度做重点判断。要求：包含失败预案；给出至少一个反例；最后给出3条可立即执行的下一步。
4340,个人效率,效率教练,创始人,检查清单,效率,高不确定性,任务编号 P4340。请扮演效率教练。围绕“个人效率场景040-高不确定性”中的计划、复盘、自动化任务，面向创始人，建立评估打分表。请用检查清单输出，并从“效率”角度做重点判断。要求：用中文输出；保持中立客观；最后给出3条可立即执行的下一步。
4341,个人效率,效率教练,新手用户,SOP步骤,风险,远程协作,任务编号 P4341。请扮演效率教练。围绕“个人效率场景041-远程协作”中的计划、复盘、自动化任务，面向新手用户，提出自动化改造思路。请用SOP步骤输出，并从“风险”角度做重点判断。要求：标注假设和不确定性；适合在一天内开始执行；最后给出3条可立即执行的下一步。
4342,个人效率,效率教练,一线执行团队,看板任务,增长,个人项目,任务编号 P4342。请扮演效率教练。围绕“个人效率场景042-个人项目”中的计划、复盘、自动化任务，面向一线执行团队，设计用户调研问题。请用看板任务输出，并从“增长”角度做重点判断。要求：按影响力排序；必要时提出澄清问题；最后给出3条可立即执行的下一步。
4343,个人效率,效率教练,开发团队,实验计划,短期落地,质量波动,任务编号 P4343。请扮演效率教练。围绕“个人效率场景043-质量波动”中的计划、复盘、自动化任务，面向开发团队，模拟用户反馈并归纳模式。请用实验计划输出，并从“短期落地”角度做重点判断。要求：必要时提出澄清问题；输出可直接复制使用；最后给出3条可立即执行的下一步。
4344,个人效率,效率教练,客服团队,检查清单,成本,用户流失,任务编号 P4344。请扮演效率教练。围绕“个人效率场景044-用户流失”中的计划、复盘、自动化任务，面向客服团队，生成故障排查路径。请用检查清单输出，并从“成本”角度做重点判断。要求：给出至少一个反例；提供简短版本和完整版本；最后给出3条可立即执行的下一步。
4345,个人效率,效率教练,家长,SOP步骤,可维护性,内部培训,任务编号 P4345。请扮演效率教练。围绕“个人效率场景045-内部培训”中的计划、复盘、自动化任务，面向家长，把目标拆成里程碑。请用SOP步骤输出，并从“可维护性”角度做重点判断。要求：按难易度排序；按影响力排序；最后给出3条可立即执行的下一步。
4346,个人效率,效率教练,非技术读者,看板任务,长期价值,需要复盘,任务编号 P4346。请扮演效率教练。围绕“个人效率场景046-需要复盘”中的计划、复盘、自动化任务，面向非技术读者，提出可复用命名规范。请用看板任务输出，并从“长期价值”角度做重点判断。要求：避免虚构事实；包含可执行下一步；最后给出3条可立即执行的下一步。
4347,个人效率,效率教练,中小企业主,实验计划,质量,时间紧迫,任务编号 P4347。请扮演效率教练。围绕“个人效率场景047-时间紧迫”中的计划、复盘、自动化任务，面向中小企业主，创建风险登记册。请用实验计划输出，并从“质量”角度做重点判断。要求：避免专业黑话；包含衡量标准；最后给出3条可立即执行的下一步。
4348,个人效率,效率教练,资深从业者,检查清单,用户体验,成熟企业,任务编号 P4348。请扮演效率教练。围绕“个人效率场景048-成熟企业”中的计划、复盘、自动化任务，面向资深从业者，制定一份可执行方案。请用检查清单输出，并从“用户体验”角度做重点判断。要求：包含衡量标准；标注假设和不确定性；最后给出3条可立即执行的下一步。
4349,个人效率,效率教练,自由职业者,SOP步骤,学习曲线,需要降本,任务编号 P4349。请扮演效率教练。围绕“个人效率场景049-需要降本”中的计划、复盘、自动化任务，面向自由职业者，列出关键问题并给出优先级。请用SOP步骤输出，并从“学习曲线”角度做重点判断。要求：提供简短版本和完整版本；指出最容易忽略的细节；最后给出3条可立即执行的下一步。
4350,个人效率,效率教练,设计团队,看板任务,效率,流程混乱,任务编号 P4350。请扮演效率教练。围绕“个人效率场景050-流程混乱”中的计划、复盘、自动化任务，面向设计团队，生成三种风格完全不同的版本。请用看板任务输出，并从“效率”角度做重点判断。要求：适合在一天内开始执行；避免专业黑话；最后给出3条可立即执行的下一步。
4351,个人效率,效率教练,投资人,实验计划,风险,数据不足,任务编号 P4351。请扮演效率教练。围绕“个人效率场景051-数据不足”中的计划、复盘、自动化任务，面向投资人，把复杂内容改写成新手也能懂的说明。请用实验计划输出，并从“风险”角度做重点判断。要求：给出示例输入输出；用中文输出；最后给出3条可立即执行的下一步。
4352,个人效率,效率教练,海外用户,检查清单,增长,公开发布,任务编号 P4352。请扮演效率教练。围绕“个人效率场景052-公开发布”中的计划、复盘、自动化任务，面向海外用户，设计一个从零到一的工作流。请用检查清单输出，并从“增长”角度做重点判断。要求：语言简洁，不说空话；兼顾成本和效果；最后给出3条可立即执行的下一步。
4353,个人效率,效率教练,专家评审,SOP步骤,短期落地,多方协作,任务编号 P4353。请扮演效率教练。围绕“个人效率场景053-多方协作”中的计划、复盘、自动化任务，面向专家评审，创建检查清单并标注常见坑。请用SOP步骤输出，并从“短期落地”角度做重点判断。要求：兼顾成本和效果；避免虚构事实；最后给出3条可立即执行的下一步。
4354,个人效率,效率教练,大学生,看板任务,成本,预算有限,任务编号 P4354。请扮演效率教练。围绕“个人效率场景054-预算有限”中的计划、复盘、自动化任务，面向大学生，模拟专家评审并指出改进点。请用看板任务输出，并从“成本”角度做重点判断。要求：指出最容易忽略的细节；包含失败预案；最后给出3条可立即执行的下一步。
4355,个人效率,效率教练,管理层,实验计划,可维护性,初创团队,任务编号 P4355。请扮演效率教练。围绕“个人效率场景055-初创团队”中的计划、复盘、自动化任务，面向管理层，根据目标用户重写表达。请用实验计划输出，并从“可维护性”角度做重点判断。要求：包含可执行下一步；语言简洁，不说空话；最后给出3条可立即执行的下一步。
4356,个人效率,效率教练,内容创作者,检查清单,长期价值,需要扩张,任务编号 P4356。请扮演效率教练。围绕“个人效率场景056-需要扩张”中的计划、复盘、自动化任务，面向内容创作者，提炼核心洞察并给出行动建议。请用检查清单输出，并从“长期价值”角度做重点判断。要求：输出可直接复制使用；按难易度排序；最后给出3条可立即执行的下一步。
4357,个人效率,效率教练,销售团队,SOP步骤,质量,新市场验证,任务编号 P4357。请扮演效率教练。围绕“个人效率场景057-新市场验证”中的计划、复盘、自动化任务，面向销售团队，设计一套可量化指标。请用SOP步骤输出，并从“质量”角度做重点判断。要求：保持中立客观；先给结论再解释；最后给出3条可立即执行的下一步。
4358,个人效率,效率教练,教师,看板任务,用户体验,竞品压力,任务编号 P4358。请扮演效率教练。围绕“个人效率场景058-竞品压力”中的计划、复盘、自动化任务，面向教师，把零散想法整理成结构化大纲。请用看板任务输出，并从“用户体验”角度做重点判断。要求：先给结论再解释；给出示例输入输出；最后给出3条可立即执行的下一步。
4359,个人效率,效率教练,本地用户,实验计划,学习曲线,准备上线,任务编号 P4359。请扮演效率教练。围绕“个人效率场景059-准备上线”中的计划、复盘、自动化任务，面向本地用户，生成可直接使用的模板。请用实验计划输出，并从“学习曲线”角度做重点判断。要求：包含失败预案；给出至少一个反例；最后给出3条可立即执行的下一步。
4360,个人效率,效率教练,创始人,检查清单,效率,高不确定性,任务编号 P4360。请扮演效率教练。围绕“个人效率场景060-高不确定性”中的计划、复盘、自动化任务，面向创始人，做一次反向推理找出隐藏风险。请用检查清单输出，并从“效率”角度做重点判断。要求：用中文输出；保持中立客观；最后给出3条可立即执行的下一步。
4361,个人效率,效率教练,新手用户,SOP步骤,风险,远程协作,任务编号 P4361。请扮演效率教练。围绕“个人效率场景061-远程协作”中的计划、复盘、自动化任务，面向新手用户，给出低成本试验方案。请用SOP步骤输出，并从“风险”角度做重点判断。要求：标注假设和不确定性；适合在一天内开始执行；最后给出3条可立即执行的下一步。
4362,个人效率,效率教练,一线执行团队,看板任务,增长,个人项目,任务编号 P4362。请扮演效率教练。围绕“个人效率场景062-个人项目”中的计划、复盘、自动化任务，面向一线执行团队，创建对比表并推荐选择。请用看板任务输出，并从“增长”角度做重点判断。要求：按影响力排序；必要时提出澄清问题；最后给出3条可立即执行的下一步。
4363,个人效率,效率教练,开发团队,实验计划,短期落地,质量波动,任务编号 P4363。请扮演效率教练。围绕“个人效率场景063-质量波动”中的计划、复盘、自动化任务，面向开发团队，把长内容压缩成高密度摘要。请用实验计划输出，并从“短期落地”角度做重点判断。要求：必要时提出澄清问题；输出可直接复制使用；最后给出3条可立即执行的下一步。
4364,个人效率,效率教练,客服团队,检查清单,成本,用户流失,任务编号 P4364。请扮演效率教练。围绕“个人效率场景064-用户流失”中的计划、复盘、自动化任务，面向客服团队，提出10个创新方向并排序。请用检查清单输出，并从“成本”角度做重点判断。要求：给出至少一个反例；提供简短版本和完整版本；最后给出3条可立即执行的下一步。
4365,个人效率,效率教练,家长,SOP步骤,可维护性,内部培训,任务编号 P4365。请扮演效率教练。围绕“个人效率场景065-内部培训”中的计划、复盘、自动化任务，面向家长，设计30天训练计划。请用SOP步骤输出，并从“可维护性”角度做重点判断。要求：按难易度排序；按影响力排序；最后给出3条可立即执行的下一步。
4366,个人效率,效率教练,非技术读者,看板任务,长期价值,需要复盘,任务编号 P4366。请扮演效率教练。围绕“个人效率场景066-需要复盘”中的计划、复盘、自动化任务，面向非技术读者，构建决策树帮助判断下一步。请用看板任务输出，并从“长期价值”角度做重点判断。要求：避免虚构事实；包含可执行下一步；最后给出3条可立即执行的下一步。
4367,个人效率,效率教练,中小企业主,实验计划,质量,时间紧迫,任务编号 P4367。请扮演效率教练。围绕“个人效率场景067-时间紧迫”中的计划、复盘、自动化任务，面向中小企业主，生成会议讨论提纲。请用实验计划输出，并从“质量”角度做重点判断。要求：避免专业黑话；包含衡量标准；最后给出3条可立即执行的下一步。
4368,个人效率,效率教练,资深从业者,检查清单,用户体验,成熟企业,任务编号 P4368。请扮演效率教练。围绕“个人效率场景068-成熟企业”中的计划、复盘、自动化任务，面向资深从业者，写一份面向管理层的简报。请用检查清单输出，并从“用户体验”角度做重点判断。要求：包含衡量标准；标注假设和不确定性；最后给出3条可立即执行的下一步。
4369,个人效率,效率教练,自由职业者,SOP步骤,学习曲线,需要降本,任务编号 P4369。请扮演效率教练。围绕“个人效率场景069-需要降本”中的计划、复盘、自动化任务，面向自由职业者，写一份面向执行者的操作手册。请用SOP步骤输出，并从“学习曲线”角度做重点判断。要求：提供简短版本和完整版本；指出最容易忽略的细节；最后给出3条可立即执行的下一步。
4370,个人效率,效率教练,设计团队,看板任务,效率,流程混乱,任务编号 P4370。请扮演效率教练。围绕“个人效率场景070-流程混乱”中的计划、复盘、自动化任务，面向设计团队，建立评估打分表。请用看板任务输出，并从“效率”角度做重点判断。要求：适合在一天内开始执行；避免专业黑话；最后给出3条可立即执行的下一步。
4371,个人效率,效率教练,投资人,实验计划,风险,数据不足,任务编号 P4371。请扮演效率教练。围绕“个人效率场景071-数据不足”中的计划、复盘、自动化任务，面向投资人，提出自动化改造思路。请用实验计划输出，并从“风险”角度做重点判断。要求：给出示例输入输出；用中文输出；最后给出3条可立即执行的下一步。
4372,个人效率,效率教练,海外用户,检查清单,增长,公开发布,任务编号 P4372。请扮演效率教练。围绕“个人效率场景072-公开发布”中的计划、复盘、自动化任务，面向海外用户，设计用户调研问题。请用检查清单输出，并从“增长”角度做重点判断。要求：语言简洁，不说空话；兼顾成本和效果；最后给出3条可立即执行的下一步。
4373,个人效率,效率教练,专家评审,SOP步骤,短期落地,多方协作,任务编号 P4373。请扮演效率教练。围绕“个人效率场景073-多方协作”中的计划、复盘、自动化任务，面向专家评审，模拟用户反馈并归纳模式。请用SOP步骤输出，并从“短期落地”角度做重点判断。要求：兼顾成本和效果；避免虚构事实；最后给出3条可立即执行的下一步。
4374,个人效率,效率教练,大学生,看板任务,成本,预算有限,任务编号 P4374。请扮演效率教练。围绕“个人效率场景074-预算有限”中的计划、复盘、自动化任务，面向大学生，生成故障排查路径。请用看板任务输出，并从“成本”角度做重点判断。要求：指出最容易忽略的细节；包含失败预案；最后给出3条可立即执行的下一步。
4375,个人效率,效率教练,管理层,实验计划,可维护性,初创团队,任务编号 P4375。请扮演效率教练。围绕“个人效率场景075-初创团队”中的计划、复盘、自动化任务，面向管理层，把目标拆成里程碑。请用实验计划输出，并从“可维护性”角度做重点判断。要求：包含可执行下一步；语言简洁，不说空话；最后给出3条可立即执行的下一步。
4376,个人效率,效率教练,内容创作者,检查清单,长期价值,需要扩张,任务编号 P4376。请扮演效率教练。围绕“个人效率场景076-需要扩张”中的计划、复盘、自动化任务，面向内容创作者，提出可复用命名规范。请用检查清单输出，并从“长期价值”角度做重点判断。要求：输出可直接复制使用；按难易度排序；最后给出3条可立即执行的下一步。
4377,个人效率,效率教练,销售团队,SOP步骤,质量,新市场验证,任务编号 P4377。请扮演效率教练。围绕“个人效率场景077-新市场验证”中的计划、复盘、自动化任务，面向销售团队，创建风险登记册。请用SOP步骤输出，并从“质量”角度做重点判断。要求：保持中立客观；先给结论再解释；最后给出3条可立即执行的下一步。
4378,个人效率,效率教练,教师,看板任务,用户体验,竞品压力,任务编号 P4378。请扮演效率教练。围绕“个人效率场景078-竞品压力”中的计划、复盘、自动化任务，面向教师，制定一份可执行方案。请用看板任务输出，并从“用户体验”角度做重点判断。要求：先给结论再解释；给出示例输入输出；最后给出3条可立即执行的下一步。
4379,个人效率,效率教练,本地用户,实验计划,学习曲线,准备上线,任务编号 P4379。请扮演效率教练。围绕“个人效率场景079-准备上线”中的计划、复盘、自动化任务，面向本地用户，列出关键问题并给出优先级。请用实验计划输出，并从“学习曲线”角度做重点判断。要求：包含失败预案；给出至少一个反例；最后给出3条可立即执行的下一步。
4380,个人效率,效率教练,创始人,检查清单,效率,高不确定性,任务编号 P4380。请扮演效率教练。围绕“个人效率场景080-高不确定性”中的计划、复盘、自动化任务，面向创始人，生成三种风格完全不同的版本。请用检查清单输出，并从“效率”角度做重点判断。要求：用中文输出；保持中立客观；最后给出3条可立即执行的下一步。
4381,个人效率,效率教练,新手用户,SOP步骤,风险,远程协作,任务编号 P4381。请扮演效率教练。围绕“个人效率场景081-远程协作”中的计划、复盘、自动化任务，面向新手用户，把复杂内容改写成新手也能懂的说明。请用SOP步骤输出，并从“风险”角度做重点判断。要求：标注假设和不确定性；适合在一天内开始执行；最后给出3条可立即执行的下一步。
4382,个人效率,效率教练,一线执行团队,看板任务,增长,个人项目,任务编号 P4382。请扮演效率教练。围绕“个人效率场景082-个人项目”中的计划、复盘、自动化任务，面向一线执行团队，设计一个从零到一的工作流。请用看板任务输出，并从“增长”角度做重点判断。要求：按影响力排序；必要时提出澄清问题；最后给出3条可立即执行的下一步。
4383,个人效率,效率教练,开发团队,实验计划,短期落地,质量波动,任务编号 P4383。请扮演效率教练。围绕“个人效率场景083-质量波动”中的计划、复盘、自动化任务，面向开发团队，创建检查清单并标注常见坑。请用实验计划输出，并从“短期落地”角度做重点判断。要求：必要时提出澄清问题；输出可直接复制使用；最后给出3条可立即执行的下一步。
4384,个人效率,效率教练,客服团队,检查清单,成本,用户流失,任务编号 P4384。请扮演效率教练。围绕“个人效率场景084-用户流失”中的计划、复盘、自动化任务，面向客服团队，模拟专家评审并指出改进点。请用检查清单输出，并从“成本”角度做重点判断。要求：给出至少一个反例；提供简短版本和完整版本；最后给出3条可立即执行的下一步。
4385,个人效率,效率教练,家长,SOP步骤,可维护性,内部培训,任务编号 P4385。请扮演效率教练。围绕“个人效率场景085-内部培训”中的计划、复盘、自动化任务，面向家长，根据目标用户重写表达。请用SOP步骤输出，并从“可维护性”角度做重点判断。要求：按难易度排序；按影响力排序；最后给出3条可立即执行的下一步。
4386,个人效率,效率教练,非技术读者,看板任务,长期价值,需要复盘,任务编号 P4386。请扮演效率教练。围绕“个人效率场景086-需要复盘”中的计划、复盘、自动化任务，面向非技术读者，提炼核心洞察并给出行动建议。请用看板任务输出，并从“长期价值”角度做重点判断。要求：避免虚构事实；包含可执行下一步；最后给出3条可立即执行的下一步。
4387,个人效率,效率教练,中小企业主,实验计划,质量,时间紧迫,任务编号 P4387。请扮演效率教练。围绕“个人效率场景087-时间紧迫”中的计划、复盘、自动化任务，面向中小企业主，设计一套可量化指标。请用实验计划输出，并从“质量”角度做重点判断。要求：避免专业黑话；包含衡量标准；最后给出3条可立即执行的下一步。
4388,个人效率,效率教练,资深从业者,检查清单,用户体验,成熟企业,任务编号 P4388。请扮演效率教练。围绕“个人效率场景088-成熟企业”中的计划、复盘、自动化任务，面向资深从业者，把零散想法整理成结构化大纲。请用检查清单输出，并从“用户体验”角度做重点判断。要求：包含衡量标准；标注假设和不确定性；最后给出3条可立即执行的下一步。
4389,个人效率,效率教练,自由职业者,SOP步骤,学习曲线,需要降本,任务编号 P4389。请扮演效率教练。围绕“个人效率场景089-需要降本”中的计划、复盘、自动化任务，面向自由职业者，生成可直接使用的模板。请用SOP步骤输出，并从“学习曲线”角度做重点判断。要求：提供简短版本和完整版本；指出最容易忽略的细节；最后给出3条可立即执行的下一步。
4390,个人效率,效率教练,设计团队,看板任务,效率,流程混乱,任务编号 P4390。请扮演效率教练。围绕“个人效率场景090-流程混乱”中的计划、复盘、自动化任务，面向设计团队，做一次反向推理找出隐藏风险。请用看板任务输出，并从“效率”角度做重点判断。要求：适合在一天内开始执行；避免专业黑话；最后给出3条可立即执行的下一步。
4391,个人效率,效率教练,投资人,实验计划,风险,数据不足,任务编号 P4391。请扮演效率教练。围绕“个人效率场景091-数据不足”中的计划、复盘、自动化任务，面向投资人，给出低成本试验方案。请用实验计划输出，并从“风险”角度做重点判断。要求：给出示例输入输出；用中文输出；最后给出3条可立即执行的下一步。
4392,个人效率,效率教练,海外用户,检查清单,增长,公开发布,任务编号 P4392。请扮演效率教练。围绕“个人效率场景092-公开发布”中的计划、复盘、自动化任务，面向海外用户，创建对比表并推荐选择。请用检查清单输出，并从“增长”角度做重点判断。要求：语言简洁，不说空话；兼顾成本和效果；最后给出3条可立即执行的下一步。
4393,个人效率,效率教练,专家评审,SOP步骤,短期落地,多方协作,任务编号 P4393。请扮演效率教练。围绕“个人效率场景093-多方协作”中的计划、复盘、自动化任务，面向专家评审，把长内容压缩成高密度摘要。请用SOP步骤输出，并从“短期落地”角度做重点判断。要求：兼顾成本和效果；避免虚构事实；最后给出3条可立即执行的下一步。
4394,个人效率,效率教练,大学生,看板任务,成本,预算有限,任务编号 P4394。请扮演效率教练。围绕“个人效率场景094-预算有限”中的计划、复盘、自动化任务，面向大学生，提出10个创新方向并排序。请用看板任务输出，并从“成本”角度做重点判断。要求：指出最容易忽略的细节；包含失败预案；最后给出3条可立即执行的下一步。
4395,个人效率,效率教练,管理层,实验计划,可维护性,初创团队,任务编号 P4395。请扮演效率教练。围绕“个人效率场景095-初创团队”中的计划、复盘、自动化任务，面向管理层，设计30天训练计划。请用实验计划输出，并从“可维护性”角度做重点判断。要求：包含可执行下一步；语言简洁，不说空话；最后给出3条可立即执行的下一步。
4396,个人效率,效率教练,内容创作者,检查清单,长期价值,需要扩张,任务编号 P4396。请扮演效率教练。围绕“个人效率场景096-需要扩张”中的计划、复盘、自动化任务，面向内容创作者，构建决策树帮助判断下一步。请用检查清单输出，并从“长期价值”角度做重点判断。要求：输出可直接复制使用；按难易度排序；最后给出3条可立即执行的下一步。
4397,个人效率,效率教练,销售团队,SOP步骤,质量,新市场验证,任务编号 P4397。请扮演效率教练。围绕“个人效率场景097-新市场验证”中的计划、复盘、自动化任务，面向销售团队，生成会议讨论提纲。请用SOP步骤输出，并从“质量”角度做重点判断。要求：保持中立客观；先给结论再解释；最后给出3条可立即执行的下一步。
4398,个人效率,效率教练,教师,看板任务,用户体验,竞品压力,任务编号 P4398。请扮演效率教练。围绕“个人效率场景098-竞品压力”中的计划、复盘、自动化任务，面向教师，写一份面向管理层的简报。请用看板任务输出，并从“用户体验”角度做重点判断。要求：先给结论再解释；给出示例输入输出；最后给出3条可立即执行的下一步。
4399,个人效率,效率教练,本地用户,实验计划,学习曲线,准备上线,任务编号 P4399。请扮演效率教练。围绕“个人效率场景099-准备上线”中的计划、复盘、自动化任务，面向本地用户，写一份面向执行者的操作手册。请用实验计划输出，并从“学习曲线”角度做重点判断。要求：包含失败预案；给出至少一个反例；最后给出3条可立即执行的下一步。
4400,个人效率,效率教练,创始人,检查清单,效率,高不确定性,任务编号 P4400。请扮演效率教练。围绕“个人效率场景100-高不确定性”中的计划、复盘、自动化任务，面向创始人，建立评估打分表。请用检查清单输出，并从“效率”角度做重点判断。要求：用中文输出；保持中立客观；最后给出3条可立即执行的下一步。
4401,谈判,谈判顾问,资深从业者,一页纸简报,用户体验,预算有限,任务编号 P4401。请扮演谈判顾问。围绕“谈判场景001-预算有限”中的策略、筹码、模拟任务，面向资深从业者，创建对比表并推荐选择。请用一页纸简报输出，并从“用户体验”角度做重点判断。要求：给出至少一个反例；兼顾成本和效果；最后给出3条可立即执行的下一步。
4402,谈判,谈判顾问,自由职业者,评分矩阵,学习曲线,初创团队,任务编号 P4402。请扮演谈判顾问。围绕“谈判场景002-初创团队”中的策略、筹码、模拟任务，面向自由职业者，把长内容压缩成高密度摘要。请用评分矩阵输出，并从“学习曲线”角度做重点判断。要求：按难易度排序；避免虚构事实；最后给出3条可立即执行的下一步。
4403,谈判,谈判顾问,设计团队,用户故事,效率,需要扩张,任务编号 P4403。请扮演谈判顾问。围绕“谈判场景003-需要扩张”中的策略、筹码、模拟任务，面向设计团队，提出10个创新方向并排序。请用用户故事输出，并从“效率”角度做重点判断。要求：避免虚构事实；包含失败预案；最后给出3条可立即执行的下一步。
4404,谈判,谈判顾问,投资人,对比分析,风险,新市场验证,任务编号 P4404。请扮演谈判顾问。围绕“谈判场景004-新市场验证”中的策略、筹码、模拟任务，面向投资人，设计30天训练计划。请用对比分析输出，并从“风险”角度做重点判断。要求：避免专业黑话；语言简洁，不说空话；最后给出3条可立即执行的下一步。
4405,谈判,谈判顾问,海外用户,一页纸简报,增长,竞品压力,任务编号 P4405。请扮演谈判顾问。围绕“谈判场景005-竞品压力”中的策略、筹码、模拟任务，面向海外用户，构建决策树帮助判断下一步。请用一页纸简报输出，并从“增长”角度做重点判断。要求：包含衡量标准；按难易度排序；最后给出3条可立即执行的下一步。
4406,谈判,谈判顾问,专家评审,评分矩阵,短期落地,准备上线,任务编号 P4406。请扮演谈判顾问。围绕“谈判场景006-准备上线”中的策略、筹码、模拟任务，面向专家评审，生成会议讨论提纲。请用评分矩阵输出，并从“短期落地”角度做重点判断。要求：提供简短版本和完整版本；先给结论再解释；最后给出3条可立即执行的下一步。
4407,谈判,谈判顾问,大学生,用户故事,成本,高不确定性,任务编号 P4407。请扮演谈判顾问。围绕“谈判场景007-高不确定性”中的策略、筹码、模拟任务，面向大学生，写一份面向管理层的简报。请用用户故事输出，并从“成本”角度做重点判断。要求：适合在一天内开始执行；给出示例输入输出；最后给出3条可立即执行的下一步。
4408,谈判,谈判顾问,管理层,对比分析,可维护性,远程协作,任务编号 P4408。请扮演谈判顾问。围绕“谈判场景008-远程协作”中的策略、筹码、模拟任务，面向管理层，写一份面向执行者的操作手册。请用对比分析输出，并从“可维护性”角度做重点判断。要求：给出示例输入输出；给出至少一个反例；最后给出3条可立即执行的下一步。
4409,谈判,谈判顾问,内容创作者,一页纸简报,长期价值,个人项目,任务编号 P4409。请扮演谈判顾问。围绕“谈判场景009-个人项目”中的策略、筹码、模拟任务，面向内容创作者，建立评估打分表。请用一页纸简报输出，并从“长期价值”角度做重点判断。要求：语言简洁，不说空话；保持中立客观；最后给出3条可立即执行的下一步。
4410,谈判,谈判顾问,销售团队,评分矩阵,质量,质量波动,任务编号 P4410。请扮演谈判顾问。围绕“谈判场景010-质量波动”中的策略、筹码、模拟任务，面向销售团队，提出自动化改造思路。请用评分矩阵输出，并从“质量”角度做重点判断。要求：兼顾成本和效果；适合在一天内开始执行；最后给出3条可立即执行的下一步。
4411,谈判,谈判顾问,教师,用户故事,用户体验,用户流失,任务编号 P4411。请扮演谈判顾问。围绕“谈判场景011-用户流失”中的策略、筹码、模拟任务，面向教师，设计用户调研问题。请用用户故事输出，并从“用户体验”角度做重点判断。要求：指出最容易忽略的细节；必要时提出澄清问题；最后给出3条可立即执行的下一步。
4412,谈判,谈判顾问,本地用户,对比分析,学习曲线,内部培训,任务编号 P4412。请扮演谈判顾问。围绕“谈判场景012-内部培训”中的策略、筹码、模拟任务，面向本地用户，模拟用户反馈并归纳模式。请用对比分析输出，并从“学习曲线”角度做重点判断。要求：包含可执行下一步；输出可直接复制使用；最后给出3条可立即执行的下一步。
4413,谈判,谈判顾问,创始人,一页纸简报,效率,需要复盘,任务编号 P4413。请扮演谈判顾问。围绕“谈判场景013-需要复盘”中的策略、筹码、模拟任务，面向创始人，生成故障排查路径。请用一页纸简报输出，并从“效率”角度做重点判断。要求：输出可直接复制使用；提供简短版本和完整版本；最后给出3条可立即执行的下一步。
4414,谈判,谈判顾问,新手用户,评分矩阵,风险,时间紧迫,任务编号 P4414。请扮演谈判顾问。围绕“谈判场景014-时间紧迫”中的策略、筹码、模拟任务，面向新手用户，把目标拆成里程碑。请用评分矩阵输出，并从“风险”角度做重点判断。要求：保持中立客观；按影响力排序；最后给出3条可立即执行的下一步。
4415,谈判,谈判顾问,一线执行团队,用户故事,增长,成熟企业,任务编号 P4415。请扮演谈判顾问。围绕“谈判场景015-成熟企业”中的策略、筹码、模拟任务，面向一线执行团队，提出可复用命名规范。请用用户故事输出，并从“增长”角度做重点判断。要求：先给结论再解释；包含可执行下一步；最后给出3条可立即执行的下一步。
4416,谈判,谈判顾问,开发团队,对比分析,短期落地,需要降本,任务编号 P4416。请扮演谈判顾问。围绕“谈判场景016-需要降本”中的策略、筹码、模拟任务，面向开发团队，创建风险登记册。请用对比分析输出，并从“短期落地”角度做重点判断。要求：包含失败预案；包含衡量标准；最后给出3条可立即执行的下一步。
4417,谈判,谈判顾问,客服团队,一页纸简报,成本,流程混乱,任务编号 P4417。请扮演谈判顾问。围绕“谈判场景017-流程混乱”中的策略、筹码、模拟任务，面向客服团队，制定一份可执行方案。请用一页纸简报输出，并从“成本”角度做重点判断。要求：用中文输出；标注假设和不确定性；最后给出3条可立即执行的下一步。
4418,谈判,谈判顾问,家长,评分矩阵,可维护性,数据不足,任务编号 P4418。请扮演谈判顾问。围绕“谈判场景018-数据不足”中的策略、筹码、模拟任务，面向家长，列出关键问题并给出优先级。请用评分矩阵输出，并从“可维护性”角度做重点判断。要求：标注假设和不确定性；指出最容易忽略的细节；最后给出3条可立即执行的下一步。
4419,谈判,谈判顾问,非技术读者,用户故事,长期价值,公开发布,任务编号 P4419。请扮演谈判顾问。围绕“谈判场景019-公开发布”中的策略、筹码、模拟任务，面向非技术读者，生成三种风格完全不同的版本。请用用户故事输出，并从“长期价值”角度做重点判断。要求：按影响力排序；避免专业黑话；最后给出3条可立即执行的下一步。
4420,谈判,谈判顾问,中小企业主,对比分析,质量,多方协作,任务编号 P4420。请扮演谈判顾问。围绕“谈判场景020-多方协作”中的策略、筹码、模拟任务，面向中小企业主，把复杂内容改写成新手也能懂的说明。请用对比分析输出，并从“质量”角度做重点判断。要求：必要时提出澄清问题；用中文输出；最后给出3条可立即执行的下一步。
4421,谈判,谈判顾问,资深从业者,一页纸简报,用户体验,预算有限,任务编号 P4421。请扮演谈判顾问。围绕“谈判场景021-预算有限”中的策略、筹码、模拟任务，面向资深从业者，设计一个从零到一的工作流。请用一页纸简报输出，并从“用户体验”角度做重点判断。要求：给出至少一个反例；兼顾成本和效果；最后给出3条可立即执行的下一步。
4422,谈判,谈判顾问,自由职业者,评分矩阵,学习曲线,初创团队,任务编号 P4422。请扮演谈判顾问。围绕“谈判场景022-初创团队”中的策略、筹码、模拟任务，面向自由职业者，创建检查清单并标注常见坑。请用评分矩阵输出，并从“学习曲线”角度做重点判断。要求：按难易度排序；避免虚构事实；最后给出3条可立即执行的下一步。
4423,谈判,谈判顾问,设计团队,用户故事,效率,需要扩张,任务编号 P4423。请扮演谈判顾问。围绕“谈判场景023-需要扩张”中的策略、筹码、模拟任务，面向设计团队，模拟专家评审并指出改进点。请用用户故事输出，并从“效率”角度做重点判断。要求：避免虚构事实；包含失败预案；最后给出3条可立即执行的下一步。
4424,谈判,谈判顾问,投资人,对比分析,风险,新市场验证,任务编号 P4424。请扮演谈判顾问。围绕“谈判场景024-新市场验证”中的策略、筹码、模拟任务，面向投资人，根据目标用户重写表达。请用对比分析输出，并从“风险”角度做重点判断。要求：避免专业黑话；语言简洁，不说空话；最后给出3条可立即执行的下一步。
4425,谈判,谈判顾问,海外用户,一页纸简报,增长,竞品压力,任务编号 P4425。请扮演谈判顾问。围绕“谈判场景025-竞品压力”中的策略、筹码、模拟任务，面向海外用户，提炼核心洞察并给出行动建议。请用一页纸简报输出，并从“增长”角度做重点判断。要求：包含衡量标准；按难易度排序；最后给出3条可立即执行的下一步。
4426,谈判,谈判顾问,专家评审,评分矩阵,短期落地,准备上线,任务编号 P4426。请扮演谈判顾问。围绕“谈判场景026-准备上线”中的策略、筹码、模拟任务，面向专家评审，设计一套可量化指标。请用评分矩阵输出，并从“短期落地”角度做重点判断。要求：提供简短版本和完整版本；先给结论再解释；最后给出3条可立即执行的下一步。
4427,谈判,谈判顾问,大学生,用户故事,成本,高不确定性,任务编号 P4427。请扮演谈判顾问。围绕“谈判场景027-高不确定性”中的策略、筹码、模拟任务，面向大学生，把零散想法整理成结构化大纲。请用用户故事输出，并从“成本”角度做重点判断。要求：适合在一天内开始执行；给出示例输入输出；最后给出3条可立即执行的下一步。
4428,谈判,谈判顾问,管理层,对比分析,可维护性,远程协作,任务编号 P4428。请扮演谈判顾问。围绕“谈判场景028-远程协作”中的策略、筹码、模拟任务，面向管理层，生成可直接使用的模板。请用对比分析输出，并从“可维护性”角度做重点判断。要求：给出示例输入输出；给出至少一个反例；最后给出3条可立即执行的下一步。
4429,谈判,谈判顾问,内容创作者,一页纸简报,长期价值,个人项目,任务编号 P4429。请扮演谈判顾问。围绕“谈判场景029-个人项目”中的策略、筹码、模拟任务，面向内容创作者，做一次反向推理找出隐藏风险。请用一页纸简报输出，并从“长期价值”角度做重点判断。要求：语言简洁，不说空话；保持中立客观；最后给出3条可立即执行的下一步。
4430,谈判,谈判顾问,销售团队,评分矩阵,质量,质量波动,任务编号 P4430。请扮演谈判顾问。围绕“谈判场景030-质量波动”中的策略、筹码、模拟任务，面向销售团队，给出低成本试验方案。请用评分矩阵输出，并从“质量”角度做重点判断。要求：兼顾成本和效果；适合在一天内开始执行；最后给出3条可立即执行的下一步。
4431,谈判,谈判顾问,教师,用户故事,用户体验,用户流失,任务编号 P4431。请扮演谈判顾问。围绕“谈判场景031-用户流失”中的策略、筹码、模拟任务，面向教师，创建对比表并推荐选择。请用用户故事输出，并从“用户体验”角度做重点判断。要求：指出最容易忽略的细节；必要时提出澄清问题；最后给出3条可立即执行的下一步。
4432,谈判,谈判顾问,本地用户,对比分析,学习曲线,内部培训,任务编号 P4432。请扮演谈判顾问。围绕“谈判场景032-内部培训”中的策略、筹码、模拟任务，面向本地用户，把长内容压缩成高密度摘要。请用对比分析输出，并从“学习曲线”角度做重点判断。要求：包含可执行下一步；输出可直接复制使用；最后给出3条可立即执行的下一步。
4433,谈判,谈判顾问,创始人,一页纸简报,效率,需要复盘,任务编号 P4433。请扮演谈判顾问。围绕“谈判场景033-需要复盘”中的策略、筹码、模拟任务，面向创始人，提出10个创新方向并排序。请用一页纸简报输出，并从“效率”角度做重点判断。要求：输出可直接复制使用；提供简短版本和完整版本；最后给出3条可立即执行的下一步。
4434,谈判,谈判顾问,新手用户,评分矩阵,风险,时间紧迫,任务编号 P4434。请扮演谈判顾问。围绕“谈判场景034-时间紧迫”中的策略、筹码、模拟任务，面向新手用户，设计30天训练计划。请用评分矩阵输出，并从“风险”角度做重点判断。要求：保持中立客观；按影响力排序；最后给出3条可立即执行的下一步。
4435,谈判,谈判顾问,一线执行团队,用户故事,增长,成熟企业,任务编号 P4435。请扮演谈判顾问。围绕“谈判场景035-成熟企业”中的策略、筹码、模拟任务，面向一线执行团队，构建决策树帮助判断下一步。请用用户故事输出，并从“增长”角度做重点判断。要求：先给结论再解释；包含可执行下一步；最后给出3条可立即执行的下一步。
4436,谈判,谈判顾问,开发团队,对比分析,短期落地,需要降本,任务编号 P4436。请扮演谈判顾问。围绕“谈判场景036-需要降本”中的策略、筹码、模拟任务，面向开发团队，生成会议讨论提纲。请用对比分析输出，并从“短期落地”角度做重点判断。要求：包含失败预案；包含衡量标准；最后给出3条可立即执行的下一步。
4437,谈判,谈判顾问,客服团队,一页纸简报,成本,流程混乱,任务编号 P4437。请扮演谈判顾问。围绕“谈判场景037-流程混乱”中的策略、筹码、模拟任务，面向客服团队，写一份面向管理层的简报。请用一页纸简报输出，并从“成本”角度做重点判断。要求：用中文输出；标注假设和不确定性；最后给出3条可立即执行的下一步。
4438,谈判,谈判顾问,家长,评分矩阵,可维护性,数据不足,任务编号 P4438。请扮演谈判顾问。围绕“谈判场景038-数据不足”中的策略、筹码、模拟任务，面向家长，写一份面向执行者的操作手册。请用评分矩阵输出，并从“可维护性”角度做重点判断。要求：标注假设和不确定性；指出最容易忽略的细节；最后给出3条可立即执行的下一步。
4439,谈判,谈判顾问,非技术读者,用户故事,长期价值,公开发布,任务编号 P4439。请扮演谈判顾问。围绕“谈判场景039-公开发布”中的策略、筹码、模拟任务，面向非技术读者，建立评估打分表。请用用户故事输出，并从“长期价值”角度做重点判断。要求：按影响力排序；避免专业黑话；最后给出3条可立即执行的下一步。
4440,谈判,谈判顾问,中小企业主,对比分析,质量,多方协作,任务编号 P4440。请扮演谈判顾问。围绕“谈判场景040-多方协作”中的策略、筹码、模拟任务，面向中小企业主，提出自动化改造思路。请用对比分析输出，并从“质量”角度做重点判断。要求：必要时提出澄清问题；用中文输出；最后给出3条可立即执行的下一步。
4441,谈判,谈判顾问,资深从业者,一页纸简报,用户体验,预算有限,任务编号 P4441。请扮演谈判顾问。围绕“谈判场景041-预算有限”中的策略、筹码、模拟任务，面向资深从业者，设计用户调研问题。请用一页纸简报输出，并从“用户体验”角度做重点判断。要求：给出至少一个反例；兼顾成本和效果；最后给出3条可立即执行的下一步。
4442,谈判,谈判顾问,自由职业者,评分矩阵,学习曲线,初创团队,任务编号 P4442。请扮演谈判顾问。围绕“谈判场景042-初创团队”中的策略、筹码、模拟任务，面向自由职业者，模拟用户反馈并归纳模式。请用评分矩阵输出，并从“学习曲线”角度做重点判断。要求：按难易度排序；避免虚构事实；最后给出3条可立即执行的下一步。
4443,谈判,谈判顾问,设计团队,用户故事,效率,需要扩张,任务编号 P4443。请扮演谈判顾问。围绕“谈判场景043-需要扩张”中的策略、筹码、模拟任务，面向设计团队，生成故障排查路径。请用用户故事输出，并从“效率”角度做重点判断。要求：避免虚构事实；包含失败预案；最后给出3条可立即执行的下一步。
4444,谈判,谈判顾问,投资人,对比分析,风险,新市场验证,任务编号 P4444。请扮演谈判顾问。围绕“谈判场景044-新市场验证”中的策略、筹码、模拟任务，面向投资人，把目标拆成里程碑。请用对比分析输出，并从“风险”角度做重点判断。要求：避免专业黑话；语言简洁，不说空话；最后给出3条可立即执行的下一步。
4445,谈判,谈判顾问,海外用户,一页纸简报,增长,竞品压力,任务编号 P4445。请扮演谈判顾问。围绕“谈判场景045-竞品压力”中的策略、筹码、模拟任务，面向海外用户，提出可复用命名规范。请用一页纸简报输出，并从“增长”角度做重点判断。要求：包含衡量标准；按难易度排序；最后给出3条可立即执行的下一步。
4446,谈判,谈判顾问,专家评审,评分矩阵,短期落地,准备上线,任务编号 P4446。请扮演谈判顾问。围绕“谈判场景046-准备上线”中的策略、筹码、模拟任务，面向专家评审，创建风险登记册。请用评分矩阵输出，并从“短期落地”角度做重点判断。要求：提供简短版本和完整版本；先给结论再解释；最后给出3条可立即执行的下一步。
4447,谈判,谈判顾问,大学生,用户故事,成本,高不确定性,任务编号 P4447。请扮演谈判顾问。围绕“谈判场景047-高不确定性”中的策略、筹码、模拟任务，面向大学生，制定一份可执行方案。请用用户故事输出，并从“成本”角度做重点判断。要求：适合在一天内开始执行；给出示例输入输出；最后给出3条可立即执行的下一步。
4448,谈判,谈判顾问,管理层,对比分析,可维护性,远程协作,任务编号 P4448。请扮演谈判顾问。围绕“谈判场景048-远程协作”中的策略、筹码、模拟任务，面向管理层，列出关键问题并给出优先级。请用对比分析输出，并从“可维护性”角度做重点判断。要求：给出示例输入输出；给出至少一个反例；最后给出3条可立即执行的下一步。
4449,谈判,谈判顾问,内容创作者,一页纸简报,长期价值,个人项目,任务编号 P4449。请扮演谈判顾问。围绕“谈判场景049-个人项目”中的策略、筹码、模拟任务，面向内容创作者，生成三种风格完全不同的版本。请用一页纸简报输出，并从“长期价值”角度做重点判断。要求：语言简洁，不说空话；保持中立客观；最后给出3条可立即执行的下一步。
4450,谈判,谈判顾问,销售团队,评分矩阵,质量,质量波动,任务编号 P4450。请扮演谈判顾问。围绕“谈判场景050-质量波动”中的策略、筹码、模拟任务，面向销售团队，把复杂内容改写成新手也能懂的说明。请用评分矩阵输出，并从“质量”角度做重点判断。要求：兼顾成本和效果；适合在一天内开始执行；最后给出3条可立即执行的下一步。
4451,谈判,谈判顾问,教师,用户故事,用户体验,用户流失,任务编号 P4451。请扮演谈判顾问。围绕“谈判场景051-用户流失”中的策略、筹码、模拟任务，面向教师，设计一个从零到一的工作流。请用用户故事输出，并从“用户体验”角度做重点判断。要求：指出最容易忽略的细节；必要时提出澄清问题；最后给出3条可立即执行的下一步。
4452,谈判,谈判顾问,本地用户,对比分析,学习曲线,内部培训,任务编号 P4452。请扮演谈判顾问。围绕“谈判场景052-内部培训”中的策略、筹码、模拟任务，面向本地用户，创建检查清单并标注常见坑。请用对比分析输出，并从“学习曲线”角度做重点判断。要求：包含可执行下一步；输出可直接复制使用；最后给出3条可立即执行的下一步。
4453,谈判,谈判顾问,创始人,一页纸简报,效率,需要复盘,任务编号 P4453。请扮演谈判顾问。围绕“谈判场景053-需要复盘”中的策略、筹码、模拟任务，面向创始人，模拟专家评审并指出改进点。请用一页纸简报输出，并从“效率”角度做重点判断。要求：输出可直接复制使用；提供简短版本和完整版本；最后给出3条可立即执行的下一步。
4454,谈判,谈判顾问,新手用户,评分矩阵,风险,时间紧迫,任务编号 P4454。请扮演谈判顾问。围绕“谈判场景054-时间紧迫”中的策略、筹码、模拟任务，面向新手用户，根据目标用户重写表达。请用评分矩阵输出，并从“风险”角度做重点判断。要求：保持中立客观；按影响力排序；最后给出3条可立即执行的下一步。
4455,谈判,谈判顾问,一线执行团队,用户故事,增长,成熟企业,任务编号 P4455。请扮演谈判顾问。围绕“谈判场景055-成熟企业”中的策略、筹码、模拟任务，面向一线执行团队，提炼核心洞察并给出行动建议。请用用户故事输出，并从“增长”角度做重点判断。要求：先给结论再解释；包含可执行下一步；最后给出3条可立即执行的下一步。
4456,谈判,谈判顾问,开发团队,对比分析,短期落地,需要降本,任务编号 P4456。请扮演谈判顾问。围绕“谈判场景056-需要降本”中的策略、筹码、模拟任务，面向开发团队，设计一套可量化指标。请用对比分析输出，并从“短期落地”角度做重点判断。要求：包含失败预案；包含衡量标准；最后给出3条可立即执行的下一步。
4457,谈判,谈判顾问,客服团队,一页纸简报,成本,流程混乱,任务编号 P4457。请扮演谈判顾问。围绕“谈判场景057-流程混乱”中的策略、筹码、模拟任务，面向客服团队，把零散想法整理成结构化大纲。请用一页纸简报输出，并从“成本”角度做重点判断。要求：用中文输出；标注假设和不确定性；最后给出3条可立即执行的下一步。
4458,谈判,谈判顾问,家长,评分矩阵,可维护性,数据不足,任务编号 P4458。请扮演谈判顾问。围绕“谈判场景058-数据不足”中的策略、筹码、模拟任务，面向家长，生成可直接使用的模板。请用评分矩阵输出，并从“可维护性”角度做重点判断。要求：标注假设和不确定性；指出最容易忽略的细节；最后给出3条可立即执行的下一步。
4459,谈判,谈判顾问,非技术读者,用户故事,长期价值,公开发布,任务编号 P4459。请扮演谈判顾问。围绕“谈判场景059-公开发布”中的策略、筹码、模拟任务，面向非技术读者，做一次反向推理找出隐藏风险。请用用户故事输出，并从“长期价值”角度做重点判断。要求：按影响力排序；避免专业黑话；最后给出3条可立即执行的下一步。
4460,谈判,谈判顾问,中小企业主,对比分析,质量,多方协作,任务编号 P4460。请扮演谈判顾问。围绕“谈判场景060-多方协作”中的策略、筹码、模拟任务，面向中小企业主，给出低成本试验方案。请用对比分析输出，并从“质量”角度做重点判断。要求：必要时提出澄清问题；用中文输出；最后给出3条可立即执行的下一步。
4461,谈判,谈判顾问,资深从业者,一页纸简报,用户体验,预算有限,任务编号 P4461。请扮演谈判顾问。围绕“谈判场景061-预算有限”中的策略、筹码、模拟任务，面向资深从业者，创建对比表并推荐选择。请用一页纸简报输出，并从“用户体验”角度做重点判断。要求：给出至少一个反例；兼顾成本和效果；最后给出3条可立即执行的下一步。
4462,谈判,谈判顾问,自由职业者,评分矩阵,学习曲线,初创团队,任务编号 P4462。请扮演谈判顾问。围绕“谈判场景062-初创团队”中的策略、筹码、模拟任务，面向自由职业者，把长内容压缩成高密度摘要。请用评分矩阵输出，并从“学习曲线”角度做重点判断。要求：按难易度排序；避免虚构事实；最后给出3条可立即执行的下一步。
4463,谈判,谈判顾问,设计团队,用户故事,效率,需要扩张,任务编号 P4463。请扮演谈判顾问。围绕“谈判场景063-需要扩张”中的策略、筹码、模拟任务，面向设计团队，提出10个创新方向并排序。请用用户故事输出，并从“效率”角度做重点判断。要求：避免虚构事实；包含失败预案；最后给出3条可立即执行的下一步。
4464,谈判,谈判顾问,投资人,对比分析,风险,新市场验证,任务编号 P4464。请扮演谈判顾问。围绕“谈判场景064-新市场验证”中的策略、筹码、模拟任务，面向投资人，设计30天训练计划。请用对比分析输出，并从“风险”角度做重点判断。要求：避免专业黑话；语言简洁，不说空话；最后给出3条可立即执行的下一步。
4465,谈判,谈判顾问,海外用户,一页纸简报,增长,竞品压力,任务编号 P4465。请扮演谈判顾问。围绕“谈判场景065-竞品压力”中的策略、筹码、模拟任务，面向海外用户，构建决策树帮助判断下一步。请用一页纸简报输出，并从“增长”角度做重点判断。要求：包含衡量标准；按难易度排序；最后给出3条可立即执行的下一步。
4466,谈判,谈判顾问,专家评审,评分矩阵,短期落地,准备上线,任务编号 P4466。请扮演谈判顾问。围绕“谈判场景066-准备上线”中的策略、筹码、模拟任务，面向专家评审，生成会议讨论提纲。请用评分矩阵输出，并从“短期落地”角度做重点判断。要求：提供简短版本和完整版本；先给结论再解释；最后给出3条可立即执行的下一步。
4467,谈判,谈判顾问,大学生,用户故事,成本,高不确定性,任务编号 P4467。请扮演谈判顾问。围绕“谈判场景067-高不确定性”中的策略、筹码、模拟任务，面向大学生，写一份面向管理层的简报。请用用户故事输出，并从“成本”角度做重点判断。要求：适合在一天内开始执行；给出示例输入输出；最后给出3条可立即执行的下一步。
4468,谈判,谈判顾问,管理层,对比分析,可维护性,远程协作,任务编号 P4468。请扮演谈判顾问。围绕“谈判场景068-远程协作”中的策略、筹码、模拟任务，面向管理层，写一份面向执行者的操作手册。请用对比分析输出，并从“可维护性”角度做重点判断。要求：给出示例输入输出；给出至少一个反例；最后给出3条可立即执行的下一步。
4469,谈判,谈判顾问,内容创作者,一页纸简报,长期价值,个人项目,任务编号 P4469。请扮演谈判顾问。围绕“谈判场景069-个人项目”中的策略、筹码、模拟任务，面向内容创作者，建立评估打分表。请用一页纸简报输出，并从“长期价值”角度做重点判断。要求：语言简洁，不说空话；保持中立客观；最后给出3条可立即执行的下一步。
4470,谈判,谈判顾问,销售团队,评分矩阵,质量,质量波动,任务编号 P4470。请扮演谈判顾问。围绕“谈判场景070-质量波动”中的策略、筹码、模拟任务，面向销售团队，提出自动化改造思路。请用评分矩阵输出，并从“质量”角度做重点判断。要求：兼顾成本和效果；适合在一天内开始执行；最后给出3条可立即执行的下一步。
4471,谈判,谈判顾问,教师,用户故事,用户体验,用户流失,任务编号 P4471。请扮演谈判顾问。围绕“谈判场景071-用户流失”中的策略、筹码、模拟任务，面向教师，设计用户调研问题。请用用户故事输出，并从“用户体验”角度做重点判断。要求：指出最容易忽略的细节；必要时提出澄清问题；最后给出3条可立即执行的下一步。
4472,谈判,谈判顾问,本地用户,对比分析,学习曲线,内部培训,任务编号 P4472。请扮演谈判顾问。围绕“谈判场景072-内部培训”中的策略、筹码、模拟任务，面向本地用户，模拟用户反馈并归纳模式。请用对比分析输出，并从“学习曲线”角度做重点判断。要求：包含可执行下一步；输出可直接复制使用；最后给出3条可立即执行的下一步。
4473,谈判,谈判顾问,创始人,一页纸简报,效率,需要复盘,任务编号 P4473。请扮演谈判顾问。围绕“谈判场景073-需要复盘”中的策略、筹码、模拟任务，面向创始人，生成故障排查路径。请用一页纸简报输出，并从“效率”角度做重点判断。要求：输出可直接复制使用；提供简短版本和完整版本；最后给出3条可立即执行的下一步。
4474,谈判,谈判顾问,新手用户,评分矩阵,风险,时间紧迫,任务编号 P4474。请扮演谈判顾问。围绕“谈判场景074-时间紧迫”中的策略、筹码、模拟任务，面向新手用户，把目标拆成里程碑。请用评分矩阵输出，并从“风险”角度做重点判断。要求：保持中立客观；按影响力排序；最后给出3条可立即执行的下一步。
4475,谈判,谈判顾问,一线执行团队,用户故事,增长,成熟企业,任务编号 P4475。请扮演谈判顾问。围绕“谈判场景075-成熟企业”中的策略、筹码、模拟任务，面向一线执行团队，提出可复用命名规范。请用用户故事输出，并从“增长”角度做重点判断。要求：先给结论再解释；包含可执行下一步；最后给出3条可立即执行的下一步。
4476,谈判,谈判顾问,开发团队,对比分析,短期落地,需要降本,任务编号 P4476。请扮演谈判顾问。围绕“谈判场景076-需要降本”中的策略、筹码、模拟任务，面向开发团队，创建风险登记册。请用对比分析输出，并从“短期落地”角度做重点判断。要求：包含失败预案；包含衡量标准；最后给出3条可立即执行的下一步。
4477,谈判,谈判顾问,客服团队,一页纸简报,成本,流程混乱,任务编号 P4477。请扮演谈判顾问。围绕“谈判场景077-流程混乱”中的策略、筹码、模拟任务，面向客服团队，制定一份可执行方案。请用一页纸简报输出，并从“成本”角度做重点判断。要求：用中文输出；标注假设和不确定性；最后给出3条可立即执行的下一步。
4478,谈判,谈判顾问,家长,评分矩阵,可维护性,数据不足,任务编号 P4478。请扮演谈判顾问。围绕“谈判场景078-数据不足”中的策略、筹码、模拟任务，面向家长，列出关键问题并给出优先级。请用评分矩阵输出，并从“可维护性”角度做重点判断。要求：标注假设和不确定性；指出最容易忽略的细节；最后给出3条可立即执行的下一步。
4479,谈判,谈判顾问,非技术读者,用户故事,长期价值,公开发布,任务编号 P4479。请扮演谈判顾问。围绕“谈判场景079-公开发布”中的策略、筹码、模拟任务，面向非技术读者，生成三种风格完全不同的版本。请用用户故事输出，并从“长期价值”角度做重点判断。要求：按影响力排序；避免专业黑话；最后给出3条可立即执行的下一步。
4480,谈判,谈判顾问,中小企业主,对比分析,质量,多方协作,任务编号 P4480。请扮演谈判顾问。围绕“谈判场景080-多方协作”中的策略、筹码、模拟任务，面向中小企业主，把复杂内容改写成新手也能懂的说明。请用对比分析输出，并从“质量”角度做重点判断。要求：必要时提出澄清问题；用中文输出；最后给出3条可立即执行的下一步。
4481,谈判,谈判顾问,资深从业者,一页纸简报,用户体验,预算有限,任务编号 P4481。请扮演谈判顾问。围绕“谈判场景081-预算有限”中的策略、筹码、模拟任务，面向资深从业者，设计一个从零到一的工作流。请用一页纸简报输出，并从“用户体验”角度做重点判断。要求：给出至少一个反例；兼顾成本和效果；最后给出3条可立即执行的下一步。
4482,谈判,谈判顾问,自由职业者,评分矩阵,学习曲线,初创团队,任务编号 P4482。请扮演谈判顾问。围绕“谈判场景082-初创团队”中的策略、筹码、模拟任务，面向自由职业者，创建检查清单并标注常见坑。请用评分矩阵输出，并从“学习曲线”角度做重点判断。要求：按难易度排序；避免虚构事实；最后给出3条可立即执行的下一步。
4483,谈判,谈判顾问,设计团队,用户故事,效率,需要扩张,任务编号 P4483。请扮演谈判顾问。围绕“谈判场景083-需要扩张”中的策略、筹码、模拟任务，面向设计团队，模拟专家评审并指出改进点。请用用户故事输出，并从“效率”角度做重点判断。要求：避免虚构事实；包含失败预案；最后给出3条可立即执行的下一步。
4484,谈判,谈判顾问,投资人,对比分析,风险,新市场验证,任务编号 P4484。请扮演谈判顾问。围绕“谈判场景084-新市场验证”中的策略、筹码、模拟任务，面向投资人，根据目标用户重写表达。请用对比分析输出，并从“风险”角度做重点判断。要求：避免专业黑话；语言简洁，不说空话；最后给出3条可立即执行的下一步。
4485,谈判,谈判顾问,海外用户,一页纸简报,增长,竞品压力,任务编号 P4485。请扮演谈判顾问。围绕“谈判场景085-竞品压力”中的策略、筹码、模拟任务，面向海外用户，提炼核心洞察并给出行动建议。请用一页纸简报输出，并从“增长”角度做重点判断。要求：包含衡量标准；按难易度排序；最后给出3条可立即执行的下一步。
4486,谈判,谈判顾问,专家评审,评分矩阵,短期落地,准备上线,任务编号 P4486。请扮演谈判顾问。围绕“谈判场景086-准备上线”中的策略、筹码、模拟任务，面向专家评审，设计一套可量化指标。请用评分矩阵输出，并从“短期落地”角度做重点判断。要求：提供简短版本和完整版本；先给结论再解释；最后给出3条可立即执行的下一步。
4487,谈判,谈判顾问,大学生,用户故事,成本,高不确定性,任务编号 P4487。请扮演谈判顾问。围绕“谈判场景087-高不确定性”中的策略、筹码、模拟任务，面向大学生，把零散想法整理成结构化大纲。请用用户故事输出，并从“成本”角度做重点判断。要求：适合在一天内开始执行；给出示例输入输出；最后给出3条可立即执行的下一步。
4488,谈判,谈判顾问,管理层,对比分析,可维护性,远程协作,任务编号 P4488。请扮演谈判顾问。围绕“谈判场景088-远程协作”中的策略、筹码、模拟任务，面向管理层，生成可直接使用的模板。请用对比分析输出，并从“可维护性”角度做重点判断。要求：给出示例输入输出；给出至少一个反例；最后给出3条可立即执行的下一步。
4489,谈判,谈判顾问,内容创作者,一页纸简报,长期价值,个人项目,任务编号 P4489。请扮演谈判顾问。围绕“谈判场景089-个人项目”中的策略、筹码、模拟任务，面向内容创作者，做一次反向推理找出隐藏风险。请用一页纸简报输出，并从“长期价值”角度做重点判断。要求：语言简洁，不说空话；保持中立客观；最后给出3条可立即执行的下一步。
4490,谈判,谈判顾问,销售团队,评分矩阵,质量,质量波动,任务编号 P4490。请扮演谈判顾问。围绕“谈判场景090-质量波动”中的策略、筹码、模拟任务，面向销售团队，给出低成本试验方案。请用评分矩阵输出，并从“质量”角度做重点判断。要求：兼顾成本和效果；适合在一天内开始执行；最后给出3条可立即执行的下一步。
4491,谈判,谈判顾问,教师,用户故事,用户体验,用户流失,任务编号 P4491。请扮演谈判顾问。围绕“谈判场景091-用户流失”中的策略、筹码、模拟任务，面向教师，创建对比表并推荐选择。请用用户故事输出，并从“用户体验”角度做重点判断。要求：指出最容易忽略的细节；必要时提出澄清问题；最后给出3条可立即执行的下一步。
4492,谈判,谈判顾问,本地用户,对比分析,学习曲线,内部培训,任务编号 P4492。请扮演谈判顾问。围绕“谈判场景092-内部培训”中的策略、筹码、模拟任务，面向本地用户，把长内容压缩成高密度摘要。请用对比分析输出，并从“学习曲线”角度做重点判断。要求：包含可执行下一步；输出可直接复制使用；最后给出3条可立即执行的下一步。
4493,谈判,谈判顾问,创始人,一页纸简报,效率,需要复盘,任务编号 P4493。请扮演谈判顾问。围绕“谈判场景093-需要复盘”中的策略、筹码、模拟任务，面向创始人，提出10个创新方向并排序。请用一页纸简报输出，并从“效率”角度做重点判断。要求：输出可直接复制使用；提供简短版本和完整版本；最后给出3条可立即执行的下一步。
4494,谈判,谈判顾问,新手用户,评分矩阵,风险,时间紧迫,任务编号 P4494。请扮演谈判顾问。围绕“谈判场景094-时间紧迫”中的策略、筹码、模拟任务，面向新手用户，设计30天训练计划。请用评分矩阵输出，并从“风险”角度做重点判断。要求：保持中立客观；按影响力排序；最后给出3条可立即执行的下一步。
4495,谈判,谈判顾问,一线执行团队,用户故事,增长,成熟企业,任务编号 P4495。请扮演谈判顾问。围绕“谈判场景095-成熟企业”中的策略、筹码、模拟任务，面向一线执行团队，构建决策树帮助判断下一步。请用用户故事输出，并从“增长”角度做重点判断。要求：先给结论再解释；包含可执行下一步；最后给出3条可立即执行的下一步。
4496,谈判,谈判顾问,开发团队,对比分析,短期落地,需要降本,任务编号 P4496。请扮演谈判顾问。围绕“谈判场景096-需要降本”中的策略、筹码、模拟任务，面向开发团队，生成会议讨论提纲。请用对比分析输出，并从“短期落地”角度做重点判断。要求：包含失败预案；包含衡量标准；最后给出3条可立即执行的下一步。
4497,谈判,谈判顾问,客服团队,一页纸简报,成本,流程混乱,任务编号 P4497。请扮演谈判顾问。围绕“谈判场景097-流程混乱”中的策略、筹码、模拟任务，面向客服团队，写一份面向管理层的简报。请用一页纸简报输出，并从“成本”角度做重点判断。要求：用中文输出；标注假设和不确定性；最后给出3条可立即执行的下一步。
4498,谈判,谈判顾问,家长,评分矩阵,可维护性,数据不足,任务编号 P4498。请扮演谈判顾问。围绕“谈判场景098-数据不足”中的策略、筹码、模拟任务，面向家长，写一份面向执行者的操作手册。请用评分矩阵输出，并从“可维护性”角度做重点判断。要求：标注假设和不确定性；指出最容易忽略的细节；最后给出3条可立即执行的下一步。
4499,谈判,谈判顾问,非技术读者,用户故事,长期价值,公开发布,任务编号 P4499。请扮演谈判顾问。围绕“谈判场景099-公开发布”中的策略、筹码、模拟任务，面向非技术读者，建立评估打分表。请用用户故事输出，并从“长期价值”角度做重点判断。要求：按影响力排序；避免专业黑话；最后给出3条可立即执行的下一步。
4500,谈判,谈判顾问,中小企业主,对比分析,质量,多方协作,任务编号 P4500。请扮演谈判顾问。围绕“谈判场景100-多方协作”中的策略、筹码、模拟任务，面向中小企业主，提出自动化改造思路。请用对比分析输出，并从“质量”角度做重点判断。要求：必要时提出澄清问题；用中文输出；最后给出3条可立即执行的下一步。
4501,演讲,演讲教练,管理层,邮件草稿,可维护性,时间紧迫,任务编号 P4501。请扮演演讲教练。围绕“演讲场景001-时间紧迫”中的结构、幻灯片、表达任务，面向管理层，把长内容压缩成高密度摘要。请用邮件草稿输出，并从“可维护性”角度做重点判断。要求：避免专业黑话；输出可直接复制使用；最后给出3条可立即执行的下一步。
4502,演讲,演讲教练,内容创作者,路线图,长期价值,成熟企业,任务编号 P4502。请扮演演讲教练。围绕“演讲场景002-成熟企业”中的结构、幻灯片、表达任务，面向内容创作者，提出10个创新方向并排序。请用路线图输出，并从“长期价值”角度做重点判断。要求：包含衡量标准；提供简短版本和完整版本；最后给出3条可立即执行的下一步。
4503,演讲,演讲教练,销售团队,PRD片段,质量,需要降本,任务编号 P4503。请扮演演讲教练。围绕“演讲场景003-需要降本”中的结构、幻灯片、表达任务，面向销售团队，设计30天训练计划。请用PRD片段输出，并从“质量”角度做重点判断。要求：提供简短版本和完整版本；按影响力排序；最后给出3条可立即执行的下一步。
4504,演讲,演讲教练,教师,表格,用户体验,流程混乱,任务编号 P4504。请扮演演讲教练。围绕“演讲场景004-流程混乱”中的结构、幻灯片、表达任务，面向教师，构建决策树帮助判断下一步。请用表格输出，并从“用户体验”角度做重点判断。要求：适合在一天内开始执行；包含可执行下一步；最后给出3条可立即执行的下一步。
4505,演讲,演讲教练,本地用户,邮件草稿,学习曲线,数据不足,任务编号 P4505。请扮演演讲教练。围绕“演讲场景005-数据不足”中的结构、幻灯片、表达任务，面向本地用户，生成会议讨论提纲。请用邮件草稿输出，并从“学习曲线”角度做重点判断。要求：给出示例输入输出；包含衡量标准；最后给出3条可立即执行的下一步。
4506,演讲,演讲教练,创始人,路线图,效率,公开发布,任务编号 P4506。请扮演演讲教练。围绕“演讲场景006-公开发布”中的结构、幻灯片、表达任务，面向创始人，写一份面向管理层的简报。请用路线图输出，并从“效率”角度做重点判断。要求：语言简洁，不说空话；标注假设和不确定性；最后给出3条可立即执行的下一步。
4507,演讲,演讲教练,新手用户,PRD片段,风险,多方协作,任务编号 P4507。请扮演演讲教练。围绕“演讲场景007-多方协作”中的结构、幻灯片、表达任务，面向新手用户，写一份面向执行者的操作手册。请用PRD片段输出，并从“风险”角度做重点判断。要求：兼顾成本和效果；指出最容易忽略的细节；最后给出3条可立即执行的下一步。
4508,演讲,演讲教练,一线执行团队,表格,增长,预算有限,任务编号 P4508。请扮演演讲教练。围绕“演讲场景008-预算有限”中的结构、幻灯片、表达任务，面向一线执行团队，建立评估打分表。请用表格输出，并从“增长”角度做重点判断。要求：指出最容易忽略的细节；避免专业黑话；最后给出3条可立即执行的下一步。
4509,演讲,演讲教练,开发团队,邮件草稿,短期落地,初创团队,任务编号 P4509。请扮演演讲教练。围绕“演讲场景009-初创团队”中的结构、幻灯片、表达任务，面向开发团队，提出自动化改造思路。请用邮件草稿输出，并从“短期落地”角度做重点判断。要求：包含可执行下一步；用中文输出；最后给出3条可立即执行的下一步。
4510,演讲,演讲教练,客服团队,路线图,成本,需要扩张,任务编号 P4510。请扮演演讲教练。围绕“演讲场景010-需要扩张”中的结构、幻灯片、表达任务，面向客服团队，设计用户调研问题。请用路线图输出，并从“成本”角度做重点判断。要求：输出可直接复制使用；兼顾成本和效果；最后给出3条可立即执行的下一步。
4511,演讲,演讲教练,家长,PRD片段,可维护性,新市场验证,任务编号 P4511。请扮演演讲教练。围绕“演讲场景011-新市场验证”中的结构、幻灯片、表达任务，面向家长，模拟用户反馈并归纳模式。请用PRD片段输出，并从“可维护性”角度做重点判断。要求：保持中立客观；避免虚构事实；最后给出3条可立即执行的下一步。
4512,演讲,演讲教练,非技术读者,表格,长期价值,竞品压力,任务编号 P4512。请扮演演讲教练。围绕“演讲场景012-竞品压力”中的结构、幻灯片、表达任务，面向非技术读者，生成故障排查路径。请用表格输出，并从“长期价值”角度做重点判断。要求：先给结论再解释；包含失败预案；最后给出3条可立即执行的下一步。
4513,演讲,演讲教练,中小企业主,邮件草稿,质量,准备上线,任务编号 P4513。请扮演演讲教练。围绕“演讲场景013-准备上线”中的结构、幻灯片、表达任务，面向中小企业主，把目标拆成里程碑。请用邮件草稿输出，并从“质量”角度做重点判断。要求：包含失败预案；语言简洁，不说空话；最后给出3条可立即执行的下一步。
4514,演讲,演讲教练,资深从业者,路线图,用户体验,高不确定性,任务编号 P4514。请扮演演讲教练。围绕“演讲场景014-高不确定性”中的结构、幻灯片、表达任务，面向资深从业者，提出可复用命名规范。请用路线图输出，并从“用户体验”角度做重点判断。要求：用中文输出；按难易度排序；最后给出3条可立即执行的下一步。
4515,演讲,演讲教练,自由职业者,PRD片段,学习曲线,远程协作,任务编号 P4515。请扮演演讲教练。围绕“演讲场景015-远程协作”中的结构、幻灯片、表达任务，面向自由职业者，创建风险登记册。请用PRD片段输出，并从“学习曲线”角度做重点判断。要求：标注假设和不确定性；先给结论再解释；最后给出3条可立即执行的下一步。
4516,演讲,演讲教练,设计团队,表格,效率,个人项目,任务编号 P4516。请扮演演讲教练。围绕“演讲场景016-个人项目”中的结构、幻灯片、表达任务，面向设计团队，制定一份可执行方案。请用表格输出，并从“效率”角度做重点判断。要求：按影响力排序；给出示例输入输出；最后给出3条可立即执行的下一步。
4517,演讲,演讲教练,投资人,邮件草稿,风险,质量波动,任务编号 P4517。请扮演演讲教练。围绕“演讲场景017-质量波动”中的结构、幻灯片、表达任务，面向投资人，列出关键问题并给出优先级。请用邮件草稿输出，并从“风险”角度做重点判断。要求：必要时提出澄清问题；给出至少一个反例；最后给出3条可立即执行的下一步。
4518,演讲,演讲教练,海外用户,路线图,增长,用户流失,任务编号 P4518。请扮演演讲教练。围绕“演讲场景018-用户流失”中的结构、幻灯片、表达任务，面向海外用户，生成三种风格完全不同的版本。请用路线图输出，并从“增长”角度做重点判断。要求：给出至少一个反例；保持中立客观；最后给出3条可立即执行的下一步。
4519,演讲,演讲教练,专家评审,PRD片段,短期落地,内部培训,任务编号 P4519。请扮演演讲教练。围绕“演讲场景019-内部培训”中的结构、幻灯片、表达任务，面向专家评审，把复杂内容改写成新手也能懂的说明。请用PRD片段输出，并从“短期落地”角度做重点判断。要求：按难易度排序；适合在一天内开始执行；最后给出3条可立即执行的下一步。
4520,演讲,演讲教练,大学生,表格,成本,需要复盘,任务编号 P4520。请扮演演讲教练。围绕“演讲场景020-需要复盘”中的结构、幻灯片、表达任务，面向大学生，设计一个从零到一的工作流。请用表格输出，并从“成本”角度做重点判断。要求：避免虚构事实；必要时提出澄清问题；最后给出3条可立即执行的下一步。
4521,演讲,演讲教练,管理层,邮件草稿,可维护性,时间紧迫,任务编号 P4521。请扮演演讲教练。围绕“演讲场景021-时间紧迫”中的结构、幻灯片、表达任务，面向管理层，创建检查清单并标注常见坑。请用邮件草稿输出，并从“可维护性”角度做重点判断。要求：避免专业黑话；输出可直接复制使用；最后给出3条可立即执行的下一步。
4522,演讲,演讲教练,内容创作者,路线图,长期价值,成熟企业,任务编号 P4522。请扮演演讲教练。围绕“演讲场景022-成熟企业”中的结构、幻灯片、表达任务，面向内容创作者，模拟专家评审并指出改进点。请用路线图输出，并从“长期价值”角度做重点判断。要求：包含衡量标准；提供简短版本和完整版本；最后给出3条可立即执行的下一步。
4523,演讲,演讲教练,销售团队,PRD片段,质量,需要降本,任务编号 P4523。请扮演演讲教练。围绕“演讲场景023-需要降本”中的结构、幻灯片、表达任务，面向销售团队，根据目标用户重写表达。请用PRD片段输出，并从“质量”角度做重点判断。要求：提供简短版本和完整版本；按影响力排序；最后给出3条可立即执行的下一步。
4524,演讲,演讲教练,教师,表格,用户体验,流程混乱,任务编号 P4524。请扮演演讲教练。围绕“演讲场景024-流程混乱”中的结构、幻灯片、表达任务，面向教师，提炼核心洞察并给出行动建议。请用表格输出，并从“用户体验”角度做重点判断。要求：适合在一天内开始执行；包含可执行下一步；最后给出3条可立即执行的下一步。
4525,演讲,演讲教练,本地用户,邮件草稿,学习曲线,数据不足,任务编号 P4525。请扮演演讲教练。围绕“演讲场景025-数据不足”中的结构、幻灯片、表达任务，面向本地用户，设计一套可量化指标。请用邮件草稿输出，并从“学习曲线”角度做重点判断。要求：给出示例输入输出；包含衡量标准；最后给出3条可立即执行的下一步。
4526,演讲,演讲教练,创始人,路线图,效率,公开发布,任务编号 P4526。请扮演演讲教练。围绕“演讲场景026-公开发布”中的结构、幻灯片、表达任务，面向创始人，把零散想法整理成结构化大纲。请用路线图输出，并从“效率”角度做重点判断。要求：语言简洁，不说空话；标注假设和不确定性；最后给出3条可立即执行的下一步。
4527,演讲,演讲教练,新手用户,PRD片段,风险,多方协作,任务编号 P4527。请扮演演讲教练。围绕“演讲场景027-多方协作”中的结构、幻灯片、表达任务，面向新手用户，生成可直接使用的模板。请用PRD片段输出，并从“风险”角度做重点判断。要求：兼顾成本和效果；指出最容易忽略的细节；最后给出3条可立即执行的下一步。
4528,演讲,演讲教练,一线执行团队,表格,增长,预算有限,任务编号 P4528。请扮演演讲教练。围绕“演讲场景028-预算有限”中的结构、幻灯片、表达任务，面向一线执行团队，做一次反向推理找出隐藏风险。请用表格输出，并从“增长”角度做重点判断。要求：指出最容易忽略的细节；避免专业黑话；最后给出3条可立即执行的下一步。
4529,演讲,演讲教练,开发团队,邮件草稿,短期落地,初创团队,任务编号 P4529。请扮演演讲教练。围绕“演讲场景029-初创团队”中的结构、幻灯片、表达任务，面向开发团队，给出低成本试验方案。请用邮件草稿输出，并从“短期落地”角度做重点判断。要求：包含可执行下一步；用中文输出；最后给出3条可立即执行的下一步。
4530,演讲,演讲教练,客服团队,路线图,成本,需要扩张,任务编号 P4530。请扮演演讲教练。围绕“演讲场景030-需要扩张”中的结构、幻灯片、表达任务，面向客服团队，创建对比表并推荐选择。请用路线图输出，并从“成本”角度做重点判断。要求：输出可直接复制使用；兼顾成本和效果；最后给出3条可立即执行的下一步。
4531,演讲,演讲教练,家长,PRD片段,可维护性,新市场验证,任务编号 P4531。请扮演演讲教练。围绕“演讲场景031-新市场验证”中的结构、幻灯片、表达任务，面向家长，把长内容压缩成高密度摘要。请用PRD片段输出，并从“可维护性”角度做重点判断。要求：保持中立客观；避免虚构事实；最后给出3条可立即执行的下一步。
4532,演讲,演讲教练,非技术读者,表格,长期价值,竞品压力,任务编号 P4532。请扮演演讲教练。围绕“演讲场景032-竞品压力”中的结构、幻灯片、表达任务，面向非技术读者，提出10个创新方向并排序。请用表格输出，并从“长期价值”角度做重点判断。要求：先给结论再解释；包含失败预案；最后给出3条可立即执行的下一步。
4533,演讲,演讲教练,中小企业主,邮件草稿,质量,准备上线,任务编号 P4533。请扮演演讲教练。围绕“演讲场景033-准备上线”中的结构、幻灯片、表达任务，面向中小企业主，设计30天训练计划。请用邮件草稿输出，并从“质量”角度做重点判断。要求：包含失败预案；语言简洁，不说空话；最后给出3条可立即执行的下一步。
4534,演讲,演讲教练,资深从业者,路线图,用户体验,高不确定性,任务编号 P4534。请扮演演讲教练。围绕“演讲场景034-高不确定性”中的结构、幻灯片、表达任务，面向资深从业者，构建决策树帮助判断下一步。请用路线图输出，并从“用户体验”角度做重点判断。要求：用中文输出；按难易度排序；最后给出3条可立即执行的下一步。
4535,演讲,演讲教练,自由职业者,PRD片段,学习曲线,远程协作,任务编号 P4535。请扮演演讲教练。围绕“演讲场景035-远程协作”中的结构、幻灯片、表达任务，面向自由职业者，生成会议讨论提纲。请用PRD片段输出，并从“学习曲线”角度做重点判断。要求：标注假设和不确定性；先给结论再解释；最后给出3条可立即执行的下一步。
4536,演讲,演讲教练,设计团队,表格,效率,个人项目,任务编号 P4536。请扮演演讲教练。围绕“演讲场景036-个人项目”中的结构、幻灯片、表达任务，面向设计团队，写一份面向管理层的简报。请用表格输出，并从“效率”角度做重点判断。要求：按影响力排序；给出示例输入输出；最后给出3条可立即执行的下一步。
4537,演讲,演讲教练,投资人,邮件草稿,风险,质量波动,任务编号 P4537。请扮演演讲教练。围绕“演讲场景037-质量波动”中的结构、幻灯片、表达任务，面向投资人，写一份面向执行者的操作手册。请用邮件草稿输出，并从“风险”角度做重点判断。要求：必要时提出澄清问题；给出至少一个反例；最后给出3条可立即执行的下一步。
4538,演讲,演讲教练,海外用户,路线图,增长,用户流失,任务编号 P4538。请扮演演讲教练。围绕“演讲场景038-用户流失”中的结构、幻灯片、表达任务，面向海外用户，建立评估打分表。请用路线图输出，并从“增长”角度做重点判断。要求：给出至少一个反例；保持中立客观；最后给出3条可立即执行的下一步。
4539,演讲,演讲教练,专家评审,PRD片段,短期落地,内部培训,任务编号 P4539。请扮演演讲教练。围绕“演讲场景039-内部培训”中的结构、幻灯片、表达任务，面向专家评审，提出自动化改造思路。请用PRD片段输出，并从“短期落地”角度做重点判断。要求：按难易度排序；适合在一天内开始执行；最后给出3条可立即执行的下一步。
4540,演讲,演讲教练,大学生,表格,成本,需要复盘,任务编号 P4540。请扮演演讲教练。围绕“演讲场景040-需要复盘”中的结构、幻灯片、表达任务，面向大学生，设计用户调研问题。请用表格输出，并从“成本”角度做重点判断。要求：避免虚构事实；必要时提出澄清问题；最后给出3条可立即执行的下一步。
4541,演讲,演讲教练,管理层,邮件草稿,可维护性,时间紧迫,任务编号 P4541。请扮演演讲教练。围绕“演讲场景041-时间紧迫”中的结构、幻灯片、表达任务，面向管理层，模拟用户反馈并归纳模式。请用邮件草稿输出，并从“可维护性”角度做重点判断。要求：避免专业黑话；输出可直接复制使用；最后给出3条可立即执行的下一步。
4542,演讲,演讲教练,内容创作者,路线图,长期价值,成熟企业,任务编号 P4542。请扮演演讲教练。围绕“演讲场景042-成熟企业”中的结构、幻灯片、表达任务，面向内容创作者，生成故障排查路径。请用路线图输出，并从“长期价值”角度做重点判断。要求：包含衡量标准；提供简短版本和完整版本；最后给出3条可立即执行的下一步。
4543,演讲,演讲教练,销售团队,PRD片段,质量,需要降本,任务编号 P4543。请扮演演讲教练。围绕“演讲场景043-需要降本”中的结构、幻灯片、表达任务，面向销售团队，把目标拆成里程碑。请用PRD片段输出，并从“质量”角度做重点判断。要求：提供简短版本和完整版本；按影响力排序；最后给出3条可立即执行的下一步。
4544,演讲,演讲教练,教师,表格,用户体验,流程混乱,任务编号 P4544。请扮演演讲教练。围绕“演讲场景044-流程混乱”中的结构、幻灯片、表达任务，面向教师，提出可复用命名规范。请用表格输出，并从“用户体验”角度做重点判断。要求：适合在一天内开始执行；包含可执行下一步；最后给出3条可立即执行的下一步。
4545,演讲,演讲教练,本地用户,邮件草稿,学习曲线,数据不足,任务编号 P4545。请扮演演讲教练。围绕“演讲场景045-数据不足”中的结构、幻灯片、表达任务，面向本地用户，创建风险登记册。请用邮件草稿输出，并从“学习曲线”角度做重点判断。要求：给出示例输入输出；包含衡量标准；最后给出3条可立即执行的下一步。
4546,演讲,演讲教练,创始人,路线图,效率,公开发布,任务编号 P4546。请扮演演讲教练。围绕“演讲场景046-公开发布”中的结构、幻灯片、表达任务，面向创始人，制定一份可执行方案。请用路线图输出，并从“效率”角度做重点判断。要求：语言简洁，不说空话；标注假设和不确定性；最后给出3条可立即执行的下一步。
4547,演讲,演讲教练,新手用户,PRD片段,风险,多方协作,任务编号 P4547。请扮演演讲教练。围绕“演讲场景047-多方协作”中的结构、幻灯片、表达任务，面向新手用户，列出关键问题并给出优先级。请用PRD片段输出，并从“风险”角度做重点判断。要求：兼顾成本和效果；指出最容易忽略的细节；最后给出3条可立即执行的下一步。
4548,演讲,演讲教练,一线执行团队,表格,增长,预算有限,任务编号 P4548。请扮演演讲教练。围绕“演讲场景048-预算有限”中的结构、幻灯片、表达任务，面向一线执行团队，生成三种风格完全不同的版本。请用表格输出，并从“增长”角度做重点判断。要求：指出最容易忽略的细节；避免专业黑话；最后给出3条可立即执行的下一步。
4549,演讲,演讲教练,开发团队,邮件草稿,短期落地,初创团队,任务编号 P4549。请扮演演讲教练。围绕“演讲场景049-初创团队”中的结构、幻灯片、表达任务，面向开发团队，把复杂内容改写成新手也能懂的说明。请用邮件草稿输出，并从“短期落地”角度做重点判断。要求：包含可执行下一步；用中文输出；最后给出3条可立即执行的下一步。
4550,演讲,演讲教练,客服团队,路线图,成本,需要扩张,任务编号 P4550。请扮演演讲教练。围绕“演讲场景050-需要扩张”中的结构、幻灯片、表达任务，面向客服团队，设计一个从零到一的工作流。请用路线图输出，并从“成本”角度做重点判断。要求：输出可直接复制使用；兼顾成本和效果；最后给出3条可立即执行的下一步。
4551,演讲,演讲教练,家长,PRD片段,可维护性,新市场验证,任务编号 P4551。请扮演演讲教练。围绕“演讲场景051-新市场验证”中的结构、幻灯片、表达任务，面向家长，创建检查清单并标注常见坑。请用PRD片段输出，并从“可维护性”角度做重点判断。要求：保持中立客观；避免虚构事实；最后给出3条可立即执行的下一步。
4552,演讲,演讲教练,非技术读者,表格,长期价值,竞品压力,任务编号 P4552。请扮演演讲教练。围绕“演讲场景052-竞品压力”中的结构、幻灯片、表达任务，面向非技术读者，模拟专家评审并指出改进点。请用表格输出，并从“长期价值”角度做重点判断。要求：先给结论再解释；包含失败预案；最后给出3条可立即执行的下一步。
4553,演讲,演讲教练,中小企业主,邮件草稿,质量,准备上线,任务编号 P4553。请扮演演讲教练。围绕“演讲场景053-准备上线”中的结构、幻灯片、表达任务，面向中小企业主，根据目标用户重写表达。请用邮件草稿输出，并从“质量”角度做重点判断。要求：包含失败预案；语言简洁，不说空话；最后给出3条可立即执行的下一步。
4554,演讲,演讲教练,资深从业者,路线图,用户体验,高不确定性,任务编号 P4554。请扮演演讲教练。围绕“演讲场景054-高不确定性”中的结构、幻灯片、表达任务，面向资深从业者，提炼核心洞察并给出行动建议。请用路线图输出，并从“用户体验”角度做重点判断。要求：用中文输出；按难易度排序；最后给出3条可立即执行的下一步。
4555,演讲,演讲教练,自由职业者,PRD片段,学习曲线,远程协作,任务编号 P4555。请扮演演讲教练。围绕“演讲场景055-远程协作”中的结构、幻灯片、表达任务，面向自由职业者，设计一套可量化指标。请用PRD片段输出，并从“学习曲线”角度做重点判断。要求：标注假设和不确定性；先给结论再解释；最后给出3条可立即执行的下一步。
4556,演讲,演讲教练,设计团队,表格,效率,个人项目,任务编号 P4556。请扮演演讲教练。围绕“演讲场景056-个人项目”中的结构、幻灯片、表达任务，面向设计团队，把零散想法整理成结构化大纲。请用表格输出，并从“效率”角度做重点判断。要求：按影响力排序；给出示例输入输出；最后给出3条可立即执行的下一步。
4557,演讲,演讲教练,投资人,邮件草稿,风险,质量波动,任务编号 P4557。请扮演演讲教练。围绕“演讲场景057-质量波动”中的结构、幻灯片、表达任务，面向投资人，生成可直接使用的模板。请用邮件草稿输出，并从“风险”角度做重点判断。要求：必要时提出澄清问题；给出至少一个反例；最后给出3条可立即执行的下一步。
4558,演讲,演讲教练,海外用户,路线图,增长,用户流失,任务编号 P4558。请扮演演讲教练。围绕“演讲场景058-用户流失”中的结构、幻灯片、表达任务，面向海外用户，做一次反向推理找出隐藏风险。请用路线图输出，并从“增长”角度做重点判断。要求：给出至少一个反例；保持中立客观；最后给出3条可立即执行的下一步。
4559,演讲,演讲教练,专家评审,PRD片段,短期落地,内部培训,任务编号 P4559。请扮演演讲教练。围绕“演讲场景059-内部培训”中的结构、幻灯片、表达任务，面向专家评审，给出低成本试验方案。请用PRD片段输出，并从“短期落地”角度做重点判断。要求：按难易度排序；适合在一天内开始执行；最后给出3条可立即执行的下一步。
4560,演讲,演讲教练,大学生,表格,成本,需要复盘,任务编号 P4560。请扮演演讲教练。围绕“演讲场景060-需要复盘”中的结构、幻灯片、表达任务，面向大学生，创建对比表并推荐选择。请用表格输出，并从“成本”角度做重点判断。要求：避免虚构事实；必要时提出澄清问题；最后给出3条可立即执行的下一步。
4561,演讲,演讲教练,管理层,邮件草稿,可维护性,时间紧迫,任务编号 P4561。请扮演演讲教练。围绕“演讲场景061-时间紧迫”中的结构、幻灯片、表达任务，面向管理层，把长内容压缩成高密度摘要。请用邮件草稿输出，并从“可维护性”角度做重点判断。要求：避免专业黑话；输出可直接复制使用；最后给出3条可立即执行的下一步。
4562,演讲,演讲教练,内容创作者,路线图,长期价值,成熟企业,任务编号 P4562。请扮演演讲教练。围绕“演讲场景062-成熟企业”中的结构、幻灯片、表达任务，面向内容创作者，提出10个创新方向并排序。请用路线图输出，并从“长期价值”角度做重点判断。要求：包含衡量标准；提供简短版本和完整版本；最后给出3条可立即执行的下一步。
4563,演讲,演讲教练,销售团队,PRD片段,质量,需要降本,任务编号 P4563。请扮演演讲教练。围绕“演讲场景063-需要降本”中的结构、幻灯片、表达任务，面向销售团队，设计30天训练计划。请用PRD片段输出，并从“质量”角度做重点判断。要求：提供简短版本和完整版本；按影响力排序；最后给出3条可立即执行的下一步。
4564,演讲,演讲教练,教师,表格,用户体验,流程混乱,任务编号 P4564。请扮演演讲教练。围绕“演讲场景064-流程混乱”中的结构、幻灯片、表达任务，面向教师，构建决策树帮助判断下一步。请用表格输出，并从“用户体验”角度做重点判断。要求：适合在一天内开始执行；包含可执行下一步；最后给出3条可立即执行的下一步。
4565,演讲,演讲教练,本地用户,邮件草稿,学习曲线,数据不足,任务编号 P4565。请扮演演讲教练。围绕“演讲场景065-数据不足”中的结构、幻灯片、表达任务，面向本地用户，生成会议讨论提纲。请用邮件草稿输出，并从“学习曲线”角度做重点判断。要求：给出示例输入输出；包含衡量标准；最后给出3条可立即执行的下一步。
4566,演讲,演讲教练,创始人,路线图,效率,公开发布,任务编号 P4566。请扮演演讲教练。围绕“演讲场景066-公开发布”中的结构、幻灯片、表达任务，面向创始人，写一份面向管理层的简报。请用路线图输出，并从“效率”角度做重点判断。要求：语言简洁，不说空话；标注假设和不确定性；最后给出3条可立即执行的下一步。
4567,演讲,演讲教练,新手用户,PRD片段,风险,多方协作,任务编号 P4567。请扮演演讲教练。围绕“演讲场景067-多方协作”中的结构、幻灯片、表达任务，面向新手用户，写一份面向执行者的操作手册。请用PRD片段输出，并从“风险”角度做重点判断。要求：兼顾成本和效果；指出最容易忽略的细节；最后给出3条可立即执行的下一步。
4568,演讲,演讲教练,一线执行团队,表格,增长,预算有限,任务编号 P4568。请扮演演讲教练。围绕“演讲场景068-预算有限”中的结构、幻灯片、表达任务，面向一线执行团队，建立评估打分表。请用表格输出，并从“增长”角度做重点判断。要求：指出最容易忽略的细节；避免专业黑话；最后给出3条可立即执行的下一步。
4569,演讲,演讲教练,开发团队,邮件草稿,短期落地,初创团队,任务编号 P4569。请扮演演讲教练。围绕“演讲场景069-初创团队”中的结构、幻灯片、表达任务，面向开发团队，提出自动化改造思路。请用邮件草稿输出，并从“短期落地”角度做重点判断。要求：包含可执行下一步；用中文输出；最后给出3条可立即执行的下一步。
4570,演讲,演讲教练,客服团队,路线图,成本,需要扩张,任务编号 P4570。请扮演演讲教练。围绕“演讲场景070-需要扩张”中的结构、幻灯片、表达任务，面向客服团队，设计用户调研问题。请用路线图输出，并从“成本”角度做重点判断。要求：输出可直接复制使用；兼顾成本和效果；最后给出3条可立即执行的下一步。
4571,演讲,演讲教练,家长,PRD片段,可维护性,新市场验证,任务编号 P4571。请扮演演讲教练。围绕“演讲场景071-新市场验证”中的结构、幻灯片、表达任务，面向家长，模拟用户反馈并归纳模式。请用PRD片段输出，并从“可维护性”角度做重点判断。要求：保持中立客观；避免虚构事实；最后给出3条可立即执行的下一步。
4572,演讲,演讲教练,非技术读者,表格,长期价值,竞品压力,任务编号 P4572。请扮演演讲教练。围绕“演讲场景072-竞品压力”中的结构、幻灯片、表达任务，面向非技术读者，生成故障排查路径。请用表格输出，并从“长期价值”角度做重点判断。要求：先给结论再解释；包含失败预案；最后给出3条可立即执行的下一步。
4573,演讲,演讲教练,中小企业主,邮件草稿,质量,准备上线,任务编号 P4573。请扮演演讲教练。围绕“演讲场景073-准备上线”中的结构、幻灯片、表达任务，面向中小企业主，把目标拆成里程碑。请用邮件草稿输出，并从“质量”角度做重点判断。要求：包含失败预案；语言简洁，不说空话；最后给出3条可立即执行的下一步。
4574,演讲,演讲教练,资深从业者,路线图,用户体验,高不确定性,任务编号 P4574。请扮演演讲教练。围绕“演讲场景074-高不确定性”中的结构、幻灯片、表达任务，面向资深从业者，提出可复用命名规范。请用路线图输出，并从“用户体验”角度做重点判断。要求：用中文输出；按难易度排序；最后给出3条可立即执行的下一步。
4575,演讲,演讲教练,自由职业者,PRD片段,学习曲线,远程协作,任务编号 P4575。请扮演演讲教练。围绕“演讲场景075-远程协作”中的结构、幻灯片、表达任务，面向自由职业者，创建风险登记册。请用PRD片段输出，并从“学习曲线”角度做重点判断。要求：标注假设和不确定性；先给结论再解释；最后给出3条可立即执行的下一步。
4576,演讲,演讲教练,设计团队,表格,效率,个人项目,任务编号 P4576。请扮演演讲教练。围绕“演讲场景076-个人项目”中的结构、幻灯片、表达任务，面向设计团队，制定一份可执行方案。请用表格输出，并从“效率”角度做重点判断。要求：按影响力排序；给出示例输入输出；最后给出3条可立即执行的下一步。
4577,演讲,演讲教练,投资人,邮件草稿,风险,质量波动,任务编号 P4577。请扮演演讲教练。围绕“演讲场景077-质量波动”中的结构、幻灯片、表达任务，面向投资人，列出关键问题并给出优先级。请用邮件草稿输出，并从“风险”角度做重点判断。要求：必要时提出澄清问题；给出至少一个反例；最后给出3条可立即执行的下一步。
4578,演讲,演讲教练,海外用户,路线图,增长,用户流失,任务编号 P4578。请扮演演讲教练。围绕“演讲场景078-用户流失”中的结构、幻灯片、表达任务，面向海外用户，生成三种风格完全不同的版本。请用路线图输出，并从“增长”角度做重点判断。要求：给出至少一个反例；保持中立客观；最后给出3条可立即执行的下一步。
4579,演讲,演讲教练,专家评审,PRD片段,短期落地,内部培训,任务编号 P4579。请扮演演讲教练。围绕“演讲场景079-内部培训”中的结构、幻灯片、表达任务，面向专家评审，把复杂内容改写成新手也能懂的说明。请用PRD片段输出，并从“短期落地”角度做重点判断。要求：按难易度排序；适合在一天内开始执行；最后给出3条可立即执行的下一步。
4580,演讲,演讲教练,大学生,表格,成本,需要复盘,任务编号 P4580。请扮演演讲教练。围绕“演讲场景080-需要复盘”中的结构、幻灯片、表达任务，面向大学生，设计一个从零到一的工作流。请用表格输出，并从“成本”角度做重点判断。要求：避免虚构事实；必要时提出澄清问题；最后给出3条可立即执行的下一步。
4581,演讲,演讲教练,管理层,邮件草稿,可维护性,时间紧迫,任务编号 P4581。请扮演演讲教练。围绕“演讲场景081-时间紧迫”中的结构、幻灯片、表达任务，面向管理层，创建检查清单并标注常见坑。请用邮件草稿输出，并从“可维护性”角度做重点判断。要求：避免专业黑话；输出可直接复制使用；最后给出3条可立即执行的下一步。
4582,演讲,演讲教练,内容创作者,路线图,长期价值,成熟企业,任务编号 P4582。请扮演演讲教练。围绕“演讲场景082-成熟企业”中的结构、幻灯片、表达任务，面向内容创作者，模拟专家评审并指出改进点。请用路线图输出，并从“长期价值”角度做重点判断。要求：包含衡量标准；提供简短版本和完整版本；最后给出3条可立即执行的下一步。
4583,演讲,演讲教练,销售团队,PRD片段,质量,需要降本,任务编号 P4583。请扮演演讲教练。围绕“演讲场景083-需要降本”中的结构、幻灯片、表达任务，面向销售团队，根据目标用户重写表达。请用PRD片段输出，并从“质量”角度做重点判断。要求：提供简短版本和完整版本；按影响力排序；最后给出3条可立即执行的下一步。
4584,演讲,演讲教练,教师,表格,用户体验,流程混乱,任务编号 P4584。请扮演演讲教练。围绕“演讲场景084-流程混乱”中的结构、幻灯片、表达任务，面向教师，提炼核心洞察并给出行动建议。请用表格输出，并从“用户体验”角度做重点判断。要求：适合在一天内开始执行；包含可执行下一步；最后给出3条可立即执行的下一步。
4585,演讲,演讲教练,本地用户,邮件草稿,学习曲线,数据不足,任务编号 P4585。请扮演演讲教练。围绕“演讲场景085-数据不足”中的结构、幻灯片、表达任务，面向本地用户，设计一套可量化指标。请用邮件草稿输出，并从“学习曲线”角度做重点判断。要求：给出示例输入输出；包含衡量标准；最后给出3条可立即执行的下一步。
4586,演讲,演讲教练,创始人,路线图,效率,公开发布,任务编号 P4586。请扮演演讲教练。围绕“演讲场景086-公开发布”中的结构、幻灯片、表达任务，面向创始人，把零散想法整理成结构化大纲。请用路线图输出，并从“效率”角度做重点判断。要求：语言简洁，不说空话；标注假设和不确定性；最后给出3条可立即执行的下一步。
4587,演讲,演讲教练,新手用户,PRD片段,风险,多方协作,任务编号 P4587。请扮演演讲教练。围绕“演讲场景087-多方协作”中的结构、幻灯片、表达任务，面向新手用户，生成可直接使用的模板。请用PRD片段输出，并从“风险”角度做重点判断。要求：兼顾成本和效果；指出最容易忽略的细节；最后给出3条可立即执行的下一步。
4588,演讲,演讲教练,一线执行团队,表格,增长,预算有限,任务编号 P4588。请扮演演讲教练。围绕“演讲场景088-预算有限”中的结构、幻灯片、表达任务，面向一线执行团队，做一次反向推理找出隐藏风险。请用表格输出，并从“增长”角度做重点判断。要求：指出最容易忽略的细节；避免专业黑话；最后给出3条可立即执行的下一步。
4589,演讲,演讲教练,开发团队,邮件草稿,短期落地,初创团队,任务编号 P4589。请扮演演讲教练。围绕“演讲场景089-初创团队”中的结构、幻灯片、表达任务，面向开发团队，给出低成本试验方案。请用邮件草稿输出，并从“短期落地”角度做重点判断。要求：包含可执行下一步；用中文输出；最后给出3条可立即执行的下一步。
4590,演讲,演讲教练,客服团队,路线图,成本,需要扩张,任务编号 P4590。请扮演演讲教练。围绕“演讲场景090-需要扩张”中的结构、幻灯片、表达任务，面向客服团队，创建对比表并推荐选择。请用路线图输出，并从“成本”角度做重点判断。要求：输出可直接复制使用；兼顾成本和效果；最后给出3条可立即执行的下一步。
4591,演讲,演讲教练,家长,PRD片段,可维护性,新市场验证,任务编号 P4591。请扮演演讲教练。围绕“演讲场景091-新市场验证”中的结构、幻灯片、表达任务，面向家长，把长内容压缩成高密度摘要。请用PRD片段输出，并从“可维护性”角度做重点判断。要求：保持中立客观；避免虚构事实；最后给出3条可立即执行的下一步。
4592,演讲,演讲教练,非技术读者,表格,长期价值,竞品压力,任务编号 P4592。请扮演演讲教练。围绕“演讲场景092-竞品压力”中的结构、幻灯片、表达任务，面向非技术读者，提出10个创新方向并排序。请用表格输出，并从“长期价值”角度做重点判断。要求：先给结论再解释；包含失败预案；最后给出3条可立即执行的下一步。
4593,演讲,演讲教练,中小企业主,邮件草稿,质量,准备上线,任务编号 P4593。请扮演演讲教练。围绕“演讲场景093-准备上线”中的结构、幻灯片、表达任务，面向中小企业主，设计30天训练计划。请用邮件草稿输出，并从“质量”角度做重点判断。要求：包含失败预案；语言简洁，不说空话；最后给出3条可立即执行的下一步。
4594,演讲,演讲教练,资深从业者,路线图,用户体验,高不确定性,任务编号 P4594。请扮演演讲教练。围绕“演讲场景094-高不确定性”中的结构、幻灯片、表达任务，面向资深从业者，构建决策树帮助判断下一步。请用路线图输出，并从“用户体验”角度做重点判断。要求：用中文输出；按难易度排序；最后给出3条可立即执行的下一步。
4595,演讲,演讲教练,自由职业者,PRD片段,学习曲线,远程协作,任务编号 P4595。请扮演演讲教练。围绕“演讲场景095-远程协作”中的结构、幻灯片、表达任务，面向自由职业者，生成会议讨论提纲。请用PRD片段输出，并从“学习曲线”角度做重点判断。要求：标注假设和不确定性；先给结论再解释；最后给出3条可立即执行的下一步。
4596,演讲,演讲教练,设计团队,表格,效率,个人项目,任务编号 P4596。请扮演演讲教练。围绕“演讲场景096-个人项目”中的结构、幻灯片、表达任务，面向设计团队，写一份面向管理层的简报。请用表格输出，并从“效率”角度做重点判断。要求：按影响力排序；给出示例输入输出；最后给出3条可立即执行的下一步。
4597,演讲,演讲教练,投资人,邮件草稿,风险,质量波动,任务编号 P4597。请扮演演讲教练。围绕“演讲场景097-质量波动”中的结构、幻灯片、表达任务，面向投资人，写一份面向执行者的操作手册。请用邮件草稿输出，并从“风险”角度做重点判断。要求：必要时提出澄清问题；给出至少一个反例；最后给出3条可立即执行的下一步。
4598,演讲,演讲教练,海外用户,路线图,增长,用户流失,任务编号 P4598。请扮演演讲教练。围绕“演讲场景098-用户流失”中的结构、幻灯片、表达任务，面向海外用户，建立评估打分表。请用路线图输出，并从“增长”角度做重点判断。要求：给出至少一个反例；保持中立客观；最后给出3条可立即执行的下一步。
4599,演讲,演讲教练,专家评审,PRD片段,短期落地,内部培训,任务编号 P4599。请扮演演讲教练。围绕“演讲场景099-内部培训”中的结构、幻灯片、表达任务，面向专家评审，提出自动化改造思路。请用PRD片段输出，并从“短期落地”角度做重点判断。要求：按难易度排序；适合在一天内开始执行；最后给出3条可立即执行的下一步。
4600,演讲,演讲教练,大学生,表格,成本,需要复盘,任务编号 P4600。请扮演演讲教练。围绕“演讲场景100-需要复盘”中的结构、幻灯片、表达任务，面向大学生，设计用户调研问题。请用表格输出，并从“成本”角度做重点判断。要求：避免虚构事实；必要时提出澄清问题；最后给出3条可立即执行的下一步。
4601,品牌,品牌策略师,一线执行团队,对话脚本,增长,高不确定性,任务编号 P4601。请扮演品牌策略师。围绕“品牌场景001-高不确定性”中的命名、故事、识别任务，面向一线执行团队，提出10个创新方向并排序。请用对话脚本输出，并从“增长”角度做重点判断。要求：适合在一天内开始执行；包含失败预案；最后给出3条可立即执行的下一步。
4602,品牌,品牌策略师,开发团队,FAQ,短期落地,远程协作,任务编号 P4602。请扮演品牌策略师。围绕“品牌场景002-远程协作”中的命名、故事、识别任务，面向开发团队，设计30天训练计划。请用FAQ输出，并从“短期落地”角度做重点判断。要求：给出示例输入输出；语言简洁，不说空话；最后给出3条可立即执行的下一步。
4603,品牌,品牌策略师,客服团队,演讲稿,成本,个人项目,任务编号 P4603。请扮演品牌策略师。围绕“品牌场景003-个人项目”中的命名、故事、识别任务，面向客服团队，构建决策树帮助判断下一步。请用演讲稿输出，并从“成本”角度做重点判断。要求：语言简洁，不说空话；按难易度排序；最后给出3条可立即执行的下一步。
4604,品牌,品牌策略师,家长,编号清单,可维护性,质量波动,任务编号 P4604。请扮演品牌策略师。围绕“品牌场景004-质量波动”中的命名、故事、识别任务，面向家长，生成会议讨论提纲。请用编号清单输出，并从“可维护性”角度做重点判断。要求：兼顾成本和效果；先给结论再解释；最后给出3条可立即执行的下一步。
4605,品牌,品牌策略师,非技术读者,对话脚本,长期价值,用户流失,任务编号 P4605。请扮演品牌策略师。围绕“品牌场景005-用户流失”中的命名、故事、识别任务，面向非技术读者，写一份面向管理层的简报。请用对话脚本输出，并从“长期价值”角度做重点判断。要求：指出最容易忽略的细节；给出示例输入输出；最后给出3条可立即执行的下一步。
4606,品牌,品牌策略师,中小企业主,FAQ,质量,内部培训,任务编号 P4606。请扮演品牌策略师。围绕“品牌场景006-内部培训”中的命名、故事、识别任务，面向中小企业主，写一份面向执行者的操作手册。请用FAQ输出，并从“质量”角度做重点判断。要求：包含可执行下一步；给出至少一个反例；最后给出3条可立即执行的下一步。
4607,品牌,品牌策略师,资深从业者,演讲稿,用户体验,需要复盘,任务编号 P4607。请扮演品牌策略师。围绕“品牌场景007-需要复盘”中的命名、故事、识别任务，面向资深从业者，建立评估打分表。请用演讲稿输出，并从“用户体验”角度做重点判断。要求：输出可直接复制使用；保持中立客观；最后给出3条可立即执行的下一步。
4608,品牌,品牌策略师,自由职业者,编号清单,学习曲线,时间紧迫,任务编号 P4608。请扮演品牌策略师。围绕“品牌场景008-时间紧迫”中的命名、故事、识别任务，面向自由职业者，提出自动化改造思路。请用编号清单输出，并从“学习曲线”角度做重点判断。要求：保持中立客观；适合在一天内开始执行；最后给出3条可立即执行的下一步。
4609,品牌,品牌策略师,设计团队,对话脚本,效率,成熟企业,任务编号 P4609。请扮演品牌策略师。围绕“品牌场景009-成熟企业”中的命名、故事、识别任务，面向设计团队，设计用户调研问题。请用对话脚本输出，并从“效率”角度做重点判断。要求：先给结论再解释；必要时提出澄清问题；最后给出3条可立即执行的下一步。
4610,品牌,品牌策略师,投资人,FAQ,风险,需要降本,任务编号 P4610。请扮演品牌策略师。围绕“品牌场景010-需要降本”中的命名、故事、识别任务，面向投资人，模拟用户反馈并归纳模式。请用FAQ输出，并从“风险”角度做重点判断。要求：包含失败预案；输出可直接复制使用；最后给出3条可立即执行的下一步。
4611,品牌,品牌策略师,海外用户,演讲稿,增长,流程混乱,任务编号 P4611。请扮演品牌策略师。围绕“品牌场景011-流程混乱”中的命名、故事、识别任务，面向海外用户，生成故障排查路径。请用演讲稿输出，并从“增长”角度做重点判断。要求：用中文输出；提供简短版本和完整版本；最后给出3条可立即执行的下一步。
4612,品牌,品牌策略师,专家评审,编号清单,短期落地,数据不足,任务编号 P4612。请扮演品牌策略师。围绕“品牌场景012-数据不足”中的命名、故事、识别任务，面向专家评审，把目标拆成里程碑。请用编号清单输出，并从“短期落地”角度做重点判断。要求：标注假设和不确定性；按影响力排序；最后给出3条可立即执行的下一步。
4613,品牌,品牌策略师,大学生,对话脚本,成本,公开发布,任务编号 P4613。请扮演品牌策略师。围绕“品牌场景013-公开发布”中的命名、故事、识别任务，面向大学生，提出可复用命名规范。请用对话脚本输出，并从“成本”角度做重点判断。要求：按影响力排序；包含可执行下一步；最后给出3条可立即执行的下一步。
4614,品牌,品牌策略师,管理层,FAQ,可维护性,多方协作,任务编号 P4614。请扮演品牌策略师。围绕“品牌场景014-多方协作”中的命名、故事、识别任务，面向管理层，创建风险登记册。请用FAQ输出，并从“可维护性”角度做重点判断。要求：必要时提出澄清问题；包含衡量标准；最后给出3条可立即执行的下一步。
4615,品牌,品牌策略师,内容创作者,演讲稿,长期价值,预算有限,任务编号 P4615。请扮演品牌策略师。围绕“品牌场景015-预算有限”中的命名、故事、识别任务，面向内容创作者，制定一份可执行方案。请用演讲稿输出，并从“长期价值”角度做重点判断。要求：给出至少一个反例；标注假设和不确定性；最后给出3条可立即执行的下一步。
4616,品牌,品牌策略师,销售团队,编号清单,质量,初创团队,任务编号 P4616。请扮演品牌策略师。围绕“品牌场景016-初创团队”中的命名、故事、识别任务，面向销售团队，列出关键问题并给出优先级。请用编号清单输出，并从“质量”角度做重点判断。要求：按难易度排序；指出最容易忽略的细节；最后给出3条可立即执行的下一步。
4617,品牌,品牌策略师,教师,对话脚本,用户体验,需要扩张,任务编号 P4617。请扮演品牌策略师。围绕“品牌场景017-需要扩张”中的命名、故事、识别任务，面向教师，生成三种风格完全不同的版本。请用对话脚本输出，并从“用户体验”角度做重点判断。要求：避免虚构事实；避免专业黑话；最后给出3条可立即执行的下一步。
4618,品牌,品牌策略师,本地用户,FAQ,学习曲线,新市场验证,任务编号 P4618。请扮演品牌策略师。围绕“品牌场景018-新市场验证”中的命名、故事、识别任务，面向本地用户，把复杂内容改写成新手也能懂的说明。请用FAQ输出，并从“学习曲线”角度做重点判断。要求：避免专业黑话；用中文输出；最后给出3条可立即执行的下一步。
4619,品牌,品牌策略师,创始人,演讲稿,效率,竞品压力,任务编号 P4619。请扮演品牌策略师。围绕“品牌场景019-竞品压力”中的命名、故事、识别任务，面向创始人，设计一个从零到一的工作流。请用演讲稿输出，并从“效率”角度做重点判断。要求：包含衡量标准；兼顾成本和效果；最后给出3条可立即执行的下一步。
4620,品牌,品牌策略师,新手用户,编号清单,风险,准备上线,任务编号 P4620。请扮演品牌策略师。围绕“品牌场景020-准备上线”中的命名、故事、识别任务，面向新手用户，创建检查清单并标注常见坑。请用编号清单输出，并从“风险”角度做重点判断。要求：提供简短版本和完整版本；避免虚构事实；最后给出3条可立即执行的下一步。
4621,品牌,品牌策略师,一线执行团队,对话脚本,增长,高不确定性,任务编号 P4621。请扮演品牌策略师。围绕“品牌场景021-高不确定性”中的命名、故事、识别任务，面向一线执行团队，模拟专家评审并指出改进点。请用对话脚本输出，并从“增长”角度做重点判断。要求：适合在一天内开始执行；包含失败预案；最后给出3条可立即执行的下一步。
4622,品牌,品牌策略师,开发团队,FAQ,短期落地,远程协作,任务编号 P4622。请扮演品牌策略师。围绕“品牌场景022-远程协作”中的命名、故事、识别任务，面向开发团队，根据目标用户重写表达。请用FAQ输出，并从“短期落地”角度做重点判断。要求：给出示例输入输出；语言简洁，不说空话；最后给出3条可立即执行的下一步。
4623,品牌,品牌策略师,客服团队,演讲稿,成本,个人项目,任务编号 P4623。请扮演品牌策略师。围绕“品牌场景023-个人项目”中的命名、故事、识别任务，面向客服团队，提炼核心洞察并给出行动建议。请用演讲稿输出，并从“成本”角度做重点判断。要求：语言简洁，不说空话；按难易度排序；最后给出3条可立即执行的下一步。
4624,品牌,品牌策略师,家长,编号清单,可维护性,质量波动,任务编号 P4624。请扮演品牌策略师。围绕“品牌场景024-质量波动”中的命名、故事、识别任务，面向家长，设计一套可量化指标。请用编号清单输出，并从“可维护性”角度做重点判断。要求：兼顾成本和效果；先给结论再解释；最后给出3条可立即执行的下一步。
4625,品牌,品牌策略师,非技术读者,对话脚本,长期价值,用户流失,任务编号 P4625。请扮演品牌策略师。围绕“品牌场景025-用户流失”中的命名、故事、识别任务，面向非技术读者，把零散想法整理成结构化大纲。请用对话脚本输出，并从“长期价值”角度做重点判断。要求：指出最容易忽略的细节；给出示例输入输出；最后给出3条可立即执行的下一步。
4626,品牌,品牌策略师,中小企业主,FAQ,质量,内部培训,任务编号 P4626。请扮演品牌策略师。围绕“品牌场景026-内部培训”中的命名、故事、识别任务，面向中小企业主，生成可直接使用的模板。请用FAQ输出，并从“质量”角度做重点判断。要求：包含可执行下一步；给出至少一个反例；最后给出3条可立即执行的下一步。
4627,品牌,品牌策略师,资深从业者,演讲稿,用户体验,需要复盘,任务编号 P4627。请扮演品牌策略师。围绕“品牌场景027-需要复盘”中的命名、故事、识别任务，面向资深从业者，做一次反向推理找出隐藏风险。请用演讲稿输出，并从“用户体验”角度做重点判断。要求：输出可直接复制使用；保持中立客观；最后给出3条可立即执行的下一步。
4628,品牌,品牌策略师,自由职业者,编号清单,学习曲线,时间紧迫,任务编号 P4628。请扮演品牌策略师。围绕“品牌场景028-时间紧迫”中的命名、故事、识别任务，面向自由职业者，给出低成本试验方案。请用编号清单输出，并从“学习曲线”角度做重点判断。要求：保持中立客观；适合在一天内开始执行；最后给出3条可立即执行的下一步。
4629,品牌,品牌策略师,设计团队,对话脚本,效率,成熟企业,任务编号 P4629。请扮演品牌策略师。围绕“品牌场景029-成熟企业”中的命名、故事、识别任务，面向设计团队，创建对比表并推荐选择。请用对话脚本输出，并从“效率”角度做重点判断。要求：先给结论再解释；必要时提出澄清问题；最后给出3条可立即执行的下一步。
4630,品牌,品牌策略师,投资人,FAQ,风险,需要降本,任务编号 P4630。请扮演品牌策略师。围绕“品牌场景030-需要降本”中的命名、故事、识别任务，面向投资人，把长内容压缩成高密度摘要。请用FAQ输出，并从“风险”角度做重点判断。要求：包含失败预案；输出可直接复制使用；最后给出3条可立即执行的下一步。
4631,品牌,品牌策略师,海外用户,演讲稿,增长,流程混乱,任务编号 P4631。请扮演品牌策略师。围绕“品牌场景031-流程混乱”中的命名、故事、识别任务，面向海外用户，提出10个创新方向并排序。请用演讲稿输出，并从“增长”角度做重点判断。要求：用中文输出；提供简短版本和完整版本；最后给出3条可立即执行的下一步。
4632,品牌,品牌策略师,专家评审,编号清单,短期落地,数据不足,任务编号 P4632。请扮演品牌策略师。围绕“品牌场景032-数据不足”中的命名、故事、识别任务，面向专家评审，设计30天训练计划。请用编号清单输出，并从“短期落地”角度做重点判断。要求：标注假设和不确定性；按影响力排序；最后给出3条可立即执行的下一步。
4633,品牌,品牌策略师,大学生,对话脚本,成本,公开发布,任务编号 P4633。请扮演品牌策略师。围绕“品牌场景033-公开发布”中的命名、故事、识别任务，面向大学生，构建决策树帮助判断下一步。请用对话脚本输出，并从“成本”角度做重点判断。要求：按影响力排序；包含可执行下一步；最后给出3条可立即执行的下一步。
4634,品牌,品牌策略师,管理层,FAQ,可维护性,多方协作,任务编号 P4634。请扮演品牌策略师。围绕“品牌场景034-多方协作”中的命名、故事、识别任务，面向管理层，生成会议讨论提纲。请用FAQ输出，并从“可维护性”角度做重点判断。要求：必要时提出澄清问题；包含衡量标准；最后给出3条可立即执行的下一步。
4635,品牌,品牌策略师,内容创作者,演讲稿,长期价值,预算有限,任务编号 P4635。请扮演品牌策略师。围绕“品牌场景035-预算有限”中的命名、故事、识别任务，面向内容创作者，写一份面向管理层的简报。请用演讲稿输出，并从“长期价值”角度做重点判断。要求：给出至少一个反例；标注假设和不确定性；最后给出3条可立即执行的下一步。
4636,品牌,品牌策略师,销售团队,编号清单,质量,初创团队,任务编号 P4636。请扮演品牌策略师。围绕“品牌场景036-初创团队”中的命名、故事、识别任务，面向销售团队，写一份面向执行者的操作手册。请用编号清单输出，并从“质量”角度做重点判断。要求：按难易度排序；指出最容易忽略的细节；最后给出3条可立即执行的下一步。
4637,品牌,品牌策略师,教师,对话脚本,用户体验,需要扩张,任务编号 P4637。请扮演品牌策略师。围绕“品牌场景037-需要扩张”中的命名、故事、识别任务，面向教师，建立评估打分表。请用对话脚本输出，并从“用户体验”角度做重点判断。要求：避免虚构事实；避免专业黑话；最后给出3条可立即执行的下一步。
4638,品牌,品牌策略师,本地用户,FAQ,学习曲线,新市场验证,任务编号 P4638。请扮演品牌策略师。围绕“品牌场景038-新市场验证”中的命名、故事、识别任务，面向本地用户，提出自动化改造思路。请用FAQ输出，并从“学习曲线”角度做重点判断。要求：避免专业黑话；用中文输出；最后给出3条可立即执行的下一步。
4639,品牌,品牌策略师,创始人,演讲稿,效率,竞品压力,任务编号 P4639。请扮演品牌策略师。围绕“品牌场景039-竞品压力”中的命名、故事、识别任务，面向创始人，设计用户调研问题。请用演讲稿输出，并从“效率”角度做重点判断。要求：包含衡量标准；兼顾成本和效果；最后给出3条可立即执行的下一步。
4640,品牌,品牌策略师,新手用户,编号清单,风险,准备上线,任务编号 P4640。请扮演品牌策略师。围绕“品牌场景040-准备上线”中的命名、故事、识别任务，面向新手用户，模拟用户反馈并归纳模式。请用编号清单输出，并从“风险”角度做重点判断。要求：提供简短版本和完整版本；避免虚构事实；最后给出3条可立即执行的下一步。
4641,品牌,品牌策略师,一线执行团队,对话脚本,增长,高不确定性,任务编号 P4641。请扮演品牌策略师。围绕“品牌场景041-高不确定性”中的命名、故事、识别任务，面向一线执行团队，生成故障排查路径。请用对话脚本输出，并从“增长”角度做重点判断。要求：适合在一天内开始执行；包含失败预案；最后给出3条可立即执行的下一步。
4642,品牌,品牌策略师,开发团队,FAQ,短期落地,远程协作,任务编号 P4642。请扮演品牌策略师。围绕“品牌场景042-远程协作”中的命名、故事、识别任务，面向开发团队，把目标拆成里程碑。请用FAQ输出，并从“短期落地”角度做重点判断。要求：给出示例输入输出；语言简洁，不说空话；最后给出3条可立即执行的下一步。
4643,品牌,品牌策略师,客服团队,演讲稿,成本,个人项目,任务编号 P4643。请扮演品牌策略师。围绕“品牌场景043-个人项目”中的命名、故事、识别任务，面向客服团队，提出可复用命名规范。请用演讲稿输出，并从“成本”角度做重点判断。要求：语言简洁，不说空话；按难易度排序；最后给出3条可立即执行的下一步。
4644,品牌,品牌策略师,家长,编号清单,可维护性,质量波动,任务编号 P4644。请扮演品牌策略师。围绕“品牌场景044-质量波动”中的命名、故事、识别任务，面向家长，创建风险登记册。请用编号清单输出，并从“可维护性”角度做重点判断。要求：兼顾成本和效果；先给结论再解释；最后给出3条可立即执行的下一步。
4645,品牌,品牌策略师,非技术读者,对话脚本,长期价值,用户流失,任务编号 P4645。请扮演品牌策略师。围绕“品牌场景045-用户流失”中的命名、故事、识别任务，面向非技术读者，制定一份可执行方案。请用对话脚本输出，并从“长期价值”角度做重点判断。要求：指出最容易忽略的细节；给出示例输入输出；最后给出3条可立即执行的下一步。
4646,品牌,品牌策略师,中小企业主,FAQ,质量,内部培训,任务编号 P4646。请扮演品牌策略师。围绕“品牌场景046-内部培训”中的命名、故事、识别任务，面向中小企业主，列出关键问题并给出优先级。请用FAQ输出，并从“质量”角度做重点判断。要求：包含可执行下一步；给出至少一个反例；最后给出3条可立即执行的下一步。
4647,品牌,品牌策略师,资深从业者,演讲稿,用户体验,需要复盘,任务编号 P4647。请扮演品牌策略师。围绕“品牌场景047-需要复盘”中的命名、故事、识别任务，面向资深从业者，生成三种风格完全不同的版本。请用演讲稿输出，并从“用户体验”角度做重点判断。要求：输出可直接复制使用；保持中立客观；最后给出3条可立即执行的下一步。
4648,品牌,品牌策略师,自由职业者,编号清单,学习曲线,时间紧迫,任务编号 P4648。请扮演品牌策略师。围绕“品牌场景048-时间紧迫”中的命名、故事、识别任务，面向自由职业者，把复杂内容改写成新手也能懂的说明。请用编号清单输出，并从“学习曲线”角度做重点判断。要求：保持中立客观；适合在一天内开始执行；最后给出3条可立即执行的下一步。
4649,品牌,品牌策略师,设计团队,对话脚本,效率,成熟企业,任务编号 P4649。请扮演品牌策略师。围绕“品牌场景049-成熟企业”中的命名、故事、识别任务，面向设计团队，设计一个从零到一的工作流。请用对话脚本输出，并从“效率”角度做重点判断。要求：先给结论再解释；必要时提出澄清问题；最后给出3条可立即执行的下一步。
4650,品牌,品牌策略师,投资人,FAQ,风险,需要降本,任务编号 P4650。请扮演品牌策略师。围绕“品牌场景050-需要降本”中的命名、故事、识别任务，面向投资人，创建检查清单并标注常见坑。请用FAQ输出，并从“风险”角度做重点判断。要求：包含失败预案；输出可直接复制使用；最后给出3条可立即执行的下一步。
4651,品牌,品牌策略师,海外用户,演讲稿,增长,流程混乱,任务编号 P4651。请扮演品牌策略师。围绕“品牌场景051-流程混乱”中的命名、故事、识别任务，面向海外用户，模拟专家评审并指出改进点。请用演讲稿输出，并从“增长”角度做重点判断。要求：用中文输出；提供简短版本和完整版本；最后给出3条可立即执行的下一步。
4652,品牌,品牌策略师,专家评审,编号清单,短期落地,数据不足,任务编号 P4652。请扮演品牌策略师。围绕“品牌场景052-数据不足”中的命名、故事、识别任务，面向专家评审，根据目标用户重写表达。请用编号清单输出，并从“短期落地”角度做重点判断。要求：标注假设和不确定性；按影响力排序；最后给出3条可立即执行的下一步。
4653,品牌,品牌策略师,大学生,对话脚本,成本,公开发布,任务编号 P4653。请扮演品牌策略师。围绕“品牌场景053-公开发布”中的命名、故事、识别任务，面向大学生，提炼核心洞察并给出行动建议。请用对话脚本输出，并从“成本”角度做重点判断。要求：按影响力排序；包含可执行下一步；最后给出3条可立即执行的下一步。
4654,品牌,品牌策略师,管理层,FAQ,可维护性,多方协作,任务编号 P4654。请扮演品牌策略师。围绕“品牌场景054-多方协作”中的命名、故事、识别任务，面向管理层，设计一套可量化指标。请用FAQ输出，并从“可维护性”角度做重点判断。要求：必要时提出澄清问题；包含衡量标准；最后给出3条可立即执行的下一步。
4655,品牌,品牌策略师,内容创作者,演讲稿,长期价值,预算有限,任务编号 P4655。请扮演品牌策略师。围绕“品牌场景055-预算有限”中的命名、故事、识别任务，面向内容创作者，把零散想法整理成结构化大纲。请用演讲稿输出，并从“长期价值”角度做重点判断。要求：给出至少一个反例；标注假设和不确定性；最后给出3条可立即执行的下一步。
4656,品牌,品牌策略师,销售团队,编号清单,质量,初创团队,任务编号 P4656。请扮演品牌策略师。围绕“品牌场景056-初创团队”中的命名、故事、识别任务，面向销售团队，生成可直接使用的模板。请用编号清单输出，并从“质量”角度做重点判断。要求：按难易度排序；指出最容易忽略的细节；最后给出3条可立即执行的下一步。
4657,品牌,品牌策略师,教师,对话脚本,用户体验,需要扩张,任务编号 P4657。请扮演品牌策略师。围绕“品牌场景057-需要扩张”中的命名、故事、识别任务，面向教师，做一次反向推理找出隐藏风险。请用对话脚本输出，并从“用户体验”角度做重点判断。要求：避免虚构事实；避免专业黑话；最后给出3条可立即执行的下一步。
4658,品牌,品牌策略师,本地用户,FAQ,学习曲线,新市场验证,任务编号 P4658。请扮演品牌策略师。围绕“品牌场景058-新市场验证”中的命名、故事、识别任务，面向本地用户，给出低成本试验方案。请用FAQ输出，并从“学习曲线”角度做重点判断。要求：避免专业黑话；用中文输出；最后给出3条可立即执行的下一步。
4659,品牌,品牌策略师,创始人,演讲稿,效率,竞品压力,任务编号 P4659。请扮演品牌策略师。围绕“品牌场景059-竞品压力”中的命名、故事、识别任务，面向创始人，创建对比表并推荐选择。请用演讲稿输出，并从“效率”角度做重点判断。要求：包含衡量标准；兼顾成本和效果；最后给出3条可立即执行的下一步。
4660,品牌,品牌策略师,新手用户,编号清单,风险,准备上线,任务编号 P4660。请扮演品牌策略师。围绕“品牌场景060-准备上线”中的命名、故事、识别任务，面向新手用户，把长内容压缩成高密度摘要。请用编号清单输出，并从“风险”角度做重点判断。要求：提供简短版本和完整版本；避免虚构事实；最后给出3条可立即执行的下一步。
4661,品牌,品牌策略师,一线执行团队,对话脚本,增长,高不确定性,任务编号 P4661。请扮演品牌策略师。围绕“品牌场景061-高不确定性”中的命名、故事、识别任务，面向一线执行团队，提出10个创新方向并排序。请用对话脚本输出，并从“增长”角度做重点判断。要求：适合在一天内开始执行；包含失败预案；最后给出3条可立即执行的下一步。
4662,品牌,品牌策略师,开发团队,FAQ,短期落地,远程协作,任务编号 P4662。请扮演品牌策略师。围绕“品牌场景062-远程协作”中的命名、故事、识别任务，面向开发团队，设计30天训练计划。请用FAQ输出，并从“短期落地”角度做重点判断。要求：给出示例输入输出；语言简洁，不说空话；最后给出3条可立即执行的下一步。
4663,品牌,品牌策略师,客服团队,演讲稿,成本,个人项目,任务编号 P4663。请扮演品牌策略师。围绕“品牌场景063-个人项目”中的命名、故事、识别任务，面向客服团队，构建决策树帮助判断下一步。请用演讲稿输出，并从“成本”角度做重点判断。要求：语言简洁，不说空话；按难易度排序；最后给出3条可立即执行的下一步。
4664,品牌,品牌策略师,家长,编号清单,可维护性,质量波动,任务编号 P4664。请扮演品牌策略师。围绕“品牌场景064-质量波动”中的命名、故事、识别任务，面向家长，生成会议讨论提纲。请用编号清单输出，并从“可维护性”角度做重点判断。要求：兼顾成本和效果；先给结论再解释；最后给出3条可立即执行的下一步。
4665,品牌,品牌策略师,非技术读者,对话脚本,长期价值,用户流失,任务编号 P4665。请扮演品牌策略师。围绕“品牌场景065-用户流失”中的命名、故事、识别任务，面向非技术读者，写一份面向管理层的简报。请用对话脚本输出，并从“长期价值”角度做重点判断。要求：指出最容易忽略的细节；给出示例输入输出；最后给出3条可立即执行的下一步。
4666,品牌,品牌策略师,中小企业主,FAQ,质量,内部培训,任务编号 P4666。请扮演品牌策略师。围绕“品牌场景066-内部培训”中的命名、故事、识别任务，面向中小企业主，写一份面向执行者的操作手册。请用FAQ输出，并从“质量”角度做重点判断。要求：包含可执行下一步；给出至少一个反例；最后给出3条可立即执行的下一步。
4667,品牌,品牌策略师,资深从业者,演讲稿,用户体验,需要复盘,任务编号 P4667。请扮演品牌策略师。围绕“品牌场景067-需要复盘”中的命名、故事、识别任务，面向资深从业者，建立评估打分表。请用演讲稿输出，并从“用户体验”角度做重点判断。要求：输出可直接复制使用；保持中立客观；最后给出3条可立即执行的下一步。
4668,品牌,品牌策略师,自由职业者,编号清单,学习曲线,时间紧迫,任务编号 P4668。请扮演品牌策略师。围绕“品牌场景068-时间紧迫”中的命名、故事、识别任务，面向自由职业者，提出自动化改造思路。请用编号清单输出，并从“学习曲线”角度做重点判断。要求：保持中立客观；适合在一天内开始执行；最后给出3条可立即执行的下一步。
4669,品牌,品牌策略师,设计团队,对话脚本,效率,成熟企业,任务编号 P4669。请扮演品牌策略师。围绕“品牌场景069-成熟企业”中的命名、故事、识别任务，面向设计团队，设计用户调研问题。请用对话脚本输出，并从“效率”角度做重点判断。要求：先给结论再解释；必要时提出澄清问题；最后给出3条可立即执行的下一步。
4670,品牌,品牌策略师,投资人,FAQ,风险,需要降本,任务编号 P4670。请扮演品牌策略师。围绕“品牌场景070-需要降本”中的命名、故事、识别任务，面向投资人，模拟用户反馈并归纳模式。请用FAQ输出，并从“风险”角度做重点判断。要求：包含失败预案；输出可直接复制使用；最后给出3条可立即执行的下一步。
4671,品牌,品牌策略师,海外用户,演讲稿,增长,流程混乱,任务编号 P4671。请扮演品牌策略师。围绕“品牌场景071-流程混乱”中的命名、故事、识别任务，面向海外用户，生成故障排查路径。请用演讲稿输出，并从“增长”角度做重点判断。要求：用中文输出；提供简短版本和完整版本；最后给出3条可立即执行的下一步。
4672,品牌,品牌策略师,专家评审,编号清单,短期落地,数据不足,任务编号 P4672。请扮演品牌策略师。围绕“品牌场景072-数据不足”中的命名、故事、识别任务，面向专家评审，把目标拆成里程碑。请用编号清单输出，并从“短期落地”角度做重点判断。要求：标注假设和不确定性；按影响力排序；最后给出3条可立即执行的下一步。
4673,品牌,品牌策略师,大学生,对话脚本,成本,公开发布,任务编号 P4673。请扮演品牌策略师。围绕“品牌场景073-公开发布”中的命名、故事、识别任务，面向大学生，提出可复用命名规范。请用对话脚本输出，并从“成本”角度做重点判断。要求：按影响力排序；包含可执行下一步；最后给出3条可立即执行的下一步。
4674,品牌,品牌策略师,管理层,FAQ,可维护性,多方协作,任务编号 P4674。请扮演品牌策略师。围绕“品牌场景074-多方协作”中的命名、故事、识别任务，面向管理层，创建风险登记册。请用FAQ输出，并从“可维护性”角度做重点判断。要求：必要时提出澄清问题；包含衡量标准；最后给出3条可立即执行的下一步。
4675,品牌,品牌策略师,内容创作者,演讲稿,长期价值,预算有限,任务编号 P4675。请扮演品牌策略师。围绕“品牌场景075-预算有限”中的命名、故事、识别任务，面向内容创作者，制定一份可执行方案。请用演讲稿输出，并从“长期价值”角度做重点判断。要求：给出至少一个反例；标注假设和不确定性；最后给出3条可立即执行的下一步。
4676,品牌,品牌策略师,销售团队,编号清单,质量,初创团队,任务编号 P4676。请扮演品牌策略师。围绕“品牌场景076-初创团队”中的命名、故事、识别任务，面向销售团队，列出关键问题并给出优先级。请用编号清单输出，并从“质量”角度做重点判断。要求：按难易度排序；指出最容易忽略的细节；最后给出3条可立即执行的下一步。
4677,品牌,品牌策略师,教师,对话脚本,用户体验,需要扩张,任务编号 P4677。请扮演品牌策略师。围绕“品牌场景077-需要扩张”中的命名、故事、识别任务，面向教师，生成三种风格完全不同的版本。请用对话脚本输出，并从“用户体验”角度做重点判断。要求：避免虚构事实；避免专业黑话；最后给出3条可立即执行的下一步。
4678,品牌,品牌策略师,本地用户,FAQ,学习曲线,新市场验证,任务编号 P4678。请扮演品牌策略师。围绕“品牌场景078-新市场验证”中的命名、故事、识别任务，面向本地用户，把复杂内容改写成新手也能懂的说明。请用FAQ输出，并从“学习曲线”角度做重点判断。要求：避免专业黑话；用中文输出；最后给出3条可立即执行的下一步。
4679,品牌,品牌策略师,创始人,演讲稿,效率,竞品压力,任务编号 P4679。请扮演品牌策略师。围绕“品牌场景079-竞品压力”中的命名、故事、识别任务，面向创始人，设计一个从零到一的工作流。请用演讲稿输出，并从“效率”角度做重点判断。要求：包含衡量标准；兼顾成本和效果；最后给出3条可立即执行的下一步。
4680,品牌,品牌策略师,新手用户,编号清单,风险,准备上线,任务编号 P4680。请扮演品牌策略师。围绕“品牌场景080-准备上线”中的命名、故事、识别任务，面向新手用户，创建检查清单并标注常见坑。请用编号清单输出，并从“风险”角度做重点判断。要求：提供简短版本和完整版本；避免虚构事实；最后给出3条可立即执行的下一步。
4681,品牌,品牌策略师,一线执行团队,对话脚本,增长,高不确定性,任务编号 P4681。请扮演品牌策略师。围绕“品牌场景081-高不确定性”中的命名、故事、识别任务，面向一线执行团队，模拟专家评审并指出改进点。请用对话脚本输出，并从“增长”角度做重点判断。要求：适合在一天内开始执行；包含失败预案；最后给出3条可立即执行的下一步。
4682,品牌,品牌策略师,开发团队,FAQ,短期落地,远程协作,任务编号 P4682。请扮演品牌策略师。围绕“品牌场景082-远程协作”中的命名、故事、识别任务，面向开发团队，根据目标用户重写表达。请用FAQ输出，并从“短期落地”角度做重点判断。要求：给出示例输入输出；语言简洁，不说空话；最后给出3条可立即执行的下一步。
4683,品牌,品牌策略师,客服团队,演讲稿,成本,个人项目,任务编号 P4683。请扮演品牌策略师。围绕“品牌场景083-个人项目”中的命名、故事、识别任务，面向客服团队，提炼核心洞察并给出行动建议。请用演讲稿输出，并从“成本”角度做重点判断。要求：语言简洁，不说空话；按难易度排序；最后给出3条可立即执行的下一步。
4684,品牌,品牌策略师,家长,编号清单,可维护性,质量波动,任务编号 P4684。请扮演品牌策略师。围绕“品牌场景084-质量波动”中的命名、故事、识别任务，面向家长，设计一套可量化指标。请用编号清单输出，并从“可维护性”角度做重点判断。要求：兼顾成本和效果；先给结论再解释；最后给出3条可立即执行的下一步。
4685,品牌,品牌策略师,非技术读者,对话脚本,长期价值,用户流失,任务编号 P4685。请扮演品牌策略师。围绕“品牌场景085-用户流失”中的命名、故事、识别任务，面向非技术读者，把零散想法整理成结构化大纲。请用对话脚本输出，并从“长期价值”角度做重点判断。要求：指出最容易忽略的细节；给出示例输入输出；最后给出3条可立即执行的下一步。
4686,品牌,品牌策略师,中小企业主,FAQ,质量,内部培训,任务编号 P4686。请扮演品牌策略师。围绕“品牌场景086-内部培训”中的命名、故事、识别任务，面向中小企业主，生成可直接使用的模板。请用FAQ输出，并从“质量”角度做重点判断。要求：包含可执行下一步；给出至少一个反例；最后给出3条可立即执行的下一步。
4687,品牌,品牌策略师,资深从业者,演讲稿,用户体验,需要复盘,任务编号 P4687。请扮演品牌策略师。围绕“品牌场景087-需要复盘”中的命名、故事、识别任务，面向资深从业者，做一次反向推理找出隐藏风险。请用演讲稿输出，并从“用户体验”角度做重点判断。要求：输出可直接复制使用；保持中立客观；最后给出3条可立即执行的下一步。
4688,品牌,品牌策略师,自由职业者,编号清单,学习曲线,时间紧迫,任务编号 P4688。请扮演品牌策略师。围绕“品牌场景088-时间紧迫”中的命名、故事、识别任务，面向自由职业者，给出低成本试验方案。请用编号清单输出，并从“学习曲线”角度做重点判断。要求：保持中立客观；适合在一天内开始执行；最后给出3条可立即执行的下一步。
4689,品牌,品牌策略师,设计团队,对话脚本,效率,成熟企业,任务编号 P4689。请扮演品牌策略师。围绕“品牌场景089-成熟企业”中的命名、故事、识别任务，面向设计团队，创建对比表并推荐选择。请用对话脚本输出，并从“效率”角度做重点判断。要求：先给结论再解释；必要时提出澄清问题；最后给出3条可立即执行的下一步。
4690,品牌,品牌策略师,投资人,FAQ,风险,需要降本,任务编号 P4690。请扮演品牌策略师。围绕“品牌场景090-需要降本”中的命名、故事、识别任务，面向投资人，把长内容压缩成高密度摘要。请用FAQ输出，并从“风险”角度做重点判断。要求：包含失败预案；输出可直接复制使用；最后给出3条可立即执行的下一步。
4691,品牌,品牌策略师,海外用户,演讲稿,增长,流程混乱,任务编号 P4691。请扮演品牌策略师。围绕“品牌场景091-流程混乱”中的命名、故事、识别任务，面向海外用户，提出10个创新方向并排序。请用演讲稿输出，并从“增长”角度做重点判断。要求：用中文输出；提供简短版本和完整版本；最后给出3条可立即执行的下一步。
4692,品牌,品牌策略师,专家评审,编号清单,短期落地,数据不足,任务编号 P4692。请扮演品牌策略师。围绕“品牌场景092-数据不足”中的命名、故事、识别任务，面向专家评审，设计30天训练计划。请用编号清单输出，并从“短期落地”角度做重点判断。要求：标注假设和不确定性；按影响力排序；最后给出3条可立即执行的下一步。
4693,品牌,品牌策略师,大学生,对话脚本,成本,公开发布,任务编号 P4693。请扮演品牌策略师。围绕“品牌场景093-公开发布”中的命名、故事、识别任务，面向大学生，构建决策树帮助判断下一步。请用对话脚本输出，并从“成本”角度做重点判断。要求：按影响力排序；包含可执行下一步；最后给出3条可立即执行的下一步。
4694,品牌,品牌策略师,管理层,FAQ,可维护性,多方协作,任务编号 P4694。请扮演品牌策略师。围绕“品牌场景094-多方协作”中的命名、故事、识别任务，面向管理层，生成会议讨论提纲。请用FAQ输出，并从“可维护性”角度做重点判断。要求：必要时提出澄清问题；包含衡量标准；最后给出3条可立即执行的下一步。
4695,品牌,品牌策略师,内容创作者,演讲稿,长期价值,预算有限,任务编号 P4695。请扮演品牌策略师。围绕“品牌场景095-预算有限”中的命名、故事、识别任务，面向内容创作者，写一份面向管理层的简报。请用演讲稿输出，并从“长期价值”角度做重点判断。要求：给出至少一个反例；标注假设和不确定性；最后给出3条可立即执行的下一步。
4696,品牌,品牌策略师,销售团队,编号清单,质量,初创团队,任务编号 P4696。请扮演品牌策略师。围绕“品牌场景096-初创团队”中的命名、故事、识别任务，面向销售团队，写一份面向执行者的操作手册。请用编号清单输出，并从“质量”角度做重点判断。要求：按难易度排序；指出最容易忽略的细节；最后给出3条可立即执行的下一步。
4697,品牌,品牌策略师,教师,对话脚本,用户体验,需要扩张,任务编号 P4697。请扮演品牌策略师。围绕“品牌场景097-需要扩张”中的命名、故事、识别任务，面向教师，建立评估打分表。请用对话脚本输出，并从“用户体验”角度做重点判断。要求：避免虚构事实；避免专业黑话；最后给出3条可立即执行的下一步。
4698,品牌,品牌策略师,本地用户,FAQ,学习曲线,新市场验证,任务编号 P4698。请扮演品牌策略师。围绕“品牌场景098-新市场验证”中的命名、故事、识别任务，面向本地用户，提出自动化改造思路。请用FAQ输出，并从“学习曲线”角度做重点判断。要求：避免专业黑话；用中文输出；最后给出3条可立即执行的下一步。
4699,品牌,品牌策略师,创始人,演讲稿,效率,竞品压力,任务编号 P4699。请扮演品牌策略师。围绕“品牌场景099-竞品压力”中的命名、故事、识别任务，面向创始人，设计用户调研问题。请用演讲稿输出，并从“效率”角度做重点判断。要求：包含衡量标准；兼顾成本和效果；最后给出3条可立即执行的下一步。
4700,品牌,品牌策略师,新手用户,编号清单,风险,准备上线,任务编号 P4700。请扮演品牌策略师。围绕“品牌场景100-准备上线”中的命名、故事、识别任务，面向新手用户，模拟用户反馈并归纳模式。请用编号清单输出，并从“风险”角度做重点判断。要求：提供简短版本和完整版本；避免虚构事实；最后给出3条可立即执行的下一步。
4701,社区,社区运营者,自由职业者,JSON结构,学习曲线,多方协作,任务编号 P4701。请扮演社区运营者。围绕“社区场景001-多方协作”中的规则、活动、留存任务，面向自由职业者，设计30天训练计划。请用JSON结构输出，并从“学习曲线”角度做重点判断。要求：兼顾成本和效果；按影响力排序；最后给出3条可立即执行的下一步。
4702,社区,社区运营者,设计团队,复盘报告,效率,预算有限,任务编号 P4702。请扮演社区运营者。围绕“社区场景002-预算有限”中的规则、活动、留存任务，面向设计团队，构建决策树帮助判断下一步。请用复盘报告输出，并从“效率”角度做重点判断。要求：指出最容易忽略的细节；包含可执行下一步；最后给出3条可立即执行的下一步。
4703,社区,社区运营者,投资人,短视频脚本,风险,初创团队,任务编号 P4703。请扮演社区运营者。围绕“社区场景003-初创团队”中的规则、活动、留存任务，面向投资人，生成会议讨论提纲。请用短视频脚本输出，并从“风险”角度做重点判断。要求：包含可执行下一步；包含衡量标准；最后给出3条可立即执行的下一步。
4704,社区,社区运营者,海外用户,Markdown大纲,增长,需要扩张,任务编号 P4704。请扮演社区运营者。围绕“社区场景004-需要扩张”中的规则、活动、留存任务，面向海外用户，写一份面向管理层的简报。请用Markdown大纲输出，并从“增长”角度做重点判断。要求：输出可直接复制使用；标注假设和不确定性；最后给出3条可立即执行的下一步。
4705,社区,社区运营者,专家评审,JSON结构,短期落地,新市场验证,任务编号 P4705。请扮演社区运营者。围绕“社区场景005-新市场验证”中的规则、活动、留存任务，面向专家评审，写一份面向执行者的操作手册。请用JSON结构输出，并从“短期落地”角度做重点判断。要求：保持中立客观；指出最容易忽略的细节；最后给出3条可立即执行的下一步。
4706,社区,社区运营者,大学生,复盘报告,成本,竞品压力,任务编号 P4706。请扮演社区运营者。围绕“社区场景006-竞品压力”中的规则、活动、留存任务，面向大学生，建立评估打分表。请用复盘报告输出，并从“成本”角度做重点判断。要求：先给结论再解释；避免专业黑话；最后给出3条可立即执行的下一步。
4707,社区,社区运营者,管理层,短视频脚本,可维护性,准备上线,任务编号 P4707。请扮演社区运营者。围绕“社区场景007-准备上线”中的规则、活动、留存任务，面向管理层，提出自动化改造思路。请用短视频脚本输出，并从“可维护性”角度做重点判断。要求：包含失败预案；用中文输出；最后给出3条可立即执行的下一步。
4708,社区,社区运营者,内容创作者,Markdown大纲,长期价值,高不确定性,任务编号 P4708。请扮演社区运营者。围绕“社区场景008-高不确定性”中的规则、活动、留存任务，面向内容创作者，设计用户调研问题。请用Markdown大纲输出，并从“长期价值”角度做重点判断。要求：用中文输出；兼顾成本和效果；最后给出3条可立即执行的下一步。
4709,社区,社区运营者,销售团队,JSON结构,质量,远程协作,任务编号 P4709。请扮演社区运营者。围绕“社区场景009-远程协作”中的规则、活动、留存任务，面向销售团队，模拟用户反馈并归纳模式。请用JSON结构输出，并从“质量”角度做重点判断。要求：标注假设和不确定性；避免虚构事实；最后给出3条可立即执行的下一步。
4710,社区,社区运营者,教师,复盘报告,用户体验,个人项目,任务编号 P4710。请扮演社区运营者。围绕“社区场景010-个人项目”中的规则、活动、留存任务，面向教师，生成故障排查路径。请用复盘报告输出，并从“用户体验”角度做重点判断。要求：按影响力排序；包含失败预案；最后给出3条可立即执行的下一步。
4711,社区,社区运营者,本地用户,短视频脚本,学习曲线,质量波动,任务编号 P4711。请扮演社区运营者。围绕“社区场景011-质量波动”中的规则、活动、留存任务，面向本地用户，把目标拆成里程碑。请用短视频脚本输出，并从“学习曲线”角度做重点判断。要求：必要时提出澄清问题；语言简洁，不说空话；最后给出3条可立即执行的下一步。
4712,社区,社区运营者,创始人,Markdown大纲,效率,用户流失,任务编号 P4712。请扮演社区运营者。围绕“社区场景012-用户流失”中的规则、活动、留存任务，面向创始人，提出可复用命名规范。请用Markdown大纲输出，并从“效率”角度做重点判断。要求：给出至少一个反例；按难易度排序；最后给出3条可立即执行的下一步。
4713,社区,社区运营者,新手用户,JSON结构,风险,内部培训,任务编号 P4713。请扮演社区运营者。围绕“社区场景013-内部培训”中的规则、活动、留存任务，面向新手用户，创建风险登记册。请用JSON结构输出，并从“风险”角度做重点判断。要求：按难易度排序；先给结论再解释；最后给出3条可立即执行的下一步。
4714,社区,社区运营者,一线执行团队,复盘报告,增长,需要复盘,任务编号 P4714。请扮演社区运营者。围绕“社区场景014-需要复盘”中的规则、活动、留存任务，面向一线执行团队，制定一份可执行方案。请用复盘报告输出，并从“增长”角度做重点判断。要求：避免虚构事实；给出示例输入输出；最后给出3条可立即执行的下一步。
4715,社区,社区运营者,开发团队,短视频脚本,短期落地,时间紧迫,任务编号 P4715。请扮演社区运营者。围绕“社区场景015-时间紧迫”中的规则、活动、留存任务，面向开发团队，列出关键问题并给出优先级。请用短视频脚本输出，并从“短期落地”角度做重点判断。要求：避免专业黑话；给出至少一个反例；最后给出3条可立即执行的下一步。
4716,社区,社区运营者,客服团队,Markdown大纲,成本,成熟企业,任务编号 P4716。请扮演社区运营者。围绕“社区场景016-成熟企业”中的规则、活动、留存任务，面向客服团队，生成三种风格完全不同的版本。请用Markdown大纲输出，并从“成本”角度做重点判断。要求：包含衡量标准；保持中立客观；最后给出3条可立即执行的下一步。
4717,社区,社区运营者,家长,JSON结构,可维护性,需要降本,任务编号 P4717。请扮演社区运营者。围绕“社区场景017-需要降本”中的规则、活动、留存任务，面向家长，把复杂内容改写成新手也能懂的说明。请用JSON结构输出，并从“可维护性”角度做重点判断。要求：提供简短版本和完整版本；适合在一天内开始执行；最后给出3条可立即执行的下一步。
4718,社区,社区运营者,非技术读者,复盘报告,长期价值,流程混乱,任务编号 P4718。请扮演社区运营者。围绕“社区场景018-流程混乱”中的规则、活动、留存任务，面向非技术读者，设计一个从零到一的工作流。请用复盘报告输出，并从“长期价值”角度做重点判断。要求：适合在一天内开始执行；必要时提出澄清问题；最后给出3条可立即执行的下一步。
4719,社区,社区运营者,中小企业主,短视频脚本,质量,数据不足,任务编号 P4719。请扮演社区运营者。围绕“社区场景019-数据不足”中的规则、活动、留存任务，面向中小企业主，创建检查清单并标注常见坑。请用短视频脚本输出，并从“质量”角度做重点判断。要求：给出示例输入输出；输出可直接复制使用；最后给出3条可立即执行的下一步。
4720,社区,社区运营者,资深从业者,Markdown大纲,用户体验,公开发布,任务编号 P4720。请扮演社区运营者。围绕“社区场景020-公开发布”中的规则、活动、留存任务，面向资深从业者，模拟专家评审并指出改进点。请用Markdown大纲输出，并从“用户体验”角度做重点判断。要求：语言简洁，不说空话；提供简短版本和完整版本；最后给出3条可立即执行的下一步。
4721,社区,社区运营者,自由职业者,JSON结构,学习曲线,多方协作,任务编号 P4721。请扮演社区运营者。围绕“社区场景021-多方协作”中的规则、活动、留存任务，面向自由职业者，根据目标用户重写表达。请用JSON结构输出，并从“学习曲线”角度做重点判断。要求：兼顾成本和效果；按影响力排序；最后给出3条可立即执行的下一步。
4722,社区,社区运营者,设计团队,复盘报告,效率,预算有限,任务编号 P4722。请扮演社区运营者。围绕“社区场景022-预算有限”中的规则、活动、留存任务，面向设计团队，提炼核心洞察并给出行动建议。请用复盘报告输出，并从“效率”角度做重点判断。要求：指出最容易忽略的细节；包含可执行下一步；最后给出3条可立即执行的下一步。
4723,社区,社区运营者,投资人,短视频脚本,风险,初创团队,任务编号 P4723。请扮演社区运营者。围绕“社区场景023-初创团队”中的规则、活动、留存任务，面向投资人，设计一套可量化指标。请用短视频脚本输出，并从“风险”角度做重点判断。要求：包含可执行下一步；包含衡量标准；最后给出3条可立即执行的下一步。
4724,社区,社区运营者,海外用户,Markdown大纲,增长,需要扩张,任务编号 P4724。请扮演社区运营者。围绕“社区场景024-需要扩张”中的规则、活动、留存任务，面向海外用户，把零散想法整理成结构化大纲。请用Markdown大纲输出，并从“增长”角度做重点判断。要求：输出可直接复制使用；标注假设和不确定性；最后给出3条可立即执行的下一步。
4725,社区,社区运营者,专家评审,JSON结构,短期落地,新市场验证,任务编号 P4725。请扮演社区运营者。围绕“社区场景025-新市场验证”中的规则、活动、留存任务，面向专家评审，生成可直接使用的模板。请用JSON结构输出，并从“短期落地”角度做重点判断。要求：保持中立客观；指出最容易忽略的细节；最后给出3条可立即执行的下一步。
4726,社区,社区运营者,大学生,复盘报告,成本,竞品压力,任务编号 P4726。请扮演社区运营者。围绕“社区场景026-竞品压力”中的规则、活动、留存任务，面向大学生，做一次反向推理找出隐藏风险。请用复盘报告输出，并从“成本”角度做重点判断。要求：先给结论再解释；避免专业黑话；最后给出3条可立即执行的下一步。
4727,社区,社区运营者,管理层,短视频脚本,可维护性,准备上线,任务编号 P4727。请扮演社区运营者。围绕“社区场景027-准备上线”中的规则、活动、留存任务，面向管理层，给出低成本试验方案。请用短视频脚本输出，并从“可维护性”角度做重点判断。要求：包含失败预案；用中文输出；最后给出3条可立即执行的下一步。
4728,社区,社区运营者,内容创作者,Markdown大纲,长期价值,高不确定性,任务编号 P4728。请扮演社区运营者。围绕“社区场景028-高不确定性”中的规则、活动、留存任务，面向内容创作者，创建对比表并推荐选择。请用Markdown大纲输出，并从“长期价值”角度做重点判断。要求：用中文输出；兼顾成本和效果；最后给出3条可立即执行的下一步。
4729,社区,社区运营者,销售团队,JSON结构,质量,远程协作,任务编号 P4729。请扮演社区运营者。围绕“社区场景029-远程协作”中的规则、活动、留存任务，面向销售团队，把长内容压缩成高密度摘要。请用JSON结构输出，并从“质量”角度做重点判断。要求：标注假设和不确定性；避免虚构事实；最后给出3条可立即执行的下一步。
4730,社区,社区运营者,教师,复盘报告,用户体验,个人项目,任务编号 P4730。请扮演社区运营者。围绕“社区场景030-个人项目”中的规则、活动、留存任务，面向教师，提出10个创新方向并排序。请用复盘报告输出，并从“用户体验”角度做重点判断。要求：按影响力排序；包含失败预案；最后给出3条可立即执行的下一步。
4731,社区,社区运营者,本地用户,短视频脚本,学习曲线,质量波动,任务编号 P4731。请扮演社区运营者。围绕“社区场景031-质量波动”中的规则、活动、留存任务，面向本地用户，设计30天训练计划。请用短视频脚本输出，并从“学习曲线”角度做重点判断。要求：必要时提出澄清问题；语言简洁，不说空话；最后给出3条可立即执行的下一步。
4732,社区,社区运营者,创始人,Markdown大纲,效率,用户流失,任务编号 P4732。请扮演社区运营者。围绕“社区场景032-用户流失”中的规则、活动、留存任务，面向创始人，构建决策树帮助判断下一步。请用Markdown大纲输出，并从“效率”角度做重点判断。要求：给出至少一个反例；按难易度排序；最后给出3条可立即执行的下一步。
4733,社区,社区运营者,新手用户,JSON结构,风险,内部培训,任务编号 P4733。请扮演社区运营者。围绕“社区场景033-内部培训”中的规则、活动、留存任务，面向新手用户，生成会议讨论提纲。请用JSON结构输出，并从“风险”角度做重点判断。要求：按难易度排序；先给结论再解释；最后给出3条可立即执行的下一步。
4734,社区,社区运营者,一线执行团队,复盘报告,增长,需要复盘,任务编号 P4734。请扮演社区运营者。围绕“社区场景034-需要复盘”中的规则、活动、留存任务，面向一线执行团队，写一份面向管理层的简报。请用复盘报告输出，并从“增长”角度做重点判断。要求：避免虚构事实；给出示例输入输出；最后给出3条可立即执行的下一步。
4735,社区,社区运营者,开发团队,短视频脚本,短期落地,时间紧迫,任务编号 P4735。请扮演社区运营者。围绕“社区场景035-时间紧迫”中的规则、活动、留存任务，面向开发团队，写一份面向执行者的操作手册。请用短视频脚本输出，并从“短期落地”角度做重点判断。要求：避免专业黑话；给出至少一个反例；最后给出3条可立即执行的下一步。
4736,社区,社区运营者,客服团队,Markdown大纲,成本,成熟企业,任务编号 P4736。请扮演社区运营者。围绕“社区场景036-成熟企业”中的规则、活动、留存任务，面向客服团队，建立评估打分表。请用Markdown大纲输出，并从“成本”角度做重点判断。要求：包含衡量标准；保持中立客观；最后给出3条可立即执行的下一步。
4737,社区,社区运营者,家长,JSON结构,可维护性,需要降本,任务编号 P4737。请扮演社区运营者。围绕“社区场景037-需要降本”中的规则、活动、留存任务，面向家长，提出自动化改造思路。请用JSON结构输出，并从“可维护性”角度做重点判断。要求：提供简短版本和完整版本；适合在一天内开始执行；最后给出3条可立即执行的下一步。
4738,社区,社区运营者,非技术读者,复盘报告,长期价值,流程混乱,任务编号 P4738。请扮演社区运营者。围绕“社区场景038-流程混乱”中的规则、活动、留存任务，面向非技术读者，设计用户调研问题。请用复盘报告输出，并从“长期价值”角度做重点判断。要求：适合在一天内开始执行；必要时提出澄清问题；最后给出3条可立即执行的下一步。
4739,社区,社区运营者,中小企业主,短视频脚本,质量,数据不足,任务编号 P4739。请扮演社区运营者。围绕“社区场景039-数据不足”中的规则、活动、留存任务，面向中小企业主，模拟用户反馈并归纳模式。请用短视频脚本输出，并从“质量”角度做重点判断。要求：给出示例输入输出；输出可直接复制使用；最后给出3条可立即执行的下一步。
4740,社区,社区运营者,资深从业者,Markdown大纲,用户体验,公开发布,任务编号 P4740。请扮演社区运营者。围绕“社区场景040-公开发布”中的规则、活动、留存任务，面向资深从业者，生成故障排查路径。请用Markdown大纲输出，并从“用户体验”角度做重点判断。要求：语言简洁，不说空话；提供简短版本和完整版本；最后给出3条可立即执行的下一步。
4741,社区,社区运营者,自由职业者,JSON结构,学习曲线,多方协作,任务编号 P4741。请扮演社区运营者。围绕“社区场景041-多方协作”中的规则、活动、留存任务，面向自由职业者，把目标拆成里程碑。请用JSON结构输出，并从“学习曲线”角度做重点判断。要求：兼顾成本和效果；按影响力排序；最后给出3条可立即执行的下一步。
4742,社区,社区运营者,设计团队,复盘报告,效率,预算有限,任务编号 P4742。请扮演社区运营者。围绕“社区场景042-预算有限”中的规则、活动、留存任务，面向设计团队，提出可复用命名规范。请用复盘报告输出，并从“效率”角度做重点判断。要求：指出最容易忽略的细节；包含可执行下一步；最后给出3条可立即执行的下一步。
4743,社区,社区运营者,投资人,短视频脚本,风险,初创团队,任务编号 P4743。请扮演社区运营者。围绕“社区场景043-初创团队”中的规则、活动、留存任务，面向投资人，创建风险登记册。请用短视频脚本输出，并从“风险”角度做重点判断。要求：包含可执行下一步；包含衡量标准；最后给出3条可立即执行的下一步。
4744,社区,社区运营者,海外用户,Markdown大纲,增长,需要扩张,任务编号 P4744。请扮演社区运营者。围绕“社区场景044-需要扩张”中的规则、活动、留存任务，面向海外用户，制定一份可执行方案。请用Markdown大纲输出，并从“增长”角度做重点判断。要求：输出可直接复制使用；标注假设和不确定性；最后给出3条可立即执行的下一步。
4745,社区,社区运营者,专家评审,JSON结构,短期落地,新市场验证,任务编号 P4745。请扮演社区运营者。围绕“社区场景045-新市场验证”中的规则、活动、留存任务，面向专家评审，列出关键问题并给出优先级。请用JSON结构输出，并从“短期落地”角度做重点判断。要求：保持中立客观；指出最容易忽略的细节；最后给出3条可立即执行的下一步。
4746,社区,社区运营者,大学生,复盘报告,成本,竞品压力,任务编号 P4746。请扮演社区运营者。围绕“社区场景046-竞品压力”中的规则、活动、留存任务，面向大学生，生成三种风格完全不同的版本。请用复盘报告输出，并从“成本”角度做重点判断。要求：先给结论再解释；避免专业黑话；最后给出3条可立即执行的下一步。
4747,社区,社区运营者,管理层,短视频脚本,可维护性,准备上线,任务编号 P4747。请扮演社区运营者。围绕“社区场景047-准备上线”中的规则、活动、留存任务，面向管理层，把复杂内容改写成新手也能懂的说明。请用短视频脚本输出，并从“可维护性”角度做重点判断。要求：包含失败预案；用中文输出；最后给出3条可立即执行的下一步。
4748,社区,社区运营者,内容创作者,Markdown大纲,长期价值,高不确定性,任务编号 P4748。请扮演社区运营者。围绕“社区场景048-高不确定性”中的规则、活动、留存任务，面向内容创作者，设计一个从零到一的工作流。请用Markdown大纲输出，并从“长期价值”角度做重点判断。要求：用中文输出；兼顾成本和效果；最后给出3条可立即执行的下一步。
4749,社区,社区运营者,销售团队,JSON结构,质量,远程协作,任务编号 P4749。请扮演社区运营者。围绕“社区场景049-远程协作”中的规则、活动、留存任务，面向销售团队，创建检查清单并标注常见坑。请用JSON结构输出，并从“质量”角度做重点判断。要求：标注假设和不确定性；避免虚构事实；最后给出3条可立即执行的下一步。
4750,社区,社区运营者,教师,复盘报告,用户体验,个人项目,任务编号 P4750。请扮演社区运营者。围绕“社区场景050-个人项目”中的规则、活动、留存任务，面向教师，模拟专家评审并指出改进点。请用复盘报告输出，并从“用户体验”角度做重点判断。要求：按影响力排序；包含失败预案；最后给出3条可立即执行的下一步。
4751,社区,社区运营者,本地用户,短视频脚本,学习曲线,质量波动,任务编号 P4751。请扮演社区运营者。围绕“社区场景051-质量波动”中的规则、活动、留存任务，面向本地用户，根据目标用户重写表达。请用短视频脚本输出，并从“学习曲线”角度做重点判断。要求：必要时提出澄清问题；语言简洁，不说空话；最后给出3条可立即执行的下一步。
4752,社区,社区运营者,创始人,Markdown大纲,效率,用户流失,任务编号 P4752。请扮演社区运营者。围绕“社区场景052-用户流失”中的规则、活动、留存任务，面向创始人，提炼核心洞察并给出行动建议。请用Markdown大纲输出，并从“效率”角度做重点判断。要求：给出至少一个反例；按难易度排序；最后给出3条可立即执行的下一步。
4753,社区,社区运营者,新手用户,JSON结构,风险,内部培训,任务编号 P4753。请扮演社区运营者。围绕“社区场景053-内部培训”中的规则、活动、留存任务，面向新手用户，设计一套可量化指标。请用JSON结构输出，并从“风险”角度做重点判断。要求：按难易度排序；先给结论再解释；最后给出3条可立即执行的下一步。
4754,社区,社区运营者,一线执行团队,复盘报告,增长,需要复盘,任务编号 P4754。请扮演社区运营者。围绕“社区场景054-需要复盘”中的规则、活动、留存任务，面向一线执行团队，把零散想法整理成结构化大纲。请用复盘报告输出，并从“增长”角度做重点判断。要求：避免虚构事实；给出示例输入输出；最后给出3条可立即执行的下一步。
4755,社区,社区运营者,开发团队,短视频脚本,短期落地,时间紧迫,任务编号 P4755。请扮演社区运营者。围绕“社区场景055-时间紧迫”中的规则、活动、留存任务，面向开发团队，生成可直接使用的模板。请用短视频脚本输出，并从“短期落地”角度做重点判断。要求：避免专业黑话；给出至少一个反例；最后给出3条可立即执行的下一步。
4756,社区,社区运营者,客服团队,Markdown大纲,成本,成熟企业,任务编号 P4756。请扮演社区运营者。围绕“社区场景056-成熟企业”中的规则、活动、留存任务，面向客服团队，做一次反向推理找出隐藏风险。请用Markdown大纲输出，并从“成本”角度做重点判断。要求：包含衡量标准；保持中立客观；最后给出3条可立即执行的下一步。
4757,社区,社区运营者,家长,JSON结构,可维护性,需要降本,任务编号 P4757。请扮演社区运营者。围绕“社区场景057-需要降本”中的规则、活动、留存任务，面向家长，给出低成本试验方案。请用JSON结构输出，并从“可维护性”角度做重点判断。要求：提供简短版本和完整版本；适合在一天内开始执行；最后给出3条可立即执行的下一步。
4758,社区,社区运营者,非技术读者,复盘报告,长期价值,流程混乱,任务编号 P4758。请扮演社区运营者。围绕“社区场景058-流程混乱”中的规则、活动、留存任务，面向非技术读者，创建对比表并推荐选择。请用复盘报告输出，并从“长期价值”角度做重点判断。要求：适合在一天内开始执行；必要时提出澄清问题；最后给出3条可立即执行的下一步。
4759,社区,社区运营者,中小企业主,短视频脚本,质量,数据不足,任务编号 P4759。请扮演社区运营者。围绕“社区场景059-数据不足”中的规则、活动、留存任务，面向中小企业主，把长内容压缩成高密度摘要。请用短视频脚本输出，并从“质量”角度做重点判断。要求：给出示例输入输出；输出可直接复制使用；最后给出3条可立即执行的下一步。
4760,社区,社区运营者,资深从业者,Markdown大纲,用户体验,公开发布,任务编号 P4760。请扮演社区运营者。围绕“社区场景060-公开发布”中的规则、活动、留存任务，面向资深从业者，提出10个创新方向并排序。请用Markdown大纲输出，并从“用户体验”角度做重点判断。要求：语言简洁，不说空话；提供简短版本和完整版本；最后给出3条可立即执行的下一步。
4761,社区,社区运营者,自由职业者,JSON结构,学习曲线,多方协作,任务编号 P4761。请扮演社区运营者。围绕“社区场景061-多方协作”中的规则、活动、留存任务，面向自由职业者，设计30天训练计划。请用JSON结构输出，并从“学习曲线”角度做重点判断。要求：兼顾成本和效果；按影响力排序；最后给出3条可立即执行的下一步。
4762,社区,社区运营者,设计团队,复盘报告,效率,预算有限,任务编号 P4762。请扮演社区运营者。围绕“社区场景062-预算有限”中的规则、活动、留存任务，面向设计团队，构建决策树帮助判断下一步。请用复盘报告输出，并从“效率”角度做重点判断。要求：指出最容易忽略的细节；包含可执行下一步；最后给出3条可立即执行的下一步。
4763,社区,社区运营者,投资人,短视频脚本,风险,初创团队,任务编号 P4763。请扮演社区运营者。围绕“社区场景063-初创团队”中的规则、活动、留存任务，面向投资人，生成会议讨论提纲。请用短视频脚本输出，并从“风险”角度做重点判断。要求：包含可执行下一步；包含衡量标准；最后给出3条可立即执行的下一步。
4764,社区,社区运营者,海外用户,Markdown大纲,增长,需要扩张,任务编号 P4764。请扮演社区运营者。围绕“社区场景064-需要扩张”中的规则、活动、留存任务，面向海外用户，写一份面向管理层的简报。请用Markdown大纲输出，并从“增长”角度做重点判断。要求：输出可直接复制使用；标注假设和不确定性；最后给出3条可立即执行的下一步。
4765,社区,社区运营者,专家评审,JSON结构,短期落地,新市场验证,任务编号 P4765。请扮演社区运营者。围绕“社区场景065-新市场验证”中的规则、活动、留存任务，面向专家评审，写一份面向执行者的操作手册。请用JSON结构输出，并从“短期落地”角度做重点判断。要求：保持中立客观；指出最容易忽略的细节；最后给出3条可立即执行的下一步。
4766,社区,社区运营者,大学生,复盘报告,成本,竞品压力,任务编号 P4766。请扮演社区运营者。围绕“社区场景066-竞品压力”中的规则、活动、留存任务，面向大学生，建立评估打分表。请用复盘报告输出，并从“成本”角度做重点判断。要求：先给结论再解释；避免专业黑话；最后给出3条可立即执行的下一步。
4767,社区,社区运营者,管理层,短视频脚本,可维护性,准备上线,任务编号 P4767。请扮演社区运营者。围绕“社区场景067-准备上线”中的规则、活动、留存任务，面向管理层，提出自动化改造思路。请用短视频脚本输出，并从“可维护性”角度做重点判断。要求：包含失败预案；用中文输出；最后给出3条可立即执行的下一步。
4768,社区,社区运营者,内容创作者,Markdown大纲,长期价值,高不确定性,任务编号 P4768。请扮演社区运营者。围绕“社区场景068-高不确定性”中的规则、活动、留存任务，面向内容创作者，设计用户调研问题。请用Markdown大纲输出，并从“长期价值”角度做重点判断。要求：用中文输出；兼顾成本和效果；最后给出3条可立即执行的下一步。
4769,社区,社区运营者,销售团队,JSON结构,质量,远程协作,任务编号 P4769。请扮演社区运营者。围绕“社区场景069-远程协作”中的规则、活动、留存任务，面向销售团队，模拟用户反馈并归纳模式。请用JSON结构输出，并从“质量”角度做重点判断。要求：标注假设和不确定性；避免虚构事实；最后给出3条可立即执行的下一步。
4770,社区,社区运营者,教师,复盘报告,用户体验,个人项目,任务编号 P4770。请扮演社区运营者。围绕“社区场景070-个人项目”中的规则、活动、留存任务，面向教师，生成故障排查路径。请用复盘报告输出，并从“用户体验”角度做重点判断。要求：按影响力排序；包含失败预案；最后给出3条可立即执行的下一步。
4771,社区,社区运营者,本地用户,短视频脚本,学习曲线,质量波动,任务编号 P4771。请扮演社区运营者。围绕“社区场景071-质量波动”中的规则、活动、留存任务，面向本地用户，把目标拆成里程碑。请用短视频脚本输出，并从“学习曲线”角度做重点判断。要求：必要时提出澄清问题；语言简洁，不说空话；最后给出3条可立即执行的下一步。
4772,社区,社区运营者,创始人,Markdown大纲,效率,用户流失,任务编号 P4772。请扮演社区运营者。围绕“社区场景072-用户流失”中的规则、活动、留存任务，面向创始人，提出可复用命名规范。请用Markdown大纲输出，并从“效率”角度做重点判断。要求：给出至少一个反例；按难易度排序；最后给出3条可立即执行的下一步。
4773,社区,社区运营者,新手用户,JSON结构,风险,内部培训,任务编号 P4773。请扮演社区运营者。围绕“社区场景073-内部培训”中的规则、活动、留存任务，面向新手用户，创建风险登记册。请用JSON结构输出，并从“风险”角度做重点判断。要求：按难易度排序；先给结论再解释；最后给出3条可立即执行的下一步。
4774,社区,社区运营者,一线执行团队,复盘报告,增长,需要复盘,任务编号 P4774。请扮演社区运营者。围绕“社区场景074-需要复盘”中的规则、活动、留存任务，面向一线执行团队，制定一份可执行方案。请用复盘报告输出，并从“增长”角度做重点判断。要求：避免虚构事实；给出示例输入输出；最后给出3条可立即执行的下一步。
4775,社区,社区运营者,开发团队,短视频脚本,短期落地,时间紧迫,任务编号 P4775。请扮演社区运营者。围绕“社区场景075-时间紧迫”中的规则、活动、留存任务，面向开发团队，列出关键问题并给出优先级。请用短视频脚本输出，并从“短期落地”角度做重点判断。要求：避免专业黑话；给出至少一个反例；最后给出3条可立即执行的下一步。
4776,社区,社区运营者,客服团队,Markdown大纲,成本,成熟企业,任务编号 P4776。请扮演社区运营者。围绕“社区场景076-成熟企业”中的规则、活动、留存任务，面向客服团队，生成三种风格完全不同的版本。请用Markdown大纲输出，并从“成本”角度做重点判断。要求：包含衡量标准；保持中立客观；最后给出3条可立即执行的下一步。
4777,社区,社区运营者,家长,JSON结构,可维护性,需要降本,任务编号 P4777。请扮演社区运营者。围绕“社区场景077-需要降本”中的规则、活动、留存任务，面向家长，把复杂内容改写成新手也能懂的说明。请用JSON结构输出，并从“可维护性”角度做重点判断。要求：提供简短版本和完整版本；适合在一天内开始执行；最后给出3条可立即执行的下一步。
4778,社区,社区运营者,非技术读者,复盘报告,长期价值,流程混乱,任务编号 P4778。请扮演社区运营者。围绕“社区场景078-流程混乱”中的规则、活动、留存任务，面向非技术读者，设计一个从零到一的工作流。请用复盘报告输出，并从“长期价值”角度做重点判断。要求：适合在一天内开始执行；必要时提出澄清问题；最后给出3条可立即执行的下一步。
4779,社区,社区运营者,中小企业主,短视频脚本,质量,数据不足,任务编号 P4779。请扮演社区运营者。围绕“社区场景079-数据不足”中的规则、活动、留存任务，面向中小企业主，创建检查清单并标注常见坑。请用短视频脚本输出，并从“质量”角度做重点判断。要求：给出示例输入输出；输出可直接复制使用；最后给出3条可立即执行的下一步。
4780,社区,社区运营者,资深从业者,Markdown大纲,用户体验,公开发布,任务编号 P4780。请扮演社区运营者。围绕“社区场景080-公开发布”中的规则、活动、留存任务，面向资深从业者，模拟专家评审并指出改进点。请用Markdown大纲输出，并从“用户体验”角度做重点判断。要求：语言简洁，不说空话；提供简短版本和完整版本；最后给出3条可立即执行的下一步。
4781,社区,社区运营者,自由职业者,JSON结构,学习曲线,多方协作,任务编号 P4781。请扮演社区运营者。围绕“社区场景081-多方协作”中的规则、活动、留存任务，面向自由职业者，根据目标用户重写表达。请用JSON结构输出，并从“学习曲线”角度做重点判断。要求：兼顾成本和效果；按影响力排序；最后给出3条可立即执行的下一步。
4782,社区,社区运营者,设计团队,复盘报告,效率,预算有限,任务编号 P4782。请扮演社区运营者。围绕“社区场景082-预算有限”中的规则、活动、留存任务，面向设计团队，提炼核心洞察并给出行动建议。请用复盘报告输出，并从“效率”角度做重点判断。要求：指出最容易忽略的细节；包含可执行下一步；最后给出3条可立即执行的下一步。
4783,社区,社区运营者,投资人,短视频脚本,风险,初创团队,任务编号 P4783。请扮演社区运营者。围绕“社区场景083-初创团队”中的规则、活动、留存任务，面向投资人，设计一套可量化指标。请用短视频脚本输出，并从“风险”角度做重点判断。要求：包含可执行下一步；包含衡量标准；最后给出3条可立即执行的下一步。
4784,社区,社区运营者,海外用户,Markdown大纲,增长,需要扩张,任务编号 P4784。请扮演社区运营者。围绕“社区场景084-需要扩张”中的规则、活动、留存任务，面向海外用户，把零散想法整理成结构化大纲。请用Markdown大纲输出，并从“增长”角度做重点判断。要求：输出可直接复制使用；标注假设和不确定性；最后给出3条可立即执行的下一步。
4785,社区,社区运营者,专家评审,JSON结构,短期落地,新市场验证,任务编号 P4785。请扮演社区运营者。围绕“社区场景085-新市场验证”中的规则、活动、留存任务，面向专家评审，生成可直接使用的模板。请用JSON结构输出，并从“短期落地”角度做重点判断。要求：保持中立客观；指出最容易忽略的细节；最后给出3条可立即执行的下一步。
4786,社区,社区运营者,大学生,复盘报告,成本,竞品压力,任务编号 P4786。请扮演社区运营者。围绕“社区场景086-竞品压力”中的规则、活动、留存任务，面向大学生，做一次反向推理找出隐藏风险。请用复盘报告输出，并从“成本”角度做重点判断。要求：先给结论再解释；避免专业黑话；最后给出3条可立即执行的下一步。
4787,社区,社区运营者,管理层,短视频脚本,可维护性,准备上线,任务编号 P4787。请扮演社区运营者。围绕“社区场景087-准备上线”中的规则、活动、留存任务，面向管理层，给出低成本试验方案。请用短视频脚本输出，并从“可维护性”角度做重点判断。要求：包含失败预案；用中文输出；最后给出3条可立即执行的下一步。
4788,社区,社区运营者,内容创作者,Markdown大纲,长期价值,高不确定性,任务编号 P4788。请扮演社区运营者。围绕“社区场景088-高不确定性”中的规则、活动、留存任务，面向内容创作者，创建对比表并推荐选择。请用Markdown大纲输出，并从“长期价值”角度做重点判断。要求：用中文输出；兼顾成本和效果；最后给出3条可立即执行的下一步。
4789,社区,社区运营者,销售团队,JSON结构,质量,远程协作,任务编号 P4789。请扮演社区运营者。围绕“社区场景089-远程协作”中的规则、活动、留存任务，面向销售团队，把长内容压缩成高密度摘要。请用JSON结构输出，并从“质量”角度做重点判断。要求：标注假设和不确定性；避免虚构事实；最后给出3条可立即执行的下一步。
4790,社区,社区运营者,教师,复盘报告,用户体验,个人项目,任务编号 P4790。请扮演社区运营者。围绕“社区场景090-个人项目”中的规则、活动、留存任务，面向教师，提出10个创新方向并排序。请用复盘报告输出，并从“用户体验”角度做重点判断。要求：按影响力排序；包含失败预案；最后给出3条可立即执行的下一步。
4791,社区,社区运营者,本地用户,短视频脚本,学习曲线,质量波动,任务编号 P4791。请扮演社区运营者。围绕“社区场景091-质量波动”中的规则、活动、留存任务，面向本地用户，设计30天训练计划。请用短视频脚本输出，并从“学习曲线”角度做重点判断。要求：必要时提出澄清问题；语言简洁，不说空话；最后给出3条可立即执行的下一步。
4792,社区,社区运营者,创始人,Markdown大纲,效率,用户流失,任务编号 P4792。请扮演社区运营者。围绕“社区场景092-用户流失”中的规则、活动、留存任务，面向创始人，构建决策树帮助判断下一步。请用Markdown大纲输出，并从“效率”角度做重点判断。要求：给出至少一个反例；按难易度排序；最后给出3条可立即执行的下一步。
4793,社区,社区运营者,新手用户,JSON结构,风险,内部培训,任务编号 P4793。请扮演社区运营者。围绕“社区场景093-内部培训”中的规则、活动、留存任务，面向新手用户，生成会议讨论提纲。请用JSON结构输出，并从“风险”角度做重点判断。要求：按难易度排序；先给结论再解释；最后给出3条可立即执行的下一步。
4794,社区,社区运营者,一线执行团队,复盘报告,增长,需要复盘,任务编号 P4794。请扮演社区运营者。围绕“社区场景094-需要复盘”中的规则、活动、留存任务，面向一线执行团队，写一份面向管理层的简报。请用复盘报告输出，并从“增长”角度做重点判断。要求：避免虚构事实；给出示例输入输出；最后给出3条可立即执行的下一步。
4795,社区,社区运营者,开发团队,短视频脚本,短期落地,时间紧迫,任务编号 P4795。请扮演社区运营者。围绕“社区场景095-时间紧迫”中的规则、活动、留存任务，面向开发团队，写一份面向执行者的操作手册。请用短视频脚本输出，并从“短期落地”角度做重点判断。要求：避免专业黑话；给出至少一个反例；最后给出3条可立即执行的下一步。
4796,社区,社区运营者,客服团队,Markdown大纲,成本,成熟企业,任务编号 P4796。请扮演社区运营者。围绕“社区场景096-成熟企业”中的规则、活动、留存任务，面向客服团队，建立评估打分表。请用Markdown大纲输出，并从“成本”角度做重点判断。要求：包含衡量标准；保持中立客观；最后给出3条可立即执行的下一步。
4797,社区,社区运营者,家长,JSON结构,可维护性,需要降本,任务编号 P4797。请扮演社区运营者。围绕“社区场景097-需要降本”中的规则、活动、留存任务，面向家长，提出自动化改造思路。请用JSON结构输出，并从“可维护性”角度做重点判断。要求：提供简短版本和完整版本；适合在一天内开始执行；最后给出3条可立即执行的下一步。
4798,社区,社区运营者,非技术读者,复盘报告,长期价值,流程混乱,任务编号 P4798。请扮演社区运营者。围绕“社区场景098-流程混乱”中的规则、活动、留存任务，面向非技术读者，设计用户调研问题。请用复盘报告输出，并从“长期价值”角度做重点判断。要求：适合在一天内开始执行；必要时提出澄清问题；最后给出3条可立即执行的下一步。
4799,社区,社区运营者,中小企业主,短视频脚本,质量,数据不足,任务编号 P4799。请扮演社区运营者。围绕“社区场景099-数据不足”中的规则、活动、留存任务，面向中小企业主，模拟用户反馈并归纳模式。请用短视频脚本输出，并从“质量”角度做重点判断。要求：给出示例输入输出；输出可直接复制使用；最后给出3条可立即执行的下一步。
4800,社区,社区运营者,资深从业者,Markdown大纲,用户体验,公开发布,任务编号 P4800。请扮演社区运营者。围绕“社区场景100-公开发布”中的规则、活动、留存任务，面向资深从业者，生成故障排查路径。请用Markdown大纲输出，并从“用户体验”角度做重点判断。要求：语言简洁，不说空话；提供简短版本和完整版本；最后给出3条可立即执行的下一步。
4801,无障碍,无障碍顾问,内容创作者,看板任务,长期价值,需要复盘,任务编号 P4801。请扮演无障碍顾问。围绕“无障碍场景001-需要复盘”中的可访问性、包容设计任务，面向内容创作者，构建决策树帮助判断下一步。请用看板任务输出，并从“长期价值”角度做重点判断。要求：输出可直接复制使用；按难易度排序；最后给出3条可立即执行的下一步。
4802,无障碍,无障碍顾问,销售团队,实验计划,质量,时间紧迫,任务编号 P4802。请扮演无障碍顾问。围绕“无障碍场景002-时间紧迫”中的可访问性、包容设计任务，面向销售团队，生成会议讨论提纲。请用实验计划输出，并从“质量”角度做重点判断。要求：保持中立客观；先给结论再解释；最后给出3条可立即执行的下一步。
4803,无障碍,无障碍顾问,教师,检查清单,用户体验,成熟企业,任务编号 P4803。请扮演无障碍顾问。围绕“无障碍场景003-成熟企业”中的可访问性、包容设计任务，面向教师，写一份面向管理层的简报。请用检查清单输出，并从“用户体验”角度做重点判断。要求：先给结论再解释；给出示例输入输出；最后给出3条可立即执行的下一步。
4804,无障碍,无障碍顾问,本地用户,SOP步骤,学习曲线,需要降本,任务编号 P4804。请扮演无障碍顾问。围绕“无障碍场景004-需要降本”中的可访问性、包容设计任务，面向本地用户，写一份面向执行者的操作手册。请用SOP步骤输出，并从“学习曲线”角度做重点判断。要求：包含失败预案；给出至少一个反例；最后给出3条可立即执行的下一步。
4805,无障碍,无障碍顾问,创始人,看板任务,效率,流程混乱,任务编号 P4805。请扮演无障碍顾问。围绕“无障碍场景005-流程混乱”中的可访问性、包容设计任务，面向创始人，建立评估打分表。请用看板任务输出，并从“效率”角度做重点判断。要求：用中文输出；保持中立客观；最后给出3条可立即执行的下一步。
4806,无障碍,无障碍顾问,新手用户,实验计划,风险,数据不足,任务编号 P4806。请扮演无障碍顾问。围绕“无障碍场景006-数据不足”中的可访问性、包容设计任务，面向新手用户，提出自动化改造思路。请用实验计划输出，并从“风险”角度做重点判断。要求：标注假设和不确定性；适合在一天内开始执行；最后给出3条可立即执行的下一步。
4807,无障碍,无障碍顾问,一线执行团队,检查清单,增长,公开发布,任务编号 P4807。请扮演无障碍顾问。围绕“无障碍场景007-公开发布”中的可访问性、包容设计任务，面向一线执行团队，设计用户调研问题。请用检查清单输出，并从“增长”角度做重点判断。要求：按影响力排序；必要时提出澄清问题；最后给出3条可立即执行的下一步。
4808,无障碍,无障碍顾问,开发团队,SOP步骤,短期落地,多方协作,任务编号 P4808。请扮演无障碍顾问。围绕“无障碍场景008-多方协作”中的可访问性、包容设计任务，面向开发团队，模拟用户反馈并归纳模式。请用SOP步骤输出，并从“短期落地”角度做重点判断。要求：必要时提出澄清问题；输出可直接复制使用；最后给出3条可立即执行的下一步。
4809,无障碍,无障碍顾问,客服团队,看板任务,成本,预算有限,任务编号 P4809。请扮演无障碍顾问。围绕“无障碍场景009-预算有限”中的可访问性、包容设计任务，面向客服团队，生成故障排查路径。请用看板任务输出，并从“成本”角度做重点判断。要求：给出至少一个反例；提供简短版本和完整版本；最后给出3条可立即执行的下一步。
4810,无障碍,无障碍顾问,家长,实验计划,可维护性,初创团队,任务编号 P4810。请扮演无障碍顾问。围绕“无障碍场景010-初创团队”中的可访问性、包容设计任务，面向家长，把目标拆成里程碑。请用实验计划输出，并从“可维护性”角度做重点判断。要求：按难易度排序；按影响力排序；最后给出3条可立即执行的下一步。
4811,无障碍,无障碍顾问,非技术读者,检查清单,长期价值,需要扩张,任务编号 P4811。请扮演无障碍顾问。围绕“无障碍场景011-需要扩张”中的可访问性、包容设计任务，面向非技术读者，提出可复用命名规范。请用检查清单输出，并从“长期价值”角度做重点判断。要求：避免虚构事实；包含可执行下一步；最后给出3条可立即执行的下一步。
4812,无障碍,无障碍顾问,中小企业主,SOP步骤,质量,新市场验证,任务编号 P4812。请扮演无障碍顾问。围绕“无障碍场景012-新市场验证”中的可访问性、包容设计任务，面向中小企业主，创建风险登记册。请用SOP步骤输出，并从“质量”角度做重点判断。要求：避免专业黑话；包含衡量标准；最后给出3条可立即执行的下一步。
4813,无障碍,无障碍顾问,资深从业者,看板任务,用户体验,竞品压力,任务编号 P4813。请扮演无障碍顾问。围绕“无障碍场景013-竞品压力”中的可访问性、包容设计任务，面向资深从业者，制定一份可执行方案。请用看板任务输出，并从“用户体验”角度做重点判断。要求：包含衡量标准；标注假设和不确定性；最后给出3条可立即执行的下一步。
4814,无障碍,无障碍顾问,自由职业者,实验计划,学习曲线,准备上线,任务编号 P4814。请扮演无障碍顾问。围绕“无障碍场景014-准备上线”中的可访问性、包容设计任务，面向自由职业者，列出关键问题并给出优先级。请用实验计划输出，并从“学习曲线”角度做重点判断。要求：提供简短版本和完整版本；指出最容易忽略的细节；最后给出3条可立即执行的下一步。
4815,无障碍,无障碍顾问,设计团队,检查清单,效率,高不确定性,任务编号 P4815。请扮演无障碍顾问。围绕“无障碍场景015-高不确定性”中的可访问性、包容设计任务，面向设计团队，生成三种风格完全不同的版本。请用检查清单输出，并从“效率”角度做重点判断。要求：适合在一天内开始执行；避免专业黑话；最后给出3条可立即执行的下一步。
4816,无障碍,无障碍顾问,投资人,SOP步骤,风险,远程协作,任务编号 P4816。请扮演无障碍顾问。围绕“无障碍场景016-远程协作”中的可访问性、包容设计任务，面向投资人，把复杂内容改写成新手也能懂的说明。请用SOP步骤输出，并从“风险”角度做重点判断。要求：给出示例输入输出；用中文输出；最后给出3条可立即执行的下一步。
4817,无障碍,无障碍顾问,海外用户,看板任务,增长,个人项目,任务编号 P4817。请扮演无障碍顾问。围绕“无障碍场景017-个人项目”中的可访问性、包容设计任务，面向海外用户，设计一个从零到一的工作流。请用看板任务输出，并从“增长”角度做重点判断。要求：语言简洁，不说空话；兼顾成本和效果；最后给出3条可立即执行的下一步。
4818,无障碍,无障碍顾问,专家评审,实验计划,短期落地,质量波动,任务编号 P4818。请扮演无障碍顾问。围绕“无障碍场景018-质量波动”中的可访问性、包容设计任务，面向专家评审，创建检查清单并标注常见坑。请用实验计划输出，并从“短期落地”角度做重点判断。要求：兼顾成本和效果；避免虚构事实；最后给出3条可立即执行的下一步。
4819,无障碍,无障碍顾问,大学生,检查清单,成本,用户流失,任务编号 P4819。请扮演无障碍顾问。围绕“无障碍场景019-用户流失”中的可访问性、包容设计任务，面向大学生，模拟专家评审并指出改进点。请用检查清单输出，并从“成本”角度做重点判断。要求：指出最容易忽略的细节；包含失败预案；最后给出3条可立即执行的下一步。
4820,无障碍,无障碍顾问,管理层,SOP步骤,可维护性,内部培训,任务编号 P4820。请扮演无障碍顾问。围绕“无障碍场景020-内部培训”中的可访问性、包容设计任务，面向管理层，根据目标用户重写表达。请用SOP步骤输出，并从“可维护性”角度做重点判断。要求：包含可执行下一步；语言简洁，不说空话；最后给出3条可立即执行的下一步。
4821,无障碍,无障碍顾问,内容创作者,看板任务,长期价值,需要复盘,任务编号 P4821。请扮演无障碍顾问。围绕“无障碍场景021-需要复盘”中的可访问性、包容设计任务，面向内容创作者，提炼核心洞察并给出行动建议。请用看板任务输出，并从“长期价值”角度做重点判断。要求：输出可直接复制使用；按难易度排序；最后给出3条可立即执行的下一步。
4822,无障碍,无障碍顾问,销售团队,实验计划,质量,时间紧迫,任务编号 P4822。请扮演无障碍顾问。围绕“无障碍场景022-时间紧迫”中的可访问性、包容设计任务，面向销售团队，设计一套可量化指标。请用实验计划输出，并从“质量”角度做重点判断。要求：保持中立客观；先给结论再解释；最后给出3条可立即执行的下一步。
4823,无障碍,无障碍顾问,教师,检查清单,用户体验,成熟企业,任务编号 P4823。请扮演无障碍顾问。围绕“无障碍场景023-成熟企业”中的可访问性、包容设计任务，面向教师，把零散想法整理成结构化大纲。请用检查清单输出，并从“用户体验”角度做重点判断。要求：先给结论再解释；给出示例输入输出；最后给出3条可立即执行的下一步。
4824,无障碍,无障碍顾问,本地用户,SOP步骤,学习曲线,需要降本,任务编号 P4824。请扮演无障碍顾问。围绕“无障碍场景024-需要降本”中的可访问性、包容设计任务，面向本地用户，生成可直接使用的模板。请用SOP步骤输出，并从“学习曲线”角度做重点判断。要求：包含失败预案；给出至少一个反例；最后给出3条可立即执行的下一步。
4825,无障碍,无障碍顾问,创始人,看板任务,效率,流程混乱,任务编号 P4825。请扮演无障碍顾问。围绕“无障碍场景025-流程混乱”中的可访问性、包容设计任务，面向创始人，做一次反向推理找出隐藏风险。请用看板任务输出，并从“效率”角度做重点判断。要求：用中文输出；保持中立客观；最后给出3条可立即执行的下一步。
4826,无障碍,无障碍顾问,新手用户,实验计划,风险,数据不足,任务编号 P4826。请扮演无障碍顾问。围绕“无障碍场景026-数据不足”中的可访问性、包容设计任务，面向新手用户，给出低成本试验方案。请用实验计划输出，并从“风险”角度做重点判断。要求：标注假设和不确定性；适合在一天内开始执行；最后给出3条可立即执行的下一步。
4827,无障碍,无障碍顾问,一线执行团队,检查清单,增长,公开发布,任务编号 P4827。请扮演无障碍顾问。围绕“无障碍场景027-公开发布”中的可访问性、包容设计任务，面向一线执行团队，创建对比表并推荐选择。请用检查清单输出，并从“增长”角度做重点判断。要求：按影响力排序；必要时提出澄清问题；最后给出3条可立即执行的下一步。
4828,无障碍,无障碍顾问,开发团队,SOP步骤,短期落地,多方协作,任务编号 P4828。请扮演无障碍顾问。围绕“无障碍场景028-多方协作”中的可访问性、包容设计任务，面向开发团队，把长内容压缩成高密度摘要。请用SOP步骤输出，并从“短期落地”角度做重点判断。要求：必要时提出澄清问题；输出可直接复制使用；最后给出3条可立即执行的下一步。
4829,无障碍,无障碍顾问,客服团队,看板任务,成本,预算有限,任务编号 P4829。请扮演无障碍顾问。围绕“无障碍场景029-预算有限”中的可访问性、包容设计任务，面向客服团队，提出10个创新方向并排序。请用看板任务输出，并从“成本”角度做重点判断。要求：给出至少一个反例；提供简短版本和完整版本；最后给出3条可立即执行的下一步。
4830,无障碍,无障碍顾问,家长,实验计划,可维护性,初创团队,任务编号 P4830。请扮演无障碍顾问。围绕“无障碍场景030-初创团队”中的可访问性、包容设计任务，面向家长，设计30天训练计划。请用实验计划输出，并从“可维护性”角度做重点判断。要求：按难易度排序；按影响力排序；最后给出3条可立即执行的下一步。
4831,无障碍,无障碍顾问,非技术读者,检查清单,长期价值,需要扩张,任务编号 P4831。请扮演无障碍顾问。围绕“无障碍场景031-需要扩张”中的可访问性、包容设计任务，面向非技术读者，构建决策树帮助判断下一步。请用检查清单输出，并从“长期价值”角度做重点判断。要求：避免虚构事实；包含可执行下一步；最后给出3条可立即执行的下一步。
4832,无障碍,无障碍顾问,中小企业主,SOP步骤,质量,新市场验证,任务编号 P4832。请扮演无障碍顾问。围绕“无障碍场景032-新市场验证”中的可访问性、包容设计任务，面向中小企业主，生成会议讨论提纲。请用SOP步骤输出，并从“质量”角度做重点判断。要求：避免专业黑话；包含衡量标准；最后给出3条可立即执行的下一步。
4833,无障碍,无障碍顾问,资深从业者,看板任务,用户体验,竞品压力,任务编号 P4833。请扮演无障碍顾问。围绕“无障碍场景033-竞品压力”中的可访问性、包容设计任务，面向资深从业者，写一份面向管理层的简报。请用看板任务输出，并从“用户体验”角度做重点判断。要求：包含衡量标准；标注假设和不确定性；最后给出3条可立即执行的下一步。
4834,无障碍,无障碍顾问,自由职业者,实验计划,学习曲线,准备上线,任务编号 P4834。请扮演无障碍顾问。围绕“无障碍场景034-准备上线”中的可访问性、包容设计任务，面向自由职业者，写一份面向执行者的操作手册。请用实验计划输出，并从“学习曲线”角度做重点判断。要求：提供简短版本和完整版本；指出最容易忽略的细节；最后给出3条可立即执行的下一步。
4835,无障碍,无障碍顾问,设计团队,检查清单,效率,高不确定性,任务编号 P4835。请扮演无障碍顾问。围绕“无障碍场景035-高不确定性”中的可访问性、包容设计任务，面向设计团队，建立评估打分表。请用检查清单输出，并从“效率”角度做重点判断。要求：适合在一天内开始执行；避免专业黑话；最后给出3条可立即执行的下一步。
4836,无障碍,无障碍顾问,投资人,SOP步骤,风险,远程协作,任务编号 P4836。请扮演无障碍顾问。围绕“无障碍场景036-远程协作”中的可访问性、包容设计任务，面向投资人，提出自动化改造思路。请用SOP步骤输出，并从“风险”角度做重点判断。要求：给出示例输入输出；用中文输出；最后给出3条可立即执行的下一步。
4837,无障碍,无障碍顾问,海外用户,看板任务,增长,个人项目,任务编号 P4837。请扮演无障碍顾问。围绕“无障碍场景037-个人项目”中的可访问性、包容设计任务，面向海外用户，设计用户调研问题。请用看板任务输出，并从“增长”角度做重点判断。要求：语言简洁，不说空话；兼顾成本和效果；最后给出3条可立即执行的下一步。
4838,无障碍,无障碍顾问,专家评审,实验计划,短期落地,质量波动,任务编号 P4838。请扮演无障碍顾问。围绕“无障碍场景038-质量波动”中的可访问性、包容设计任务，面向专家评审，模拟用户反馈并归纳模式。请用实验计划输出，并从“短期落地”角度做重点判断。要求：兼顾成本和效果；避免虚构事实；最后给出3条可立即执行的下一步。
4839,无障碍,无障碍顾问,大学生,检查清单,成本,用户流失,任务编号 P4839。请扮演无障碍顾问。围绕“无障碍场景039-用户流失”中的可访问性、包容设计任务，面向大学生，生成故障排查路径。请用检查清单输出，并从“成本”角度做重点判断。要求：指出最容易忽略的细节；包含失败预案；最后给出3条可立即执行的下一步。
4840,无障碍,无障碍顾问,管理层,SOP步骤,可维护性,内部培训,任务编号 P4840。请扮演无障碍顾问。围绕“无障碍场景040-内部培训”中的可访问性、包容设计任务，面向管理层，把目标拆成里程碑。请用SOP步骤输出，并从“可维护性”角度做重点判断。要求：包含可执行下一步；语言简洁，不说空话；最后给出3条可立即执行的下一步。
4841,无障碍,无障碍顾问,内容创作者,看板任务,长期价值,需要复盘,任务编号 P4841。请扮演无障碍顾问。围绕“无障碍场景041-需要复盘”中的可访问性、包容设计任务，面向内容创作者，提出可复用命名规范。请用看板任务输出，并从“长期价值”角度做重点判断。要求：输出可直接复制使用；按难易度排序；最后给出3条可立即执行的下一步。
4842,无障碍,无障碍顾问,销售团队,实验计划,质量,时间紧迫,任务编号 P4842。请扮演无障碍顾问。围绕“无障碍场景042-时间紧迫”中的可访问性、包容设计任务，面向销售团队，创建风险登记册。请用实验计划输出，并从“质量”角度做重点判断。要求：保持中立客观；先给结论再解释；最后给出3条可立即执行的下一步。
4843,无障碍,无障碍顾问,教师,检查清单,用户体验,成熟企业,任务编号 P4843。请扮演无障碍顾问。围绕“无障碍场景043-成熟企业”中的可访问性、包容设计任务，面向教师，制定一份可执行方案。请用检查清单输出，并从“用户体验”角度做重点判断。要求：先给结论再解释；给出示例输入输出；最后给出3条可立即执行的下一步。
4844,无障碍,无障碍顾问,本地用户,SOP步骤,学习曲线,需要降本,任务编号 P4844。请扮演无障碍顾问。围绕“无障碍场景044-需要降本”中的可访问性、包容设计任务，面向本地用户，列出关键问题并给出优先级。请用SOP步骤输出，并从“学习曲线”角度做重点判断。要求：包含失败预案；给出至少一个反例；最后给出3条可立即执行的下一步。
4845,无障碍,无障碍顾问,创始人,看板任务,效率,流程混乱,任务编号 P4845。请扮演无障碍顾问。围绕“无障碍场景045-流程混乱”中的可访问性、包容设计任务，面向创始人，生成三种风格完全不同的版本。请用看板任务输出，并从“效率”角度做重点判断。要求：用中文输出；保持中立客观；最后给出3条可立即执行的下一步。
4846,无障碍,无障碍顾问,新手用户,实验计划,风险,数据不足,任务编号 P4846。请扮演无障碍顾问。围绕“无障碍场景046-数据不足”中的可访问性、包容设计任务，面向新手用户，把复杂内容改写成新手也能懂的说明。请用实验计划输出，并从“风险”角度做重点判断。要求：标注假设和不确定性；适合在一天内开始执行；最后给出3条可立即执行的下一步。
4847,无障碍,无障碍顾问,一线执行团队,检查清单,增长,公开发布,任务编号 P4847。请扮演无障碍顾问。围绕“无障碍场景047-公开发布”中的可访问性、包容设计任务，面向一线执行团队，设计一个从零到一的工作流。请用检查清单输出，并从“增长”角度做重点判断。要求：按影响力排序；必要时提出澄清问题；最后给出3条可立即执行的下一步。
4848,无障碍,无障碍顾问,开发团队,SOP步骤,短期落地,多方协作,任务编号 P4848。请扮演无障碍顾问。围绕“无障碍场景048-多方协作”中的可访问性、包容设计任务，面向开发团队，创建检查清单并标注常见坑。请用SOP步骤输出，并从“短期落地”角度做重点判断。要求：必要时提出澄清问题；输出可直接复制使用；最后给出3条可立即执行的下一步。
4849,无障碍,无障碍顾问,客服团队,看板任务,成本,预算有限,任务编号 P4849。请扮演无障碍顾问。围绕“无障碍场景049-预算有限”中的可访问性、包容设计任务，面向客服团队，模拟专家评审并指出改进点。请用看板任务输出，并从“成本”角度做重点判断。要求：给出至少一个反例；提供简短版本和完整版本；最后给出3条可立即执行的下一步。
4850,无障碍,无障碍顾问,家长,实验计划,可维护性,初创团队,任务编号 P4850。请扮演无障碍顾问。围绕“无障碍场景050-初创团队”中的可访问性、包容设计任务，面向家长，根据目标用户重写表达。请用实验计划输出，并从“可维护性”角度做重点判断。要求：按难易度排序；按影响力排序；最后给出3条可立即执行的下一步。
4851,无障碍,无障碍顾问,非技术读者,检查清单,长期价值,需要扩张,任务编号 P4851。请扮演无障碍顾问。围绕“无障碍场景051-需要扩张”中的可访问性、包容设计任务，面向非技术读者，提炼核心洞察并给出行动建议。请用检查清单输出，并从“长期价值”角度做重点判断。要求：避免虚构事实；包含可执行下一步；最后给出3条可立即执行的下一步。
4852,无障碍,无障碍顾问,中小企业主,SOP步骤,质量,新市场验证,任务编号 P4852。请扮演无障碍顾问。围绕“无障碍场景052-新市场验证”中的可访问性、包容设计任务，面向中小企业主，设计一套可量化指标。请用SOP步骤输出，并从“质量”角度做重点判断。要求：避免专业黑话；包含衡量标准；最后给出3条可立即执行的下一步。
4853,无障碍,无障碍顾问,资深从业者,看板任务,用户体验,竞品压力,任务编号 P4853。请扮演无障碍顾问。围绕“无障碍场景053-竞品压力”中的可访问性、包容设计任务，面向资深从业者，把零散想法整理成结构化大纲。请用看板任务输出，并从“用户体验”角度做重点判断。要求：包含衡量标准；标注假设和不确定性；最后给出3条可立即执行的下一步。
4854,无障碍,无障碍顾问,自由职业者,实验计划,学习曲线,准备上线,任务编号 P4854。请扮演无障碍顾问。围绕“无障碍场景054-准备上线”中的可访问性、包容设计任务，面向自由职业者，生成可直接使用的模板。请用实验计划输出，并从“学习曲线”角度做重点判断。要求：提供简短版本和完整版本；指出最容易忽略的细节；最后给出3条可立即执行的下一步。
4855,无障碍,无障碍顾问,设计团队,检查清单,效率,高不确定性,任务编号 P4855。请扮演无障碍顾问。围绕“无障碍场景055-高不确定性”中的可访问性、包容设计任务，面向设计团队，做一次反向推理找出隐藏风险。请用检查清单输出，并从“效率”角度做重点判断。要求：适合在一天内开始执行；避免专业黑话；最后给出3条可立即执行的下一步。
4856,无障碍,无障碍顾问,投资人,SOP步骤,风险,远程协作,任务编号 P4856。请扮演无障碍顾问。围绕“无障碍场景056-远程协作”中的可访问性、包容设计任务，面向投资人，给出低成本试验方案。请用SOP步骤输出，并从“风险”角度做重点判断。要求：给出示例输入输出；用中文输出；最后给出3条可立即执行的下一步。
4857,无障碍,无障碍顾问,海外用户,看板任务,增长,个人项目,任务编号 P4857。请扮演无障碍顾问。围绕“无障碍场景057-个人项目”中的可访问性、包容设计任务，面向海外用户，创建对比表并推荐选择。请用看板任务输出，并从“增长”角度做重点判断。要求：语言简洁，不说空话；兼顾成本和效果；最后给出3条可立即执行的下一步。
4858,无障碍,无障碍顾问,专家评审,实验计划,短期落地,质量波动,任务编号 P4858。请扮演无障碍顾问。围绕“无障碍场景058-质量波动”中的可访问性、包容设计任务，面向专家评审，把长内容压缩成高密度摘要。请用实验计划输出，并从“短期落地”角度做重点判断。要求：兼顾成本和效果；避免虚构事实；最后给出3条可立即执行的下一步。
4859,无障碍,无障碍顾问,大学生,检查清单,成本,用户流失,任务编号 P4859。请扮演无障碍顾问。围绕“无障碍场景059-用户流失”中的可访问性、包容设计任务，面向大学生，提出10个创新方向并排序。请用检查清单输出，并从“成本”角度做重点判断。要求：指出最容易忽略的细节；包含失败预案；最后给出3条可立即执行的下一步。
4860,无障碍,无障碍顾问,管理层,SOP步骤,可维护性,内部培训,任务编号 P4860。请扮演无障碍顾问。围绕“无障碍场景060-内部培训”中的可访问性、包容设计任务，面向管理层，设计30天训练计划。请用SOP步骤输出，并从“可维护性”角度做重点判断。要求：包含可执行下一步；语言简洁，不说空话；最后给出3条可立即执行的下一步。
4861,无障碍,无障碍顾问,内容创作者,看板任务,长期价值,需要复盘,任务编号 P4861。请扮演无障碍顾问。围绕“无障碍场景061-需要复盘”中的可访问性、包容设计任务，面向内容创作者，构建决策树帮助判断下一步。请用看板任务输出，并从“长期价值”角度做重点判断。要求：输出可直接复制使用；按难易度排序；最后给出3条可立即执行的下一步。
4862,无障碍,无障碍顾问,销售团队,实验计划,质量,时间紧迫,任务编号 P4862。请扮演无障碍顾问。围绕“无障碍场景062-时间紧迫”中的可访问性、包容设计任务，面向销售团队，生成会议讨论提纲。请用实验计划输出，并从“质量”角度做重点判断。要求：保持中立客观；先给结论再解释；最后给出3条可立即执行的下一步。
4863,无障碍,无障碍顾问,教师,检查清单,用户体验,成熟企业,任务编号 P4863。请扮演无障碍顾问。围绕“无障碍场景063-成熟企业”中的可访问性、包容设计任务，面向教师，写一份面向管理层的简报。请用检查清单输出，并从“用户体验”角度做重点判断。要求：先给结论再解释；给出示例输入输出；最后给出3条可立即执行的下一步。
4864,无障碍,无障碍顾问,本地用户,SOP步骤,学习曲线,需要降本,任务编号 P4864。请扮演无障碍顾问。围绕“无障碍场景064-需要降本”中的可访问性、包容设计任务，面向本地用户，写一份面向执行者的操作手册。请用SOP步骤输出，并从“学习曲线”角度做重点判断。要求：包含失败预案；给出至少一个反例；最后给出3条可立即执行的下一步。
4865,无障碍,无障碍顾问,创始人,看板任务,效率,流程混乱,任务编号 P4865。请扮演无障碍顾问。围绕“无障碍场景065-流程混乱”中的可访问性、包容设计任务，面向创始人，建立评估打分表。请用看板任务输出，并从“效率”角度做重点判断。要求：用中文输出；保持中立客观；最后给出3条可立即执行的下一步。
4866,无障碍,无障碍顾问,新手用户,实验计划,风险,数据不足,任务编号 P4866。请扮演无障碍顾问。围绕“无障碍场景066-数据不足”中的可访问性、包容设计任务，面向新手用户，提出自动化改造思路。请用实验计划输出，并从“风险”角度做重点判断。要求：标注假设和不确定性；适合在一天内开始执行；最后给出3条可立即执行的下一步。
4867,无障碍,无障碍顾问,一线执行团队,检查清单,增长,公开发布,任务编号 P4867。请扮演无障碍顾问。围绕“无障碍场景067-公开发布”中的可访问性、包容设计任务，面向一线执行团队，设计用户调研问题。请用检查清单输出，并从“增长”角度做重点判断。要求：按影响力排序；必要时提出澄清问题；最后给出3条可立即执行的下一步。
4868,无障碍,无障碍顾问,开发团队,SOP步骤,短期落地,多方协作,任务编号 P4868。请扮演无障碍顾问。围绕“无障碍场景068-多方协作”中的可访问性、包容设计任务，面向开发团队，模拟用户反馈并归纳模式。请用SOP步骤输出，并从“短期落地”角度做重点判断。要求：必要时提出澄清问题；输出可直接复制使用；最后给出3条可立即执行的下一步。
4869,无障碍,无障碍顾问,客服团队,看板任务,成本,预算有限,任务编号 P4869。请扮演无障碍顾问。围绕“无障碍场景069-预算有限”中的可访问性、包容设计任务，面向客服团队，生成故障排查路径。请用看板任务输出，并从“成本”角度做重点判断。要求：给出至少一个反例；提供简短版本和完整版本；最后给出3条可立即执行的下一步。
4870,无障碍,无障碍顾问,家长,实验计划,可维护性,初创团队,任务编号 P4870。请扮演无障碍顾问。围绕“无障碍场景070-初创团队”中的可访问性、包容设计任务，面向家长，把目标拆成里程碑。请用实验计划输出，并从“可维护性”角度做重点判断。要求：按难易度排序；按影响力排序；最后给出3条可立即执行的下一步。
4871,无障碍,无障碍顾问,非技术读者,检查清单,长期价值,需要扩张,任务编号 P4871。请扮演无障碍顾问。围绕“无障碍场景071-需要扩张”中的可访问性、包容设计任务，面向非技术读者，提出可复用命名规范。请用检查清单输出，并从“长期价值”角度做重点判断。要求：避免虚构事实；包含可执行下一步；最后给出3条可立即执行的下一步。
4872,无障碍,无障碍顾问,中小企业主,SOP步骤,质量,新市场验证,任务编号 P4872。请扮演无障碍顾问。围绕“无障碍场景072-新市场验证”中的可访问性、包容设计任务，面向中小企业主，创建风险登记册。请用SOP步骤输出，并从“质量”角度做重点判断。要求：避免专业黑话；包含衡量标准；最后给出3条可立即执行的下一步。
4873,无障碍,无障碍顾问,资深从业者,看板任务,用户体验,竞品压力,任务编号 P4873。请扮演无障碍顾问。围绕“无障碍场景073-竞品压力”中的可访问性、包容设计任务，面向资深从业者，制定一份可执行方案。请用看板任务输出，并从“用户体验”角度做重点判断。要求：包含衡量标准；标注假设和不确定性；最后给出3条可立即执行的下一步。
4874,无障碍,无障碍顾问,自由职业者,实验计划,学习曲线,准备上线,任务编号 P4874。请扮演无障碍顾问。围绕“无障碍场景074-准备上线”中的可访问性、包容设计任务，面向自由职业者，列出关键问题并给出优先级。请用实验计划输出，并从“学习曲线”角度做重点判断。要求：提供简短版本和完整版本；指出最容易忽略的细节；最后给出3条可立即执行的下一步。
4875,无障碍,无障碍顾问,设计团队,检查清单,效率,高不确定性,任务编号 P4875。请扮演无障碍顾问。围绕“无障碍场景075-高不确定性”中的可访问性、包容设计任务，面向设计团队，生成三种风格完全不同的版本。请用检查清单输出，并从“效率”角度做重点判断。要求：适合在一天内开始执行；避免专业黑话；最后给出3条可立即执行的下一步。
4876,无障碍,无障碍顾问,投资人,SOP步骤,风险,远程协作,任务编号 P4876。请扮演无障碍顾问。围绕“无障碍场景076-远程协作”中的可访问性、包容设计任务，面向投资人，把复杂内容改写成新手也能懂的说明。请用SOP步骤输出，并从“风险”角度做重点判断。要求：给出示例输入输出；用中文输出；最后给出3条可立即执行的下一步。
4877,无障碍,无障碍顾问,海外用户,看板任务,增长,个人项目,任务编号 P4877。请扮演无障碍顾问。围绕“无障碍场景077-个人项目”中的可访问性、包容设计任务，面向海外用户，设计一个从零到一的工作流。请用看板任务输出，并从“增长”角度做重点判断。要求：语言简洁，不说空话；兼顾成本和效果；最后给出3条可立即执行的下一步。
4878,无障碍,无障碍顾问,专家评审,实验计划,短期落地,质量波动,任务编号 P4878。请扮演无障碍顾问。围绕“无障碍场景078-质量波动”中的可访问性、包容设计任务，面向专家评审，创建检查清单并标注常见坑。请用实验计划输出，并从“短期落地”角度做重点判断。要求：兼顾成本和效果；避免虚构事实；最后给出3条可立即执行的下一步。
4879,无障碍,无障碍顾问,大学生,检查清单,成本,用户流失,任务编号 P4879。请扮演无障碍顾问。围绕“无障碍场景079-用户流失”中的可访问性、包容设计任务，面向大学生，模拟专家评审并指出改进点。请用检查清单输出，并从“成本”角度做重点判断。要求：指出最容易忽略的细节；包含失败预案；最后给出3条可立即执行的下一步。
4880,无障碍,无障碍顾问,管理层,SOP步骤,可维护性,内部培训,任务编号 P4880。请扮演无障碍顾问。围绕“无障碍场景080-内部培训”中的可访问性、包容设计任务，面向管理层，根据目标用户重写表达。请用SOP步骤输出，并从“可维护性”角度做重点判断。要求：包含可执行下一步；语言简洁，不说空话；最后给出3条可立即执行的下一步。
4881,无障碍,无障碍顾问,内容创作者,看板任务,长期价值,需要复盘,任务编号 P4881。请扮演无障碍顾问。围绕“无障碍场景081-需要复盘”中的可访问性、包容设计任务，面向内容创作者，提炼核心洞察并给出行动建议。请用看板任务输出，并从“长期价值”角度做重点判断。要求：输出可直接复制使用；按难易度排序；最后给出3条可立即执行的下一步。
4882,无障碍,无障碍顾问,销售团队,实验计划,质量,时间紧迫,任务编号 P4882。请扮演无障碍顾问。围绕“无障碍场景082-时间紧迫”中的可访问性、包容设计任务，面向销售团队，设计一套可量化指标。请用实验计划输出，并从“质量”角度做重点判断。要求：保持中立客观；先给结论再解释；最后给出3条可立即执行的下一步。
4883,无障碍,无障碍顾问,教师,检查清单,用户体验,成熟企业,任务编号 P4883。请扮演无障碍顾问。围绕“无障碍场景083-成熟企业”中的可访问性、包容设计任务，面向教师，把零散想法整理成结构化大纲。请用检查清单输出，并从“用户体验”角度做重点判断。要求：先给结论再解释；给出示例输入输出；最后给出3条可立即执行的下一步。
4884,无障碍,无障碍顾问,本地用户,SOP步骤,学习曲线,需要降本,任务编号 P4884。请扮演无障碍顾问。围绕“无障碍场景084-需要降本”中的可访问性、包容设计任务，面向本地用户，生成可直接使用的模板。请用SOP步骤输出，并从“学习曲线”角度做重点判断。要求：包含失败预案；给出至少一个反例；最后给出3条可立即执行的下一步。
4885,无障碍,无障碍顾问,创始人,看板任务,效率,流程混乱,任务编号 P4885。请扮演无障碍顾问。围绕“无障碍场景085-流程混乱”中的可访问性、包容设计任务，面向创始人，做一次反向推理找出隐藏风险。请用看板任务输出，并从“效率”角度做重点判断。要求：用中文输出；保持中立客观；最后给出3条可立即执行的下一步。
4886,无障碍,无障碍顾问,新手用户,实验计划,风险,数据不足,任务编号 P4886。请扮演无障碍顾问。围绕“无障碍场景086-数据不足”中的可访问性、包容设计任务，面向新手用户，给出低成本试验方案。请用实验计划输出，并从“风险”角度做重点判断。要求：标注假设和不确定性；适合在一天内开始执行；最后给出3条可立即执行的下一步。
4887,无障碍,无障碍顾问,一线执行团队,检查清单,增长,公开发布,任务编号 P4887。请扮演无障碍顾问。围绕“无障碍场景087-公开发布”中的可访问性、包容设计任务，面向一线执行团队，创建对比表并推荐选择。请用检查清单输出，并从“增长”角度做重点判断。要求：按影响力排序；必要时提出澄清问题；最后给出3条可立即执行的下一步。
4888,无障碍,无障碍顾问,开发团队,SOP步骤,短期落地,多方协作,任务编号 P4888。请扮演无障碍顾问。围绕“无障碍场景088-多方协作”中的可访问性、包容设计任务，面向开发团队，把长内容压缩成高密度摘要。请用SOP步骤输出，并从“短期落地”角度做重点判断。要求：必要时提出澄清问题；输出可直接复制使用；最后给出3条可立即执行的下一步。
4889,无障碍,无障碍顾问,客服团队,看板任务,成本,预算有限,任务编号 P4889。请扮演无障碍顾问。围绕“无障碍场景089-预算有限”中的可访问性、包容设计任务，面向客服团队，提出10个创新方向并排序。请用看板任务输出，并从“成本”角度做重点判断。要求：给出至少一个反例；提供简短版本和完整版本；最后给出3条可立即执行的下一步。
4890,无障碍,无障碍顾问,家长,实验计划,可维护性,初创团队,任务编号 P4890。请扮演无障碍顾问。围绕“无障碍场景090-初创团队”中的可访问性、包容设计任务，面向家长，设计30天训练计划。请用实验计划输出，并从“可维护性”角度做重点判断。要求：按难易度排序；按影响力排序；最后给出3条可立即执行的下一步。
4891,无障碍,无障碍顾问,非技术读者,检查清单,长期价值,需要扩张,任务编号 P4891。请扮演无障碍顾问。围绕“无障碍场景091-需要扩张”中的可访问性、包容设计任务，面向非技术读者，构建决策树帮助判断下一步。请用检查清单输出，并从“长期价值”角度做重点判断。要求：避免虚构事实；包含可执行下一步；最后给出3条可立即执行的下一步。
4892,无障碍,无障碍顾问,中小企业主,SOP步骤,质量,新市场验证,任务编号 P4892。请扮演无障碍顾问。围绕“无障碍场景092-新市场验证”中的可访问性、包容设计任务，面向中小企业主，生成会议讨论提纲。请用SOP步骤输出，并从“质量”角度做重点判断。要求：避免专业黑话；包含衡量标准；最后给出3条可立即执行的下一步。
4893,无障碍,无障碍顾问,资深从业者,看板任务,用户体验,竞品压力,任务编号 P4893。请扮演无障碍顾问。围绕“无障碍场景093-竞品压力”中的可访问性、包容设计任务，面向资深从业者，写一份面向管理层的简报。请用看板任务输出，并从“用户体验”角度做重点判断。要求：包含衡量标准；标注假设和不确定性；最后给出3条可立即执行的下一步。
4894,无障碍,无障碍顾问,自由职业者,实验计划,学习曲线,准备上线,任务编号 P4894。请扮演无障碍顾问。围绕“无障碍场景094-准备上线”中的可访问性、包容设计任务，面向自由职业者，写一份面向执行者的操作手册。请用实验计划输出，并从“学习曲线”角度做重点判断。要求：提供简短版本和完整版本；指出最容易忽略的细节；最后给出3条可立即执行的下一步。
4895,无障碍,无障碍顾问,设计团队,检查清单,效率,高不确定性,任务编号 P4895。请扮演无障碍顾问。围绕“无障碍场景095-高不确定性”中的可访问性、包容设计任务，面向设计团队，建立评估打分表。请用检查清单输出，并从“效率”角度做重点判断。要求：适合在一天内开始执行；避免专业黑话；最后给出3条可立即执行的下一步。
4896,无障碍,无障碍顾问,投资人,SOP步骤,风险,远程协作,任务编号 P4896。请扮演无障碍顾问。围绕“无障碍场景096-远程协作”中的可访问性、包容设计任务，面向投资人，提出自动化改造思路。请用SOP步骤输出，并从“风险”角度做重点判断。要求：给出示例输入输出；用中文输出；最后给出3条可立即执行的下一步。
4897,无障碍,无障碍顾问,海外用户,看板任务,增长,个人项目,任务编号 P4897。请扮演无障碍顾问。围绕“无障碍场景097-个人项目”中的可访问性、包容设计任务，面向海外用户，设计用户调研问题。请用看板任务输出，并从“增长”角度做重点判断。要求：语言简洁，不说空话；兼顾成本和效果；最后给出3条可立即执行的下一步。
4898,无障碍,无障碍顾问,专家评审,实验计划,短期落地,质量波动,任务编号 P4898。请扮演无障碍顾问。围绕“无障碍场景098-质量波动”中的可访问性、包容设计任务，面向专家评审，模拟用户反馈并归纳模式。请用实验计划输出，并从“短期落地”角度做重点判断。要求：兼顾成本和效果；避免虚构事实；最后给出3条可立即执行的下一步。
4899,无障碍,无障碍顾问,大学生,检查清单,成本,用户流失,任务编号 P4899。请扮演无障碍顾问。围绕“无障碍场景099-用户流失”中的可访问性、包容设计任务，面向大学生，生成故障排查路径。请用检查清单输出，并从“成本”角度做重点判断。要求：指出最容易忽略的细节；包含失败预案；最后给出3条可立即执行的下一步。
4900,无障碍,无障碍顾问,管理层,SOP步骤,可维护性,内部培训,任务编号 P4900。请扮演无障碍顾问。围绕“无障碍场景100-内部培训”中的可访问性、包容设计任务，面向管理层，把目标拆成里程碑。请用SOP步骤输出，并从“可维护性”角度做重点判断。要求：包含可执行下一步；语言简洁，不说空话；最后给出3条可立即执行的下一步。
4901,跨境,跨境业务顾问,开发团队,评分矩阵,短期落地,准备上线,任务编号 P4901。请扮演跨境业务顾问。围绕“跨境场景001-准备上线”中的出海、本地化、渠道任务，面向开发团队，生成会议讨论提纲。请用评分矩阵输出，并从“短期落地”角度做重点判断。要求：包含失败预案；包含衡量标准；最后给出3条可立即执行的下一步。
4902,跨境,跨境业务顾问,客服团队,用户故事,成本,高不确定性,任务编号 P4902。请扮演跨境业务顾问。围绕“跨境场景002-高不确定性”中的出海、本地化、渠道任务，面向客服团队，写一份面向管理层的简报。请用用户故事输出，并从“成本”角度做重点判断。要求：用中文输出；标注假设和不确定性；最后给出3条可立即执行的下一步。
4903,跨境,跨境业务顾问,家长,对比分析,可维护性,远程协作,任务编号 P4903。请扮演跨境业务顾问。围绕“跨境场景003-远程协作”中的出海、本地化、渠道任务，面向家长，写一份面向执行者的操作手册。请用对比分析输出，并从“可维护性”角度做重点判断。要求：标注假设和不确定性；指出最容易忽略的细节；最后给出3条可立即执行的下一步。
4904,跨境,跨境业务顾问,非技术读者,一页纸简报,长期价值,个人项目,任务编号 P4904。请扮演跨境业务顾问。围绕“跨境场景004-个人项目”中的出海、本地化、渠道任务，面向非技术读者，建立评估打分表。请用一页纸简报输出，并从“长期价值”角度做重点判断。要求：按影响力排序；避免专业黑话；最后给出3条可立即执行的下一步。
4905,跨境,跨境业务顾问,中小企业主,评分矩阵,质量,质量波动,任务编号 P4905。请扮演跨境业务顾问。围绕“跨境场景005-质量波动”中的出海、本地化、渠道任务，面向中小企业主，提出自动化改造思路。请用评分矩阵输出，并从“质量”角度做重点判断。要求：必要时提出澄清问题；用中文输出；最后给出3条可立即执行的下一步。
4906,跨境,跨境业务顾问,资深从业者,用户故事,用户体验,用户流失,任务编号 P4906。请扮演跨境业务顾问。围绕“跨境场景006-用户流失”中的出海、本地化、渠道任务，面向资深从业者，设计用户调研问题。请用用户故事输出，并从“用户体验”角度做重点判断。要求：给出至少一个反例；兼顾成本和效果；最后给出3条可立即执行的下一步。
4907,跨境,跨境业务顾问,自由职业者,对比分析,学习曲线,内部培训,任务编号 P4907。请扮演跨境业务顾问。围绕“跨境场景007-内部培训”中的出海、本地化、渠道任务，面向自由职业者，模拟用户反馈并归纳模式。请用对比分析输出，并从“学习曲线”角度做重点判断。要求：按难易度排序；避免虚构事实；最后给出3条可立即执行的下一步。
4908,跨境,跨境业务顾问,设计团队,一页纸简报,效率,需要复盘,任务编号 P4908。请扮演跨境业务顾问。围绕“跨境场景008-需要复盘”中的出海、本地化、渠道任务，面向设计团队，生成故障排查路径。请用一页纸简报输出，并从“效率”角度做重点判断。要求：避免虚构事实；包含失败预案；最后给出3条可立即执行的下一步。
4909,跨境,跨境业务顾问,投资人,评分矩阵,风险,时间紧迫,任务编号 P4909。请扮演跨境业务顾问。围绕“跨境场景009-时间紧迫”中的出海、本地化、渠道任务，面向投资人，把目标拆成里程碑。请用评分矩阵输出，并从“风险”角度做重点判断。要求：避免专业黑话；语言简洁，不说空话；最后给出3条可立即执行的下一步。
4910,跨境,跨境业务顾问,海外用户,用户故事,增长,成熟企业,任务编号 P4910。请扮演跨境业务顾问。围绕“跨境场景010-成熟企业”中的出海、本地化、渠道任务，面向海外用户，提出可复用命名规范。请用用户故事输出，并从“增长”角度做重点判断。要求：包含衡量标准；按难易度排序；最后给出3条可立即执行的下一步。
4911,跨境,跨境业务顾问,专家评审,对比分析,短期落地,需要降本,任务编号 P4911。请扮演跨境业务顾问。围绕“跨境场景011-需要降本”中的出海、本地化、渠道任务，面向专家评审，创建风险登记册。请用对比分析输出，并从“短期落地”角度做重点判断。要求：提供简短版本和完整版本；先给结论再解释；最后给出3条可立即执行的下一步。
4912,跨境,跨境业务顾问,大学生,一页纸简报,成本,流程混乱,任务编号 P4912。请扮演跨境业务顾问。围绕“跨境场景012-流程混乱”中的出海、本地化、渠道任务，面向大学生，制定一份可执行方案。请用一页纸简报输出，并从“成本”角度做重点判断。要求：适合在一天内开始执行；给出示例输入输出；最后给出3条可立即执行的下一步。
4913,跨境,跨境业务顾问,管理层,评分矩阵,可维护性,数据不足,任务编号 P4913。请扮演跨境业务顾问。围绕“跨境场景013-数据不足”中的出海、本地化、渠道任务，面向管理层，列出关键问题并给出优先级。请用评分矩阵输出，并从“可维护性”角度做重点判断。要求：给出示例输入输出；给出至少一个反例；最后给出3条可立即执行的下一步。
4914,跨境,跨境业务顾问,内容创作者,用户故事,长期价值,公开发布,任务编号 P4914。请扮演跨境业务顾问。围绕“跨境场景014-公开发布”中的出海、本地化、渠道任务，面向内容创作者，生成三种风格完全不同的版本。请用用户故事输出，并从“长期价值”角度做重点判断。要求：语言简洁，不说空话；保持中立客观；最后给出3条可立即执行的下一步。
4915,跨境,跨境业务顾问,销售团队,对比分析,质量,多方协作,任务编号 P4915。请扮演跨境业务顾问。围绕“跨境场景015-多方协作”中的出海、本地化、渠道任务，面向销售团队，把复杂内容改写成新手也能懂的说明。请用对比分析输出，并从“质量”角度做重点判断。要求：兼顾成本和效果；适合在一天内开始执行；最后给出3条可立即执行的下一步。
4916,跨境,跨境业务顾问,教师,一页纸简报,用户体验,预算有限,任务编号 P4916。请扮演跨境业务顾问。围绕“跨境场景016-预算有限”中的出海、本地化、渠道任务，面向教师，设计一个从零到一的工作流。请用一页纸简报输出，并从“用户体验”角度做重点判断。要求：指出最容易忽略的细节；必要时提出澄清问题；最后给出3条可立即执行的下一步。
4917,跨境,跨境业务顾问,本地用户,评分矩阵,学习曲线,初创团队,任务编号 P4917。请扮演跨境业务顾问。围绕“跨境场景017-初创团队”中的出海、本地化、渠道任务，面向本地用户，创建检查清单并标注常见坑。请用评分矩阵输出，并从“学习曲线”角度做重点判断。要求：包含可执行下一步；输出可直接复制使用；最后给出3条可立即执行的下一步。
4918,跨境,跨境业务顾问,创始人,用户故事,效率,需要扩张,任务编号 P4918。请扮演跨境业务顾问。围绕“跨境场景018-需要扩张”中的出海、本地化、渠道任务，面向创始人，模拟专家评审并指出改进点。请用用户故事输出，并从“效率”角度做重点判断。要求：输出可直接复制使用；提供简短版本和完整版本；最后给出3条可立即执行的下一步。
4919,跨境,跨境业务顾问,新手用户,对比分析,风险,新市场验证,任务编号 P4919。请扮演跨境业务顾问。围绕“跨境场景019-新市场验证”中的出海、本地化、渠道任务，面向新手用户，根据目标用户重写表达。请用对比分析输出，并从“风险”角度做重点判断。要求：保持中立客观；按影响力排序；最后给出3条可立即执行的下一步。
4920,跨境,跨境业务顾问,一线执行团队,一页纸简报,增长,竞品压力,任务编号 P4920。请扮演跨境业务顾问。围绕“跨境场景020-竞品压力”中的出海、本地化、渠道任务，面向一线执行团队，提炼核心洞察并给出行动建议。请用一页纸简报输出，并从“增长”角度做重点判断。要求：先给结论再解释；包含可执行下一步；最后给出3条可立即执行的下一步。
4921,跨境,跨境业务顾问,开发团队,评分矩阵,短期落地,准备上线,任务编号 P4921。请扮演跨境业务顾问。围绕“跨境场景021-准备上线”中的出海、本地化、渠道任务，面向开发团队，设计一套可量化指标。请用评分矩阵输出，并从“短期落地”角度做重点判断。要求：包含失败预案；包含衡量标准；最后给出3条可立即执行的下一步。
4922,跨境,跨境业务顾问,客服团队,用户故事,成本,高不确定性,任务编号 P4922。请扮演跨境业务顾问。围绕“跨境场景022-高不确定性”中的出海、本地化、渠道任务，面向客服团队，把零散想法整理成结构化大纲。请用用户故事输出，并从“成本”角度做重点判断。要求：用中文输出；标注假设和不确定性；最后给出3条可立即执行的下一步。
4923,跨境,跨境业务顾问,家长,对比分析,可维护性,远程协作,任务编号 P4923。请扮演跨境业务顾问。围绕“跨境场景023-远程协作”中的出海、本地化、渠道任务，面向家长，生成可直接使用的模板。请用对比分析输出，并从“可维护性”角度做重点判断。要求：标注假设和不确定性；指出最容易忽略的细节；最后给出3条可立即执行的下一步。
4924,跨境,跨境业务顾问,非技术读者,一页纸简报,长期价值,个人项目,任务编号 P4924。请扮演跨境业务顾问。围绕“跨境场景024-个人项目”中的出海、本地化、渠道任务，面向非技术读者，做一次反向推理找出隐藏风险。请用一页纸简报输出，并从“长期价值”角度做重点判断。要求：按影响力排序；避免专业黑话；最后给出3条可立即执行的下一步。
4925,跨境,跨境业务顾问,中小企业主,评分矩阵,质量,质量波动,任务编号 P4925。请扮演跨境业务顾问。围绕“跨境场景025-质量波动”中的出海、本地化、渠道任务，面向中小企业主，给出低成本试验方案。请用评分矩阵输出，并从“质量”角度做重点判断。要求：必要时提出澄清问题；用中文输出；最后给出3条可立即执行的下一步。
4926,跨境,跨境业务顾问,资深从业者,用户故事,用户体验,用户流失,任务编号 P4926。请扮演跨境业务顾问。围绕“跨境场景026-用户流失”中的出海、本地化、渠道任务，面向资深从业者，创建对比表并推荐选择。请用用户故事输出，并从“用户体验”角度做重点判断。要求：给出至少一个反例；兼顾成本和效果；最后给出3条可立即执行的下一步。
4927,跨境,跨境业务顾问,自由职业者,对比分析,学习曲线,内部培训,任务编号 P4927。请扮演跨境业务顾问。围绕“跨境场景027-内部培训”中的出海、本地化、渠道任务，面向自由职业者，把长内容压缩成高密度摘要。请用对比分析输出，并从“学习曲线”角度做重点判断。要求：按难易度排序；避免虚构事实；最后给出3条可立即执行的下一步。
4928,跨境,跨境业务顾问,设计团队,一页纸简报,效率,需要复盘,任务编号 P4928。请扮演跨境业务顾问。围绕“跨境场景028-需要复盘”中的出海、本地化、渠道任务，面向设计团队，提出10个创新方向并排序。请用一页纸简报输出，并从“效率”角度做重点判断。要求：避免虚构事实；包含失败预案；最后给出3条可立即执行的下一步。
4929,跨境,跨境业务顾问,投资人,评分矩阵,风险,时间紧迫,任务编号 P4929。请扮演跨境业务顾问。围绕“跨境场景029-时间紧迫”中的出海、本地化、渠道任务，面向投资人，设计30天训练计划。请用评分矩阵输出，并从“风险”角度做重点判断。要求：避免专业黑话；语言简洁，不说空话；最后给出3条可立即执行的下一步。
4930,跨境,跨境业务顾问,海外用户,用户故事,增长,成熟企业,任务编号 P4930。请扮演跨境业务顾问。围绕“跨境场景030-成熟企业”中的出海、本地化、渠道任务，面向海外用户，构建决策树帮助判断下一步。请用用户故事输出，并从“增长”角度做重点判断。要求：包含衡量标准；按难易度排序；最后给出3条可立即执行的下一步。
4931,跨境,跨境业务顾问,专家评审,对比分析,短期落地,需要降本,任务编号 P4931。请扮演跨境业务顾问。围绕“跨境场景031-需要降本”中的出海、本地化、渠道任务，面向专家评审，生成会议讨论提纲。请用对比分析输出，并从“短期落地”角度做重点判断。要求：提供简短版本和完整版本；先给结论再解释；最后给出3条可立即执行的下一步。
4932,跨境,跨境业务顾问,大学生,一页纸简报,成本,流程混乱,任务编号 P4932。请扮演跨境业务顾问。围绕“跨境场景032-流程混乱”中的出海、本地化、渠道任务，面向大学生，写一份面向管理层的简报。请用一页纸简报输出，并从“成本”角度做重点判断。要求：适合在一天内开始执行；给出示例输入输出；最后给出3条可立即执行的下一步。
4933,跨境,跨境业务顾问,管理层,评分矩阵,可维护性,数据不足,任务编号 P4933。请扮演跨境业务顾问。围绕“跨境场景033-数据不足”中的出海、本地化、渠道任务，面向管理层，写一份面向执行者的操作手册。请用评分矩阵输出，并从“可维护性”角度做重点判断。要求：给出示例输入输出；给出至少一个反例；最后给出3条可立即执行的下一步。
4934,跨境,跨境业务顾问,内容创作者,用户故事,长期价值,公开发布,任务编号 P4934。请扮演跨境业务顾问。围绕“跨境场景034-公开发布”中的出海、本地化、渠道任务，面向内容创作者，建立评估打分表。请用用户故事输出，并从“长期价值”角度做重点判断。要求：语言简洁，不说空话；保持中立客观；最后给出3条可立即执行的下一步。
4935,跨境,跨境业务顾问,销售团队,对比分析,质量,多方协作,任务编号 P4935。请扮演跨境业务顾问。围绕“跨境场景035-多方协作”中的出海、本地化、渠道任务，面向销售团队，提出自动化改造思路。请用对比分析输出，并从“质量”角度做重点判断。要求：兼顾成本和效果；适合在一天内开始执行；最后给出3条可立即执行的下一步。
4936,跨境,跨境业务顾问,教师,一页纸简报,用户体验,预算有限,任务编号 P4936。请扮演跨境业务顾问。围绕“跨境场景036-预算有限”中的出海、本地化、渠道任务，面向教师，设计用户调研问题。请用一页纸简报输出，并从“用户体验”角度做重点判断。要求：指出最容易忽略的细节；必要时提出澄清问题；最后给出3条可立即执行的下一步。
4937,跨境,跨境业务顾问,本地用户,评分矩阵,学习曲线,初创团队,任务编号 P4937。请扮演跨境业务顾问。围绕“跨境场景037-初创团队”中的出海、本地化、渠道任务，面向本地用户，模拟用户反馈并归纳模式。请用评分矩阵输出，并从“学习曲线”角度做重点判断。要求：包含可执行下一步；输出可直接复制使用；最后给出3条可立即执行的下一步。
4938,跨境,跨境业务顾问,创始人,用户故事,效率,需要扩张,任务编号 P4938。请扮演跨境业务顾问。围绕“跨境场景038-需要扩张”中的出海、本地化、渠道任务，面向创始人，生成故障排查路径。请用用户故事输出，并从“效率”角度做重点判断。要求：输出可直接复制使用；提供简短版本和完整版本；最后给出3条可立即执行的下一步。
4939,跨境,跨境业务顾问,新手用户,对比分析,风险,新市场验证,任务编号 P4939。请扮演跨境业务顾问。围绕“跨境场景039-新市场验证”中的出海、本地化、渠道任务，面向新手用户，把目标拆成里程碑。请用对比分析输出，并从“风险”角度做重点判断。要求：保持中立客观；按影响力排序；最后给出3条可立即执行的下一步。
4940,跨境,跨境业务顾问,一线执行团队,一页纸简报,增长,竞品压力,任务编号 P4940。请扮演跨境业务顾问。围绕“跨境场景040-竞品压力”中的出海、本地化、渠道任务，面向一线执行团队，提出可复用命名规范。请用一页纸简报输出，并从“增长”角度做重点判断。要求：先给结论再解释；包含可执行下一步；最后给出3条可立即执行的下一步。
4941,跨境,跨境业务顾问,开发团队,评分矩阵,短期落地,准备上线,任务编号 P4941。请扮演跨境业务顾问。围绕“跨境场景041-准备上线”中的出海、本地化、渠道任务，面向开发团队，创建风险登记册。请用评分矩阵输出，并从“短期落地”角度做重点判断。要求：包含失败预案；包含衡量标准；最后给出3条可立即执行的下一步。
4942,跨境,跨境业务顾问,客服团队,用户故事,成本,高不确定性,任务编号 P4942。请扮演跨境业务顾问。围绕“跨境场景042-高不确定性”中的出海、本地化、渠道任务，面向客服团队，制定一份可执行方案。请用用户故事输出，并从“成本”角度做重点判断。要求：用中文输出；标注假设和不确定性；最后给出3条可立即执行的下一步。
4943,跨境,跨境业务顾问,家长,对比分析,可维护性,远程协作,任务编号 P4943。请扮演跨境业务顾问。围绕“跨境场景043-远程协作”中的出海、本地化、渠道任务，面向家长，列出关键问题并给出优先级。请用对比分析输出，并从“可维护性”角度做重点判断。要求：标注假设和不确定性；指出最容易忽略的细节；最后给出3条可立即执行的下一步。
4944,跨境,跨境业务顾问,非技术读者,一页纸简报,长期价值,个人项目,任务编号 P4944。请扮演跨境业务顾问。围绕“跨境场景044-个人项目”中的出海、本地化、渠道任务，面向非技术读者，生成三种风格完全不同的版本。请用一页纸简报输出，并从“长期价值”角度做重点判断。要求：按影响力排序；避免专业黑话；最后给出3条可立即执行的下一步。
4945,跨境,跨境业务顾问,中小企业主,评分矩阵,质量,质量波动,任务编号 P4945。请扮演跨境业务顾问。围绕“跨境场景045-质量波动”中的出海、本地化、渠道任务，面向中小企业主，把复杂内容改写成新手也能懂的说明。请用评分矩阵输出，并从“质量”角度做重点判断。要求：必要时提出澄清问题；用中文输出；最后给出3条可立即执行的下一步。
4946,跨境,跨境业务顾问,资深从业者,用户故事,用户体验,用户流失,任务编号 P4946。请扮演跨境业务顾问。围绕“跨境场景046-用户流失”中的出海、本地化、渠道任务，面向资深从业者，设计一个从零到一的工作流。请用用户故事输出，并从“用户体验”角度做重点判断。要求：给出至少一个反例；兼顾成本和效果；最后给出3条可立即执行的下一步。
4947,跨境,跨境业务顾问,自由职业者,对比分析,学习曲线,内部培训,任务编号 P4947。请扮演跨境业务顾问。围绕“跨境场景047-内部培训”中的出海、本地化、渠道任务，面向自由职业者，创建检查清单并标注常见坑。请用对比分析输出，并从“学习曲线”角度做重点判断。要求：按难易度排序；避免虚构事实；最后给出3条可立即执行的下一步。
4948,跨境,跨境业务顾问,设计团队,一页纸简报,效率,需要复盘,任务编号 P4948。请扮演跨境业务顾问。围绕“跨境场景048-需要复盘”中的出海、本地化、渠道任务，面向设计团队，模拟专家评审并指出改进点。请用一页纸简报输出，并从“效率”角度做重点判断。要求：避免虚构事实；包含失败预案；最后给出3条可立即执行的下一步。
4949,跨境,跨境业务顾问,投资人,评分矩阵,风险,时间紧迫,任务编号 P4949。请扮演跨境业务顾问。围绕“跨境场景049-时间紧迫”中的出海、本地化、渠道任务，面向投资人，根据目标用户重写表达。请用评分矩阵输出，并从“风险”角度做重点判断。要求：避免专业黑话；语言简洁，不说空话；最后给出3条可立即执行的下一步。
4950,跨境,跨境业务顾问,海外用户,用户故事,增长,成熟企业,任务编号 P4950。请扮演跨境业务顾问。围绕“跨境场景050-成熟企业”中的出海、本地化、渠道任务，面向海外用户，提炼核心洞察并给出行动建议。请用用户故事输出，并从“增长”角度做重点判断。要求：包含衡量标准；按难易度排序；最后给出3条可立即执行的下一步。
4951,跨境,跨境业务顾问,专家评审,对比分析,短期落地,需要降本,任务编号 P4951。请扮演跨境业务顾问。围绕“跨境场景051-需要降本”中的出海、本地化、渠道任务，面向专家评审，设计一套可量化指标。请用对比分析输出，并从“短期落地”角度做重点判断。要求：提供简短版本和完整版本；先给结论再解释；最后给出3条可立即执行的下一步。
4952,跨境,跨境业务顾问,大学生,一页纸简报,成本,流程混乱,任务编号 P4952。请扮演跨境业务顾问。围绕“跨境场景052-流程混乱”中的出海、本地化、渠道任务，面向大学生，把零散想法整理成结构化大纲。请用一页纸简报输出，并从“成本”角度做重点判断。要求：适合在一天内开始执行；给出示例输入输出；最后给出3条可立即执行的下一步。
4953,跨境,跨境业务顾问,管理层,评分矩阵,可维护性,数据不足,任务编号 P4953。请扮演跨境业务顾问。围绕“跨境场景053-数据不足”中的出海、本地化、渠道任务，面向管理层，生成可直接使用的模板。请用评分矩阵输出，并从“可维护性”角度做重点判断。要求：给出示例输入输出；给出至少一个反例；最后给出3条可立即执行的下一步。
4954,跨境,跨境业务顾问,内容创作者,用户故事,长期价值,公开发布,任务编号 P4954。请扮演跨境业务顾问。围绕“跨境场景054-公开发布”中的出海、本地化、渠道任务，面向内容创作者，做一次反向推理找出隐藏风险。请用用户故事输出，并从“长期价值”角度做重点判断。要求：语言简洁，不说空话；保持中立客观；最后给出3条可立即执行的下一步。
4955,跨境,跨境业务顾问,销售团队,对比分析,质量,多方协作,任务编号 P4955。请扮演跨境业务顾问。围绕“跨境场景055-多方协作”中的出海、本地化、渠道任务，面向销售团队，给出低成本试验方案。请用对比分析输出，并从“质量”角度做重点判断。要求：兼顾成本和效果；适合在一天内开始执行；最后给出3条可立即执行的下一步。
4956,跨境,跨境业务顾问,教师,一页纸简报,用户体验,预算有限,任务编号 P4956。请扮演跨境业务顾问。围绕“跨境场景056-预算有限”中的出海、本地化、渠道任务，面向教师，创建对比表并推荐选择。请用一页纸简报输出，并从“用户体验”角度做重点判断。要求：指出最容易忽略的细节；必要时提出澄清问题；最后给出3条可立即执行的下一步。
4957,跨境,跨境业务顾问,本地用户,评分矩阵,学习曲线,初创团队,任务编号 P4957。请扮演跨境业务顾问。围绕“跨境场景057-初创团队”中的出海、本地化、渠道任务，面向本地用户，把长内容压缩成高密度摘要。请用评分矩阵输出，并从“学习曲线”角度做重点判断。要求：包含可执行下一步；输出可直接复制使用；最后给出3条可立即执行的下一步。
4958,跨境,跨境业务顾问,创始人,用户故事,效率,需要扩张,任务编号 P4958。请扮演跨境业务顾问。围绕“跨境场景058-需要扩张”中的出海、本地化、渠道任务，面向创始人，提出10个创新方向并排序。请用用户故事输出，并从“效率”角度做重点判断。要求：输出可直接复制使用；提供简短版本和完整版本；最后给出3条可立即执行的下一步。
4959,跨境,跨境业务顾问,新手用户,对比分析,风险,新市场验证,任务编号 P4959。请扮演跨境业务顾问。围绕“跨境场景059-新市场验证”中的出海、本地化、渠道任务，面向新手用户，设计30天训练计划。请用对比分析输出，并从“风险”角度做重点判断。要求：保持中立客观；按影响力排序；最后给出3条可立即执行的下一步。
4960,跨境,跨境业务顾问,一线执行团队,一页纸简报,增长,竞品压力,任务编号 P4960。请扮演跨境业务顾问。围绕“跨境场景060-竞品压力”中的出海、本地化、渠道任务，面向一线执行团队，构建决策树帮助判断下一步。请用一页纸简报输出，并从“增长”角度做重点判断。要求：先给结论再解释；包含可执行下一步；最后给出3条可立即执行的下一步。
4961,跨境,跨境业务顾问,开发团队,评分矩阵,短期落地,准备上线,任务编号 P4961。请扮演跨境业务顾问。围绕“跨境场景061-准备上线”中的出海、本地化、渠道任务，面向开发团队，生成会议讨论提纲。请用评分矩阵输出，并从“短期落地”角度做重点判断。要求：包含失败预案；包含衡量标准；最后给出3条可立即执行的下一步。
4962,跨境,跨境业务顾问,客服团队,用户故事,成本,高不确定性,任务编号 P4962。请扮演跨境业务顾问。围绕“跨境场景062-高不确定性”中的出海、本地化、渠道任务，面向客服团队，写一份面向管理层的简报。请用用户故事输出，并从“成本”角度做重点判断。要求：用中文输出；标注假设和不确定性；最后给出3条可立即执行的下一步。
4963,跨境,跨境业务顾问,家长,对比分析,可维护性,远程协作,任务编号 P4963。请扮演跨境业务顾问。围绕“跨境场景063-远程协作”中的出海、本地化、渠道任务，面向家长，写一份面向执行者的操作手册。请用对比分析输出，并从“可维护性”角度做重点判断。要求：标注假设和不确定性；指出最容易忽略的细节；最后给出3条可立即执行的下一步。
4964,跨境,跨境业务顾问,非技术读者,一页纸简报,长期价值,个人项目,任务编号 P4964。请扮演跨境业务顾问。围绕“跨境场景064-个人项目”中的出海、本地化、渠道任务，面向非技术读者，建立评估打分表。请用一页纸简报输出，并从“长期价值”角度做重点判断。要求：按影响力排序；避免专业黑话；最后给出3条可立即执行的下一步。
4965,跨境,跨境业务顾问,中小企业主,评分矩阵,质量,质量波动,任务编号 P4965。请扮演跨境业务顾问。围绕“跨境场景065-质量波动”中的出海、本地化、渠道任务，面向中小企业主，提出自动化改造思路。请用评分矩阵输出，并从“质量”角度做重点判断。要求：必要时提出澄清问题；用中文输出；最后给出3条可立即执行的下一步。
4966,跨境,跨境业务顾问,资深从业者,用户故事,用户体验,用户流失,任务编号 P4966。请扮演跨境业务顾问。围绕“跨境场景066-用户流失”中的出海、本地化、渠道任务，面向资深从业者，设计用户调研问题。请用用户故事输出，并从“用户体验”角度做重点判断。要求：给出至少一个反例；兼顾成本和效果；最后给出3条可立即执行的下一步。
4967,跨境,跨境业务顾问,自由职业者,对比分析,学习曲线,内部培训,任务编号 P4967。请扮演跨境业务顾问。围绕“跨境场景067-内部培训”中的出海、本地化、渠道任务，面向自由职业者，模拟用户反馈并归纳模式。请用对比分析输出，并从“学习曲线”角度做重点判断。要求：按难易度排序；避免虚构事实；最后给出3条可立即执行的下一步。
4968,跨境,跨境业务顾问,设计团队,一页纸简报,效率,需要复盘,任务编号 P4968。请扮演跨境业务顾问。围绕“跨境场景068-需要复盘”中的出海、本地化、渠道任务，面向设计团队，生成故障排查路径。请用一页纸简报输出，并从“效率”角度做重点判断。要求：避免虚构事实；包含失败预案；最后给出3条可立即执行的下一步。
4969,跨境,跨境业务顾问,投资人,评分矩阵,风险,时间紧迫,任务编号 P4969。请扮演跨境业务顾问。围绕“跨境场景069-时间紧迫”中的出海、本地化、渠道任务，面向投资人，把目标拆成里程碑。请用评分矩阵输出，并从“风险”角度做重点判断。要求：避免专业黑话；语言简洁，不说空话；最后给出3条可立即执行的下一步。
4970,跨境,跨境业务顾问,海外用户,用户故事,增长,成熟企业,任务编号 P4970。请扮演跨境业务顾问。围绕“跨境场景070-成熟企业”中的出海、本地化、渠道任务，面向海外用户，提出可复用命名规范。请用用户故事输出，并从“增长”角度做重点判断。要求：包含衡量标准；按难易度排序；最后给出3条可立即执行的下一步。
4971,跨境,跨境业务顾问,专家评审,对比分析,短期落地,需要降本,任务编号 P4971。请扮演跨境业务顾问。围绕“跨境场景071-需要降本”中的出海、本地化、渠道任务，面向专家评审，创建风险登记册。请用对比分析输出，并从“短期落地”角度做重点判断。要求：提供简短版本和完整版本；先给结论再解释；最后给出3条可立即执行的下一步。
4972,跨境,跨境业务顾问,大学生,一页纸简报,成本,流程混乱,任务编号 P4972。请扮演跨境业务顾问。围绕“跨境场景072-流程混乱”中的出海、本地化、渠道任务，面向大学生，制定一份可执行方案。请用一页纸简报输出，并从“成本”角度做重点判断。要求：适合在一天内开始执行；给出示例输入输出；最后给出3条可立即执行的下一步。
4973,跨境,跨境业务顾问,管理层,评分矩阵,可维护性,数据不足,任务编号 P4973。请扮演跨境业务顾问。围绕“跨境场景073-数据不足”中的出海、本地化、渠道任务，面向管理层，列出关键问题并给出优先级。请用评分矩阵输出，并从“可维护性”角度做重点判断。要求：给出示例输入输出；给出至少一个反例；最后给出3条可立即执行的下一步。
4974,跨境,跨境业务顾问,内容创作者,用户故事,长期价值,公开发布,任务编号 P4974。请扮演跨境业务顾问。围绕“跨境场景074-公开发布”中的出海、本地化、渠道任务，面向内容创作者，生成三种风格完全不同的版本。请用用户故事输出，并从“长期价值”角度做重点判断。要求：语言简洁，不说空话；保持中立客观；最后给出3条可立即执行的下一步。
4975,跨境,跨境业务顾问,销售团队,对比分析,质量,多方协作,任务编号 P4975。请扮演跨境业务顾问。围绕“跨境场景075-多方协作”中的出海、本地化、渠道任务，面向销售团队，把复杂内容改写成新手也能懂的说明。请用对比分析输出，并从“质量”角度做重点判断。要求：兼顾成本和效果；适合在一天内开始执行；最后给出3条可立即执行的下一步。
4976,跨境,跨境业务顾问,教师,一页纸简报,用户体验,预算有限,任务编号 P4976。请扮演跨境业务顾问。围绕“跨境场景076-预算有限”中的出海、本地化、渠道任务，面向教师，设计一个从零到一的工作流。请用一页纸简报输出，并从“用户体验”角度做重点判断。要求：指出最容易忽略的细节；必要时提出澄清问题；最后给出3条可立即执行的下一步。
4977,跨境,跨境业务顾问,本地用户,评分矩阵,学习曲线,初创团队,任务编号 P4977。请扮演跨境业务顾问。围绕“跨境场景077-初创团队”中的出海、本地化、渠道任务，面向本地用户，创建检查清单并标注常见坑。请用评分矩阵输出，并从“学习曲线”角度做重点判断。要求：包含可执行下一步；输出可直接复制使用；最后给出3条可立即执行的下一步。
4978,跨境,跨境业务顾问,创始人,用户故事,效率,需要扩张,任务编号 P4978。请扮演跨境业务顾问。围绕“跨境场景078-需要扩张”中的出海、本地化、渠道任务，面向创始人，模拟专家评审并指出改进点。请用用户故事输出，并从“效率”角度做重点判断。要求：输出可直接复制使用；提供简短版本和完整版本；最后给出3条可立即执行的下一步。
4979,跨境,跨境业务顾问,新手用户,对比分析,风险,新市场验证,任务编号 P4979。请扮演跨境业务顾问。围绕“跨境场景079-新市场验证”中的出海、本地化、渠道任务，面向新手用户，根据目标用户重写表达。请用对比分析输出，并从“风险”角度做重点判断。要求：保持中立客观；按影响力排序；最后给出3条可立即执行的下一步。
4980,跨境,跨境业务顾问,一线执行团队,一页纸简报,增长,竞品压力,任务编号 P4980。请扮演跨境业务顾问。围绕“跨境场景080-竞品压力”中的出海、本地化、渠道任务，面向一线执行团队，提炼核心洞察并给出行动建议。请用一页纸简报输出，并从“增长”角度做重点判断。要求：先给结论再解释；包含可执行下一步；最后给出3条可立即执行的下一步。
4981,跨境,跨境业务顾问,开发团队,评分矩阵,短期落地,准备上线,任务编号 P4981。请扮演跨境业务顾问。围绕“跨境场景081-准备上线”中的出海、本地化、渠道任务，面向开发团队，设计一套可量化指标。请用评分矩阵输出，并从“短期落地”角度做重点判断。要求：包含失败预案；包含衡量标准；最后给出3条可立即执行的下一步。
4982,跨境,跨境业务顾问,客服团队,用户故事,成本,高不确定性,任务编号 P4982。请扮演跨境业务顾问。围绕“跨境场景082-高不确定性”中的出海、本地化、渠道任务，面向客服团队，把零散想法整理成结构化大纲。请用用户故事输出，并从“成本”角度做重点判断。要求：用中文输出；标注假设和不确定性；最后给出3条可立即执行的下一步。
4983,跨境,跨境业务顾问,家长,对比分析,可维护性,远程协作,任务编号 P4983。请扮演跨境业务顾问。围绕“跨境场景083-远程协作”中的出海、本地化、渠道任务，面向家长，生成可直接使用的模板。请用对比分析输出，并从“可维护性”角度做重点判断。要求：标注假设和不确定性；指出最容易忽略的细节；最后给出3条可立即执行的下一步。
4984,跨境,跨境业务顾问,非技术读者,一页纸简报,长期价值,个人项目,任务编号 P4984。请扮演跨境业务顾问。围绕“跨境场景084-个人项目”中的出海、本地化、渠道任务，面向非技术读者，做一次反向推理找出隐藏风险。请用一页纸简报输出，并从“长期价值”角度做重点判断。要求：按影响力排序；避免专业黑话；最后给出3条可立即执行的下一步。
4985,跨境,跨境业务顾问,中小企业主,评分矩阵,质量,质量波动,任务编号 P4985。请扮演跨境业务顾问。围绕“跨境场景085-质量波动”中的出海、本地化、渠道任务，面向中小企业主，给出低成本试验方案。请用评分矩阵输出，并从“质量”角度做重点判断。要求：必要时提出澄清问题；用中文输出；最后给出3条可立即执行的下一步。
4986,跨境,跨境业务顾问,资深从业者,用户故事,用户体验,用户流失,任务编号 P4986。请扮演跨境业务顾问。围绕“跨境场景086-用户流失”中的出海、本地化、渠道任务，面向资深从业者，创建对比表并推荐选择。请用用户故事输出，并从“用户体验”角度做重点判断。要求：给出至少一个反例；兼顾成本和效果；最后给出3条可立即执行的下一步。
4987,跨境,跨境业务顾问,自由职业者,对比分析,学习曲线,内部培训,任务编号 P4987。请扮演跨境业务顾问。围绕“跨境场景087-内部培训”中的出海、本地化、渠道任务，面向自由职业者，把长内容压缩成高密度摘要。请用对比分析输出，并从“学习曲线”角度做重点判断。要求：按难易度排序；避免虚构事实；最后给出3条可立即执行的下一步。
4988,跨境,跨境业务顾问,设计团队,一页纸简报,效率,需要复盘,任务编号 P4988。请扮演跨境业务顾问。围绕“跨境场景088-需要复盘”中的出海、本地化、渠道任务，面向设计团队，提出10个创新方向并排序。请用一页纸简报输出，并从“效率”角度做重点判断。要求：避免虚构事实；包含失败预案；最后给出3条可立即执行的下一步。
4989,跨境,跨境业务顾问,投资人,评分矩阵,风险,时间紧迫,任务编号 P4989。请扮演跨境业务顾问。围绕“跨境场景089-时间紧迫”中的出海、本地化、渠道任务，面向投资人，设计30天训练计划。请用评分矩阵输出，并从“风险”角度做重点判断。要求：避免专业黑话；语言简洁，不说空话；最后给出3条可立即执行的下一步。
4990,跨境,跨境业务顾问,海外用户,用户故事,增长,成熟企业,任务编号 P4990。请扮演跨境业务顾问。围绕“跨境场景090-成熟企业”中的出海、本地化、渠道任务，面向海外用户，构建决策树帮助判断下一步。请用用户故事输出，并从“增长”角度做重点判断。要求：包含衡量标准；按难易度排序；最后给出3条可立即执行的下一步。
4991,跨境,跨境业务顾问,专家评审,对比分析,短期落地,需要降本,任务编号 P4991。请扮演跨境业务顾问。围绕“跨境场景091-需要降本”中的出海、本地化、渠道任务，面向专家评审，生成会议讨论提纲。请用对比分析输出，并从“短期落地”角度做重点判断。要求：提供简短版本和完整版本；先给结论再解释；最后给出3条可立即执行的下一步。
4992,跨境,跨境业务顾问,大学生,一页纸简报,成本,流程混乱,任务编号 P4992。请扮演跨境业务顾问。围绕“跨境场景092-流程混乱”中的出海、本地化、渠道任务，面向大学生，写一份面向管理层的简报。请用一页纸简报输出，并从“成本”角度做重点判断。要求：适合在一天内开始执行；给出示例输入输出；最后给出3条可立即执行的下一步。
4993,跨境,跨境业务顾问,管理层,评分矩阵,可维护性,数据不足,任务编号 P4993。请扮演跨境业务顾问。围绕“跨境场景093-数据不足”中的出海、本地化、渠道任务，面向管理层，写一份面向执行者的操作手册。请用评分矩阵输出，并从“可维护性”角度做重点判断。要求：给出示例输入输出；给出至少一个反例；最后给出3条可立即执行的下一步。
4994,跨境,跨境业务顾问,内容创作者,用户故事,长期价值,公开发布,任务编号 P4994。请扮演跨境业务顾问。围绕“跨境场景094-公开发布”中的出海、本地化、渠道任务，面向内容创作者，建立评估打分表。请用用户故事输出，并从“长期价值”角度做重点判断。要求：语言简洁，不说空话；保持中立客观；最后给出3条可立即执行的下一步。
4995,跨境,跨境业务顾问,销售团队,对比分析,质量,多方协作,任务编号 P4995。请扮演跨境业务顾问。围绕“跨境场景095-多方协作”中的出海、本地化、渠道任务，面向销售团队，提出自动化改造思路。请用对比分析输出，并从“质量”角度做重点判断。要求：兼顾成本和效果；适合在一天内开始执行；最后给出3条可立即执行的下一步。
4996,跨境,跨境业务顾问,教师,一页纸简报,用户体验,预算有限,任务编号 P4996。请扮演跨境业务顾问。围绕“跨境场景096-预算有限”中的出海、本地化、渠道任务，面向教师，设计用户调研问题。请用一页纸简报输出，并从“用户体验”角度做重点判断。要求：指出最容易忽略的细节；必要时提出澄清问题；最后给出3条可立即执行的下一步。
4997,跨境,跨境业务顾问,本地用户,评分矩阵,学习曲线,初创团队,任务编号 P4997。请扮演跨境业务顾问。围绕“跨境场景097-初创团队”中的出海、本地化、渠道任务，面向本地用户，模拟用户反馈并归纳模式。请用评分矩阵输出，并从“学习曲线”角度做重点判断。要求：包含可执行下一步；输出可直接复制使用；最后给出3条可立即执行的下一步。
4998,跨境,跨境业务顾问,创始人,用户故事,效率,需要扩张,任务编号 P4998。请扮演跨境业务顾问。围绕“跨境场景098-需要扩张”中的出海、本地化、渠道任务，面向创始人，生成故障排查路径。请用用户故事输出，并从“效率”角度做重点判断。要求：输出可直接复制使用；提供简短版本和完整版本；最后给出3条可立即执行的下一步。
4999,跨境,跨境业务顾问,新手用户,对比分析,风险,新市场验证,任务编号 P4999。请扮演跨境业务顾问。围绕“跨境场景099-新市场验证”中的出海、本地化、渠道任务，面向新手用户，把目标拆成里程碑。请用对比分析输出，并从“风险”角度做重点判断。要求：保持中立客观；按影响力排序；最后给出3条可立即执行的下一步。
5000,跨境,跨境业务顾问,一线执行团队,一页纸简报,增长,竞品压力,任务编号 P5000。请扮演跨境业务顾问。围绕“跨境场景100-竞品压力”中的出海、本地化、渠道任务，面向一线执行团队，提出可复用命名规范。请用一页纸简报输出，并从“增长”角度做重点判断。要求：先给结论再解释；包含可执行下一步；最后给出3条可立即执行的下一步。
